#ifndef XIANGQI_BG_H
#define XIANGQI_BG_H

#include <cstdint>

#define BG_WIDTH 320
#define BG_HEIGHT 240

static uint32_t Xiangqi_Background[320 * 240] = {
    0x00CDDADB, 0x00CCD9DA, 0x00CCD9D9, 0x00CDDBDB, 0x00CFDCDD, 0x00CDD9D9, 0x00CFDBDB, 0x00CDD9D9, 0x00CDD9D9,
    0x00CDD9D9, 0x00CBD8D7, 0x00CCD8D8, 0x00CAD7D7, 0x00CDD9DA, 0x00C9D6D6, 0x00C9D5D5, 0x00C7D3D2, 0x00C9D5D5,
    0x00CAD6D6, 0x00C9D6D7, 0x00CBD6D8, 0x00C8D5D6, 0x00C7D3D4, 0x00CCD8D8, 0x00C9D5D6, 0x00CAD6D5, 0x00CAD6D6,
    0x00C7D4D4, 0x00CBD7D7, 0x00CAD7D8, 0x00CAD7D7, 0x00C7D4D4, 0x00CBD8D9, 0x00CBD7D8, 0x00CCD8D9, 0x00CBD9D9,
    0x00CBD8D9, 0x00C9D5D5, 0x00C7D3D2, 0x00C6D2D1, 0x00D0DCDD, 0x00C7D4D4, 0x00CCD9DA, 0x00CEDADA, 0x00CFDCDD,
    0x00C9D5D5, 0x00CAD7D9, 0x00CAD9DA, 0x00C9D9DD, 0x00CBD9D9, 0x00CAD6D6, 0x00C9D6D5, 0x00C9D5D5, 0x00CBD6D7,
    0x00C5D2D3, 0x00C8D4D4, 0x00C6D2D3, 0x00C7D3D3, 0x00CDD8D8, 0x00CAD6D7, 0x00CCD8D8, 0x00CBD7D9, 0x00C9D8DB,
    0x00C9D7D8, 0x00C4D2D5, 0x00C9D7DA, 0x00C3CFCE, 0x00C9D6D6, 0x00D1DDDC, 0x00CAD7D7, 0x00CCD8D9, 0x00CEDCDD,
    0x00CCD8D9, 0x00CAD7D7, 0x00C7D4D5, 0x00C9D5D5, 0x00CCD8D9, 0x00CAD7D8, 0x00CCD9D9, 0x00C8D5D4, 0x00D0DCDE,
    0x00D1DEDF, 0x00CEDADC, 0x00CCD8D8, 0x00CFDADA, 0x00D2DDDE, 0x00CED8D8, 0x00CFDADB, 0x00CDD7D7, 0x00CFDADA,
    0x00D0DBDB, 0x00CED9D8, 0x00D2DDDC, 0x00CFD9D9, 0x00CED8D8, 0x00CEDADA, 0x00CDDADA, 0x00CED9D9, 0x00CEDADA,
    0x00CBD6D6, 0x00CCD8D8, 0x00CAD6D6, 0x00CED9D9, 0x00CCD8D8, 0x00CDDADA, 0x00CDDADA, 0x00CFDBDC, 0x00CFDBDB,
    0x00D2DDDF, 0x00D0DCDC, 0x00CEDBDC, 0x00CFDADB, 0x00D0DBDB, 0x00CEDADC, 0x00CFDBDC, 0x00CBD6D6, 0x00CAD6D7,
    0x00CFDBDC, 0x00CEDBDC, 0x00CCD9DA, 0x00CDDADB, 0x00CDD9D9, 0x00CBD8D7, 0x00CAD6D6, 0x00CFDCDD, 0x00CFDBDB,
    0x00CAD4D3, 0x00CED9D9, 0x00D0DADB, 0x00CEDADA, 0x00CFDADB, 0x00D0DBDB, 0x00CFDADB, 0x00CFDCDD, 0x00CBD8D8,
    0x00CBD7D7, 0x00CAD6D7, 0x00CEDBDD, 0x00CCD7D8, 0x00CBD7D7, 0x00CDD9DA, 0x00CDD9D9, 0x00CFDBDB, 0x00CFDBDB,
    0x00CFDADA, 0x00CCD6D5, 0x00CED8D8, 0x00CED8D7, 0x00CFDADA, 0x00D0DCDD, 0x00CFDCDC, 0x00CFDBDA, 0x00CFDBDC,
    0x00D0DCDC, 0x00CED7D6, 0x00CFDBDC, 0x00CFDADB, 0x00CFDBDB, 0x00D0DADA, 0x00D1DDDD, 0x00D5E0E0, 0x00D0DCDC,
    0x00D4DFDE, 0x00D2DFDE, 0x00CFDBDB, 0x00CEDADA, 0x00CFDCDC, 0x00CDDADA, 0x00CDD9D8, 0x00CEDADC, 0x00CFDCDC,
    0x00CFDBDC, 0x00CEDADB, 0x00CBD9D9, 0x00C5D6D8, 0x00CBD9D8, 0x00CDD8D7, 0x00CCD6D6, 0x00CFDBDA, 0x00CCD9D9,
    0x00CCDADA, 0x00CEDADB, 0x00CEDBDB, 0x00C7D3D3, 0x00C9D5D5, 0x00CBD8DA, 0x00C7D4D5, 0x00C9D6D6, 0x00CBD6D6,
    0x00C7D3D1, 0x00C8D4D6, 0x00C6D4D6, 0x00C8D6D7, 0x00C8D5D6, 0x00C8D4D5, 0x00C8D3D2, 0x00C9D4D4, 0x00C8D2D2,
    0x00CBD7D6, 0x00C9D5D4, 0x00CAD5D4, 0x00CBD8D9, 0x00CBD8D7, 0x00CDDADA, 0x00CFDADB, 0x00CCDADC, 0x00CDD8D8,
    0x00CED7D6, 0x00C9D5D4, 0x00CFD9D9, 0x00CEDBDB, 0x00CEDADA, 0x00D0DCDC, 0x00CEDCDC, 0x00D0DCDC, 0x00CCD7D7,
    0x00CDD9D9, 0x00CBD6D6, 0x00C6D0CF, 0x00CAD4D3, 0x00CFDADA, 0x00CAD5D5, 0x00CBD6D6, 0x00C6D1D0, 0x00CAD4D3,
    0x00CED9D9, 0x00CDD8D9, 0x00CBD7D7, 0x00CAD3D1, 0x00CBD7D6, 0x00C8D5D6, 0x00CDD6D6, 0x00CAD5D5, 0x00CAD5D5,
    0x00C9D4D4, 0x00CBD7D7, 0x00CBD7D6, 0x00CDD8D7, 0x00CCD7D6, 0x00CDD7D7, 0x00CAD5D4, 0x00CDD8D8, 0x00C9D4D4,
    0x00CDD8D7, 0x00CED8D7, 0x00CDD9D8, 0x00D2DDDB, 0x00D1DBDB, 0x00CED9D9, 0x00D0DCDB, 0x00D2DCDB, 0x00D1DCDB,
    0x00C7D4D3, 0x00D0DADB, 0x00CCD8D8, 0x00CCD7D7, 0x00CAD5D5, 0x00CAD5D5, 0x00C8D4D4, 0x00CBD8D9, 0x00CBD7D7,
    0x00CBD8D8, 0x00C9D5D6, 0x00CCD8D9, 0x00CBD7D7, 0x00CAD5D5, 0x00CAD5D6, 0x00C9D5D5, 0x00C9D4D4, 0x00C4CFCE,
    0x00C7D1D2, 0x00C6D2D2, 0x00C9D5D5, 0x00C7D2D1, 0x00C9D5D5, 0x00C7D2D1, 0x00CBD6D6, 0x00CDD8D8, 0x00CED9D8,
    0x00CDD9D9, 0x00CED9D9, 0x00CCD7D7, 0x00CBD5D5, 0x00CAD3D2, 0x00CCD7D9, 0x00CAD5D5, 0x00C9D4D3, 0x00C8D4D3,
    0x00CBD6D5, 0x00CAD6D6, 0x00CBD7D6, 0x00CCD8D8, 0x00CAD5D5, 0x00CCD7D8, 0x00CDDADA, 0x00CDD8D8, 0x00CAD6D7,
    0x00C9D5D5, 0x00CDD9D9, 0x00CCD9DA, 0x00CDDADA, 0x00CBD8D7, 0x00CCD8D7, 0x00D0DDDE, 0x00CFDBDD, 0x00CFDCDD,
    0x00CBD8D9, 0x00D0DDDF, 0x00CCD8DA, 0x00CAD7D7, 0x00C7D4D4, 0x00CEDADA, 0x00CCD8D9, 0x00C9D5D6, 0x00CAD6D6,
    0x00CED9DA, 0x00CBD8D8, 0x00D1DDDF, 0x00CFDCDD, 0x00CBD7D6, 0x00C7D3D4, 0x00D0DCDE, 0x00CAD6D7, 0x00C9D6D7,
    0x00CCD9DA, 0x00CFDADB, 0x00D1DBDC, 0x00D0DCDC, 0x00CFDBDB, 0x00CFDADB, 0x00CCD8D8, 0x00CBD5D6, 0x00C9D5D5,
    0x00CBD7D9, 0x00CBD7D8, 0x00CAD6D5, 0x00C7D4D4, 0x00CCD8D9, 0x00CCD9DB, 0x00C8D4D4, 0x00CAD6D7, 0x00C6D2D1,
    0x00C8D6D6, 0x00C6D5D7, 0x00CCD8D7, 0x00CAD7D8, 0x00C5D3D2, 0x00C7D3D4, 0x00C5D2D3, 0x00C8D3D3, 0x00C7D2D2,
    0x00C6D2D2, 0x00CCD8D9, 0x00CBD8D9, 0x00C9D5D5, 0x00C9D6D5, 0x00C6D2D3, 0x00CBD8D9, 0x00CDD9DA, 0x00CAD6D5,
    0x00CCD7D8, 0x00CBD7D8, 0x00CAD5D6, 0x00CBD7D7, 0x00CCD8D9, 0x00CCD8D8, 0x00C9D2D2, 0x00C9D5D4, 0x00CCD6D8,
    0x00C8D4D3, 0x00CCD8DA, 0x00C6D2D2, 0x00C6D2D1, 0x00CBD6D6, 0x00C9D4D4, 0x00C9D4D4, 0x00C7D2D3, 0x00C0CECE,
    0x00CBD6D5, 0x00CFD7D9, 0x00C8D4D5, 0x00C2CECE, 0x00C6D6D7, 0x00C6D4D7, 0x00CBD9D9, 0x00C6D2D3, 0x00C9D5D4,
    0x00C7D3D2, 0x00C9D4D5, 0x00C8D5D5, 0x00CAD5D5, 0x00CBD5D7, 0x00C8D4D4, 0x00CAD6D8, 0x00C7D3D4, 0x00C9D4D4,
    0x00CDD7D8, 0x00CAD6D7, 0x00CAD6D8, 0x00CBD8D7, 0x00D1DADC, 0x00D1DCDD, 0x00CBD6D5, 0x00CED9D9, 0x00D0D9DB,
    0x00CBD5D5, 0x00CED8D7, 0x00CBD5D6, 0x00CCD6D6, 0x00CFD9D9, 0x00CFD8D8, 0x00D2DCDC, 0x00D0DADA, 0x00D0DADB,
    0x00CFD9DA, 0x00CED8D8, 0x00CDD6D7, 0x00CCD7D7, 0x00CDD8D9, 0x00CDD7D6, 0x00C9D4D4, 0x00CCD7D7, 0x00CCD7D7,
    0x00CDD8D9, 0x00D1DBDB, 0x00CEDADB, 0x00CFDADB, 0x00CBD6D7, 0x00CCD6D8, 0x00C7D4D5, 0x00CEDBDC, 0x00CFD9DA,
    0x00D0DBDC, 0x00CDD8D9, 0x00CCD7D7, 0x00CDD9DA, 0x00CDD9DB, 0x00CCD9DA, 0x00CDD8DA, 0x00CDDADA, 0x00D0DBDC,
    0x00CDD9DA, 0x00CEDADA, 0x00C8D5D7, 0x00CBD9DB, 0x00CFDCDC, 0x00CED9D9, 0x00CFD8D8, 0x00CDD7D8, 0x00CFD9D9,
    0x00CED6D6, 0x00CDD6D5, 0x00CFD9DA, 0x00CFDADA, 0x00CDDADB, 0x00C9D5D4, 0x00CCD7D9, 0x00C9D3D6, 0x00CAD6D6,
    0x00CBD7D7, 0x00CBD7D9, 0x00CCD6D7, 0x00CBD4D4, 0x00D0DADA, 0x00CDD7D7, 0x00CDD6D5, 0x00CED8D9, 0x00CFD9D9,
    0x00CBD7D5, 0x00D0DBDC, 0x00CAD7D7, 0x00CBD4D5, 0x00D0D9DB, 0x00D1DBDD, 0x00CFD8D8, 0x00CCD7D7, 0x00CED9D9,
    0x00CED8DA, 0x00C6D6D8, 0x00C6D6D7, 0x00CFDAD9, 0x00CDDAD9, 0x00D0DBDA, 0x00CCD8D8, 0x00CBD8D7, 0x00CED9D9,
    0x00CCD8D8, 0x00CCD8D8, 0x00CDD8D8, 0x00CFDADB, 0x00CBD7D6, 0x00CBD6D8, 0x00CAD6D6, 0x00C9D5D6, 0x00C9D5D5,
    0x00CAD4D4, 0x00C8D4D3, 0x00CCD6D6, 0x00CBD7D7, 0x00CBD7D7, 0x00CDD9D8, 0x00CBD7D8, 0x00CCD8D8, 0x00C6D2D2,
    0x00C9D4D4, 0x00CAD5D6, 0x00C9D5D3, 0x00CBD7D8, 0x00C7D2D1, 0x00C5D0CF, 0x00C7D4D5, 0x00CDD8D7, 0x00C7D3D2,
    0x00C9D4D3, 0x00C8D3D4, 0x00C8D3D3, 0x00CCD5D6, 0x00C9D4D4, 0x00C8D3D3, 0x00C8D1D2, 0x00CBD5D5, 0x00CBD6D8,
    0x00CCD7D7, 0x00CFD9D9, 0x00CFD8D7, 0x00D0DADA, 0x00CFD9D8, 0x00CBD5D4, 0x00CDD8D8, 0x00CCD8D7, 0x00CFDAD9,
    0x00CFDADA, 0x00CDDADA, 0x00CDD9D8, 0x00CDD8D9, 0x00CDD9D8, 0x00C9D5D5, 0x00C9D4D4, 0x00C9D5D3, 0x00CAD4D3,
    0x00CCD6D7, 0x00C7D2D1, 0x00C8D2D2, 0x00CAD4D3, 0x00C8D2D1, 0x00C7D1D0, 0x00C9D4D3, 0x00CAD5D4, 0x00C9D1D0,
    0x00C9D3D4, 0x00C5D2D2, 0x00CCD6D5, 0x00CCD6D6, 0x00C8D3D3, 0x00C9D3D3, 0x00C9D4D4, 0x00CBD6D6, 0x00CDD8D8,
    0x00CBD5D4, 0x00CAD5D4, 0x00CBD5D5, 0x00CDD6D6, 0x00CDD7D6, 0x00D0DADA, 0x00D0DAD9, 0x00BFCDCD, 0x00D2DDDC,
    0x00CFD9D9, 0x00CED9D7, 0x00CDD7D7, 0x00CFDADA, 0x00CED8D8, 0x00CCD7D7, 0x00CAD5D6, 0x00D0D9DA, 0x00CED8DA,
    0x00C5D1CF, 0x00C8D3D2, 0x00C9D5D6, 0x00CDDADD, 0x00C8D4D3, 0x00C6D0CF, 0x00C8D4D3, 0x00CAD6D6, 0x00CEDADB,
    0x00CAD5D5, 0x00CBD7D7, 0x00CFDBDC, 0x00CAD6D6, 0x00C5D0D0, 0x00C7D3D5, 0x00CEDADA, 0x00C6D1D1, 0x00C8D2D1,
    0x00C6D1D1, 0x00CBD4D4, 0x00CFD9D9, 0x00CCD6D6, 0x00CDD5D4, 0x00CBD5D4, 0x00CDD6D7, 0x00CCD5D5, 0x00CDD6D6,
    0x00CCD5D5, 0x00CBD5D5, 0x00C7D1D0, 0x00C9D2D1, 0x00C7D2D0, 0x00C9D2D3, 0x00CAD4D4, 0x00C7D1D1, 0x00C9D4D3,
    0x00C9D3D3, 0x00C8D2D2, 0x00CAD4D4, 0x00C9D4D4, 0x00CCD7D8, 0x00CBD6D5, 0x00CAD6D5, 0x00CCD8D8, 0x00CAD6D6,
    0x00CAD5D4, 0x00CAD6D5, 0x00CEDBDC, 0x00CAD5D6, 0x00CAD6D6, 0x00CBD8D7, 0x00CCD9DC, 0x00C9D5D6, 0x00C6D2D4,
    0x00C8D4D5, 0x00C9DADE, 0x00CBD7D7, 0x00CAD6D6, 0x00C8D4D5, 0x00CBD7D8, 0x00CAD7D7, 0x00CED9DC, 0x00C8D4D5,
    0x00C8D3D3, 0x00CAD7D8, 0x00CAD7D8, 0x00CAD7D7, 0x00C9D6D6, 0x00CBD8D9, 0x00CDD9D9, 0x00CEDADA, 0x00CFDBDB,
    0x00D1DBDB, 0x00CEDADA, 0x00C9D5D5, 0x00CAD6D8, 0x00C8D4D4, 0x00CBD5D7, 0x00CBD5D6, 0x00CBD7D8, 0x00CAD6D6,
    0x00CDD9DA, 0x00C8D5D5, 0x00C9D5D5, 0x00CDD8DA, 0x00CAD7D8, 0x00C6D4D4, 0x00C6D4D4, 0x00C7D3D3, 0x00C7D3D4,
    0x00C8D5D5, 0x00C8D5D6, 0x00C9D6D6, 0x00C8D4D5, 0x00C5D0D1, 0x00C5D2D2, 0x00CAD7D7, 0x00CCD8D8, 0x00CCD9D9,
    0x00CBD6D7, 0x00CAD7D8, 0x00CAD7D7, 0x00C9D5D7, 0x00CBD7D7, 0x00C8D3D5, 0x00C9D6D6, 0x00C9D6D6, 0x00CCD9D9,
    0x00C8D3D3, 0x00CDD9DA, 0x00C8D4D4, 0x00CBD7D8, 0x00C9D5D7, 0x00C8D6D6, 0x00C9D4D5, 0x00CCD8D9, 0x00CAD5D5,
    0x00C6D1D2, 0x00CCD6D6, 0x00C9D4D4, 0x00CAD5D5, 0x00CBD6D5, 0x00C7D2D2, 0x00CED8D8, 0x00CBD7D7, 0x00C9D5D5,
    0x00CBD7D7, 0x00CBD7D9, 0x00CBD7D8, 0x00C8D5D6, 0x00C8D3D4, 0x00CAD6D6, 0x00CAD4D3, 0x00CAD5D5, 0x00C9D4D3,
    0x00CBD6D6, 0x00C9D6D7, 0x00CCD7D8, 0x00CCD7D8, 0x00CCD8DA, 0x00C7D5D5, 0x00CCD9DA, 0x00CCD8D9, 0x00CAD7D8,
    0x00CED9D9, 0x00CCD9DA, 0x00CFDADA, 0x00CED8D8, 0x00D0DBDC, 0x00D0DADB, 0x00CCD8D9, 0x00CBD6D6, 0x00CDD8D9,
    0x00CED9DA, 0x00CDD8D8, 0x00D1DADB, 0x00CFDAD9, 0x00CED8D8, 0x00CED9DA, 0x00CDDADB, 0x00CCD8D9, 0x00CCD9D9,
    0x00CDD8D9, 0x00CBD7D6, 0x00CCD5D6, 0x00C8D5D6, 0x00C8D6D7, 0x00CFD9DB, 0x00CFDADB, 0x00CED9DA, 0x00CFDADA,
    0x00C9D6D7, 0x00CBD9DB, 0x00D0DCDD, 0x00CDD9DA, 0x00CCD9DA, 0x00CDDADB, 0x00CCD8D9, 0x00CDDADC, 0x00CDD9DB,
    0x00CAD7D9, 0x00CAD8D8, 0x00CEDBDC, 0x00CFDADC, 0x00CFDADB, 0x00CFDBDD, 0x00CDD9D9, 0x00C7D5D6, 0x00CCD9DA,
    0x00CBD8D9, 0x00CDDADA, 0x00CED8D9, 0x00D2DCDD, 0x00D1DADB, 0x00CED8D8, 0x00CDD7D7, 0x00CCD6D7, 0x00CED9D9,
    0x00CBD7D7, 0x00CBD8D7, 0x00CDDADC, 0x00CCD9D9, 0x00CDD9DB, 0x00CCD7D7, 0x00CBD5D5, 0x00CDD6D7, 0x00CCD9D8,
    0x00CFDADA, 0x00CFD8D7, 0x00CDD7D6, 0x00D2DCDC, 0x00D1DBDB, 0x00D1DCDE, 0x00CAD8D9, 0x00C9D6D6, 0x00CCD7D7,
    0x00CFDBDC, 0x00CED9D9, 0x00CFD8D8, 0x00CDD9D9, 0x00CDD9D9, 0x00CDD9D9, 0x00CBD7D8, 0x00CAD7D7, 0x00CDD7D7,
    0x00C9D6D6, 0x00CBD7D6, 0x00CBD7D7, 0x00CBD8D7, 0x00CDD9D9, 0x00CFDBDB, 0x00CED9D9, 0x00CCD8D8, 0x00CFDADA,
    0x00CAD6D5, 0x00CAD6D5, 0x00CCD7D7, 0x00CAD5D5, 0x00CBD6D5, 0x00CBD6D5, 0x00CAD6D5, 0x00CCD7D7, 0x00CBD6D5,
    0x00CCD7D6, 0x00CBD6D6, 0x00CBD7D7, 0x00CDD8D8, 0x00C9D4D3, 0x00C8D3D3, 0x00C9D4D3, 0x00C9D4D4, 0x00CAD4D4,
    0x00C7D3D3, 0x00C7D2D0, 0x00C9D4D5, 0x00CAD7D7, 0x00C9D5D5, 0x00CAD6D5, 0x00C6D2D1, 0x00C7D5D4, 0x00C8D5D6,
    0x00C8D3D3, 0x00C8D2D2, 0x00C9D3D4, 0x00C8D2D2, 0x00CCD9D9, 0x00CBD5D5, 0x00CAD5D4, 0x00CCD6D6, 0x00CDD8D7,
    0x00CDD7D6, 0x00CBD5D4, 0x00CDD6D6, 0x00CCD7D6, 0x00CED9D9, 0x00CED9D9, 0x00CCD8D8, 0x00CDD9D9, 0x00CCD9D9,
    0x00CBD7D6, 0x00C9D3D3, 0x00C8D3D3, 0x00CAD5D5, 0x00C9D4D3, 0x00C9D3D3, 0x00C9D7D8, 0x00CAD5D5, 0x00CAD5D4,
    0x00C9D3D1, 0x00C9D4D3, 0x00C9D5D4, 0x00CBD5D5, 0x00C9D5D4, 0x00CAD5D5, 0x00CBD5D4, 0x00CED7D8, 0x00C7D2D2,
    0x00C9D4D4, 0x00CAD5D5, 0x00CBD6D6, 0x00CBD7D6, 0x00CCD6D6, 0x00C9D4D4, 0x00CDD7D6, 0x00CBD6D5, 0x00CCD6D5,
    0x00CBD7D7, 0x00CDD6D6, 0x00CED9D8, 0x00CED9D9, 0x00CEDAD8, 0x00CED8D8, 0x00CFDAD9, 0x00CED8D8, 0x00CED7D7,
    0x00CCD6D6, 0x00C8D4D5, 0x00CAD6D7, 0x00CDD8D8, 0x00CCD7D8, 0x00CAD6D6, 0x00C8D3D3, 0x00CAD5D8, 0x00CBD6D7,
    0x00C8D5D6, 0x00CBD7D9, 0x00C9D5D6, 0x00CBD7D9, 0x00CCD8D8, 0x00CBD6D6, 0x00CAD5D5, 0x00C9D5D5, 0x00CAD5D6,
    0x00C7D2D2, 0x00C8D4D6, 0x00C8D5D6, 0x00CAD6D7, 0x00CAD5D6, 0x00C8D4D5, 0x00CDD6D7, 0x00CCD9D9, 0x00CCD6D6,
    0x00CFD8D7, 0x00CCD6D5, 0x00CDD7D7, 0x00CFDADB, 0x00CCD5D5, 0x00CAD3D3, 0x00CBD5D4, 0x00C9D4D4, 0x00C4D2D4,
    0x00C7D3D4, 0x00C8D3D2, 0x00C7D1D1, 0x00C8D4D4, 0x00CBD6D7, 0x00C7D2D1, 0x00C8D3D2, 0x00C9D3D3, 0x00C9D4D3,
    0x00CBD6D8, 0x00CAD5D5, 0x00CAD6D4, 0x00CCD8D8, 0x00CBD5D4, 0x00CBD6D6, 0x00CCD8D8, 0x00CCD7D8, 0x00CCD7D7,
    0x00C9D8D9, 0x00CAD6D6, 0x00C8D5D5, 0x00C9D6D6, 0x00C9D7D9, 0x00CAD7D9, 0x00C7D5D8, 0x00CAD6D8, 0x00CAD6D7,
    0x00CBD8D9, 0x00CBD7D8, 0x00C9D7D7, 0x00CDD9DB, 0x00CBD6D6, 0x00CED9DB, 0x00CBD8D9, 0x00CBD9D9, 0x00CBD8D8,
    0x00CBD8D9, 0x00CCD9D9, 0x00D1DCDC, 0x00CCD8D8, 0x00CBD7D7, 0x00CBD9D8, 0x00CCD8D8, 0x00CCD9D9, 0x00CAD5D5,
    0x00CBD6D6, 0x00C9D5D5, 0x00C9D5D6, 0x00C9D5D5, 0x00CAD7D9, 0x00CBD7D9, 0x00C8D3D4, 0x00C8D4D5, 0x00C9D7D7,
    0x00C5D3D3, 0x00C6D3D4, 0x00C2D0D1, 0x00CAD6D6, 0x00CAD5D4, 0x00C3D0D2, 0x00C6D3D6, 0x00C7D5D4, 0x00C5D2D3,
    0x00C7D3D4, 0x00C7D2D2, 0x00CAD6D8, 0x00C7D4D4, 0x00C7D3D4, 0x00CBD7D8, 0x00C7D3D6, 0x00C9D7D8, 0x00C9D6D8,
    0x00C8D7D9, 0x00C7D4D5, 0x00CBD8DA, 0x00CBD6D8, 0x00C9D4D5, 0x00C8D2D0, 0x00CAD5D5, 0x00CAD7D9, 0x00C9D4D5,
    0x00C8D3D4, 0x00C8D5D6, 0x00C6D2D1, 0x00CCD8DA, 0x00CAD6D6, 0x00C6D2D3, 0x00CAD6D7, 0x00CBD5D5, 0x00CCD5D5,
    0x00CBD6D6, 0x00D0DAD9, 0x00CCD6D7, 0x00D0D9DA, 0x00CDD8D9, 0x00CDD9D9, 0x00CAD6D6, 0x00CCD9DA, 0x00CCDADC,
    0x00C9D5D5, 0x00CDD9DA, 0x00CBD7D8, 0x00CAD6D6, 0x00CBD6D7, 0x00C8D4D5, 0x00CCD7D8, 0x00C9D4D6, 0x00CBD7D8,
    0x00CCD8DB, 0x00C4D1D0, 0x00CAD7D8, 0x00CDD9DA, 0x00CDD8D8, 0x00CEDADA, 0x00CCD7D6, 0x00CDD8D9, 0x00CFD9D9,
    0x00D1DCDD, 0x00CDDADB, 0x00CFDBDC, 0x00CDD9D9, 0x00C7D4D3, 0x00CCDADB, 0x00CBDBDC, 0x00D2DDDF, 0x00CED9D8,
    0x00CED7D7, 0x00CAD9DB, 0x00CEDCDE, 0x00CCD7D7, 0x00CBD6D6, 0x00CDD7D9, 0x00CCDADB, 0x00CDDADB, 0x00CFDADC,
    0x00CDD7D8, 0x00CFD9DB, 0x00CAD7D7, 0x00D0DBDC, 0x00CED8D9, 0x00CCD8D9, 0x00C7D4D6, 0x00CDDADB, 0x00CEDADB,
    0x00CCD7D8, 0x00CBD7D8, 0x00CAD5D5, 0x00CCD9DA, 0x00CBD6D6, 0x00C9D6D8, 0x00CEDADC, 0x00CBD8D9, 0x00CEDBDD,
    0x00CDD9D9, 0x00CAD6D6, 0x00CEDADC, 0x00CBD7D7, 0x00CFDBDD, 0x00CBD9DA, 0x00CDD9DB, 0x00CDD8DA, 0x00D0DBDD,
    0x00CDD9DA, 0x00CCD7D7, 0x00CEDADA, 0x00CCD8D7, 0x00CFDBDC, 0x00C9D7D9, 0x00C6D4D5, 0x00CBD7D9, 0x00CBD6D8,
    0x00CBD6D8, 0x00CBD8DB, 0x00CAD7D8, 0x00CCD7D8, 0x00CED9DA, 0x00CBD6D7, 0x00D1DAD9, 0x00CCD6D4, 0x00D2DBDB,
    0x00D3DDDC, 0x00CEDADB, 0x00CAD7D7, 0x00CEDADB, 0x00CBD7D6, 0x00CDD8DA, 0x00CBD7D7, 0x00CDD8D8, 0x00CFDADA,
    0x00CCD8D9, 0x00CED8D8, 0x00CDD7D9, 0x00CBD7D6, 0x00CED9D9, 0x00CEDADA, 0x00CCD8D8, 0x00CEDAD9, 0x00CCD7D7,
    0x00D0DBDA, 0x00CFDAD9, 0x00CCD7D7, 0x00C9D4D4, 0x00CFD9D9, 0x00CFD9D9, 0x00CAD6D5, 0x00C9D5D5, 0x00CCD8D9,
    0x00CCD8D9, 0x00CBD5D3, 0x00CBD6D6, 0x00CBD7D9, 0x00D0DCDD, 0x00CBD7D7, 0x00CCD7D7, 0x00CCD6D6, 0x00CBD6D6,
    0x00C3CFCE, 0x00CAD6D6, 0x00C9D4D2, 0x00C8D3D3, 0x00C8D3D3, 0x00C2D3D6, 0x00C8D4D4, 0x00C9D5D4, 0x00CAD6D7,
    0x00CAD7D8, 0x00C8D5D6, 0x00C7D4D3, 0x00C8D6D5, 0x00C7D4D3, 0x00C8D4D4, 0x00CBD8D7, 0x00C7D5D5, 0x00CAD7D6,
    0x00CAD5D5, 0x00CBD6D6, 0x00CAD5D4, 0x00CDD7D7, 0x00CDD9D9, 0x00CDD8D8, 0x00CDD9D9, 0x00D1DCDC, 0x00CEDADA,
    0x00CDD8D8, 0x00CBD6D6, 0x00CDD9D9, 0x00CDDBDC, 0x00C9D6D8, 0x00CCD8D9, 0x00C9D5D4, 0x00CBD6D6, 0x00CAD5D5,
    0x00CBD4D4, 0x00CAD5D4, 0x00CAD7D9, 0x00C9D4D3, 0x00CAD4D3, 0x00CBD5D5, 0x00CAD4D2, 0x00CBD8D9, 0x00C9D4D3,
    0x00CBD5D5, 0x00CAD5D7, 0x00C9D5D4, 0x00CCD7D8, 0x00CAD5D5, 0x00C9D4D4, 0x00CBD6D6, 0x00CDD8D8, 0x00CCD6D6,
    0x00CDD7D7, 0x00CBD6D5, 0x00CED7D7, 0x00CAD5D3, 0x00D0D9D8, 0x00CED8D8, 0x00CAD4D4, 0x00CBD6D5, 0x00CDD7D7,
    0x00CED8D7, 0x00CDD8D7, 0x00CEDAD9, 0x00CED8D8, 0x00CBD5D5, 0x00CBD6D6, 0x00CBD6D6, 0x00C9D6D7, 0x00CFD7D8,
    0x00CAD6D8, 0x00CED8D9, 0x00CBD7D7, 0x00CCD8D9, 0x00CCD8D8, 0x00CBD6D6, 0x00CAD7D6, 0x00CBD7D7, 0x00CDDADB,
    0x00CEDBDC, 0x00CAD5D5, 0x00CAD6D6, 0x00C9D5D5, 0x00CAD6D7, 0x00C8D4D4, 0x00C6D2D5, 0x00C7D4D4, 0x00CCD9DB,
    0x00CAD5D8, 0x00C7D3D4, 0x00CBD7D8, 0x00CAD8D7, 0x00CED8D7, 0x00CED6D5, 0x00D0D9D9, 0x00CED8D8, 0x00CDD7D7,
    0x00CBD5D4, 0x00CAD5D5, 0x00CAD3D3, 0x00C6D1D3, 0x00C9D3D4, 0x00C8D2D2, 0x00C7D0D1, 0x00C6D2D2, 0x00C7D1D1,
    0x00C4CFD1, 0x00C7D2D2, 0x00CBD5D5, 0x00CBD5D5, 0x00C7D2D2, 0x00CBD4D4, 0x00C9D5D5, 0x00CCD7D7, 0x00CBD5D5,
    0x00CBD6D5, 0x00CBD6D6, 0x00CCD7D6, 0x00CCD7D8, 0x00C9D4D4, 0x00CBD5D5, 0x00CAD4D4, 0x00C9D5D6, 0x00CAD8DB,
    0x00CAD8D9, 0x00CDDADC, 0x00CBD9DA, 0x00CCD9DA, 0x00CBD9DA, 0x00C7D4D4, 0x00CDD9DB, 0x00CEDBDB, 0x00CEDBDD,
    0x00CDD9DA, 0x00CEDBDD, 0x00CEDBDC, 0x00D1DDDE, 0x00CFDBDB, 0x00CCD9D8, 0x00CCD8D9, 0x00CAD6D6, 0x00CDDAD9,
    0x00CCD8D8, 0x00CAD7D6, 0x00CED9DA, 0x00CDD7D8, 0x00C9D4D7, 0x00C9D6D7, 0x00CAD6D5, 0x00CCD7D7, 0x00C9D4D4,
    0x00BDCED1, 0x00C6D3D4, 0x00C6D2D1, 0x00C5D1D0, 0x00C3D2D3, 0x00C2D0D1, 0x00C5D2D4, 0x00C5D3D4, 0x00CAD5D7,
    0x00C8D3D3, 0x00C6D3D2, 0x00C5D1D1, 0x00C5D2D3, 0x00C3D0CF, 0x00C7D4D4, 0x00C9D6D7, 0x00C7D3D4, 0x00CBD6D8,
    0x00C7D4D5, 0x00C8D7D9, 0x00C6D5D9, 0x00C9D8DA, 0x00CBD9DB, 0x00C9D8DA, 0x00CCDADB, 0x00C9D7D8, 0x00CCD9DA,
    0x00CCD8DB, 0x00CAD6D7, 0x00CBD7D9, 0x00C6D4D5, 0x00C8D4D6, 0x00C8D4D4, 0x00C9D3D5, 0x00C8D4D4, 0x00C5D2D3,
    0x00CAD5D6, 0x00CBD4D6, 0x00C9D6D6, 0x00CCD5D5, 0x00C9D4D4, 0x00CAD4D4, 0x00CFD7D8, 0x00CAD6D6, 0x00D0D9DA,
    0x00CBD6D6, 0x00CDD7D9, 0x00C9D5D5, 0x00CBD6D7, 0x00CBD6D8, 0x00CAD6D5, 0x00CBD7D9, 0x00C9D6D6, 0x00CCD9D9,
    0x00CAD5D4, 0x00CBD6D6, 0x00CBD7D8, 0x00CAD7D8, 0x00C9D4D7, 0x00C7D7D9, 0x00CCD8D8, 0x00CAD6D7, 0x00CED8DA,
    0x00CDD9DA, 0x00CCD7D9, 0x00D1DEDE, 0x00CDD9D9, 0x00CED9DA, 0x00CCD9DA, 0x00CDD9D8, 0x00CED9DB, 0x00CED9DA,
    0x00CCD7D7, 0x00CEDADB, 0x00CDD8D8, 0x00D1DCDD, 0x00D1DCDE, 0x00CFDBDB, 0x00CDD8D8, 0x00CED9DA, 0x00CDDBDE,
    0x00CEDBDC, 0x00CCD7D6, 0x00CAD6D8, 0x00CCD8D8, 0x00CED8DA, 0x00CDD8D9, 0x00CEDADA, 0x00CAD6D5, 0x00CFD9DA,
    0x00CDD6D7, 0x00CBD6D7, 0x00CED9DA, 0x00CBD8D8, 0x00CBD8DA, 0x00CFDBDC, 0x00CEDBDC, 0x00D1DCDD, 0x00CFDBDD,
    0x00CDD8D7, 0x00CDD9DB, 0x00D0DCDE, 0x00CBD7D8, 0x00CCD8DA, 0x00CDD9DA, 0x00CDD8D9, 0x00CDDADD, 0x00CBD9D9,
    0x00C9D4D6, 0x00CCD9DB, 0x00CBD6D7, 0x00CCD8D9, 0x00CFDBDD, 0x00CCD7D7, 0x00CED9DB, 0x00D1DDDE, 0x00CFDBDC,
    0x00CAD5D8, 0x00CBD8DB, 0x00CBD8DB, 0x00CEDADB, 0x00CAD5D7, 0x00C7D5D5, 0x00CAD4D7, 0x00CBD7D9, 0x00C9D4D4,
    0x00CCD5D5, 0x00CFD9D9, 0x00D0D8D8, 0x00CFD9D9, 0x00D0DCDC, 0x00CDD9DA, 0x00CAD8DA, 0x00CBD8D8, 0x00CFD8DA,
    0x00CDD8D9, 0x00CED9D9, 0x00CCD7D7, 0x00CED9DA, 0x00CED9D8, 0x00CDDADA, 0x00CCD9DA, 0x00CDD7D9, 0x00C9D5D4,
    0x00CDD9DA, 0x00CED8D8, 0x00CCD7D7, 0x00CBD7D6, 0x00CDD8D6, 0x00CCD9DA, 0x00CED9D9, 0x00CBD7D6, 0x00CCD6D6,
    0x00CFD9D8, 0x00CED7D7, 0x00CCD6D7, 0x00CDD9D9, 0x00C9D6D7, 0x00CBD6D6, 0x00CDD6D6, 0x00CAD5D5, 0x00C9D4D4,
    0x00CBD7D8, 0x00CCD7D6, 0x00CDD8D8, 0x00CBD7D6, 0x00CBD7D7, 0x00CAD3D2, 0x00CAD5D5, 0x00CAD5D4, 0x00C9D4D4,
    0x00CCD6D5, 0x00C8D4D5, 0x00C9D5D5, 0x00C6D3D1, 0x00C9D6D7, 0x00CAD7D8, 0x00C7D4D4, 0x00CBD8D8, 0x00CAD6D7,
    0x00CAD6D6, 0x00C8D3D5, 0x00CAD7D7, 0x00CCD8DA, 0x00CAD4D3, 0x00C8D2D1, 0x00CDD7D6, 0x00CCD7D6, 0x00CAD4D6,
    0x00C8D4D3, 0x00CBD8D7, 0x00CCD8D9, 0x00CDDADB, 0x00CFDBDA, 0x00CCD8D7, 0x00CDDADA, 0x00CCD8D7, 0x00CDD8D8,
    0x00CAD6D5, 0x00C9D7D8, 0x00CBD6D7, 0x00C9D4D5, 0x00C8D3D3, 0x00CBD6D5, 0x00C8D4D4, 0x00CBD4D5, 0x00CCD6D7,
    0x00CBD5D4, 0x00C9D2D1, 0x00CCD5D4, 0x00CAD4D4, 0x00CBD4D4, 0x00CBD5D5, 0x00CAD5D5, 0x00CDD7D6, 0x00CBD6D7,
    0x00C8D4D3, 0x00C9D5D5, 0x00CBD6D6, 0x00C9D4D5, 0x00CDD6D6, 0x00CBD5D5, 0x00CED9D8, 0x00CDD7D6, 0x00C9D4D3,
    0x00CDD6D6, 0x00CFD9D8, 0x00CFD9D8, 0x00CCD6D6, 0x00CBD6D6, 0x00CFD9D8, 0x00CDD7D7, 0x00CCD8D8, 0x00CCD6D6,
    0x00CBD6D7, 0x00CBD5D4, 0x00CCD6D8, 0x00C7D3D3, 0x00CCD7D9, 0x00CCD8D8, 0x00C9D5D6, 0x00C9D5D6, 0x00C8D4D3,
    0x00CCD7D9, 0x00CBD7D7, 0x00CAD7D6, 0x00CDD9D9, 0x00CBD7D7, 0x00CDD8D9, 0x00CBD6D6, 0x00C9D4D5, 0x00C9D4D4,
    0x00C8D3D3, 0x00C8D4D4, 0x00CBD6D8, 0x00CBD6D8, 0x00CCD8DB, 0x00CBD8DC, 0x00CAD6D6, 0x00CCD5D7, 0x00CED8D8,
    0x00CED6D6, 0x00CDD6D6, 0x00CDD6D5, 0x00CDD7D6, 0x00CED8D8, 0x00CBD6D5, 0x00C9D3D4, 0x00C7D2D2, 0x00C9D6D8,
    0x00C9D6D8, 0x00C7D1D1, 0x00C4D0D1, 0x00C7D1D1, 0x00C7D2D2, 0x00C4CDCD, 0x00C8D2D2, 0x00C6D1D1, 0x00CAD5D6,
    0x00CED8D9, 0x00C8D4D4, 0x00C7D2D2, 0x00C9D4D5, 0x00CAD4D6, 0x00CDDADC, 0x00CDDADC, 0x00CBD6D5, 0x00CAD4D5,
    0x00CBD6D6, 0x00CBD7D8, 0x00CBD6D8, 0x00C9D7D7, 0x00CBD8DA, 0x00CCD9DB, 0x00C9D6D6, 0x00CCD9DA, 0x00CBD7DA,
    0x00CBD6D8, 0x00CDDADA, 0x00CED8DA, 0x00CAD7D9, 0x00CBD8DA, 0x00CBD8D8, 0x00D0DDDF, 0x00D3DFE0, 0x00D0DCDD,
    0x00CDDADB, 0x00CFDBDB, 0x00CED9DA, 0x00CCD9D9, 0x00CAD7D7, 0x00CBD7DA, 0x00CAD7D7, 0x00C8D4D5, 0x00CAD7D7,
    0x00C9D5D5, 0x00C7D6D7, 0x00C2CFD2, 0x00C2D0D2, 0x00C5D3D5, 0x00C1D1D5, 0x00C5D1D2, 0x00C4D1D4, 0x00C1D0D1,
    0x00C3D1D2, 0x00C8D5D7, 0x00C8D5D6, 0x00C7D4D6, 0x00C9D4D5, 0x00C6D2D3, 0x00C3D0CF, 0x00C5D1D1, 0x00C4D1D0,
    0x00C9D5D7, 0x00C8D4D5, 0x00CAD6D9, 0x00C8D5D5, 0x00CBD7D7, 0x00CBD7D8, 0x00CBD7D9, 0x00CBD8DA, 0x00CAD7D8,
    0x00C9D6D8, 0x00CCD8DA, 0x00C9D6D8, 0x00CDDBDC, 0x00CBD8D9, 0x00CCD8DB, 0x00CAD8DB, 0x00C8D5D5, 0x00C6D4D4,
    0x00C9D6D7, 0x00C4D1D2, 0x00C9D7DA, 0x00C9D5D6, 0x00CAD6D6, 0x00CAD5D7, 0x00CDD8D9, 0x00CBD5D4, 0x00CCD6D8,
    0x00CED6D6, 0x00C9D3D3, 0x00C7D3D4, 0x00CBD6D8, 0x00CCD8D9, 0x00CED9D9, 0x00CBD8D7, 0x00CDD8D9, 0x00CBD8DA,
    0x00CCD8D9, 0x00CCD9DA, 0x00CAD5D8, 0x00CAD6D7, 0x00C9D6D7, 0x00C9D6D5, 0x00CAD6D7, 0x00CCD8D9, 0x00CBD7D7,
    0x00C7D5D6, 0x00C9D7D9, 0x00CED9DB, 0x00CBD7D8, 0x00D0DCDE, 0x00CAD6D6, 0x00CCD7D8, 0x00C9D4D4, 0x00CDD9D9,
    0x00CED9DA, 0x00CDD9DA, 0x00CED9DA, 0x00CDD9DA, 0x00CBD7D7, 0x00CEDADB, 0x00CDD9DA, 0x00D0DADC, 0x00CEDADB,
    0x00D1DDDE, 0x00D3DFE0, 0x00D1DDDE, 0x00CDDADA, 0x00CED9DB, 0x00CEDADC, 0x00CBD6D6, 0x00CDD7D8, 0x00CCD7D6,
    0x00CDD7DA, 0x00CDD9D9, 0x00CEDADB, 0x00D0DADA, 0x00CBD8DA, 0x00CAD8D9, 0x00CBD7D8, 0x00C8D5D6, 0x00CAD6D8,
    0x00CAD6D7, 0x00CBD8D8, 0x00CAD7D9, 0x00CCD9DA, 0x00D1DDDF, 0x00CDD8DA, 0x00CDD9DA, 0x00CDDADC, 0x00CBD8D9,
    0x00CDD9DA, 0x00CCD7D8, 0x00C9D6D9, 0x00CCD8DB, 0x00C9D5D7, 0x00CAD6D8, 0x00D1DDE0, 0x00CCDADB, 0x00CDD9DA,
    0x00CBD7D9, 0x00CBD8D8, 0x00CDD9DA, 0x00CDDADB, 0x00CFDDDF, 0x00CFDCDE, 0x00D0DBDA, 0x00CBD7D6, 0x00CFDADC,
    0x00CDDBDD, 0x00CBD6D7, 0x00CBD8D9, 0x00D3DEDF, 0x00CED9DA, 0x00CED9D9, 0x00D1DADA, 0x00D1D9DA, 0x00CCD7D6,
    0x00CFD9DB, 0x00CDD9D9, 0x00D2DCDD, 0x00CCD9D8, 0x00CFDBDC, 0x00CDD9D8, 0x00CBD6D7, 0x00CBD8D7, 0x00D0DBDA,
    0x00D1DADB, 0x00CED9D8, 0x00D3DCDC, 0x00D1DDDD, 0x00CFD9D9, 0x00CFDCDD, 0x00CEDBDA, 0x00CED9D9, 0x00CFDADA,
    0x00D2DBDB, 0x00CFDADA, 0x00D0D9D8, 0x00CDD7D6, 0x00CED9D8, 0x00CED8D8, 0x00CCD9D8, 0x00CCD6D6, 0x00CCD6D5,
    0x00CDD5D5, 0x00CBD5D5, 0x00CAD6D4, 0x00CBD5D5, 0x00CBD5D5, 0x00CCD7D8, 0x00CCD7D6, 0x00CCD5D4, 0x00CDD6D5,
    0x00CCD7D6, 0x00CBD6D5, 0x00C9D4D4, 0x00C8D2D2, 0x00CAD4D4, 0x00C9D4D5, 0x00CAD6D8, 0x00C7D3D4, 0x00CAD6D7,
    0x00C9D7D8, 0x00CAD7D8, 0x00C9D6D6, 0x00C9D5D6, 0x00C7D4D5, 0x00C9D5D7, 0x00C6D3D3, 0x00C7D4D5, 0x00CAD7D8,
    0x00C9D4D3, 0x00CBD6D6, 0x00CBD7D8, 0x00CAD5D4, 0x00CAD7D7, 0x00CCD8D8, 0x00C9D6D7, 0x00CCD7D9, 0x00CAD7D7,
    0x00CBD8D7, 0x00CAD7D6, 0x00CAD6D6, 0x00CBD8D8, 0x00CCD6D6, 0x00CCD8D7, 0x00C9D6D5, 0x00CAD5D5, 0x00CAD5D6,
    0x00C8D3D1, 0x00C9D3D2, 0x00CAD5D5, 0x00C9D4D5, 0x00CAD5D5, 0x00CBD4D3, 0x00CAD5D4, 0x00C7D7DB, 0x00CDD7D6,
    0x00CBD6D6, 0x00C9D4D3, 0x00CCD7D8, 0x00CDD9D9, 0x00C8D3D3, 0x00C9D4D5, 0x00CCD8DA, 0x00C9D5D6, 0x00CAD6D5,
    0x00CCD6D6, 0x00C9D4D4, 0x00CDD6D6, 0x00CBD7D9, 0x00CBD5D3, 0x00CED8DA, 0x00CDD9DA, 0x00CBD6D6, 0x00CDD8D8,
    0x00CDD8D7, 0x00CED9DA, 0x00CDD8D8, 0x00CBD6D6, 0x00C9D3D3, 0x00CAD5D5, 0x00CCD6D7, 0x00CAD6D6, 0x00CCD8D8,
    0x00CCD7D7, 0x00CEDADC, 0x00CAD6D4, 0x00CBD5D5, 0x00CBD6D6, 0x00CCD7D8, 0x00CBD8DA, 0x00CDDAD9, 0x00CCD8D8,
    0x00CEDADA, 0x00CCD7D8, 0x00CDD8D9, 0x00CED9DA, 0x00CAD4D4, 0x00CAD4D4, 0x00C0CDCF, 0x00C5D5D8, 0x00C9D4D5,
    0x00CAD4D4, 0x00CAD4D4, 0x00C8D3D3, 0x00CAD5D4, 0x00CAD5D5, 0x00CAD5D4, 0x00CBD4D3, 0x00CAD7D8, 0x00CCD6D4,
    0x00CDD7D9, 0x00C9D4D4, 0x00C8D2D2, 0x00C8D3D4, 0x00C8D3D2, 0x00C5D0D2, 0x00C6D1D2, 0x00C4CFD0, 0x00C3CFD1,
    0x00C6D0D0, 0x00C6D0CF, 0x00C5D0D1, 0x00C7D1D3, 0x00C8D1D1, 0x00C6D0D2, 0x00C9D3D4, 0x00C8D2D2, 0x00CBD5D5,
    0x00CBD5D5, 0x00CFDAD9, 0x00CDD8DB, 0x00CBD8D9, 0x00CCD7D9, 0x00CBD7D8, 0x00C9D6D7, 0x00CAD6D8, 0x00CBD7D8,
    0x00CAD5D6, 0x00CBD8DA, 0x00CCD8DA, 0x00CBD9DA, 0x00CBD7D8, 0x00CBD7DA, 0x00CBD8D8, 0x00CAD6D7, 0x00C8D4D6,
    0x00CAD6D8, 0x00CCD8DA, 0x00CBD9DA, 0x00CAD8D8, 0x00D5DFDF, 0x00CEDADB, 0x00CDDADB, 0x00CCD8D9, 0x00C9D6D8,
    0x00CBD8D8, 0x00C4D2D5, 0x00C8D6D6, 0x00CCD7D7, 0x00CCD7D8, 0x00C9D4D7, 0x00C6D4D5, 0x00C7D3D3, 0x00C4CFD0,
    0x00C7D4D7, 0x00BFCED1, 0x00C4D1D1, 0x00C5D2D4, 0x00C2D2D4, 0x00C7D5D4, 0x00C2D0D3, 0x00BBCED1, 0x00C2D0D1,
    0x00CAD6D6, 0x00C6D2D3, 0x00C4D0D0, 0x00CAD6D7, 0x00CAD6D6, 0x00C7D3D5, 0x00C9D7D9, 0x00CAD6D6, 0x00CCD9DB,
    0x00C4D4D6, 0x00C6D2D2, 0x00C8D5D7, 0x00CCD9DB, 0x00C7D5D7, 0x00CAD5D7, 0x00CAD7D8, 0x00CBD8D8, 0x00CDD9DB,
    0x00C9D8D9, 0x00C9D5D7, 0x00CCD9DC, 0x00C9D5D5, 0x00C7D5D5, 0x00C9D4D6, 0x00C9D6D6, 0x00C8D5D6, 0x00CBD7D9,
    0x00C7D4D6, 0x00CAD5D7, 0x00C1CED1, 0x00C6D4D5, 0x00CCD7D7, 0x00CFDADB, 0x00CCD6D6, 0x00CBD7D8, 0x00CED6D6,
    0x00CCD7D8, 0x00CCD6D8, 0x00CBD7D8, 0x00CEDADC, 0x00CAD6D6, 0x00C8D3D5, 0x00C4D0D0, 0x00CBD8D9, 0x00CCD8D8,
    0x00C8D4D5, 0x00C8D5D5, 0x00CAD6D7, 0x00CCD9DC, 0x00CCD6D9, 0x00CDDADB, 0x00CFDBDB, 0x00CCD8DA, 0x00CCD8D8,
    0x00CEDBDE, 0x00CCD9DB, 0x00CDD9D8, 0x00CDD8D8, 0x00CBD7D6, 0x00CCD6D7, 0x00CDD7D8, 0x00CDD8D9, 0x00CCD8D8,
    0x00CDD7D8, 0x00CFDADC, 0x00CDD9D9, 0x00D1DDDF, 0x00D1DCDD, 0x00CFDADB, 0x00CFDBDD, 0x00D1DCDD, 0x00D1DDDF,
    0x00CDD8D9, 0x00CCD9DA, 0x00CBD6D6, 0x00D0DBDB, 0x00CCD7D7, 0x00CFDBDA, 0x00CFD9DA, 0x00CAD6D7, 0x00CCD9D9,
    0x00CEDADC, 0x00CFDADB, 0x00C9D5D6, 0x00CDD9DA, 0x00CDD9D9, 0x00CCD7D7, 0x00CDD9DB, 0x00CCD7D8, 0x00C8D5D6,
    0x00CCD9DB, 0x00CFDBDD, 0x00D1DEE0, 0x00CCD7D8, 0x00CDD9DB, 0x00CFDBDE, 0x00CCD8D9, 0x00CCD8DA, 0x00CCD7D8,
    0x00CFDCDC, 0x00C9D7D9, 0x00D1DCDE, 0x00CEDADC, 0x00CCD9DA, 0x00CEDBDB, 0x00CDD8D8, 0x00CEDBDB, 0x00CDD9D9,
    0x00CFDBDD, 0x00D0DBDD, 0x00CCD7D7, 0x00CDDADB, 0x00D1DBDE, 0x00CDD8DA, 0x00CEDADB, 0x00CED9DA, 0x00CCD8DA,
    0x00CFDAD9, 0x00CDD6D6, 0x00CFDAD9, 0x00D0DBDC, 0x00CED8D8, 0x00CDD9D9, 0x00CDD9D8, 0x00D0DCDD, 0x00CDD9DA,
    0x00CDD8D9, 0x00CEDBDB, 0x00CBD6D6, 0x00CEDBDB, 0x00CED9D9, 0x00CFDADA, 0x00CFDBDB, 0x00D0DADB, 0x00CFD9D9,
    0x00CED8D9, 0x00D1DCDB, 0x00D1DBDB, 0x00CCD7D6, 0x00CEDADA, 0x00CDD7D8, 0x00D0DADA, 0x00CFD9D9, 0x00CED9D8,
    0x00CFDBDB, 0x00CFD8D9, 0x00C2D0D1, 0x00C5D1D1, 0x00CCD5D5, 0x00CDD5D5, 0x00CFD8D7, 0x00CCD4D3, 0x00CDD6D6,
    0x00CED4D3, 0x00CDD4D2, 0x00CBD4D3, 0x00CBD5D3, 0x00CDD8D7, 0x00CED9D9, 0x00C8D3D2, 0x00CAD5D5, 0x00C7D7D8,
    0x00CBD6D7, 0x00C9D5D5, 0x00C8D4D4, 0x00CAD6D6, 0x00C7D4D3, 0x00CAD6D6, 0x00C9D5D7, 0x00C3CFCE, 0x00C7D2D2,
    0x00C7D2D4, 0x00CAD8D7, 0x00C7D3D3, 0x00CED9DA, 0x00C9D4D6, 0x00CAD5D5, 0x00CAD5D6, 0x00CCD6D6, 0x00CCD6D5,
    0x00CAD6D5, 0x00CBD4D4, 0x00CED7D7, 0x00CED7D6, 0x00CBD5D4, 0x00CBD5D4, 0x00CAD6D6, 0x00CBD6D7, 0x00C7D3D3,
    0x00C9D2D4, 0x00C7D3D4, 0x00C6D2D3, 0x00C8D4D4, 0x00C7D2D1, 0x00C8D4D3, 0x00CAD5D4, 0x00C9D3D2, 0x00C9D4D3,
    0x00CAD4D4, 0x00CCD5D4, 0x00CBD4D3, 0x00CBD4D3, 0x00CBD6D4, 0x00CBD6D5, 0x00CCD6D6, 0x00CCD8D9, 0x00C9D5D5,
    0x00CAD4D3, 0x00C9D4D3, 0x00CAD4D5, 0x00CAD5D5, 0x00C6D1D0, 0x00CBD5D5, 0x00C7D2D1, 0x00CCD5D5, 0x00C7D5D7,
    0x00C9D4D4, 0x00C9D2D2, 0x00CCD6D6, 0x00CDD7D6, 0x00CCD7DA, 0x00CED9D8, 0x00CCD9D8, 0x00CBD6D6, 0x00CAD6D6,
    0x00CAD6D6, 0x00CBD5D4, 0x00C8D3D4, 0x00CBD6D6, 0x00CEDADC, 0x00CAD7D8, 0x00CCD6D8, 0x00CAD5D5, 0x00CAD4D5,
    0x00CAD5D6, 0x00CAD4D4, 0x00CBD4D6, 0x00CBD5D6, 0x00CAD5D6, 0x00CBD6D7, 0x00CDD9D8, 0x00C9D4D3, 0x00CAD5D6,
    0x00C9D3D3, 0x00CAD8D8, 0x00C1CED0, 0x00C6D5D8, 0x00C2D0D2, 0x00CBD5D6, 0x00CAD5D6, 0x00CAD5D5, 0x00C5D0D0,
    0x00C8D3D3, 0x00C9D1D2, 0x00CAD3D3, 0x00CAD3D3, 0x00CED7D8, 0x00CAD4D6, 0x00C9D4D4, 0x00C8D4D6, 0x00C3CFD0,
    0x00C8D3D4, 0x00C3D0D0, 0x00C7D3D4, 0x00C3CED1, 0x00C7D2D3, 0x00C4CECC, 0x00C5CFCF, 0x00C7D2D1, 0x00C7D0D1,
    0x00CAD5D5, 0x00C9D3D4, 0x00C7D3D2, 0x00C9D4D3, 0x00C8D3D3, 0x00CCD6D6, 0x00CBD5D5, 0x00CBD6D6, 0x00CCD8D9,
    0x00CEDADC, 0x00CCD8D9, 0x00C9D5D5, 0x00CFDDDE, 0x00CBDADD, 0x00CCD8DA, 0x00CCD9D9, 0x00CEDBDC, 0x00CAD7DA,
    0x00CCD9DA, 0x00CBD8DA, 0x00CAD6D7, 0x00C3CFD0, 0x00CBD7D7, 0x00CAD6D8, 0x00CBD8D9, 0x00CAD8DA, 0x00CEDBDB,
    0x00D2DCDE, 0x00CFDBDC, 0x00CCD7D7, 0x00CCD9DA, 0x00C9D6D6, 0x00CBD8D8, 0x00CAD7D7, 0x00C8D4D4, 0x00C7D6D8,
    0x00C6D3D3, 0x00C8D4D4, 0x00C7D3D4, 0x00C6D3D4, 0x00C7D4D5, 0x00C7D3D3, 0x00C7D3D5, 0x00C5D3D4, 0x00C7D3D5,
    0x00C6D4D4, 0x00C6D3D5, 0x00C6D4D6, 0x00C5D3D5, 0x00CBD6D7, 0x00CBD7D7, 0x00CBD7D8, 0x00C4D1D2, 0x00C8D5D5,
    0x00C7D4D7, 0x00C0D1D5, 0x00C8D5D8, 0x00C7D5D6, 0x00CAD7D8, 0x00CAD7D8, 0x00CAD5D6, 0x00C9D5D6, 0x00C9D5D6,
    0x00C9D5D7, 0x00C8D5D6, 0x00CAD6D7, 0x00CBD8DA, 0x00CDD9DB, 0x00CAD7D8, 0x00CAD6D8, 0x00C9D5D6, 0x00C9D6D7,
    0x00C9D5D7, 0x00C8D4D5, 0x00C7D2D3, 0x00C8D5D6, 0x00C9D5D5, 0x00C6D4D6, 0x00CBD7D8, 0x00C9D7DA, 0x00C8D7D8,
    0x00C8D5D6, 0x00C7D6D8, 0x00CCD7D8, 0x00CDD6D7, 0x00CCD7D7, 0x00CBD6D6, 0x00CED8D9, 0x00CBD6D8, 0x00CDDADC,
    0x00CAD8D8, 0x00C8D5D6, 0x00C8D5D6, 0x00CCD9DA, 0x00CEDBDE, 0x00CCD9DB, 0x00C9D5D5, 0x00CFDBDD, 0x00C9D6D9,
    0x00CAD9DC, 0x00CDD9DA, 0x00D0DBDC, 0x00CEDBDC, 0x00CFDADA, 0x00CCDADD, 0x00CEDBDF, 0x00CEDADA, 0x00CBD7D7,
    0x00CDD9D9, 0x00CCD9DB, 0x00CCD9DB, 0x00CED9DA, 0x00CBD6D6, 0x00CED9D9, 0x00CED9DA, 0x00CED8D8, 0x00D0DBDC,
    0x00D0DADC, 0x00CED9DA, 0x00CBD8D7, 0x00CFDADA, 0x00D0DBDE, 0x00C9D5D5, 0x00CBD7D8, 0x00CFDADA, 0x00CFD9DA,
    0x00D2DBDC, 0x00CEDADC, 0x00CDD8D9, 0x00C9D6D5, 0x00CDD9DA, 0x00D2DCDD, 0x00D1DBDD, 0x00CFDBDB, 0x00D0DBDD,
    0x00CDDADA, 0x00CFDBDC, 0x00CFDADC, 0x00CFDADC, 0x00CBD8D9, 0x00CDDADC, 0x00CEDADB, 0x00CEDBDD, 0x00CDDADB,
    0x00CEDADC, 0x00CDD9DA, 0x00CAD7D9, 0x00CCD8DA, 0x00CED9DB, 0x00D5DFE2, 0x00CEDADB, 0x00CDDADA, 0x00CBD7D8,
    0x00CEDBDC, 0x00CBD6D7, 0x00D0DBDE, 0x00CAD7D7, 0x00CCD8D9, 0x00D0DCDE, 0x00D0DBDC, 0x00CFDBDC, 0x00CFDBDC,
    0x00CFDADC, 0x00CEDADB, 0x00CBD6D7, 0x00CED8DA, 0x00CED9D9, 0x00D0D9DB, 0x00CFDAD9, 0x00D3DDDE, 0x00D1DCDE,
    0x00D1DDDE, 0x00CEDADB, 0x00D0DBDB, 0x00D1DCDD, 0x00CEDADB, 0x00CDD9D9, 0x00CCD7D8, 0x00CED9DA, 0x00CBD7D8,
    0x00CED8D8, 0x00CFDADA, 0x00CFDADA, 0x00CDD9D9, 0x00D1DCDC, 0x00CED9D9, 0x00CEDADA, 0x00CCD8D8, 0x00CBD7D7,
    0x00CED8D8, 0x00CED8D9, 0x00CFD9D9, 0x00CDD7D8, 0x00CFD9D9, 0x00CDD7D8, 0x00CCD6D6, 0x00CCD6D5, 0x00CCD5D5,
    0x00CBD5D4, 0x00CED8D8, 0x00CFD8D8, 0x00CDD8D8, 0x00CED7D8, 0x00CCD7D7, 0x00CCD5D4, 0x00CCD7D7, 0x00CDD6D6,
    0x00CCD7D8, 0x00CCD8DA, 0x00CDD9D8, 0x00CBD7D8, 0x00C9D5D6, 0x00CBD7D8, 0x00CBD7D9, 0x00C7D3D2, 0x00C9D6D8,
    0x00CAD6D6, 0x00C8D4D5, 0x00C9D5D5, 0x00C7D3D2, 0x00C8D4D5, 0x00C9D4D4, 0x00CAD5D6, 0x00CAD5D5, 0x00CBD6D7,
    0x00CAD5D5, 0x00CED8D9, 0x00CDD6D6, 0x00CCD6D6, 0x00CED8D7, 0x00CED7D7, 0x00CCD7D6, 0x00CAD4D3, 0x00CAD5D4,
    0x00CDD9DA, 0x00C9D5D4, 0x00C9D5D4, 0x00CAD5D6, 0x00C9D5D5, 0x00C9D4D6, 0x00C9D6D6, 0x00C8D2D1, 0x00C7D3D2,
    0x00C8D3D3, 0x00CAD5D4, 0x00CAD4D4, 0x00C9D3D2, 0x00CBD5D5, 0x00CAD5D4, 0x00CBD5D5, 0x00CDD5D5, 0x00CBD4D3,
    0x00CDD6D7, 0x00CED8D9, 0x00CCD6D6, 0x00CED9DA, 0x00CCD6D6, 0x00CAD5D5, 0x00C8D5D5, 0x00CBD6D6, 0x00CCD5D6,
    0x00C7D3D3, 0x00CBD7D8, 0x00CCD5D5, 0x00CCD5D5, 0x00CBD6D7, 0x00CCD8D7, 0x00CDD8D9, 0x00CDD7D7, 0x00CCD5D6,
    0x00CCD7D7, 0x00CED8D9, 0x00CDD8DA, 0x00CCD7D7, 0x00CDD9DA, 0x00CCD8D8, 0x00CDD9DC, 0x00CAD6D5, 0x00CCD6D6,
    0x00CCD6D7, 0x00CAD6D8, 0x00CEDADB, 0x00CCD6D6, 0x00CBD6D7, 0x00C8D5D5, 0x00CCD6D6, 0x00CBD6D6, 0x00CBD6D6,
    0x00CAD5D5, 0x00C9D4D4, 0x00CCD7D8, 0x00CBD6D5, 0x00CAD4D6, 0x00C9D4D5, 0x00C7D4D6, 0x00C8D5D5, 0x00CDD7D8,
    0x00CBD6D6, 0x00CCD6D7, 0x00CED9DB, 0x00CAD4D4, 0x00C7D1D2, 0x00C8D1D1, 0x00C5D3D4, 0x00C5D5D8, 0x00C9D4D3,
    0x00CAD3D4, 0x00C8D6D9, 0x00CAD5D7, 0x00C7D4D8, 0x00C6D1D1, 0x00C8D4D6, 0x00C7D2D3, 0x00C6D1D2, 0x00C7D3D3,
    0x00C7D3D5, 0x00C6D2D2, 0x00C6D2D2, 0x00C7D2D2, 0x00C8D5D5, 0x00CBD5D7, 0x00CAD4D5, 0x00CBD5D6, 0x00CBD6D7,
    0x00C9D4D4, 0x00CDD8D8, 0x00CCD7D7, 0x00CBD6D5, 0x00CCD6D7, 0x00CBD6D6, 0x00CBD6D5, 0x00CBD4D5, 0x00CEDADC,
    0x00CAD7D9, 0x00CBD7D7, 0x00CBD7D7, 0x00CCD8DA, 0x00CDDADC, 0x00CBD7D7, 0x00CAD7D8, 0x00CAD6D8, 0x00CAD6D7,
    0x00CCD7D9, 0x00C9D5D6, 0x00C8D5D5, 0x00C8D6D7, 0x00D0DCDD, 0x00D2DEDE, 0x00D0DADC, 0x00CDD9D9, 0x00CAD7D8,
    0x00CDD8D8, 0x00CAD7D8, 0x00CBD6D6, 0x00CAD6D6, 0x00C8D4D4, 0x00C6D3D3, 0x00C8D4D3, 0x00C8D4D4, 0x00C6D1D2,
    0x00C5D2D3, 0x00C9D5D7, 0x00C7D3D3, 0x00C4D1D2, 0x00C5D3D5, 0x00C7D4D5, 0x00C5D3D5, 0x00C6D4D6, 0x00C8D4D5,
    0x00C9D5D6, 0x00C4D2D2, 0x00CBD7D7, 0x00C8D5D5, 0x00CAD6D7, 0x00BFD1D5, 0x00C0D2D9, 0x00C1D0D2, 0x00C8D3D3,
    0x00CCD7D8, 0x00CAD6D7, 0x00CAD6D7, 0x00C8D4D4, 0x00CAD5D6, 0x00CBD5D8, 0x00C9D3D4, 0x00CCD5D6, 0x00CDD9DA,
    0x00CCD9DA, 0x00C9D6D6, 0x00C9D4D3, 0x00C6D2D2, 0x00CDD8DA, 0x00CBD6D7, 0x00CBD7D8, 0x00CAD8D9, 0x00C4D2D4,
    0x00C9D6D8, 0x00C8D5D4, 0x00CAD6D8, 0x00CCD7DA, 0x00C7D3D4, 0x00C6D2D4, 0x00C6D3D3, 0x00CAD6D7, 0x00CBD6D7,
    0x00CBD8D9, 0x00CCD6D7, 0x00CAD4D5, 0x00CAD9DA, 0x00CCDADC, 0x00C8D5D7, 0x00C8D5D6, 0x00C8D5D6, 0x00CDDADC,
    0x00CBD9DA, 0x00CDDADC, 0x00CDDBDD, 0x00CCD9DA, 0x00CEDADA, 0x00CEDCDF, 0x00CFDBDC, 0x00CFDBDB, 0x00CDDADA,
    0x00D1DDDD, 0x00D0DCDC, 0x00D3DEE0, 0x00CEDADA, 0x00CBD8D7, 0x00CCD8D8, 0x00C8D5D6, 0x00CED9DB, 0x00CBD7D9,
    0x00CDD9DB, 0x00CCD7D6, 0x00CEDADB, 0x00CBD6D7, 0x00CBD9DB, 0x00CCDADB, 0x00CFDBDB, 0x00CEDADA, 0x00CCD8D8,
    0x00CEDBDD, 0x00CEDADB, 0x00CED9D9, 0x00CFDBDC, 0x00CBD7D7, 0x00D0DBDD, 0x00CAD6D7, 0x00CBD7D7, 0x00C8D5D6,
    0x00CEDADB, 0x00D2DDDE, 0x00D4DDDF, 0x00D0DADB, 0x00D3DEDE, 0x00CFDADA, 0x00D1DDDF, 0x00CEDBDA, 0x00CEDADC,
    0x00CCDAD9, 0x00CEDADC, 0x00CEDADC, 0x00CDDADB, 0x00CEDADC, 0x00D0DCDF, 0x00CDD9DA, 0x00CCD8DA, 0x00CDD9D9,
    0x00CBD8D9, 0x00CFDCDE, 0x00CEDBDC, 0x00CAD6D7, 0x00D0DDDE, 0x00CED9DA, 0x00CEDADC, 0x00CDDBDC, 0x00CBDADB,
    0x00CBD8D9, 0x00CFDADD, 0x00CFDBDB, 0x00CAD5D6, 0x00CEDADA, 0x00CAD7D8, 0x00CCDADD, 0x00CCD9DA, 0x00CED9DB,
    0x00CDD9D8, 0x00CED9D9, 0x00CDD8D8, 0x00D1DCDD, 0x00D0DADB, 0x00CFDADA, 0x00CFD8DB, 0x00CDD9D9, 0x00D0DBDB,
    0x00CCD8D8, 0x00CCD7D8, 0x00CDD8D7, 0x00CDD7D8, 0x00CEDADA, 0x00CCD7D7, 0x00CED9DB, 0x00CBD6D6, 0x00CDD8D8,
    0x00CFD9D8, 0x00CDD9DA, 0x00CAD6D6, 0x00CAD5D6, 0x00CDD7D7, 0x00CEDADB, 0x00CDD8D8, 0x00CFD9D9, 0x00CCD8D8,
    0x00CAD6D6, 0x00CBD7D7, 0x00CDD7D6, 0x00CCD6D7, 0x00CCD6D6, 0x00CCD6D5, 0x00CDD5D5, 0x00D1D9D9, 0x00CAD7D8,
    0x00CED9DA, 0x00CDDADA, 0x00CDD7D6, 0x00CCD7D8, 0x00CCD7D7, 0x00CBD7D7, 0x00CBD7D7, 0x00CBD7D7, 0x00CBD8D8,
    0x00CDD8D8, 0x00CAD7D7, 0x00C9D6D6, 0x00CCD8D9, 0x00C8D4D4, 0x00CBD7D9, 0x00C9D6D5, 0x00C9D4D4, 0x00CBD6D7,
    0x00C9D4D4, 0x00CCDAD8, 0x00C8D4D4, 0x00C9D4D4, 0x00CAD5D5, 0x00CCD7D6, 0x00CCD7D7, 0x00CED9D9, 0x00CCD5D5,
    0x00C9D3D3, 0x00CCD6D6, 0x00CBD6D5, 0x00CCD6D6, 0x00CAD7D7, 0x00CCD9DA, 0x00CAD4D3, 0x00CBD6D5, 0x00C7D3D2,
    0x00C8D3D3, 0x00CBD6D7, 0x00C8D5D4, 0x00C9D4D2, 0x00C9D4D4, 0x00C8D3D2, 0x00C9D3D3, 0x00C9D5D6, 0x00CAD5D4,
    0x00C9D4D4, 0x00C9D5D7, 0x00CEDADB, 0x00CBD7D7, 0x00CEDAD9, 0x00CDDADA, 0x00CBD7D5, 0x00CDD8D8, 0x00CBD4D6,
    0x00C9D4D4, 0x00C8D3D2, 0x00CCD6D6, 0x00CFDADB, 0x00CAD5D5, 0x00C9D2D2, 0x00CAD3D3, 0x00CCD6D6, 0x00CDD8D6,
    0x00CDD7D8, 0x00C8D3D1, 0x00CBD5D6, 0x00CCD5D6, 0x00CCD5D6, 0x00CAD6D7, 0x00CBD6D7, 0x00CDD9DA, 0x00CCD8D8,
    0x00CDD7D8, 0x00CCD8D9, 0x00CCD9DB, 0x00CAD7D8, 0x00CDD6D6, 0x00CCD7D8, 0x00CCD6D6, 0x00CDD7D9, 0x00C8D4D3,
    0x00CDD8D8, 0x00CCD6D6, 0x00CBD7D7, 0x00CCD9DA, 0x00CBD4D4, 0x00C7D6D8, 0x00CAD5D4, 0x00CAD5D5, 0x00C7D4D4,
    0x00CAD6D6, 0x00CAD5D5, 0x00C8D4D4, 0x00CBD6D7, 0x00C9D5D5, 0x00CAD5D6, 0x00CDD7D9, 0x00CDD8D8, 0x00CAD4D4,
    0x00CCD7D8, 0x00C7D0D0, 0x00C6D4D6, 0x00C6D1D5, 0x00C8D3D4, 0x00C8D2D2, 0x00C7D5D8, 0x00C9D5D5, 0x00C8D5D8,
    0x00C7D3D3, 0x00C9D4D6, 0x00C8D5D5, 0x00C5D1D1, 0x00C9D4D7, 0x00C5D5DA, 0x00C8D5D6, 0x00C8D3D2, 0x00C9D3D4,
    0x00C7D3D4, 0x00CBD5D5, 0x00CDD6D6, 0x00C7D3D4, 0x00C6D3D2, 0x00C9D4D5, 0x00C8D4D5, 0x00CCD7D6, 0x00CDD7D7,
    0x00CCD6D7, 0x00CBD7D8, 0x00CBD7D8, 0x00C9D4D4, 0x00CCD7D7, 0x00CAD4D5, 0x00C9D8DA, 0x00CBD6D5, 0x00CDD9DB,
    0x00CAD7D8, 0x00CCD8D9, 0x00C4D3D5, 0x00C6D5D7, 0x00CAD6D6, 0x00CAD7D8, 0x00C9D7D7, 0x00CAD6D8, 0x00C9D8DA,
    0x00CCD9DA, 0x00C9D6D7, 0x00CCD8DA, 0x00CCD7D7, 0x00CBD7D8, 0x00CCD8D9, 0x00C7D5D4, 0x00C8D5D5, 0x00CCD7D8,
    0x00CCD6D7, 0x00CBD6D6, 0x00CAD3D4, 0x00C6D3D3, 0x00CAD5D7, 0x00CAD5D8, 0x00C7D3D5, 0x00C3D0D0, 0x00C9D5D6,
    0x00C8D6D9, 0x00CAD6D7, 0x00C5D4D6, 0x00C4D1D2, 0x00C5D3D5, 0x00C6D3D5, 0x00C9D5D6, 0x00C6D4D5, 0x00CBD6D8,
    0x00CBD7D9, 0x00C4D0D2, 0x00C7D2D4, 0x00C8D3D4, 0x00CFD8DA, 0x00CAD4D5, 0x00CBD6D7, 0x00C7D3D3, 0x00CCD8DA,
    0x00CAD7D7, 0x00CAD6D8, 0x00CBD6D7, 0x00CCD9DB, 0x00CCD7D9, 0x00CAD6D7, 0x00CAD5D6, 0x00CAD4D4, 0x00CAD5D6,
    0x00CAD6D9, 0x00CBD8DA, 0x00C7D4D5, 0x00C4D4D8, 0x00CAD9DB, 0x00CAD6D8, 0x00C9D4D4, 0x00CCD8DB, 0x00C9D7D9,
    0x00CCD8DB, 0x00C9D3D4, 0x00CAD6D6, 0x00CAD6D7, 0x00C8D4D5, 0x00CAD5D6, 0x00CDD9DB, 0x00C8D4D3, 0x00C9D6D6,
    0x00CBD6D8, 0x00CBD7D9, 0x00C9D6D7, 0x00CCD9DA, 0x00CBD8DA, 0x00CCD9DB, 0x00CBD8D7, 0x00CDDBE0, 0x00D0DCDC,
    0x00CFDADB, 0x00D0DBDC, 0x00CEDAD9, 0x00D2DEDF, 0x00D3DEDF, 0x00D0DCDE, 0x00D3DFE0, 0x00D1DCDE, 0x00CEDBDB,
    0x00D0DBDB, 0x00D0DBDC, 0x00D1DCDC, 0x00CDD8D9, 0x00CEDADA, 0x00CCD8DA, 0x00CEDADA, 0x00CCD8DA, 0x00CDD9DB,
    0x00CDDADB, 0x00D0DEE0, 0x00CED9DA, 0x00D1DBDE, 0x00CFDBDD, 0x00CDD9DA, 0x00CFDADC, 0x00CBD7D9, 0x00CBD7DA,
    0x00CEDAD9, 0x00D1DDDF, 0x00D2DEDE, 0x00D1DDDC, 0x00CDD8D9, 0x00D0DBDC, 0x00D1DDDD, 0x00CBD9DB, 0x00CEDADB,
    0x00CFDADB, 0x00D2DEDF, 0x00D7E0E3, 0x00CFDCDC, 0x00D0DCDD, 0x00D0DEE0, 0x00CDD9DB, 0x00CDD9DB, 0x00CDDADB,
    0x00D0DDDE, 0x00CEDADB, 0x00CEDBDE, 0x00D6E1E3, 0x00D0DCDF, 0x00CDD9D9, 0x00CAD7D8, 0x00CCD7D9, 0x00CCD9DB,
    0x00CEDBDD, 0x00CDDBDB, 0x00CDDBDB, 0x00CAD7D9, 0x00CAD8DB, 0x00CEDBDD, 0x00CFDBDD, 0x00CBD6D6, 0x00CCD8D8,
    0x00CFDCDC, 0x00C9D5D5, 0x00C9D6D8, 0x00C7D5D6, 0x00CCD8D9, 0x00CBDADC, 0x00CED9D8, 0x00CED8D9, 0x00D0DADB,
    0x00D0D9D9, 0x00C7D5D7, 0x00C9D6D6, 0x00CAD5D6, 0x00CCD8DA, 0x00CFDAD9, 0x00CEDBDC, 0x00CDD8D7, 0x00CDD8D8,
    0x00CDD8D8, 0x00CDD8D6, 0x00CFDBDC, 0x00CFDADB, 0x00CFDAD9, 0x00CDD8D7, 0x00CDD7D8, 0x00CAD5D4, 0x00CCD7D8,
    0x00CAD6D7, 0x00CBD7D8, 0x00CCD6D7, 0x00CDD9DB, 0x00CCD6D6, 0x00CBD6D6, 0x00CCD6D6, 0x00CFD9D9, 0x00CED8D9,
    0x00CCD8D8, 0x00CFD9D8, 0x00CFD9D9, 0x00D1DADA, 0x00CBD7D8, 0x00CED9DA, 0x00CDD8D8, 0x00CCD6D5, 0x00CEDADA,
    0x00CCD8D7, 0x00CBD8D7, 0x00CAD6D6, 0x00CBD7D7, 0x00CCD8D8, 0x00CCD8D9, 0x00C9D3D3, 0x00C8D4D3, 0x00CAD6D7,
    0x00CCD8D8, 0x00CCD8D9, 0x00C8D3D3, 0x00CCD7D7, 0x00CAD5D7, 0x00CBD6D7, 0x00C9D5D5, 0x00CAD4D4, 0x00CDD8D8,
    0x00CFD9D8, 0x00CDD7D8, 0x00CED8D8, 0x00CED8D9, 0x00CDD7D7, 0x00CED9D7, 0x00CCD7D7, 0x00CBD6D6, 0x00CDD7D9,
    0x00CCD7D7, 0x00CCD8D8, 0x00CCD7D5, 0x00C9D4D3, 0x00C8D7DA, 0x00CBD7D6, 0x00CDD8D8, 0x00CBD7D6, 0x00CBD6D6,
    0x00C9D4D5, 0x00CAD7D7, 0x00C9D4D3, 0x00C7D4D3, 0x00CDD6D7, 0x00CBD8D9, 0x00CAD6D6, 0x00C9D4D5, 0x00CCD9D8,
    0x00CDD7D7, 0x00CAD5D5, 0x00CBD8D9, 0x00CBD6D7, 0x00CDD7D7, 0x00CAD6D5, 0x00C9D5D5, 0x00CCD7D8, 0x00C8D3D3,
    0x00C9D3D3, 0x00C9D4D3, 0x00C7D1D1, 0x00C7D1D2, 0x00C6D2D1, 0x00CCD7D7, 0x00CCD7D6, 0x00CBD6D7, 0x00CCD8D9,
    0x00CBD7D8, 0x00CDDADC, 0x00C9D4D5, 0x00CFDADC, 0x00CCD8D8, 0x00C9D5D5, 0x00CBD6D6, 0x00CBD7D8, 0x00C9D4D4,
    0x00CCD8D9, 0x00C8D3D2, 0x00CCD8D9, 0x00D0DBDD, 0x00CCD8D8, 0x00CCD6D6, 0x00CBD7D8, 0x00CCD7D8, 0x00CBD7D8,
    0x00CDD4D4, 0x00CED8D7, 0x00CED8D7, 0x00CED7D7, 0x00C9D3D2, 0x00CCD5D5, 0x00CAD3D4, 0x00CCD7D8, 0x00CAD5D5,
    0x00C9D4D4, 0x00CAD6D6, 0x00CBD6D8, 0x00CAD8DC, 0x00CBD6D7, 0x00C9D4D4, 0x00CAD4D3, 0x00CAD5D5, 0x00C7D3D2,
    0x00C9D6D6, 0x00CBD6D7, 0x00CBD6D8, 0x00CBD8D9, 0x00C6D3D4, 0x00C8D5D5, 0x00C4D0D1, 0x00C7D2D3, 0x00C6D2D5,
    0x00C5D0D1, 0x00C9D6DA, 0x00BED1D7, 0x00C6D0CF, 0x00C7D2D2, 0x00CAD4D5, 0x00C9D5D5, 0x00C6D2D2, 0x00C5D4D4,
    0x00C5D2D0, 0x00C5D1D2, 0x00C7D2D2, 0x00CBD6D7, 0x00CAD7D6, 0x00CBD7D7, 0x00CAD5D5, 0x00CAD5D5, 0x00C9D7D9,
    0x00CBD9DB, 0x00C9D3D3, 0x00C8D2D3, 0x00CBD6D6, 0x00CBD7D8, 0x00CDD9DB, 0x00CBD8D9, 0x00CBD8D8, 0x00CAD6D7,
    0x00C9D5D6, 0x00CAD6D8, 0x00CBD7D9, 0x00CBD9DB, 0x00C3D1D3, 0x00CFDBDC, 0x00CDD9DA, 0x00CED9DA, 0x00CFDCDD,
    0x00C3D1D5, 0x00C8D6D5, 0x00C5D2D4, 0x00CCD8D8, 0x00CCD7D7, 0x00CBD6D7, 0x00CAD6D5, 0x00CCD5D7, 0x00C8D5D8,
    0x00CAD7D7, 0x00CAD6D6, 0x00C5D2D2, 0x00C9D5D7, 0x00CAD6D7, 0x00CAD7D9, 0x00C7D4D6, 0x00C9D6D7, 0x00C8D5D7,
    0x00C8D5D6, 0x00C9D6D7, 0x00C5D3D4, 0x00C6D3D3, 0x00C1CFD0, 0x00C9D5D7, 0x00C9D6D6, 0x00C7D3D3, 0x00CBD7D8,
    0x00CBD6D7, 0x00CBD7D8, 0x00CCD7D9, 0x00CCD8D8, 0x00CBD6D8, 0x00CBD8D9, 0x00CBD7D9, 0x00CEDADB, 0x00CBD7D7,
    0x00CCD8D9, 0x00CAD5D5, 0x00CDD9DA, 0x00CBD7D9, 0x00CAD6D7, 0x00CCD9DB, 0x00CBD7D8, 0x00CCD7D9, 0x00CCD7D9,
    0x00CAD7DA, 0x00CDD9DC, 0x00CCDADB, 0x00CBD8DB, 0x00C6D4D7, 0x00CAD7D9, 0x00C9D4D4, 0x00CEDADB, 0x00CAD5D7,
    0x00CCD6D9, 0x00C9D5D5, 0x00CAD3D4, 0x00CBD6D7, 0x00CBD8DA, 0x00CBD8DA, 0x00CCD8D9, 0x00CAD7D9, 0x00C9D4D6,
    0x00CAD7D8, 0x00CDD9DC, 0x00CDDADB, 0x00CBDADF, 0x00CBD9D9, 0x00D0DCDC, 0x00CEDADA, 0x00D1DCDD, 0x00D1DDDF,
    0x00CFDCDD, 0x00CFDBDC, 0x00D1DEDF, 0x00D2DDDF, 0x00D1DEDE, 0x00D0DAD9, 0x00CFDBDC, 0x00D2DEDF, 0x00D1DCDD,
    0x00CEDBDC, 0x00D0DDDD, 0x00CDD9DA, 0x00CAD7D7, 0x00CFDADC, 0x00D3E0E1, 0x00D3DFE2, 0x00D1E0E3, 0x00CFDCDD,
    0x00CFDADB, 0x00CED9DC, 0x00CCD9D9, 0x00CDD9DA, 0x00CFDBDB, 0x00D0DDDD, 0x00CEDBDC, 0x00D3DDDE, 0x00D0DBDD,
    0x00CDDADB, 0x00CCD9DA, 0x00CCDADC, 0x00CBD8DB, 0x00CAD7D8, 0x00CFDADC, 0x00CCD9D9, 0x00D0DBDC, 0x00CEDBDE,
    0x00CED9DB, 0x00CCD9DB, 0x00CCD9D9, 0x00CEDADC, 0x00CDD9DA, 0x00CFDCE0, 0x00CFDCDD, 0x00CFDBDC, 0x00CFD9DB,
    0x00CFDCDE, 0x00CFDADD, 0x00CCD8D8, 0x00CCD7D7, 0x00C9D7DA, 0x00CCD9DD, 0x00CEDBDD, 0x00CBD9DC, 0x00CCDADB,
    0x00CAD8D8, 0x00D0DCDF, 0x00D0DCDD, 0x00D0DBDD, 0x00CCD8D9, 0x00CAD6D7, 0x00CEDADA, 0x00C9D4D5, 0x00CED8D9,
    0x00CCD9DA, 0x00CED7D8, 0x00CFD8D8, 0x00CED9DA, 0x00CFDDDF, 0x00D0DAD9, 0x00D1DADB, 0x00CBD6D6, 0x00CBD7D7,
    0x00CCD8D7, 0x00D0DBDB, 0x00D0DADB, 0x00CFD9D8, 0x00CFD9D9, 0x00CCD7D8, 0x00D0D9D9, 0x00CFD9D8, 0x00CCD7D7,
    0x00CBD7D8, 0x00D0D9DB, 0x00CFD8D7, 0x00CAD5D5, 0x00CBD6D8, 0x00CAD6D6, 0x00CDD7D8, 0x00CDD7D8, 0x00CBD7DA,
    0x00CBD7D6, 0x00C9D5D5, 0x00CBD8DA, 0x00CAD7D8, 0x00CAD6D6, 0x00CAD4D4, 0x00CCD6D6, 0x00C9D6D8, 0x00CDDADA,
    0x00CDD8D8, 0x00CEDADB, 0x00CCD8D8, 0x00CDD8D6, 0x00CBD7D8, 0x00CCD8D7, 0x00CCD7D8, 0x00CDD9DA, 0x00CCD9D8,
    0x00CBD7D8, 0x00CEDBDC, 0x00CCD8D8, 0x00CDD9D9, 0x00CAD6D6, 0x00CED8DA, 0x00CDD9DA, 0x00CDD8D8, 0x00CDD8D9,
    0x00CDD8D8, 0x00CDD8D8, 0x00CCD8D9, 0x00CBD6D5, 0x00CDD7D8, 0x00CFDADA, 0x00CCD7D6, 0x00D1DBDC, 0x00CCD7D6,
    0x00CFDADB, 0x00CDD7D8, 0x00CBD8D8, 0x00CFDBDA, 0x00CDD8D8, 0x00CBD7D6, 0x00CED9DA, 0x00CCD7D8, 0x00CBD6D5,
    0x00CFD9DA, 0x00CED9D9, 0x00CFD9DA, 0x00CDD9DA, 0x00CCD8D8, 0x00CBD7D8, 0x00CBD6D8, 0x00CAD4D4, 0x00CAD6D6,
    0x00CAD5D6, 0x00CCD9D9, 0x00CBD7D7, 0x00CCD7D8, 0x00C9D5D6, 0x00CDD7D8, 0x00CBD4D3, 0x00C7D2D1, 0x00CBD3D2,
    0x00C8D3D3, 0x00CAD5D5, 0x00CAD6D6, 0x00CBD6D8, 0x00CAD6D6, 0x00CBD6D6, 0x00CDD8D9, 0x00CBD7D7, 0x00C9D3D3,
    0x00CBD6D6, 0x00CBD6D7, 0x00CAD6D6, 0x00CAD7D7, 0x00C8D4D4, 0x00C8D4D5, 0x00CBD5D7, 0x00CAD5D4, 0x00CBD4D7,
    0x00CAD4D5, 0x00C8D7D7, 0x00CAD4D5, 0x00C8D4D2, 0x00CBD5D5, 0x00C9D8DA, 0x00C9D7D9, 0x00C9D5D4, 0x00CBD6D8,
    0x00CAD4D4, 0x00CBD6D6, 0x00CAD4D4, 0x00CDD6D7, 0x00CDD6D5, 0x00CCD5D5, 0x00CCD6D6, 0x00C9D3D2, 0x00CCD6D6,
    0x00CBD6D6, 0x00CED8D7, 0x00CAD5D5, 0x00CBD3D3, 0x00CAD5D5, 0x00CBD3D4, 0x00CCD5D5, 0x00CCD6D7, 0x00CDD7D8,
    0x00CCD6D6, 0x00CAD5D5, 0x00CAD4D5, 0x00CAD5D7, 0x00CAD6D7, 0x00CAD6D7, 0x00CAD6D7, 0x00C9D4D4, 0x00C7D3D3,
    0x00C9D6D7, 0x00C7D4D5, 0x00C9D4D4, 0x00C6D2D3, 0x00C7D3D4, 0x00C8D5D8, 0x00C6D3D4, 0x00C7D4D4, 0x00C4D1D0,
    0x00C5D1D2, 0x00C7D3D5, 0x00C8D4D6, 0x00CDD8D9, 0x00C8D4D5, 0x00C8D3D3, 0x00C8D4D4, 0x00CBD5D7, 0x00C9D5D5,
    0x00CBD5D6, 0x00CAD4D4, 0x00CCD6D6, 0x00C9D3D3, 0x00CAD4D4, 0x00CCD5D6, 0x00CAD5D5, 0x00CBD6D6, 0x00CBD8D8,
    0x00CBD6D8, 0x00C8D3D5, 0x00C9D5D6, 0x00C9D5D6, 0x00C7D4D5, 0x00CCD9D9, 0x00C7D3D5, 0x00CBD8D9, 0x00CBD8DA,
    0x00CCD8DB, 0x00D1DDDF, 0x00CCD9DA, 0x00CCD9D9, 0x00D0DCDD, 0x00CFDBDD, 0x00CBD8DA, 0x00CDD9DB, 0x00C7D6D7,
    0x00C6D4D6, 0x00C7D3D3, 0x00CBD7D6, 0x00CDD7D8, 0x00CAD6D5, 0x00C9D5D5, 0x00CCD8DA, 0x00CAD7D7, 0x00C9D6D8,
    0x00C7D4D6, 0x00CCD8DA, 0x00C9D6D9, 0x00C2D0D3, 0x00C8D4D6, 0x00CBD8D9, 0x00C7D5D7, 0x00C7D4D5, 0x00C9D6D8,
    0x00C9D5D5, 0x00CAD7D8, 0x00CCD5D7, 0x00CCD7D8, 0x00CDD6D8, 0x00CBD7DB, 0x00CAD5D6, 0x00CBD6D9, 0x00CCD8D9,
    0x00CCD9DA, 0x00CBD4D7, 0x00CAD5D6, 0x00CBD6D8, 0x00CDDADA, 0x00CDD8D8, 0x00CCD6D8, 0x00C9D5D8, 0x00C3D2D4,
    0x00CAD7D9, 0x00CBD6D8, 0x00C9D4D6, 0x00CAD5D8, 0x00C9D5D7, 0x00CEDCDE, 0x00CBD9DC, 0x00D1DEE2, 0x00CDDADC,
    0x00CEDBDD, 0x00CDD9DA, 0x00CCD6D8, 0x00CAD6D8, 0x00CCD8D9, 0x00CEDADA, 0x00CCD8D9, 0x00CAD7D8, 0x00CFD9DA,
    0x00CAD7D9, 0x00C9D6D8, 0x00CCD6D8, 0x00CBD7D9, 0x00CBD8D8, 0x00CBD8D9, 0x00CBD8DA, 0x00CEDBDC, 0x00C8D7DA,
    0x00CFDCDC, 0x00CEDADB, 0x00D0DCDC, 0x00CFDBDC, 0x00CFDCDD, 0x00D2DFDF, 0x00CEDADA, 0x00D3DFDF, 0x00D2DCDE,
    0x00CDD8D8, 0x00D1DDDC, 0x00CFDADB, 0x00CEDADC, 0x00CEDADC, 0x00CFDADB, 0x00CFDBDB, 0x00D0DDDE, 0x00CFDDDF,
    0x00D0DDDF, 0x00CFDBDD, 0x00D2DFE2, 0x00CFDCDF, 0x00CFDCDD, 0x00D2DCDF, 0x00CFDBDC, 0x00CEDBDC, 0x00CFDBDD,
    0x00CCD8D9, 0x00D2DEE0, 0x00D3DDDE, 0x00D1DBDD, 0x00CBD9DA, 0x00CBD7D8, 0x00D0DCDD, 0x00D1DDDE, 0x00CFDDDF,
    0x00CFDEE2, 0x00CEDADC, 0x00CAD8DB, 0x00CBD8DB, 0x00CDD8D8, 0x00CCD9DA, 0x00CDD9D9, 0x00CED9DC, 0x00D0DDDF,
    0x00CEDBDC, 0x00D0DCDE, 0x00D0DCDE, 0x00CDDBDB, 0x00D1DEE1, 0x00D0DDDC, 0x00D2DEE0, 0x00CFDBDB, 0x00D0DCDD,
    0x00D1DFE1, 0x00D2DEE1, 0x00CEDCDD, 0x00CDDADB, 0x00D2DEE0, 0x00D2DDDF, 0x00CEDDE2, 0x00D1DEDF, 0x00CFDADB,
    0x00CFDCDD, 0x00CDD9DB, 0x00CEDCDD, 0x00CBD8D8, 0x00CBD7D8, 0x00C8D4D3, 0x00D0D9D9, 0x00CDD7D8, 0x00CFD8DA,
    0x00CDD7D7, 0x00D2DCDD, 0x00D1DCDC, 0x00C9D6D5, 0x00CDD9D9, 0x00D1DBDC, 0x00D0DBDC, 0x00CEDADA, 0x00CED8D8,
    0x00CBD5D5, 0x00CBD6D5, 0x00CBD6D6, 0x00CBD6D6, 0x00CBD6D6, 0x00C7D4D5, 0x00CBD6D7, 0x00CDD7D7, 0x00C9D5D6,
    0x00C6D7DA, 0x00C8D6D8, 0x00CAD6D7, 0x00C9D7D9, 0x00CCD8D9, 0x00C9D5D5, 0x00CBD7D8, 0x00C6D4D5, 0x00CCD7D9,
    0x00CBD6D8, 0x00CBD8DA, 0x00C8D5D5, 0x00CBD8D8, 0x00CCD7D7, 0x00CCD8D8, 0x00C9D5D6, 0x00CCD8D8, 0x00CCD8D8,
    0x00CBD6D7, 0x00CDD8D8, 0x00CEDADA, 0x00CBD7D8, 0x00CCD7D6, 0x00CDD8D9, 0x00CBD7D8, 0x00CCD9DB, 0x00CEDADB,
    0x00CBD6D5, 0x00CED8D9, 0x00CBD7D8, 0x00D6E0E1, 0x00CDD8D8, 0x00CDDCDE, 0x00CDD9D9, 0x00CAD3D4, 0x00CBD5D5,
    0x00D0DBDB, 0x00D0DAD9, 0x00D0DBD9, 0x00D0D9DB, 0x00D0DBDA, 0x00D0DADB, 0x00CEDADA, 0x00D1DCDC, 0x00CFDADC,
    0x00CBD7D6, 0x00CED8D8, 0x00C7D3D4, 0x00CAD6DA, 0x00CDD9D9, 0x00CDD9DB, 0x00CEDADA, 0x00CFDBDB, 0x00CCD7D7,
    0x00CFDCDE, 0x00CAD6D6, 0x00CCD7D8, 0x00C7D3D3, 0x00C6D1D1, 0x00CDD7D8, 0x00CCD8DA, 0x00CAD7D8, 0x00CCD7D8,
    0x00CAD6D7, 0x00CBD6D6, 0x00CDD7D6, 0x00CBD5D5, 0x00D1DADA, 0x00C9D4D4, 0x00CCD8D7, 0x00C7D2D1, 0x00CBD6D6,
    0x00CAD6D7, 0x00CAD6D6, 0x00C8D3D3, 0x00CBD6D7, 0x00CCD8D8, 0x00CDD7D7, 0x00C7D3D5, 0x00CCD9DB, 0x00CAD7D9,
    0x00CCD8D9, 0x00C8D2D3, 0x00CCD7D9, 0x00CCD7D9, 0x00C9D6D6, 0x00C9D6D7, 0x00C7D7D8, 0x00C9D3D3, 0x00C8D3D3,
    0x00C9D5D7, 0x00C6D5D7, 0x00CAD6D9, 0x00CCD6D7, 0x00CAD4D4, 0x00CBD7D8, 0x00CBD7D7, 0x00CCD6D6, 0x00CBD6D7,
    0x00C8D4D5, 0x00CED7D6, 0x00CAD4D4, 0x00CBD3D2, 0x00C9D2D2, 0x00CAD3D3, 0x00CDD5D5, 0x00CCD5D5, 0x00CAD4D5,
    0x00CBD4D4, 0x00CAD3D4, 0x00CAD3D3, 0x00C9D3D3, 0x00CCD5D6, 0x00CCD8D9, 0x00C8D4D4, 0x00CAD5D5, 0x00C9D6D6,
    0x00C6D6D7, 0x00CBD7D8, 0x00C9D5D5, 0x00CAD6D8, 0x00C8D4D5, 0x00C7D4D6, 0x00C9D5D5, 0x00C8D3D5, 0x00C6D2D2,
    0x00C5D3D5, 0x00C5D2D5, 0x00C5D2D1, 0x00C5D1D1, 0x00C7D2D3, 0x00CAD6D6, 0x00CCD7D6, 0x00CCD7D6, 0x00C8D4D4,
    0x00CCD8D8, 0x00C8D5D9, 0x00C9D4D5, 0x00C9D4D4, 0x00CAD4D5, 0x00C9D2D3, 0x00CBD5D5, 0x00CBD5D5, 0x00CAD4D5,
    0x00CAD3D3, 0x00CAD3D4, 0x00C9D3D3, 0x00CBD5D6, 0x00C9D4D7, 0x00CBD7D8, 0x00CAD6D5, 0x00C9D6D7, 0x00C4CFD1,
    0x00C8D5D6, 0x00C9D5D6, 0x00CAD6D7, 0x00C9D6D7, 0x00CEDADC, 0x00D0DCDE, 0x00D3E0E2, 0x00D1DEDF, 0x00CFDCDD,
    0x00CDDBDD, 0x00D0DBDD, 0x00D0DBDC, 0x00CFDCDD, 0x00CBD9DA, 0x00C8D6D9, 0x00CCD7D7, 0x00CED9DA, 0x00CDDADA,
    0x00CCD9DA, 0x00CCD8D9, 0x00CCD8D9, 0x00C8D5D5, 0x00C7D4D5, 0x00CAD7D9, 0x00CDDADB, 0x00CAD6D9, 0x00C5D5D8,
    0x00C9D6D8, 0x00CAD6D8, 0x00C8D5D7, 0x00C9D6D9, 0x00CBD8DB, 0x00CBD7DA, 0x00CAD8DA, 0x00CBD8DA, 0x00CBD8DA,
    0x00CBD7DA, 0x00CAD5D7, 0x00C9D5D7, 0x00C9D9DB, 0x00CAD7D7, 0x00CCD8D9, 0x00CDD6D8, 0x00CDD9DA, 0x00CCD8DA,
    0x00CDD8DA, 0x00CCD7D9, 0x00C9D5D5, 0x00CAD6D7, 0x00C8D3D3, 0x00C9D7D9, 0x00CAD8D9, 0x00CCD9DA, 0x00CDDADC,
    0x00CFDBDD, 0x00CCD9DB, 0x00CCD9DB, 0x00CDD9DC, 0x00CBD9DB, 0x00CEDADC, 0x00CDDADC, 0x00CAD7D7, 0x00CDDAD9,
    0x00CFDBDC, 0x00D0DCDD, 0x00CCDADC, 0x00C8D7DB, 0x00CEDADA, 0x00CDD9DB, 0x00CDD9DB, 0x00CCD8D8, 0x00CAD7D8,
    0x00CDD9DB, 0x00CDDADA, 0x00CDD9DA, 0x00CDDADC, 0x00CFDCDD, 0x00CDD9DB, 0x00CED9DA, 0x00CEDADB, 0x00CEDBDB,
    0x00D2DDDF, 0x00D2DFE0, 0x00CFDCDC, 0x00D0DDDD, 0x00D0DDDE, 0x00D0DBDC, 0x00CFDBDC, 0x00CFDBDB, 0x00D0DCDD,
    0x00D1DDDE, 0x00D3E0E2, 0x00D4E0E2, 0x00D0DDDE, 0x00D2DEE1, 0x00D0DEE0, 0x00D1DEDF, 0x00D3DFE3, 0x00D0DCDD,
    0x00D0DADB, 0x00D1DEE1, 0x00D2E0E1, 0x00D1DDDE, 0x00CEDADB, 0x00CEDADC, 0x00D2DFDF, 0x00D4DFE1, 0x00D1DEDE,
    0x00CCDBDD, 0x00C9D6D7, 0x00D2DEDE, 0x00D2DDDE, 0x00D0DBDC, 0x00CFDBDD, 0x00D1DCDD, 0x00CEDADC, 0x00CEDADC,
    0x00CDD9D8, 0x00CDD9DB, 0x00CCD7D7, 0x00CFDDE0, 0x00CDDADB, 0x00CFDBDC, 0x00D1DDDE, 0x00CFDCDF, 0x00CFDBDD,
    0x00CEDADC, 0x00CFD9DA, 0x00CEDADB, 0x00D0DCDE, 0x00D1DDDF, 0x00D1DDDF, 0x00D2DDDF, 0x00CDD9D9, 0x00CEDADA,
    0x00D1DDDF, 0x00CFDBDC, 0x00CFDCDD, 0x00D1DDDF, 0x00CEDADA, 0x00CCD8D9, 0x00CDD9DB, 0x00CBD7D8, 0x00CEDADC,
    0x00CFDCDE, 0x00CDD8D8, 0x00CDD7D7, 0x00CFD9D9, 0x00D0DBDC, 0x00D0DBDB, 0x00D0DADB, 0x00CCD8D8, 0x00CED9DA,
    0x00CFDADA, 0x00D1DDDE, 0x00D2DDDE, 0x00D1DBDB, 0x00CCD8D8, 0x00CCD8D8, 0x00CCD8D8, 0x00CDDADA, 0x00CCD7D7,
    0x00D1DCDD, 0x00CED9D9, 0x00CCD7D7, 0x00CDD7D9, 0x00CDD7D8, 0x00CBD6D7, 0x00CCD7D9, 0x00CAD6D6, 0x00CBD7D8,
    0x00CAD6D7, 0x00CBD6D7, 0x00CDD8D9, 0x00CDD8D9, 0x00CCD5D6, 0x00C9D5D8, 0x00C5D5D9, 0x00C6D4D7, 0x00CCD7D7,
    0x00CCD8DA, 0x00CAD7D6, 0x00CBD7D8, 0x00CDD9DA, 0x00CDD9DA, 0x00CCD8D7, 0x00CBD7D8, 0x00CCD8D8, 0x00CCD9DA,
    0x00CAD8D8, 0x00CBD5D6, 0x00CBD8D8, 0x00CDD9DA, 0x00CDD8DA, 0x00CDD9D9, 0x00CED8DA, 0x00CDD8D8, 0x00CBD6D7,
    0x00CBD6D6, 0x00CAD5D6, 0x00CCD6D7, 0x00CBD5D4, 0x00CDD9D9, 0x00CBD7D8, 0x00CED8DA, 0x00CDD8D8, 0x00CDD7D7,
    0x00CDD9D8, 0x00CED7D9, 0x00CCD7D7, 0x00CDD9D9, 0x00CCD7D8, 0x00CCD8D9, 0x00CED9DA, 0x00CCD7D6, 0x00CDD9DA,
    0x00CED9D9, 0x00CBD8D7, 0x00D0DADB, 0x00CFDBDD, 0x00CDDADC, 0x00CFDADC, 0x00CBD6D6, 0x00CCD8D8, 0x00CAD6D6,
    0x00CAD6D5, 0x00CBD7D8, 0x00CAD6D6, 0x00CAD6D8, 0x00CAD6D6, 0x00CBD5D5, 0x00CBD7D7, 0x00CBD5D6, 0x00CAD4D4,
    0x00CAD5D5, 0x00C8D3D4, 0x00CAD5D5, 0x00CBD6D5, 0x00CBD6D7, 0x00CBD6D7, 0x00CBD9DA, 0x00CAD5D4, 0x00CBD7D9,
    0x00CCD7D7, 0x00CDD7D8, 0x00CCD8D8, 0x00CBD6D7, 0x00CCD8D9, 0x00CDD8DA, 0x00CCD7D8, 0x00CCD8D9, 0x00CDD8D9,
    0x00CAD8DA, 0x00CAD5D5, 0x00CAD6D6, 0x00CBD7D8, 0x00C9D6D6, 0x00CBD7D7, 0x00CBD4D4, 0x00CCD5D6, 0x00CCD7D6,
    0x00CED9D9, 0x00CCD6D8, 0x00CAD6D7, 0x00C9D4D3, 0x00CAD5D4, 0x00D0DADB, 0x00CED7D6, 0x00C9D2D2, 0x00CAD2D2,
    0x00C8D5D5, 0x00C9D3D3, 0x00C9D5D5, 0x00C9D5D5, 0x00CAD3D4, 0x00C7D5D7, 0x00C9D2D1, 0x00C9D3D2, 0x00CAD4D3,
    0x00CCD7D8, 0x00CAD6D6, 0x00CCD7D9, 0x00C7D7DB, 0x00C8D5D6, 0x00CBD6D8, 0x00C8D4D5, 0x00C9D3D4, 0x00C7D3D4,
    0x00C7D3D4, 0x00C8D4D5, 0x00C8D3D4, 0x00C5D1D2, 0x00C8D2D4, 0x00C7D2D3, 0x00C8D3D4, 0x00C9D4D4, 0x00CAD6D6,
    0x00C9D3D4, 0x00CAD6D6, 0x00CCD7D7, 0x00CBD6D6, 0x00C9D2D3, 0x00C9D5D5, 0x00C9D5D7, 0x00C8D3D4, 0x00C8D3D1,
    0x00CBD4D5, 0x00CBD3D4, 0x00CAD6D8, 0x00CBD7D8, 0x00CAD4D5, 0x00CAD4D5, 0x00CAD6D6, 0x00CAD5D5, 0x00C9D4D5,
    0x00C9D4D5, 0x00C9D5D5, 0x00C9D5D6, 0x00C8D4D5, 0x00C2CECF, 0x00C9D6D6, 0x00C9D5D6, 0x00C9D5D6, 0x00C9D6D7,
    0x00CBD7D7, 0x00CEDADC, 0x00CEDCDF, 0x00D1DEDF, 0x00D2DEE0, 0x00CDDBDC, 0x00CCDADC, 0x00D2DDDF, 0x00D2DCDD,
    0x00CCD9DB, 0x00C3D3D5, 0x00CBD8D8, 0x00CCD8D9, 0x00CEDADB, 0x00D0DCDD, 0x00CEDADB, 0x00CEDCDD, 0x00CCD9DA,
    0x00C1CECF, 0x00C9D5D7, 0x00CDDADC, 0x00CEDADB, 0x00CAD6D8, 0x00CBD8DA, 0x00CAD7D9, 0x00CAD5D8, 0x00C1D1D5,
    0x00CCD9DB, 0x00CCD8D8, 0x00C8D5D7, 0x00CAD8D9, 0x00C9D6D8, 0x00C7D6D8, 0x00CCD6D8, 0x00CAD6D9, 0x00C7D5D6,
    0x00D0DADD, 0x00CFDBDD, 0x00D0DBDC, 0x00CDD8DA, 0x00CEDADC, 0x00CED9DA, 0x00CBD8D9, 0x00CDD8D9, 0x00CDD9DB,
    0x00CCD5D6, 0x00CCDADB, 0x00CFD9DB, 0x00CDD9DA, 0x00CBD8D8, 0x00CFDADC, 0x00CDDADC, 0x00CBD8DA, 0x00C7D4D6,
    0x00CCDADC, 0x00CED9DB, 0x00CCDCDF, 0x00CBD7D8, 0x00C9D6D5, 0x00CED9DB, 0x00D3DEE1, 0x00CEDBDC, 0x00D0DCDC,
    0x00CCD8DA, 0x00D0DBDD, 0x00D2DDDF, 0x00CEDADB, 0x00CFDBDD, 0x00CED8DA, 0x00CCDADB, 0x00CBDADD, 0x00CEDADA,
    0x00CEDBDD, 0x00CDD9D8, 0x00CDD9DA, 0x00CFDADB, 0x00CDD9D9, 0x00D1DDE0, 0x00CDDADA, 0x00CFDBDC, 0x00CFDBDE,
    0x00D1DDDE, 0x00D3DEE0, 0x00D0DCDC, 0x00CFDADA, 0x00CFDBDB, 0x00D2DEE0, 0x00D3DEE1, 0x00D5E2E4, 0x00D2DEDF,
    0x00D0DCDD, 0x00D0DEE0, 0x00D0DCDD, 0x00D0DBDE, 0x00D0DCDD, 0x00D4E0E2, 0x00D1DEE1, 0x00D0DEE2, 0x00CEDADA,
    0x00D2DEDF, 0x00CFDADA, 0x00D1DDDE, 0x00D5E0E1, 0x00D4DDE0, 0x00CFDBDB, 0x00D1DEDE, 0x00CFDADA, 0x00CFDBDD,
    0x00CEDADA, 0x00CBD7D7, 0x00CEDADC, 0x00CFD9DB, 0x00CEDADB, 0x00CFDBDB, 0x00CBD7D8, 0x00CAD6D7, 0x00CFDCDF,
    0x00CCD8D9, 0x00D1DDDE, 0x00D0DCDD, 0x00CCD8D9, 0x00D0DCDE, 0x00CCD7D8, 0x00D0DCDE, 0x00CCDADE, 0x00CDDADD,
    0x00CFDBDB, 0x00CCD9DC, 0x00D0DDE0, 0x00CFDCDE, 0x00D2DFE1, 0x00CEDADC, 0x00D1DEDF, 0x00CFDCDD, 0x00CFDCDE,
    0x00CEDDDE, 0x00CBD8D8, 0x00CFDCDD, 0x00CDD9DA, 0x00D0DCDE, 0x00CBD7D9, 0x00CCD9DA, 0x00C7D7DA, 0x00D0DDDD,
    0x00D2DDDF, 0x00CFD9D9, 0x00D1DDDF, 0x00CCD9DA, 0x00CDD8DB, 0x00CCDADB, 0x00D0DBDC, 0x00D0DCDE, 0x00D2DDDC,
    0x00CCD9DB, 0x00CAD7D9, 0x00CAD5D4, 0x00CED9DA, 0x00D0DBDC, 0x00CDD9D9, 0x00CED9D9, 0x00D0DBDA, 0x00CED7D8,
    0x00C7D5D7, 0x00CCD8D7, 0x00CAD5D8, 0x00C9D5D5, 0x00CAD6D7, 0x00CED8D9, 0x00CDD8DB, 0x00CED7D9, 0x00CAD6D7,
    0x00CAD4D6, 0x00CAD5D6, 0x00C8D5D6, 0x00CAD6D6, 0x00CCD8DA, 0x00C9D5D7, 0x00CCD8D8, 0x00CCD8DB, 0x00CBD8DA,
    0x00C8D4D3, 0x00CBD6D7, 0x00C8D4D5, 0x00CCD7D7, 0x00CCD9DA, 0x00CDD9DB, 0x00CAD4D4, 0x00CCD5D6, 0x00CED9DB,
    0x00CCD8D9, 0x00CCD8D8, 0x00CED9DA, 0x00CAD7D8, 0x00CCD7D6, 0x00CCD7D6, 0x00CFD8DA, 0x00CFD9D8, 0x00CCD5D6,
    0x00C9D5D6, 0x00C8D4D4, 0x00CAD6D6, 0x00CBD6D6, 0x00CBD7D8, 0x00CBD7D7, 0x00CCD8D8, 0x00C8D5D5, 0x00CDDADA,
    0x00CCD8D9, 0x00CEDADA, 0x00CDD9DA, 0x00CDD9D8, 0x00CDD8DA, 0x00D1DCDE, 0x00CFDADA, 0x00CED9DB, 0x00D0DBDC,
    0x00D1DBDC, 0x00CEDADB, 0x00CCD6D5, 0x00CDD6D7, 0x00CED9D8, 0x00CED9DA, 0x00CCD8D8, 0x00CED9DA, 0x00CAD5D5,
    0x00C9D5D5, 0x00CAD5D5, 0x00C8D5D5, 0x00CBD5D4, 0x00CCD9DA, 0x00CBD9DA, 0x00CBD6D6, 0x00C9D5D6, 0x00CDD8D8,
    0x00CCD9D9, 0x00CDD9DA, 0x00C7D4D4, 0x00CCD7D8, 0x00CEDADB, 0x00CCD8D9, 0x00CCD8D9, 0x00CAD5D6, 0x00CBD8D8,
    0x00CDD7D8, 0x00CAD7DA, 0x00CCDBDE, 0x00CCD9DB, 0x00CDD7D7, 0x00CAD4D4, 0x00CCD7D8, 0x00CFD8DA, 0x00CDD7D8,
    0x00CFD9DA, 0x00CDD8D9, 0x00CCD6D5, 0x00CDD6D6, 0x00CDD5D4, 0x00CDD6D7, 0x00CCD7D8, 0x00CBD5D5, 0x00CBD7D7,
    0x00C9D3D2, 0x00CFD8D8, 0x00CCD7D7, 0x00CBD5D4, 0x00CAD3D4, 0x00C5D3D7, 0x00C9D4D3, 0x00CCD6D7, 0x00CAD7D7,
    0x00CBD5D4, 0x00CAD5D7, 0x00CBD5D5, 0x00CCD3D2, 0x00CBD5D4, 0x00C9D4D4, 0x00CBD5D5, 0x00CCD6D7, 0x00CBD7D9,
    0x00CCD8D9, 0x00C8D4D6, 0x00C8D5D5, 0x00CAD5D5, 0x00C6D1D0, 0x00C6D2D2, 0x00C7D3D4, 0x00C7D3D4, 0x00C8D4D4,
    0x00C8D3D5, 0x00C6D2D2, 0x00CCD7D7, 0x00CAD6D8, 0x00CBD7D8, 0x00CCD7D7, 0x00CAD5D6, 0x00C9D4D6, 0x00CBD7D7,
    0x00CDD7D8, 0x00CAD4D5, 0x00C9D5D5, 0x00C8D3D3, 0x00CAD4D4, 0x00CBD4D5, 0x00C9D4D4, 0x00C9D6D8, 0x00C6D4D6,
    0x00C7D2D2, 0x00C9D5D6, 0x00CAD6D7, 0x00C9D4D4, 0x00C9D5D6, 0x00C9D4D3, 0x00C7D3D4, 0x00C9D5D5, 0x00C9D5D6,
    0x00CAD7D7, 0x00CBD8DA, 0x00C9D7D8, 0x00C8D6D5, 0x00CAD7D9, 0x00CBDADB, 0x00CFDCDD, 0x00D0DDDE, 0x00CADCE1,
    0x00D3DEE0, 0x00D3E0E3, 0x00CCDBDD, 0x00CEDCDD, 0x00CFDBDC, 0x00CBD9DA, 0x00CBD8DB, 0x00C5D5D9, 0x00CCD9D9,
    0x00CDDADB, 0x00CDD9DA, 0x00CEDADB, 0x00C9D8D9, 0x00CBD8DA, 0x00C8D4D4, 0x00CDD8DA, 0x00CBD7D9, 0x00CAD6D8,
    0x00C9D6D8, 0x00C7D3D6, 0x00C7D4D6, 0x00CCD8D9, 0x00C5D4D7, 0x00CCD8DB, 0x00C9D7D9, 0x00CCD8DA, 0x00CCD9DB,
    0x00CDD9DC, 0x00CBD7D9, 0x00CDD9DC, 0x00CCD8DA, 0x00CCD7D9, 0x00D2DDDF, 0x00CFDCDE, 0x00CED9DB, 0x00CFDBDC,
    0x00D2DCDF, 0x00CCD9DA, 0x00CDD9DB, 0x00CDD9D9, 0x00CBD6D7, 0x00CDD9D9, 0x00CED8DA, 0x00CFD9D9, 0x00CDD9DA,
    0x00CFDCDD, 0x00CEDBDD, 0x00CDDADC, 0x00CEDBDD, 0x00CCD8DA, 0x00CCD8D9, 0x00CCDADC, 0x00CBDBDD, 0x00CAD7D7,
    0x00CCDBDE, 0x00D0DCDD, 0x00D1DDDF, 0x00C9D7D7, 0x00CFDCDE, 0x00CCD8D8, 0x00D0DCDD, 0x00D1DDDF, 0x00D0DDDF,
    0x00CAD7D7, 0x00CEDADB, 0x00CDD8DA, 0x00CDD9DC, 0x00D1DCDC, 0x00CCD8D9, 0x00CDDADB, 0x00CEDADB, 0x00CED9DB,
    0x00CDD9DA, 0x00CDD8D9, 0x00CBD8D8, 0x00CFDCDD, 0x00CEDCDE, 0x00D2DEE0, 0x00D3DEDF, 0x00D1DCDD, 0x00D2DEDE,
    0x00D1DCDB, 0x00D2DEE0, 0x00D2DEDF, 0x00D1DDE0, 0x00D3DEE0, 0x00D4E0E2, 0x00D4E0E4, 0x00D3DFE1, 0x00D1DEE0,
    0x00D3E1E3, 0x00D1E0E2, 0x00D2E0E2, 0x00D4E0E2, 0x00D3DFE0, 0x00D3DFE1, 0x00D0DDDD, 0x00D2DDDD, 0x00D0DCDD,
    0x00D4E0E1, 0x00D2DCDC, 0x00D4DDDE, 0x00D2DDDD, 0x00CFD9DA, 0x00CFDADA, 0x00CEDAD9, 0x00D1DBDD, 0x00CFDADB,
    0x00CEDADB, 0x00D2DDDE, 0x00CCD7D6, 0x00CDD7D8, 0x00D0DBDD, 0x00CFDCDC, 0x00D2DEE1, 0x00CFDDDF, 0x00CFDEDF,
    0x00D0DCDE, 0x00CEDADA, 0x00CED9D9, 0x00CFDADB, 0x00CED8D8, 0x00CFDBDC, 0x00CDDBDF, 0x00D0DEE1, 0x00CEDADC,
    0x00CAD7D8, 0x00CDDADD, 0x00CCD9DC, 0x00CFDCDF, 0x00CCD9DB, 0x00CCD9DC, 0x00CEDBDE, 0x00CBD8DA, 0x00CFDADC,
    0x00CDD9DB, 0x00CEDADB, 0x00CED8D9, 0x00CFDADB, 0x00CDD8D8, 0x00CDD9D9, 0x00CEDAD8, 0x00CFDBDD, 0x00D0DADB,
    0x00CBD8D8, 0x00CEDADB, 0x00D2DDDD, 0x00D1DDDE, 0x00D0DDDD, 0x00CFDBDB, 0x00CFDAD9, 0x00CAD7D5, 0x00CEDADB,
    0x00CED8D9, 0x00CDDADA, 0x00CFD9DA, 0x00D0DBDC, 0x00CFD9DA, 0x00C3D2D5, 0x00CAD6D7, 0x00CCD7D9, 0x00CDD9DA,
    0x00CBD7D9, 0x00CDD6D9, 0x00CCD8D9, 0x00CBD6D7, 0x00C9D5D6, 0x00CBD7D7, 0x00CBD6D7, 0x00C8D5D8, 0x00C9D6D7,
    0x00C8D3D4, 0x00C9D5D6, 0x00C8D3D4, 0x00CAD6D7, 0x00CBD7D8, 0x00CED9D9, 0x00CDD8D9, 0x00CCD7D6, 0x00CED8DA,
    0x00CDDADA, 0x00CCD9D8, 0x00CDD8D8, 0x00CCD7D8, 0x00CAD6D7, 0x00CCD7D7, 0x00CDD7D8, 0x00CCD6D7, 0x00CAD6D8,
    0x00CAD4D3, 0x00C9D3D3, 0x00C9D2D3, 0x00C9D3D3, 0x00C9D5D7, 0x00D0DBDD, 0x00CDD9DA, 0x00CAD7D7, 0x00CBD7D6,
    0x00CEDBDC, 0x00CED9DA, 0x00CCD7D7, 0x00CCDCDF, 0x00CDD9D9, 0x00CED9DA, 0x00CED9DB, 0x00CEDADD, 0x00CED9DA,
    0x00CED8DA, 0x00CFDBDD, 0x00CDD9DA, 0x00CFDDDF, 0x00CED9D9, 0x00CED9DB, 0x00CDD9D9, 0x00CAD7D6, 0x00CCD8D8,
    0x00CDD9DA, 0x00CDD8D9, 0x00CBD8D7, 0x00CAD7D7, 0x00CCD9DA, 0x00CBD7D6, 0x00CAD5D6, 0x00CDD9DB, 0x00C9D5D5,
    0x00CED9DB, 0x00CBD6D7, 0x00CBD6D7, 0x00CCD7D7, 0x00CCD7D8, 0x00CCD7D7, 0x00CEDADB, 0x00CDD8D9, 0x00CEDADC,
    0x00CDD8DA, 0x00CFDCDE, 0x00CCD8D9, 0x00CCD6D7, 0x00CCD8D9, 0x00CAD8D9, 0x00CBD7D8, 0x00C9D5D7, 0x00CBD6D6,
    0x00CED8DA, 0x00CCD6D6, 0x00CCD8D9, 0x00CFDBDD, 0x00CDD9DA, 0x00CCD8D9, 0x00CAD5D6, 0x00CCD7D7, 0x00CAD6D6,
    0x00CDD8D7, 0x00CFD9DA, 0x00D0DADB, 0x00CAD5D5, 0x00CCD5D6, 0x00CBD6D6, 0x00CCD6D6, 0x00CAD5D4, 0x00C8D3D3,
    0x00CAD4D6, 0x00CBD8D9, 0x00CAD6D6, 0x00CCD5D8, 0x00CED8D9, 0x00CAD5D5, 0x00CBD4D4, 0x00CBD4D4, 0x00CBD3D4,
    0x00CDD7D7, 0x00C8D3D5, 0x00C9D4D5, 0x00CBD6D5, 0x00CBD7D8, 0x00CBD6D7, 0x00C9D5D5, 0x00C8D4D5, 0x00C7D3D4,
    0x00C7D2D1, 0x00C9D4D5, 0x00C9D4D5, 0x00C6D2D2, 0x00C8D2D2, 0x00C8D3D4, 0x00C9D4D5, 0x00CAD5D6, 0x00CDD7D8,
    0x00CDD8D9, 0x00CBD5D6, 0x00CBD6D6, 0x00CED9DB, 0x00CAD5D5, 0x00C8D3D3, 0x00CBD6D7, 0x00CBD6D6, 0x00CAD5D6,
    0x00CCD7D8, 0x00C9D4D4, 0x00CAD3D3, 0x00C9D3D3, 0x00CCD6D5, 0x00CAD4D3, 0x00CAD4D3, 0x00C9D3D4, 0x00C9D3D3,
    0x00C9D3D5, 0x00CAD5D6, 0x00C9D5D6, 0x00CBD7D9, 0x00CCD8DA, 0x00CCD8D9, 0x00CCD9DA, 0x00CBD8DA, 0x00CBD8D9,
    0x00CCD8DA, 0x00CBD7D9, 0x00CDD9DA, 0x00D0DDDE, 0x00CADADC, 0x00D2DDDF, 0x00D1DCDE, 0x00CFDBDA, 0x00CEDBDC,
    0x00D1DBDE, 0x00CEDADC, 0x00CBD8DA, 0x00CAD9DD, 0x00CCDADA, 0x00CFDADC, 0x00CEDBDD, 0x00C9D6D9, 0x00C9D6D6,
    0x00CEDADC, 0x00CCD9D9, 0x00C2D3D6, 0x00C8D5D7, 0x00CAD6D8, 0x00CBD7D9, 0x00C9D7D9, 0x00C9D7D9, 0x00CEDADD,
    0x00CBD7D9, 0x00CEDADC, 0x00CCDADE, 0x00CAD8DB, 0x00CCD9D9, 0x00CCD8DB, 0x00C8D7D8, 0x00CCD9DC, 0x00CDD9DC,
    0x00CBD7DA, 0x00D0DCDE, 0x00D0DBDC, 0x00D4DCDF, 0x00CEDBDC, 0x00CCDADC, 0x00C6D5D7, 0x00CFD8D9, 0x00CCD8D8,
    0x00CCD8D9, 0x00CCD9D9, 0x00D0DCDE, 0x00CEDADC, 0x00D1DDE1, 0x00CDDADB, 0x00CCD9DA, 0x00D0DCDD, 0x00CBD7D8,
    0x00CED9DD, 0x00CEDADB, 0x00CED9D9, 0x00CFDADC, 0x00D1DDDD, 0x00CFDADB, 0x00D0DCDD, 0x00D2DEDE, 0x00D1DDDD,
    0x00D4DEE0, 0x00D2DEDE, 0x00D0DBDC, 0x00D2DEDE, 0x00D0DCDD, 0x00CEDAD9, 0x00CFD9DB, 0x00CEDADA, 0x00CFDADA,
    0x00CEDADB, 0x00D0DCDD, 0x00D1DDDD, 0x00CAD7D8, 0x00CCD8DB, 0x00CED9D9, 0x00D0DCDD, 0x00CFDBDB, 0x00CEDADB,
    0x00CFD9D9, 0x00D1DDDE, 0x00D3DDDE, 0x00CEDADC, 0x00C7D6DA, 0x00CFDBDC, 0x00D3E0E2, 0x00CEDADB, 0x00D4E1E3,
    0x00D2DEDF, 0x00D4E0E1, 0x00D3DEE0, 0x00CFDADA, 0x00D3DDDE, 0x00D0DADB, 0x00D0DADA, 0x00D3DCDE, 0x00D0DADA,
    0x00D1DCDE, 0x00CFDBDC, 0x00D1DDDE, 0x00D4E0E3, 0x00D2DFE0, 0x00D0DBDC, 0x00CDDADD, 0x00CDDBDE, 0x00D3DEE0,
    0x00D1DDDD, 0x00D4DFE1, 0x00D1DCDD, 0x00D1DBDD, 0x00D0DCDD, 0x00D2DDDE, 0x00D1DCDE, 0x00D1DCDC, 0x00D2DDDE,
    0x00D2DCDC, 0x00D3DFE2, 0x00CDDADC, 0x00CDDCDE, 0x00D0DEE0, 0x00D1DBDD, 0x00D1DDDE, 0x00CED9DA, 0x00CDD7D7,
    0x00CFD8D8, 0x00CCD7D8, 0x00D1DEDF, 0x00D0DDE0, 0x00CCD9DB, 0x00D0DEE0, 0x00CDDADC, 0x00CDDADC, 0x00CCDADC,
    0x00CAD6D7, 0x00C9D3D3, 0x00CBD6D7, 0x00CDD9DB, 0x00CEDBDD, 0x00CEDADA, 0x00CFDBDB, 0x00CDD9DB, 0x00CCD9D8,
    0x00CFDADB, 0x00D0DBDC, 0x00D0DCDF, 0x00CCD8D9, 0x00CDD7D8, 0x00CDD9D9, 0x00D0DBDC, 0x00CED9DB, 0x00CFDBDB,
    0x00CBD6D7, 0x00CED9D9, 0x00CDD8D9, 0x00D0DCDC, 0x00CEDADB, 0x00CFDAD9, 0x00CAD6D6, 0x00CFDBDC, 0x00CDDADA,
    0x00D0DBDD, 0x00CBD7D9, 0x00CBD7D7, 0x00CAD5D7, 0x00CCD7D9, 0x00C9D7D8, 0x00CDD8D9, 0x00CEDDDE, 0x00CBD7D7,
    0x00C9D5D5, 0x00CCD6D8, 0x00CAD5D6, 0x00CAD6D8, 0x00C7D4D5, 0x00C9D5D6, 0x00C9D5D6, 0x00C8D3D3, 0x00C9D5D5,
    0x00CBD5D6, 0x00CAD5D6, 0x00CBD6D8, 0x00CBDADC, 0x00CAD5D5, 0x00CBD7D8, 0x00CFD9DA, 0x00CDD8D9, 0x00CBD9D9,
    0x00CBD7D6, 0x00CCD7D8, 0x00CAD7D7, 0x00CDD9D9, 0x00CED8D9, 0x00CAD7D6, 0x00CCD7D8, 0x00CAD7D9, 0x00CCD9DA,
    0x00CCD7D9, 0x00C9D5D7, 0x00CBD7D9, 0x00CDD9DA, 0x00CDD9DB, 0x00CEDADB, 0x00CED9DA, 0x00CFDBDB, 0x00D1DADC,
    0x00CED9DA, 0x00CFDBDC, 0x00D1DADB, 0x00CED9D9, 0x00CED8D9, 0x00CEDADB, 0x00CDD8D8, 0x00D0DADB, 0x00CCD9DA,
    0x00CDD9DA, 0x00D1DDDF, 0x00CBD6D6, 0x00CDD9DA, 0x00CBD8D9, 0x00C8D6D7, 0x00D0DBDC, 0x00CBD7D8, 0x00CCD7D7,
    0x00CCD7D9, 0x00CEDADA, 0x00CCD8D9, 0x00CCD9D9, 0x00CCD8DA, 0x00CAD6D7, 0x00CDD7D7, 0x00CBD6D8, 0x00CAD7D7,
    0x00CCD8D9, 0x00CDD8D9, 0x00CED9DB, 0x00CED9DA, 0x00CCD8DA, 0x00D2DFE1, 0x00CED9DB, 0x00CDD7D8, 0x00CCD7D8,
    0x00CCD8D8, 0x00CCD7D8, 0x00CDD8DA, 0x00CCD8D9, 0x00CEDADC, 0x00CDDADC, 0x00CAD9DD, 0x00D0DCDF, 0x00CED8DA,
    0x00CBD6D6, 0x00C9DADC, 0x00CDD7D6, 0x00CBD5D6, 0x00CCD8D9, 0x00CCD7D6, 0x00CED9DA, 0x00CED9DA, 0x00CDD8D9,
    0x00CDD8D8, 0x00CBD6D6, 0x00C9D4D3, 0x00CBD5D4, 0x00C8D5D5, 0x00C6D3D3, 0x00C9D4D7, 0x00CAD7D8, 0x00CED8D9,
    0x00CDD9DB, 0x00CDD8DA, 0x00CAD5D5, 0x00CDD7D9, 0x00CBD5D6, 0x00CAD5D7, 0x00CBD4D3, 0x00CBD4D4, 0x00CBD4D4,
    0x00CCD8D8, 0x00CCD7D8, 0x00C9D5D5, 0x00CAD5D6, 0x00C8D3D4, 0x00CAD6D8, 0x00C8D4D5, 0x00C9D3D4, 0x00C8D4D4,
    0x00CAD5D6, 0x00C8D3D2, 0x00CAD5D5, 0x00CED9DB, 0x00CBD7D7, 0x00CCD6D7, 0x00CCD7D8, 0x00CDD6D7, 0x00CBD5D6,
    0x00CBD6D5, 0x00CBD6D6, 0x00CAD4D4, 0x00CCD5D7, 0x00CBD5D5, 0x00CBD7D7, 0x00CBD6D7, 0x00CBD5D5, 0x00CBD4D5,
    0x00CBD6D6, 0x00CAD4D4, 0x00CBD5D7, 0x00C9D6D8, 0x00C9D6D6, 0x00CCD8DA, 0x00CCD8DB, 0x00CBD7D9, 0x00CDD9DB,
    0x00CDDADA, 0x00CFDCDD, 0x00CCDADB, 0x00CDD9D9, 0x00CCD8D9, 0x00CFDADB, 0x00CDD8D7, 0x00CFDBDA, 0x00D2E1E5,
    0x00D1E0E2, 0x00D3DFE0, 0x00D1DEE0, 0x00CFDCDC, 0x00D1DCE0, 0x00D1DCDE, 0x00CEDCDD, 0x00CCDADB, 0x00CBD8DA,
    0x00CCDADB, 0x00CDD9DB, 0x00CAD8DA, 0x00CCDADB, 0x00CDDADB, 0x00C7D6D7, 0x00CAD8DA, 0x00CAD6D8, 0x00CAD6D6,
    0x00C8D7D9, 0x00CAD6D8, 0x00CAD7D9, 0x00CAD7D9, 0x00CED9DC, 0x00CCDBDE, 0x00CAD7D9, 0x00CDD9DB, 0x00CEDADB,
    0x00CDD8DA, 0x00CEDADC, 0x00CDD9DA, 0x00CBD7DA, 0x00CCD8D9, 0x00CEDADC, 0x00CFDBDE, 0x00D1DBDE, 0x00CDDBDD,
    0x00CCD9DC, 0x00CFDCDD, 0x00CFDADA, 0x00D1DDDE, 0x00CDDADB, 0x00CBD7D6, 0x00CBD7D8, 0x00CFDCDF, 0x00D1DFE3,
    0x00CDDCDF, 0x00CFDBDB, 0x00D1DCDD, 0x00D0DCDF, 0x00CCD9D9, 0x00CEDADD, 0x00CDDADB, 0x00D0DDDE, 0x00CFDCDE,
    0x00CDD9DA, 0x00D4E0E1, 0x00D1DDDE, 0x00D2DCDF, 0x00D3DFE0, 0x00CBD7D9, 0x00CDDADD, 0x00CFDADA, 0x00CED8D8,
    0x00CDD9D9, 0x00D0DADB, 0x00CBD7D8, 0x00CCD7DA, 0x00CCD7D7, 0x00CDD7D8, 0x00CED8D9, 0x00D1DBDD, 0x00CFDADB,
    0x00CDD9D9, 0x00CED9D9, 0x00D0DBDC, 0x00CEDADA, 0x00CED9DB, 0x00D1DADA, 0x00CFDADA, 0x00D1DDDE, 0x00D0DBDC,
    0x00D0DBDC, 0x00CFDBDD, 0x00CFDBDB, 0x00D4E0E2, 0x00D0DCDE, 0x00CDD8D8, 0x00CEDBDC, 0x00D0DCDD, 0x00CEDADA,
    0x00D3DFE1, 0x00D1DDDF, 0x00D1DDDF, 0x00D4E0E3, 0x00D0DBDB, 0x00D1DDDF, 0x00D1DCDD, 0x00D2DEE1, 0x00CFDDDF,
    0x00D6E2E4, 0x00CEDADC, 0x00D1DDDE, 0x00D1DEDE, 0x00D3DFE1, 0x00D2DEDD, 0x00CFDADA, 0x00D0DBDC, 0x00CEDADB,
    0x00CFDADC, 0x00D0DBDD, 0x00D0DCDF, 0x00D4E0E1, 0x00D0DBDC, 0x00D1DDDF, 0x00D0DEDF, 0x00CFDDDF, 0x00CDDCDF,
    0x00CFDBDD, 0x00CED8D7, 0x00CFDBDD, 0x00CDD7D8, 0x00CDD9DA, 0x00CCD9DA, 0x00CCD7D7, 0x00CEDBDD, 0x00D0DDDF,
    0x00D1DEE0, 0x00CFDDE1, 0x00CEDBDE, 0x00CDDADB, 0x00CBD8DB, 0x00CBDADB, 0x00CAD7D8, 0x00CDDADD, 0x00CCD7D9,
    0x00CFDCE0, 0x00CFDDDE, 0x00CFDDE0, 0x00CFDCE0, 0x00CED9D9, 0x00D0DCDD, 0x00CEDBDC, 0x00CDD9D8, 0x00CCD9DB,
    0x00CFDDDD, 0x00CFDADB, 0x00CFDCDD, 0x00CDD8D8, 0x00CFD9D9, 0x00CBDADF, 0x00D0DADA, 0x00CCD8D7, 0x00CFDBDC,
    0x00CEDADB, 0x00CED9D8, 0x00D0DDDF, 0x00CBDADD, 0x00CFDBDB, 0x00CCD8D9, 0x00CCDCDE, 0x00C9D7DA, 0x00CCD7D9,
    0x00CCD7D9, 0x00CCD9D9, 0x00CDD8DA, 0x00CAD5D7, 0x00C9D7D8, 0x00C9D5D6, 0x00CBD5D7, 0x00C9D5D6, 0x00C8D3D4,
    0x00CAD6D8, 0x00C8D5D6, 0x00CCD8D9, 0x00CAD6D6, 0x00CAD4D5, 0x00C8D4D3, 0x00CCD8D8, 0x00CCD6D7, 0x00C8D5D6,
    0x00CCD7D9, 0x00CDDCDE, 0x00CEDADB, 0x00CED9D9, 0x00CCD7D8, 0x00CED8D8, 0x00CAD8DA, 0x00CDDADA, 0x00CDD8DA,
    0x00CCD6D7, 0x00CED9DA, 0x00CCD8D9, 0x00CDDBDC, 0x00CAD8D9, 0x00CBD8D8, 0x00CCD9D9, 0x00CEDBDC, 0x00CDDADC,
    0x00CAD4D3, 0x00C7CFCB, 0x00C1C7C5, 0x00C4CCC8, 0x00CAD4D4, 0x00CED8D8, 0x00C8D2D1, 0x00CEDADA, 0x00CFDADC,
    0x00CDD7D8, 0x00CDD9DB, 0x00CDD8DA, 0x00CFD9DA, 0x00CEDADC, 0x00CCD8DA, 0x00CFDBDE, 0x00CDD8D9, 0x00CBD8D8,
    0x00CCD8D8, 0x00CEDADA, 0x00CCD8DA, 0x00C8D5D6, 0x00CCD6D7, 0x00CDD8DA, 0x00CBD7D8, 0x00CFDBDD, 0x00CCD8D9,
    0x00CAD7D6, 0x00CEDADC, 0x00CAD6D6, 0x00CBD9DA, 0x00CCD8D8, 0x00CEDADC, 0x00CCD8D9, 0x00CBDBDD, 0x00CED9D9,
    0x00CCD8D9, 0x00CCDADD, 0x00CDDADC, 0x00CEDADB, 0x00CDD8D9, 0x00D0DCDD, 0x00CEDBDB, 0x00CDD8DA, 0x00CDDBDD,
    0x00CCD8DB, 0x00CDDADC, 0x00CDD9DB, 0x00CFDADC, 0x00D2DDDD, 0x00CCD7D7, 0x00CBD6D7, 0x00CDD7D7, 0x00CDD7D8,
    0x00CCD8D9, 0x00CCD5D4, 0x00CBD6D7, 0x00CBD6D5, 0x00C9D5D6, 0x00C8D4D3, 0x00CAD5D5, 0x00CAD5D4, 0x00CBD6D8,
    0x00C9D6D8, 0x00C7D4D7, 0x00C9D5D6, 0x00CAD7D7, 0x00CFD9DB, 0x00C9D6D7, 0x00CDD8D9, 0x00CAD4D4, 0x00CAD3D4,
    0x00CAD3D2, 0x00CBD3D4, 0x00CDD7D7, 0x00CAD9DD, 0x00CAD6D7, 0x00CAD6D5, 0x00CAD4D4, 0x00C9D6D6, 0x00CCD9D9,
    0x00C9D5D5, 0x00C6D3D6, 0x00C7D3D3, 0x00C8D4D6, 0x00CAD6D5, 0x00CAD5D7, 0x00CBD5D5, 0x00CBD6D8, 0x00C9D3D3,
    0x00C8D2D1, 0x00CDD6D9, 0x00CAD4D5, 0x00CAD5D6, 0x00CAD5D5, 0x00CCD6D6, 0x00CBD6D7, 0x00CAD5D4, 0x00C8D6D7,
    0x00CDD9D9, 0x00C9D5D5, 0x00CDD8D9, 0x00CCD7DA, 0x00CCD9DB, 0x00CBD7D7, 0x00CED9DB, 0x00CAD5D5, 0x00CBD8D9,
    0x00CEDBDC, 0x00CDD9DA, 0x00CBD7D8, 0x00CEDADD, 0x00CFD9DC, 0x00CCDADC, 0x00CFDBDD, 0x00D0DCDC, 0x00CFDBDC,
    0x00D0DADA, 0x00CEDADC, 0x00CBD7D8, 0x00D0DADC, 0x00D3E1E4, 0x00D2DFE1, 0x00D1DDE0, 0x00D2DFE2, 0x00CFDBDD,
    0x00D0DDDE, 0x00CEDBDC, 0x00CEDBDD, 0x00CDDADB, 0x00CBD9DA, 0x00CDDADC, 0x00CBD8DA, 0x00CAD7D7, 0x00CDD8D9,
    0x00CAD7DA, 0x00CAD8D8, 0x00CAD7D8, 0x00CBD7D8, 0x00CBD6D9, 0x00CAD8DA, 0x00CDD8D9, 0x00CBD6D9, 0x00CAD7D8,
    0x00CBD6D8, 0x00CAD7DA, 0x00CEDADB, 0x00CCD9DB, 0x00CDDADC, 0x00CDDADD, 0x00CDD9DA, 0x00CEDADC, 0x00CEDBDD,
    0x00CCD9DB, 0x00CDD9DB, 0x00CFDADD, 0x00D1DBDE, 0x00CDDADD, 0x00D2DEDF, 0x00D0DCDE, 0x00D1DCDE, 0x00D1DDDF,
    0x00D1DDDF, 0x00CFDCDC, 0x00CFDADC, 0x00CEDADB, 0x00D1DDDF, 0x00D0DADC, 0x00CEDADB, 0x00CFDADB, 0x00CFDADB,
    0x00CEDADA, 0x00CFDADC, 0x00CDD9DA, 0x00CFDADC, 0x00CEDADD, 0x00D1DDDF, 0x00D4DFE1, 0x00D0DDDE, 0x00D1DDDE,
    0x00D3DEE0, 0x00D2DEE0, 0x00CFDCDD, 0x00CFDADB, 0x00CEDADA, 0x00CFDBDC, 0x00D2DDDF, 0x00CFDADA, 0x00CBD8DA,
    0x00CDD9DB, 0x00CED9DB, 0x00D1DDDE, 0x00CFDBDD, 0x00CDD8D9, 0x00CDD8D9, 0x00CDD8D9, 0x00D0DCDE, 0x00D1DEDF,
    0x00CFDADB, 0x00D0DCDE, 0x00CDDADC, 0x00CEDADB, 0x00D0DADB, 0x00CEDADA, 0x00D1DCDE, 0x00D3DEDF, 0x00D3DEE1,
    0x00D2DDDF, 0x00CFDBDA, 0x00D0DCDE, 0x00D0DCDE, 0x00D0DDDF, 0x00D2DEDF, 0x00CFDCDD, 0x00D0DCDC, 0x00CED9DB,
    0x00D3DEE0, 0x00D0DFE1, 0x00CFDEE0, 0x00CDDEE1, 0x00CFDDDF, 0x00D3E0E3, 0x00CFDDDF, 0x00D1DDDF, 0x00D4E0E1,
    0x00D2DFE1, 0x00D3DFE2, 0x00CFDADB, 0x00CFD9DA, 0x00CFDBDB, 0x00CEDADB, 0x00CEDADB, 0x00D1DCDE, 0x00CEDBDF,
    0x00CCD9DC, 0x00CEDCDF, 0x00CEDADB, 0x00D0E0E3, 0x00CFDDDF, 0x00CFDADC, 0x00CED9D9, 0x00CDD8D9, 0x00CED8D9,
    0x00CCDADC, 0x00CDD9DA, 0x00CDD8D8, 0x00CDD8D8, 0x00D2DEE0, 0x00D1DDE0, 0x00CFDCDE, 0x00D0DCDF, 0x00D0DCE0,
    0x00CDDADB, 0x00CEDBDE, 0x00CFDDDF, 0x00CFDCDF, 0x00CFDBDD, 0x00D0DEE0, 0x00D0DDE0, 0x00CEDCDE, 0x00CDDADD,
    0x00CBD8DB, 0x00CCDADD, 0x00CDDADD, 0x00CDDADC, 0x00CEDADD, 0x00CEDADB, 0x00CED9D9, 0x00CDD9D9, 0x00CED9DB,
    0x00D0DADC, 0x00CED9D9, 0x00CED8D8, 0x00CFDADB, 0x00CBD8D9, 0x00CAD9DB, 0x00D0DCDD, 0x00CCD9D9, 0x00CFDBDD,
    0x00D0DBDC, 0x00CED9DA, 0x00CEDADC, 0x00C7D7D9, 0x00C9D8DB, 0x00CCD9DA, 0x00CBD7D8, 0x00CBD7D9, 0x00CCD7D7,
    0x00C8D7D9, 0x00CAD7D8, 0x00CAD7D8, 0x00CBD9DB, 0x00C8D4D4, 0x00CBD6D8, 0x00CBD9D9, 0x00CAD5D7, 0x00CDD8D9,
    0x00CBD6D6, 0x00C9D5D7, 0x00CDD9DA, 0x00CBD6D8, 0x00CCD6D6, 0x00CCD6D8, 0x00CED9DA, 0x00CCD8DA, 0x00CFDADB,
    0x00CDD8D8, 0x00CDD8D9, 0x00CDD9D9, 0x00CDD8D9, 0x00CCD7DA, 0x00CCD7D9, 0x00CBD7D7, 0x00CBD7D9, 0x00CCD9DB,
    0x00CDD8DA, 0x00CBD8D9, 0x00CCD8DA, 0x00C7D1D1, 0x00C4CBCA, 0x00BBBDB9, 0x00BCBDB8, 0x00B9BCB6, 0x00B9BAB3,
    0x00BBBEB9, 0x00BDBFBB, 0x00B9BDB8, 0x00BABFBC, 0x00C2C9C6, 0x00C8D3D3, 0x00C9D4D4, 0x00CDD9DA, 0x00CCD8D8,
    0x00CCD8D9, 0x00CEDBDB, 0x00CCDADD, 0x00CCD9DA, 0x00CCD8DA, 0x00CBD7D8, 0x00CAD7D8, 0x00CDD7DA, 0x00CBD9DA,
    0x00CCD9DB, 0x00CCD7D9, 0x00CCD8DA, 0x00CFDCDD, 0x00CEDBDD, 0x00CEDADA, 0x00CEDBDC, 0x00CBD7D8, 0x00CEDBDD,
    0x00CED9DA, 0x00CCD8D9, 0x00CFDADB, 0x00CDDBDC, 0x00CEDBDC, 0x00CCD8DB, 0x00CCD9DA, 0x00CEDBDE, 0x00CDD9DA,
    0x00D0DCDE, 0x00CDD9DB, 0x00D1DEE0, 0x00CCD7D8, 0x00CBD7D8, 0x00CFDADB, 0x00D0DBDD, 0x00CCD7D8, 0x00CFDCDD,
    0x00CDDADB, 0x00CDD9D9, 0x00CDD9DB, 0x00CEDADA, 0x00CCD6D7, 0x00CBD6D7, 0x00CED9DA, 0x00CBD6D5, 0x00CCD7D8,
    0x00CCD8D8, 0x00CAD6D6, 0x00CBD6D6, 0x00CAD4D5, 0x00CBD8D9, 0x00C9D7D8, 0x00CAD6D7, 0x00CDD8DA, 0x00CCD7D9,
    0x00CDD9DB, 0x00CCD7D8, 0x00CCD8DA, 0x00CFDBDD, 0x00CBD7D9, 0x00CBD6D7, 0x00CAD6D8, 0x00C6D6D9, 0x00CCD7D8,
    0x00CDDADD, 0x00CBD6D6, 0x00CCD7D7, 0x00CAD6D5, 0x00CDD8DB, 0x00CBD7D8, 0x00C9D5D7, 0x00C9D6D6, 0x00C9D4D4,
    0x00CAD4D6, 0x00CBD8DA, 0x00C8D4D5, 0x00CAD5D5, 0x00CCD8DA, 0x00CAD4D5, 0x00CAD5D5, 0x00C9D4D5, 0x00CCD8D8,
    0x00CBD6D6, 0x00CCD7D7, 0x00CCD6D7, 0x00CCD7D7, 0x00C7D6DB, 0x00CBD7D6, 0x00CFDCDD, 0x00CDD7D7, 0x00CED9DA,
    0x00CFDBDD, 0x00CBD6D7, 0x00CCD8DB, 0x00CDD9DA, 0x00CED8D9, 0x00CCD8DA, 0x00CDD9DB, 0x00CCD9D8, 0x00CED9DB,
    0x00CEDADC, 0x00C9D6D8, 0x00CFDBDE, 0x00D1DCDE, 0x00CEDADA, 0x00CEDADB, 0x00CEDADA, 0x00CAD5D6, 0x00CDD8D9,
    0x00D3E4E6, 0x00D1DEDF, 0x00D1DEDF, 0x00D0DCDF, 0x00D1DDDF, 0x00D0DEE0, 0x00CDDADA, 0x00CBD8DA, 0x00CAD7DA,
    0x00CBD8D9, 0x00CCD8D9, 0x00C8D5D6, 0x00C8D4D4, 0x00CEDADC, 0x00CDD8DB, 0x00C5D2D3, 0x00C7D3D5, 0x00C8D5D7,
    0x00CFD8DA, 0x00CDDADC, 0x00CED8D9, 0x00CBD7DA, 0x00CBD7D8, 0x00CDD7D9, 0x00C7D5D5, 0x00CCD8DA, 0x00CBD8DB,
    0x00CAD7D9, 0x00C9D6D9, 0x00CFDCDE, 0x00CDD9DC, 0x00CDD9DB, 0x00CBD7D8, 0x00CAD6D7, 0x00CEDDE0, 0x00CDDADB,
    0x00D1DEE1, 0x00D1DDDF, 0x00D1DFE1, 0x00CFDCDE, 0x00CFDCDE, 0x00D0DBDB, 0x00CEDBDD, 0x00D0DCDD, 0x00CDD9D9,
    0x00D1DCDE, 0x00CDD9D9, 0x00D1DDDD, 0x00D0DBDC, 0x00D3DFE2, 0x00CEDBDA, 0x00CBD7D9, 0x00CEDBDD, 0x00CCD8D9,
    0x00CCD9DA, 0x00CCD8DA, 0x00CDDADD, 0x00CFDBDC, 0x00D0DEDF, 0x00D4DFE2, 0x00D0DCDE, 0x00CEDBDA, 0x00CCD8D8,
    0x00CDD8DA, 0x00CDD9DB, 0x00D0DADD, 0x00D1DBDE, 0x00CFDADA, 0x00CDD8D8, 0x00D0DADB, 0x00D0D9DC, 0x00CDD6D9,
    0x00D0DADA, 0x00CCD7D8, 0x00CFDBDC, 0x00D0DBDD, 0x00D4DEDF, 0x00D1DCDE, 0x00D3DDDF, 0x00D2DEDE, 0x00D0DBDB,
    0x00D4DFE1, 0x00D5E1E2, 0x00D1DDDE, 0x00D3DFE0, 0x00D1DCDD, 0x00D3DFE2, 0x00D3DFE1, 0x00D1DDDE, 0x00D0DCDE,
    0x00D1DCDD, 0x00D0DBDC, 0x00D1DDDF, 0x00D2DEDE, 0x00CEDADC, 0x00D6E3E6, 0x00D2DEDF, 0x00D1DDE0, 0x00D2DEE1,
    0x00D0DEE0, 0x00D2DEDF, 0x00D1DFDF, 0x00D0DDDE, 0x00CEDBDB, 0x00CFDCDC, 0x00D0DDE2, 0x00CDDADB, 0x00D2DDDF,
    0x00D2DDDD, 0x00D0DCDE, 0x00D3DFE0, 0x00CEDADE, 0x00CCDADC, 0x00CDDADC, 0x00CFDCDF, 0x00D0DADA, 0x00CFDBDD,
    0x00CED8D9, 0x00CDD8D8, 0x00D2DDDF, 0x00CEDBDA, 0x00D0DADB, 0x00CCD7D7, 0x00CFDADD, 0x00D1DCDE, 0x00D1DDDF,
    0x00D2DEE2, 0x00D0DCDE, 0x00D2DFE4, 0x00D1DEE0, 0x00D2E0E3, 0x00D0DCDD, 0x00CEDADC, 0x00CFDBDD, 0x00CEDADC,
    0x00CCDADC, 0x00CEDADD, 0x00CDD9DD, 0x00CCDADC, 0x00CEDDDF, 0x00C9D9DD, 0x00CAD9DE, 0x00CAD8DA, 0x00C9D8D9,
    0x00CEDADA, 0x00CFDBDC, 0x00CFDADC, 0x00D1DDDE, 0x00D2DDDF, 0x00D1DCDC, 0x00D0DADB, 0x00CAD8D8, 0x00CEDADC,
    0x00C9DCE0, 0x00CAD9DA, 0x00CBD7D9, 0x00CFDADC, 0x00CBD9DC, 0x00D1DDDF, 0x00D1DDDE, 0x00CDD8D8, 0x00CDD8D8,
    0x00CFDCDF, 0x00CCD9DB, 0x00CBD8DA, 0x00CCD7D9, 0x00CAD5D8, 0x00CCD6D7, 0x00CCD6D9, 0x00CAD7D8, 0x00CCD7DA,
    0x00CCD9DA, 0x00CAD6D8, 0x00CBD7D9, 0x00CCD8D9, 0x00CAD6D6, 0x00CDD9D9, 0x00CDD8D9, 0x00CFDBDD, 0x00CCD9D9,
    0x00CDDADB, 0x00CCD7D8, 0x00CDD9DA, 0x00CEDADB, 0x00CCD9DA, 0x00CFDDDE, 0x00C9D8D9, 0x00CBD7D7, 0x00CCD8D9,
    0x00CCD9DB, 0x00CEDCDE, 0x00C9D6D7, 0x00C9D7D9, 0x00CCDADC, 0x00CBD8DA, 0x00D0DCDD, 0x00C0C7C6, 0x00BDC0BC,
    0x00BDC0BB, 0x00BABCB6, 0x00BBBDB9, 0x00B6B7B2, 0x00B8B9B3, 0x00BEC1BB, 0x00BCBEBA, 0x00BEC2BD, 0x00BFC3C0,
    0x00C5CAC7, 0x00C6CBCA, 0x00BEC6C4, 0x00C4CFD0, 0x00CBD8D8, 0x00CDDBDD, 0x00D0DDDF, 0x00CCD9DB, 0x00CDD9DB,
    0x00CBDADB, 0x00C9D7D8, 0x00CCD7D8, 0x00CBD8DA, 0x00CCDADC, 0x00CCD8DC, 0x00CCD9DA, 0x00CEDADB, 0x00CFD9DB,
    0x00CDD8DA, 0x00CED9D9, 0x00CEDBDD, 0x00CCD7D8, 0x00CFDBDD, 0x00CDD9DA, 0x00CFDBDC, 0x00D1DADD, 0x00D0DBDD,
    0x00CED9DA, 0x00CDDCE0, 0x00CEDCDE, 0x00D0DBDE, 0x00CCD7D9, 0x00CFDBDE, 0x00CED9DC, 0x00D0DDDF, 0x00CED8D9,
    0x00CED7D7, 0x00CDD6D7, 0x00CED9DA, 0x00CFDAD9, 0x00D1DCDD, 0x00D2DFE1, 0x00CCD9D9, 0x00CFDBDC, 0x00CDD8DB,
    0x00CCD8D9, 0x00D0DADA, 0x00CFD8DA, 0x00D0DADB, 0x00CAD9DA, 0x00CCD7D7, 0x00CAD5D6, 0x00CBD6D7, 0x00CBD8D9,
    0x00CAD6D7, 0x00CFDADB, 0x00CCD8D9, 0x00CBD6D7, 0x00CCD7D9, 0x00CCD8D9, 0x00CED7DA, 0x00CBD7D7, 0x00CBD6D7,
    0x00CED9D9, 0x00CBD6D7, 0x00CCD7D9, 0x00CCD9DC, 0x00CBD5D3, 0x00CBD5D5, 0x00D0DADC, 0x00CCD7D9, 0x00CCD7D8,
    0x00CCD8DA, 0x00CDD9D9, 0x00CCD8D8, 0x00C8D6D9, 0x00C7D4D4, 0x00CAD7D9, 0x00CBD7D8, 0x00CAD5D5, 0x00C8D4D6,
    0x00C7D6D8, 0x00C8D3D6, 0x00C9D4D5, 0x00CBD4D4, 0x00CAD6D6, 0x00CED8DA, 0x00CAD6D8, 0x00CBD6D6, 0x00CBD6D8,
    0x00CFDDDE, 0x00CEDADC, 0x00CDD9DB, 0x00CFDBDA, 0x00D1DBDE, 0x00D0DADC, 0x00CCD8D9, 0x00CEDADA, 0x00CDD9DA,
    0x00CCD9DA, 0x00CDD9DA, 0x00CCD8DA, 0x00CCD9D9, 0x00CCD9DB, 0x00CCD9DB, 0x00CEDBDC, 0x00CFDBDD, 0x00CDD9DC,
    0x00CFDCDC, 0x00CED8DA, 0x00CCD9DA, 0x00CCD9D8, 0x00CFD9DA, 0x00D1E0E3, 0x00D0DEE0, 0x00D2DFE1, 0x00D0DDE0,
    0x00CDD9DB, 0x00CDDBDE, 0x00CCDADC, 0x00D0DDDF, 0x00CAD9DA, 0x00CAD9DB, 0x00CEDADC, 0x00CAD8DA, 0x00C9D8DA,
    0x00CAD8DB, 0x00CED9DA, 0x00C9D8D9, 0x00C9D8D8, 0x00C2D3D5, 0x00C7D8DB, 0x00C8D6D9, 0x00CAD9DC, 0x00C9D4D4,
    0x00CDD8D9, 0x00CCD8DA, 0x00CCD8D8, 0x00CCD8DB, 0x00CEDADD, 0x00CAD7DA, 0x00CCD9DB, 0x00CCD9DB, 0x00CEDBDE,
    0x00CFDBDD, 0x00CCD8D9, 0x00CED9DB, 0x00CDD8DB, 0x00CBDADC, 0x00CEDBDC, 0x00CFDBDD, 0x00CAD7D7, 0x00CFDBDD,
    0x00D0DCDE, 0x00CDD8D8, 0x00CCD8D8, 0x00CDD9DB, 0x00CDDADA, 0x00D1DCDE, 0x00CFDBDC, 0x00CFDBDC, 0x00CFDCDC,
    0x00D3DFE2, 0x00D1DDDE, 0x00CAD7D7, 0x00CEDADC, 0x00CDD9DB, 0x00D1DDE0, 0x00CDD9DA, 0x00CAD7D8, 0x00CEDADC,
    0x00D1DCDE, 0x00CEDBDC, 0x00D4DFE2, 0x00CFDBDC, 0x00D0DBDD, 0x00D0DBDC, 0x00CCD8D7, 0x00D0DCDD, 0x00CBD7D9,
    0x00CFDADD, 0x00CFDCDE, 0x00D2DEDF, 0x00D0DBDE, 0x00CEDADC, 0x00CEDCDE, 0x00CFDADA, 0x00D0DBDE, 0x00D3DFE0,
    0x00D4DEDF, 0x00D3DFE0, 0x00D2DCDC, 0x00D2DDDF, 0x00D1DCDC, 0x00D2DEE0, 0x00D0DCDE, 0x00D2DFE0, 0x00D2DEE0,
    0x00D3DEE0, 0x00D2DCDE, 0x00D0DCDE, 0x00D3DFE1, 0x00CFDBDD, 0x00D2DFE1, 0x00D0DCDE, 0x00D1DCDF, 0x00CFDBDC,
    0x00CCD8D8, 0x00D3DDE0, 0x00D2DEDF, 0x00D2DEDF, 0x00D2DEDF, 0x00D2DEE2, 0x00D0DBDE, 0x00D0DCDE, 0x00D0DCDF,
    0x00CFDADA, 0x00CDD8D8, 0x00D0DCDF, 0x00D0DDDF, 0x00CFD9DA, 0x00CFD8D8, 0x00CDD8D8, 0x00D0DADB, 0x00CCDADD,
    0x00C9D7DA, 0x00CCDADB, 0x00D0DADC, 0x00CFDBDB, 0x00D2DDE1, 0x00D3DFE2, 0x00D3E0E0, 0x00CFDADC, 0x00D1DDDF,
    0x00D2E0E2, 0x00D0DCDE, 0x00CFDCDD, 0x00D1DEDF, 0x00D2DFE0, 0x00D3DEE0, 0x00D4E0E3, 0x00D0DEE0, 0x00D0DEDF,
    0x00D1DDE0, 0x00D2E0E2, 0x00D2E0E3, 0x00CDD8DA, 0x00CEDBDD, 0x00CDDCDF, 0x00C9D6D7, 0x00CDDCDE, 0x00CDDADC,
    0x00CDDADD, 0x00C9D7D9, 0x00CCDADB, 0x00CEDBDD, 0x00CEDADB, 0x00CCD9DB, 0x00CBD8DA, 0x00CFDCDF, 0x00CFDADB,
    0x00D2DCDD, 0x00D0DADC, 0x00CDD9D9, 0x00CEDFE1, 0x00CCD9DA, 0x00CDDADD, 0x00CCD9DB, 0x00CADBDE, 0x00CBDADD,
    0x00C9D9DA, 0x00CEDBDE, 0x00CFDBDA, 0x00CDDADB, 0x00CAD7D7, 0x00CBD8DA, 0x00CAD7DB, 0x00C6D9DC, 0x00CAD8DB,
    0x00CDD9DC, 0x00CBD6D6, 0x00CBD6D9, 0x00CDD9DB, 0x00CBD8D9, 0x00CAD8D9, 0x00CBD8D8, 0x00CDD9DB, 0x00CDD9DA,
    0x00CEDADB, 0x00CBD7D7, 0x00CFDBDC, 0x00D0DBDE, 0x00CDDADB, 0x00CFDADD, 0x00CEDBDC, 0x00CEDBDC, 0x00CEDADC,
    0x00CBD7D7, 0x00CAD6D8, 0x00CAD6D7, 0x00CBD8D8, 0x00CBD9DB, 0x00C9D8DA, 0x00CAD8DA, 0x00CAD9DC, 0x00CEDEE0,
    0x00CCD9DD, 0x00CDDADC, 0x00C0C8C5, 0x00BDC0BC, 0x00BCBEBA, 0x00BABCB8, 0x00B4B7B2, 0x00BABBB6, 0x00B9BDB7,
    0x00BABCB7, 0x00BBBCB7, 0x00BBBCB7, 0x00BCBDB9, 0x00BBBDB8, 0x00C2C4C1, 0x00C1C6C3, 0x00C3C8C4, 0x00BCC1BF,
    0x00B8C0C0, 0x00C3D0D3, 0x00CFDEE1, 0x00D1DEE1, 0x00CFDDE0, 0x00CAD7D9, 0x00CAD8DA, 0x00C8D8DC, 0x00CDDADC,
    0x00CEDADB, 0x00CCDBDD, 0x00CFDDDF, 0x00CFD8D9, 0x00CFD9DB, 0x00D0DBDA, 0x00CFDCDE, 0x00CEDBDC, 0x00CFD9D9,
    0x00CFDBDE, 0x00CDD9DA, 0x00CFDADB, 0x00CFDADB, 0x00CDD8D9, 0x00D0DADA, 0x00CDDADD, 0x00CEDADD, 0x00CDD9DB,
    0x00CFDBDC, 0x00D1DFE1, 0x00CCD8D9, 0x00D1DFE1, 0x00CDD9DB, 0x00D0DCDD, 0x00CEDADB, 0x00D1DCDE, 0x00CED9D9,
    0x00D0DADC, 0x00CEDADB, 0x00CDD9DA, 0x00CDD8DB, 0x00CFDCDE, 0x00CDDCDD, 0x00CFD9D9, 0x00D0DADB, 0x00CED9DA,
    0x00CDD8D9, 0x00CCD7D8, 0x00CED9D9, 0x00CDD6D8, 0x00CCD8DA, 0x00CFD9DA, 0x00CFD9DA, 0x00CDD8D8, 0x00CCD8D8,
    0x00CBD6D7, 0x00C8D3D4, 0x00CBD6D9, 0x00CAD6D7, 0x00CCD7D7, 0x00CDD8D8, 0x00CFDADC, 0x00CDD9DA, 0x00CAD4D5,
    0x00CAD5D5, 0x00CCD6D7, 0x00CCD6D7, 0x00CAD6D7, 0x00C9D5D6, 0x00CBD6D7, 0x00CBD5D7, 0x00C8D3D2, 0x00CAD5D6,
    0x00C9D6D8, 0x00CAD4D4, 0x00CDD9D9, 0x00CAD5D7, 0x00CDD9DA, 0x00CBD6D7, 0x00CAD6D8, 0x00C7D2D2, 0x00CAD5D6,
    0x00C9D7D9, 0x00CBD8D9, 0x00CCD9D9, 0x00CAD8D8, 0x00CEDADC, 0x00CCD9DB, 0x00CBD8D9, 0x00D1DDDE, 0x00D1DEDE,
    0x00CED9D9, 0x00D1DEE0, 0x00D3E0E3, 0x00D0DCDF, 0x00CDD9DA, 0x00CED9DA, 0x00CFDCDE, 0x00CFDCDD, 0x00C9D7D7,
    0x00CAD7D9, 0x00CFDADC, 0x00CFDCDD, 0x00CFDBDB, 0x00CDDADC, 0x00C9D6D5, 0x00CDD9DA, 0x00CDD8DA, 0x00CCD7D8,
    0x00CBD8D9, 0x00D2E1E5, 0x00CFDEE0, 0x00D0DBDE, 0x00CFDDE0, 0x00CCD9D9, 0x00CCDBDD, 0x00CCD9DB, 0x00C7D8DB,
    0x00CAD9DC, 0x00D1DEDF, 0x00CDD9DC, 0x00CBD7D9, 0x00CBD7D9, 0x00CCD8DA, 0x00CCD9DB, 0x00CDDADC, 0x00CEDCDE,
    0x00C6D4D7, 0x00C6D5D7, 0x00CBD8DA, 0x00C9D6DA, 0x00CDD9D9, 0x00CBD7D8, 0x00CCD8DA, 0x00CFD9DB, 0x00CDDBDD,
    0x00CBD8DA, 0x00CCDADC, 0x00CFDDE1, 0x00CDDBDC, 0x00CEDBDD, 0x00D0DCDF, 0x00D0DCDE, 0x00CDD8DA, 0x00CFDBDD,
    0x00CDDDE2, 0x00CFDCDD, 0x00CFDCDD, 0x00D0DDDF, 0x00CDDADB, 0x00D0DDDE, 0x00CEDBDB, 0x00CCD9D9, 0x00D0DDDF,
    0x00D0DDDE, 0x00D1DDDE, 0x00D1DEDF, 0x00D2DFE2, 0x00D0DEDE, 0x00D4E2E6, 0x00D3E0E3, 0x00CCD9DA, 0x00CFDCDE,
    0x00CFDCDE, 0x00CFDADD, 0x00CEDADC, 0x00CFDADC, 0x00CFDADA, 0x00D2DEE2, 0x00D4E1E3, 0x00D1DEE0, 0x00CEDADA,
    0x00CFD9DA, 0x00D0DADD, 0x00D4DFE0, 0x00CDD8D9, 0x00CFDADB, 0x00CFDBDD, 0x00CCD9DA, 0x00CFDBDD, 0x00CFDCDE,
    0x00CEDADB, 0x00CFDCDF, 0x00D3DEDF, 0x00D2DEDF, 0x00D4DEE0, 0x00D2DEDF, 0x00D3DFE0, 0x00D5DFE0, 0x00D3DEE0,
    0x00D4E0E1, 0x00D3E0E2, 0x00D4E0E2, 0x00D3DFE1, 0x00D3E0E1, 0x00D6E2E5, 0x00D2DEDE, 0x00D1DEE0, 0x00D3E0E1,
    0x00D0DDDF, 0x00CEDDE1, 0x00CFDCDE, 0x00D0DCDE, 0x00CFDBDC, 0x00D0DEE0, 0x00D4E0E3, 0x00D6E3E6, 0x00D3DFE1,
    0x00D4E1E4, 0x00D0DDDD, 0x00D1DEDF, 0x00CEDBDC, 0x00CEDBDC, 0x00CDDADB, 0x00CEDADB, 0x00CAD6D6, 0x00CCD7D7,
    0x00CDD8D8, 0x00D2DEE1, 0x00CDDADA, 0x00CDDADE, 0x00CBD9DD, 0x00CFDDE0, 0x00D2DDDE, 0x00D1DDE0, 0x00CFDDDF,
    0x00D0DCDE, 0x00D1DEE0, 0x00CEDCDF, 0x00D1DFE2, 0x00CFDDE0, 0x00D0DDDF, 0x00D3E0E4, 0x00D2DFE2, 0x00D4E1E4,
    0x00D5E1E5, 0x00D5E2E6, 0x00D4E1E4, 0x00D3E0E3, 0x00D3E0E3, 0x00D1E0E2, 0x00D2E0E2, 0x00D2E0E4, 0x00CFDCDD,
    0x00D1DEE1, 0x00CEDBDD, 0x00CFDADD, 0x00CDDADB, 0x00CDD9DC, 0x00D0DCDE, 0x00CFDADD, 0x00CCD9DA, 0x00CEDBDD,
    0x00D0DBDE, 0x00CDDBDC, 0x00CCD8D8, 0x00D0DCDF, 0x00D1DBDD, 0x00D0DBDC, 0x00D1DCDE, 0x00CFDADC, 0x00D1DDDF,
    0x00CEDBDD, 0x00D0DCDE, 0x00CFDBDE, 0x00C8D8DC, 0x00CDDBDE, 0x00CEDCDD, 0x00CFDBDD, 0x00C9D7D9, 0x00C4D6DA,
    0x00C2D5DB, 0x00CBDADD, 0x00C9D9DC, 0x00CBD9DD, 0x00C4D8DC, 0x00CAD5D7, 0x00CDD9DA, 0x00CCD9DA, 0x00CBD6D7,
    0x00CAD5D5, 0x00CFDBDD, 0x00CEDADC, 0x00CEDBDC, 0x00CFDADC, 0x00CFDBDD, 0x00CDD9DB, 0x00CFDADC, 0x00CFDCDC,
    0x00D0DCDD, 0x00D0DDDF, 0x00CDDADA, 0x00CFDBDD, 0x00D0DCDE, 0x00CDDADC, 0x00CBD7D9, 0x00CDD9DB, 0x00CDD8D9,
    0x00CEDBDD, 0x00CDDBDE, 0x00CEDCDF, 0x00C9D7D9, 0x00CDDBDE, 0x00C9D4D5, 0x00BCC1BD, 0x00BBBEBA, 0x00B9BAB5,
    0x00BBBDB8, 0x00B8BCB9, 0x00B8BAB4, 0x00BBBCB6, 0x00BDBFBB, 0x00BABBB6, 0x00BBBCB7, 0x00BBBBB6, 0x00BBBCB6,
    0x00C0C1BE, 0x00C1C3BF, 0x00C0C3BE, 0x00C3C7C4, 0x00C3C8C6, 0x00C0C4C1, 0x00BBC0BD, 0x00C2C9C9, 0x00CDDADC,
    0x00CCDBDD, 0x00CEDBDE, 0x00CDDBDE, 0x00C7D5D7, 0x00D0DCDF, 0x00CFDBDC, 0x00D1DCDF, 0x00D0DCDD, 0x00D0DBDB,
    0x00D1DEE2, 0x00CEDBDF, 0x00CEDADE, 0x00CEDCDD, 0x00CDDBDE, 0x00CEDBDD, 0x00D1DCDD, 0x00CCDADC, 0x00CDDCDF,
    0x00CFDCDD, 0x00CFDBDE, 0x00CEDEE0, 0x00CDDADC, 0x00CFDCDD, 0x00CFDBDD, 0x00CEDCDD, 0x00CEDADC, 0x00D1DDE0,
    0x00D0DDDD, 0x00CFDCDE, 0x00CFDCDC, 0x00D2DFE2, 0x00CEDADD, 0x00CFDBDD, 0x00CFDADA, 0x00CDD8D9, 0x00CED9DA,
    0x00CCD7D9, 0x00CED7DA, 0x00CDD8D8, 0x00CFDADB, 0x00CFDADB, 0x00CDD8D9, 0x00CBD7D7, 0x00CCD8D9, 0x00D0D9DB,
    0x00CED9DA, 0x00CED9DB, 0x00CED9DA, 0x00C9D6D8, 0x00CED9DB, 0x00CFDADC, 0x00CCD7D6, 0x00CAD6D7, 0x00CBD5D6,
    0x00CCD7DA, 0x00CCD8DA, 0x00CFDADA, 0x00D1DADC, 0x00CBD6D5, 0x00CDD8D9, 0x00CDD8D8, 0x00CAD5D6, 0x00CDD6D7,
    0x00CCD6D7, 0x00C9D4D5, 0x00CCD7D8, 0x00CEDBDB, 0x00CBD4D3, 0x00CBD3D2, 0x00CCD5D5, 0x00C9D3D3, 0x00CCD8D9,
    0x00CCD6D6, 0x00CAD3D3, 0x00CAD3D3, 0x00CBD6D6, 0x00CCD8DA, 0x00CBD7D8, 0x00CCD8DA, 0x00CBD7D8, 0x00CEDBDC,
    0x00CBD7D8, 0x00CBD8D9, 0x00CCD9DB, 0x00CFDBDD, 0x00CEDADC, 0x00CFDBDB, 0x00D0DDDE, 0x00D0DBDD, 0x00D2E0E2,
    0x00CCD9DB, 0x00CEDBDD, 0x00CFDCDD, 0x00CFDBDE, 0x00CBD8DA, 0x00CCDBDC, 0x00CCD8DA, 0x00D0DCDD, 0x00CEDBDC,
    0x00CEDADC, 0x00CBD7DA, 0x00CAD7D8, 0x00CBD7D9, 0x00CBD7DA, 0x00CBD7DA, 0x00D2E2E5, 0x00D2DFE2, 0x00CEDCDE,
    0x00CBDBDE, 0x00CCD8DA, 0x00D0DDDF, 0x00CEDBDE, 0x00CBDADF, 0x00D1DEE1, 0x00CAD8DB, 0x00CCD9DA, 0x00CBDADB,
    0x00CEDCDE, 0x00C8D7D8, 0x00CBD9DB, 0x00CEDBDD, 0x00CEDADD, 0x00CBD9DA, 0x00CBD8D9, 0x00CAD8DA, 0x00C9D7D8,
    0x00CEDADC, 0x00CDD8DB, 0x00C5D6D8, 0x00CDD8DA, 0x00CEDDE0, 0x00CCD9DB, 0x00CCD8DB, 0x00CEDDE0, 0x00CAD8DB,
    0x00CDDADD, 0x00CDDBDD, 0x00CDDEE1, 0x00D0DCDC, 0x00CFDCDF, 0x00CFDCDF, 0x00D1DFE2, 0x00CFDCE0, 0x00D1DEE1,
    0x00CDD9DA, 0x00CEDADD, 0x00D3E1E3, 0x00D0DEE0, 0x00CEDBDC, 0x00CFDBDC, 0x00D4E0E2, 0x00CEDCDF, 0x00D3DFE3,
    0x00D4E1E4, 0x00CEDCDE, 0x00CEDBDD, 0x00CBD8D8, 0x00CDDADB, 0x00D1DDDF, 0x00CFDCDE, 0x00CFDBDD, 0x00D3DFE1,
    0x00D0DCDC, 0x00D3DFE2, 0x00D0DCDF, 0x00CEDBDD, 0x00D0DBDD, 0x00CEDADB, 0x00D1DCDE, 0x00CEDADB, 0x00D2DEDF,
    0x00D2DEDF, 0x00D1DDDF, 0x00D3DFE0, 0x00D2DEE1, 0x00D2DFE1, 0x00D4DFE1, 0x00D1DDE1, 0x00D3DDDE, 0x00D2DEE1,
    0x00D4E0E2, 0x00D4DFE0, 0x00D4E0E2, 0x00D3DEDE, 0x00D3E0E2, 0x00D5E2E3, 0x00D0DDE0, 0x00D3DFE2, 0x00D3E0E2,
    0x00D3E0E2, 0x00D5E1E5, 0x00D1DFE0, 0x00D6E3E5, 0x00D3E0E2, 0x00D1DEE1, 0x00D3DEE2, 0x00D4E1E3, 0x00D2DFE1,
    0x00D2E0E5, 0x00CDDBE0, 0x00D3E1E3, 0x00D3E1E3, 0x00D5E4E7, 0x00D3E2E4, 0x00D0DEE1, 0x00D2E0E3, 0x00D1DEE0,
    0x00D0DFE2, 0x00D0DEE0, 0x00CFDCDF, 0x00CEDCDD, 0x00CFD9DA, 0x00CCD8D9, 0x00D0DCDF, 0x00CDD9DB, 0x00C9D7DA,
    0x00CFDCDF, 0x00D0DDE0, 0x00D1DDE1, 0x00CEDADB, 0x00CFDCE0, 0x00D1DDE0, 0x00D0DEE1, 0x00D0DFE2, 0x00D1DEE1,
    0x00D0DFE1, 0x00D3DFE3, 0x00D2E0E3, 0x00D1DDDF, 0x00D3E0E4, 0x00D0DDDE, 0x00D7E4E8, 0x00D5E1E4, 0x00D2E0E1,
    0x00D1DEE1, 0x00D1DFE3, 0x00D2DEE1, 0x00D5E1E4, 0x00D3DFE1, 0x00D0DDE0, 0x00D1DFE3, 0x00D3E1E3, 0x00CEDBDE,
    0x00CEDBDE, 0x00CDDCDD, 0x00CDDADD, 0x00CDD9DC, 0x00CDD8DA, 0x00CCD7D8, 0x00CBD9DB, 0x00CEDADB, 0x00D1DCDE,
    0x00D0DCDE, 0x00D1DDDE, 0x00D0DCDE, 0x00D0DDDE, 0x00CAD7D9, 0x00CEDBDC, 0x00D0DDDF, 0x00CBDADD, 0x00CAD8DA,
    0x00CCD9DB, 0x00CDD9DD, 0x00CBD9DB, 0x00CBD9DC, 0x00C1D4D9, 0x00C5D7DC, 0x00C7D9DE, 0x00CCDDE1, 0x00CEDBDE,
    0x00CBDADE, 0x00C8D8DD, 0x00CBD9DD, 0x00CBD7D8, 0x00CCD6D8, 0x00CBD8D8, 0x00D0DCDE, 0x00D0DCDE, 0x00CFDCDE,
    0x00CFDBDC, 0x00D1DEE0, 0x00CFDCDD, 0x00D0DEE0, 0x00D0DDDE, 0x00CFDCDC, 0x00CFDCDE, 0x00D1DDDE, 0x00D1DDDF,
    0x00CEDADC, 0x00CDDBDD, 0x00CDDBDC, 0x00CBD9DA, 0x00CFDDDE, 0x00CEDCDE, 0x00CEDCDC, 0x00CBD9DD, 0x00C9D8DA,
    0x00C1C8C7, 0x00B9BEB9, 0x00BCBFBC, 0x00B8B8B3, 0x00B6B6B0, 0x00B9BAB5, 0x00BDC0BB, 0x00BCBEB7, 0x00BDBFB9,
    0x00BEC0BB, 0x00BEC0BC, 0x00C1C3BE, 0x00C0C2BC, 0x00BFC2BC, 0x00C3C5C1, 0x00C2C6C1, 0x00C3C7C4, 0x00C2C7C3,
    0x00C5CAC7, 0x00C4CAC7, 0x00C4C8C5, 0x00BBC0BC, 0x00C0C6C5, 0x00CAD6D6, 0x00CEDBDC, 0x00CDD9DC, 0x00D1DDE0,
    0x00CFDCDE, 0x00D2DEDF, 0x00D1DDDF, 0x00D0DDDF, 0x00D0DDE0, 0x00D1DCDE, 0x00CFDADB, 0x00CDDADA, 0x00CFDBDD,
    0x00CEDBDE, 0x00CCDADA, 0x00CEDBDD, 0x00D1DDDF, 0x00D0DCDF, 0x00D0DDDF, 0x00CFDCDE, 0x00CFDCDE, 0x00CEDADC,
    0x00CEDBDE, 0x00CFDBDE, 0x00D0DCE0, 0x00D0DDDF, 0x00D2DFE1, 0x00CFDCDE, 0x00CEDBDC, 0x00D0DDDE, 0x00CFDBDD,
    0x00D0DDE0, 0x00CFDCDE, 0x00D1DDDF, 0x00CED9DA, 0x00CCD7D9, 0x00CEDADB, 0x00CED9DA, 0x00CED9D9, 0x00CED9DB,
    0x00CFD9DC, 0x00CDD9DA, 0x00CFDBDB, 0x00CBD6D6, 0x00CDDADC, 0x00CEDBDC, 0x00CCD8D9, 0x00CEDADB, 0x00CFDADA,
    0x00CFDADB, 0x00C9D5D6, 0x00C7D3D4, 0x00C8D4D4, 0x00CCD5D8, 0x00CCD6D7, 0x00CDD7D7, 0x00CED8DA, 0x00CDD7D8,
    0x00CAD6D4, 0x00CCD6D8, 0x00CCD4D5, 0x00CAD4D4, 0x00CAD4D3, 0x00C9D5D5, 0x00C6D2D1, 0x00CDD9DA, 0x00CBD7D9,
    0x00CCD7D7, 0x00CBD4D4, 0x00C7D5D8, 0x00CCD8D8, 0x00CCD8D9, 0x00CBD6D6, 0x00C8D3D3, 0x00CFDCDD, 0x00CBD8D7,
    0x00CAD5D7, 0x00CBD7D8, 0x00C9D6D9, 0x00CAD7D9, 0x00C9D4D4, 0x00C9D4D4, 0x00CAD4D5, 0x00C9D5D5, 0x00CEDBDD,
    0x00CFDBDC, 0x00CEDADB, 0x00CFDBDC, 0x00D1DBDE, 0x00CDDADB, 0x00CFDBDC, 0x00CEDBDC, 0x00CBD8D9, 0x00CFDBDD,
    0x00CFDBDE, 0x00CBD8D9, 0x00CEDCDC, 0x00CBD9DB, 0x00CDDADB, 0x00CEDEE1, 0x00CAD8DC, 0x00D0DDDE, 0x00CBD8DA,
    0x00CEDADB, 0x00CFDBDD, 0x00D1E0E3, 0x00D0DEE2, 0x00CDDBDD, 0x00C9D9DD, 0x00CDDBDD, 0x00D0DDE1, 0x00CFDCDF,
    0x00CFDCDE, 0x00D0DDDF, 0x00CEDBDE, 0x00CBD9DA, 0x00CAD7D9, 0x00CDDCDE, 0x00CDDBDC, 0x00C7D6D8, 0x00CAD7D9,
    0x00D0DBDD, 0x00CCD9DB, 0x00CDDADC, 0x00C8D7D9, 0x00CBD9DB, 0x00C9D7DA, 0x00CEDCDF, 0x00CDDCDE, 0x00CBD8DB,
    0x00CCD9DC, 0x00CEDDE0, 0x00CDDBDD, 0x00CCD9DC, 0x00CBD8D9, 0x00CEDBDE, 0x00CEDBDE, 0x00CEDCE0, 0x00CFDDE0,
    0x00CCDBDE, 0x00D0DFE3, 0x00CFDEE1, 0x00CFDDE0, 0x00CEDCDE, 0x00CEDADB, 0x00D0DDE0, 0x00CFDCDD, 0x00CFDDDF,
    0x00D1DFE0, 0x00D0DEE0, 0x00D4E1E4, 0x00D2DFE2, 0x00D0DDDF, 0x00D3E1E4, 0x00D2DFE2, 0x00CFDCDF, 0x00CFDBDC,
    0x00CFDCDE, 0x00D0DCDF, 0x00CFDBDE, 0x00CEDBDC, 0x00D0DDE0, 0x00D0DDDF, 0x00D2DEE0, 0x00D1DDE0, 0x00D0DBDD,
    0x00D0DBDD, 0x00D2DCDE, 0x00CFDADB, 0x00D2DDDF, 0x00D3DFE1, 0x00D3DFE1, 0x00D2DEE1, 0x00D2DEE0, 0x00D4E1E3,
    0x00D2DFE1, 0x00D3E0E4, 0x00D3E0E2, 0x00D2DFE2, 0x00D3E0E3, 0x00D3E0E4, 0x00D2DFE2, 0x00D3DFE2, 0x00D4E0E2,
    0x00D1DEE1, 0x00D6E3E6, 0x00D5E3E5, 0x00D6E3E6, 0x00D8E5E9, 0x00D6E3E6, 0x00D5E2E5, 0x00D5E2E6, 0x00D4E1E5,
    0x00D3E0E4, 0x00D4E3E6, 0x00D3E1E4, 0x00D3E0E2, 0x00D3E0E3, 0x00D3E1E3, 0x00D2E0E2, 0x00D4E1E4, 0x00D3E1E4,
    0x00D2E0E3, 0x00D2E0E3, 0x00D2E0E4, 0x00D1DFE3, 0x00D3DFE3, 0x00D2E0E2, 0x00D1DEE0, 0x00D2DEE1, 0x00D3E0E3,
    0x00D1DEE1, 0x00D2E0E2, 0x00D2DEE0, 0x00D1DEE0, 0x00D0DDDE, 0x00D1DEE1, 0x00D0DFE3, 0x00CFDDE2, 0x00D1DDDE,
    0x00D0DEE1, 0x00D2DEE1, 0x00D2E1E4, 0x00D2E0E3, 0x00D1DFE3, 0x00CEDEE2, 0x00D1DFE2, 0x00D0DEE0, 0x00D4E2E5,
    0x00D3E1E5, 0x00D3E0E1, 0x00D3E0E3, 0x00D2DFE1, 0x00D2DFE1, 0x00D1DEE0, 0x00CFDBDC, 0x00D1DDDF, 0x00D3DFE3,
    0x00D1DFE2, 0x00D1DEE1, 0x00D0DCDF, 0x00D0DDE0, 0x00CFDCDE, 0x00CEDDE1, 0x00CCDDE0, 0x00CFDBDE, 0x00CBD9DB,
    0x00CCDCE0, 0x00CCDBDE, 0x00CCD9DD, 0x00CEDCDF, 0x00D1DEE2, 0x00CFDBDC, 0x00D1DDDF, 0x00D0DCDE, 0x00CFDDDF,
    0x00CFDCDE, 0x00CFDCDE, 0x00CEDCE0, 0x00CDDEE0, 0x00CBDBDD, 0x00CEDBDE, 0x00CCDADD, 0x00CCDADC, 0x00CADDE3,
    0x00CEDDE0, 0x00CDDCE0, 0x00CEDDE0, 0x00CFDCDF, 0x00D0DEE0, 0x00D2DEE1, 0x00D2DEE0, 0x00CFDBDD, 0x00CFDBDB,
    0x00CED9DB, 0x00CDDADA, 0x00D1DBDD, 0x00CFDCDF, 0x00D1DEE1, 0x00D1DDDF, 0x00CFDDE0, 0x00CEDCDE, 0x00D1DEE1,
    0x00D0DDDF, 0x00D2DDDE, 0x00D0DCDE, 0x00D1DDDF, 0x00CFDCDD, 0x00CEDCDC, 0x00CBDCDF, 0x00CFDEE0, 0x00CFDDDF,
    0x00CFDEE1, 0x00D0DEE1, 0x00CDDDDF, 0x00CCD8DA, 0x00C0C6C4, 0x00BDC0BD, 0x00BABEB9, 0x00B9BCB8, 0x00BABCB8,
    0x00BCBFBA, 0x00BEC1BC, 0x00C0C4C0, 0x00C1C5C0, 0x00C0C1BC, 0x00BDBEB8, 0x00C1C3BF, 0x00C3C7C3, 0x00C5C9C5,
    0x00C6CCC9, 0x00C4CAC7, 0x00C4CAC6, 0x00C5CAC6, 0x00C4CAC6, 0x00C7CECB, 0x00C9CECC, 0x00C3C9C6, 0x00BFC4C1,
    0x00BFC4C1, 0x00BFC5C2, 0x00C5CECF, 0x00C9D5D6, 0x00D0DDDF, 0x00D1DDDF, 0x00D2DDDF, 0x00D1DCDD, 0x00D2DFE2,
    0x00D2DFE2, 0x00D1DDDE, 0x00CFDBDD, 0x00D1DEDE, 0x00D0DCDF, 0x00CDDADC, 0x00D0DDDF, 0x00CFDDDE, 0x00D1DEE0,
    0x00D0DDDF, 0x00D0DCDE, 0x00CEDCDE, 0x00CEDBDD, 0x00CEDBDE, 0x00CFDDE0, 0x00D1DFE1, 0x00D1DEDF, 0x00D3E0E3,
    0x00D1DEE0, 0x00D2DFE2, 0x00D2DFE2, 0x00D3E0E1, 0x00D2DFE1, 0x00D4E0E3, 0x00D0DCDE, 0x00D2DEDF, 0x00CFDADC,
    0x00CEDDE0, 0x00CEDCDD, 0x00D0DBDD, 0x00D0DADA, 0x00CFDADC, 0x00D2DEDF, 0x00CEDADA, 0x00CFDADB, 0x00CCD9D9,
    0x00CFDCDE, 0x00CEDADC, 0x00CEDBDC, 0x00CFDBDD, 0x00CDD9DB, 0x00CBD7D8, 0x00CED9DB, 0x00CEDADB, 0x00CCD9DA,
    0x00CBD6D7, 0x00CEDADA, 0x00CDD9DA, 0x00CDD8D9, 0x00CDDADC, 0x00CCD8D7, 0x00CDD6D7, 0x00CCD8DA, 0x00C9D8DA,
    0x00CAD7D8, 0x00CAD4D6, 0x00C9D5D5, 0x00CAD6D7, 0x00CAD6D8, 0x00CAD6D7, 0x00CBD6D7, 0x00CBD8DA, 0x00CCD7D9,
    0x00CAD5D7, 0x00CCD9DB, 0x00CBD8D9, 0x00CCD8D9, 0x00CBD6D7, 0x00CBD7D8, 0x00CCD8DA, 0x00CCD7D9, 0x00C9D6D8,
    0x00CAD6D7, 0x00CAD7D8, 0x00CCD8DA, 0x00CCD9DA, 0x00CDD9DA, 0x00CDD8D9, 0x00CDD9D9, 0x00CED9DA, 0x00CDD9DB,
    0x00CDDADB, 0x00D5E0E2, 0x00CFDDDD, 0x00CEDBDB, 0x00CEDADC, 0x00CDDADC, 0x00CFDBDD, 0x00CBD9DB, 0x00CDDCDE,
    0x00CED9DA, 0x00CEDBDD, 0x00CFDBDC, 0x00CEDBDD, 0x00CEDADB, 0x00D0DCDE, 0x00D0DCDE, 0x00D1E0E2, 0x00CEDADD,
    0x00CCD9DB, 0x00CCD9DA, 0x00CBD9DB, 0x00CFDBDE, 0x00D0DDDF, 0x00D0DDDF, 0x00D1DDE0, 0x00CDDADB, 0x00CED9DB,
    0x00CAD6D7, 0x00CEDBDD, 0x00C7D4D6, 0x00C2CECE, 0x00CBD7D9, 0x00D3DEE0, 0x00D2DEDF, 0x00CFDCDF, 0x00C7D6D8,
    0x00CCDADB, 0x00C8D8DA, 0x00CEDBDF, 0x00C7D6D9, 0x00C9D7D8, 0x00CCD9DC, 0x00CEDDE0, 0x00CBD8DA, 0x00CFDBDE,
    0x00C9D6D6, 0x00CFDBDE, 0x00D1DFE2, 0x00CFDCDF, 0x00D3E0E4, 0x00CEDEE2, 0x00D1DFE3, 0x00CFDEE2, 0x00CFDFE4,
    0x00CFDEE1, 0x00D4E1E3, 0x00D0DEE1, 0x00CFDDDF, 0x00CFDCDE, 0x00CFDCDE, 0x00D0DEDE, 0x00D3DFE3, 0x00D5E3E4,
    0x00D0DDDF, 0x00CFDDE0, 0x00D2E1E4, 0x00CFDCDC, 0x00D3E0E3, 0x00D0DCDE, 0x00CFDBDC, 0x00D2E0E3, 0x00CEDCE0,
    0x00D2DEE2, 0x00D0DCDE, 0x00D5E2E4, 0x00D2DFE1, 0x00D3DFE3, 0x00D5E0E1, 0x00D1DDDF, 0x00D1DCDE, 0x00D2DDE0,
    0x00D2DFE1, 0x00D3E0E3, 0x00D3E0E3, 0x00D2DEE0, 0x00D3E1E4, 0x00D2DEE0, 0x00D4E0E4, 0x00D3DFE2, 0x00D1DCDD,
    0x00D3DEDF, 0x00D4E0E2, 0x00D0DDDF, 0x00D3DFE0, 0x00D2E0E3, 0x00D6E3E4, 0x00D4E3E6, 0x00D9E7EB, 0x00D8E5E9,
    0x00D8E6EB, 0x00D4E2E7, 0x00D7E5EA, 0x00D5E3E8, 0x00D4E3E6, 0x00D6E4E8, 0x00D1E0E3, 0x00D3E2E7, 0x00D4E5E8,
    0x00D5E4E8, 0x00D1E1E4, 0x00D6E4E8, 0x00D5E3E6, 0x00D6E4E7, 0x00D1DEE2, 0x00D3E2E6, 0x00D1DFE3, 0x00D1DFE3,
    0x00D2DEE3, 0x00D1DFE2, 0x00D3E0E4, 0x00D3E0E3, 0x00D3E0E4, 0x00D4E0E3, 0x00D3E0E4, 0x00D3E2E5, 0x00CFDCDF,
    0x00D2DFE2, 0x00D0DCDE, 0x00CEDEE4, 0x00CFDCE0, 0x00CFDDDF, 0x00D2DFE4, 0x00D0DEE2, 0x00D3E0E5, 0x00D2E0E4,
    0x00D0DFE3, 0x00CFDDE0, 0x00D1E0E3, 0x00D0DFE2, 0x00D6E4E8, 0x00D5E1E4, 0x00D3E0E3, 0x00D3E1E3, 0x00D2DDE0,
    0x00D1DFE2, 0x00D6E3E6, 0x00CFDBDF, 0x00D2DEE1, 0x00D0DCDF, 0x00D0DDE0, 0x00D0DDE0, 0x00D2DFE1, 0x00D4E2E5,
    0x00D2DEE1, 0x00CDDADF, 0x00CDDCE0, 0x00CFDCDE, 0x00CFDCDE, 0x00CDDADC, 0x00CDDADD, 0x00CDDADB, 0x00D0DCDE,
    0x00D0DCE1, 0x00D2DFE2, 0x00D1DEE2, 0x00D0DEE0, 0x00CEDCDE, 0x00D1DEDF, 0x00D2E0E3, 0x00CCDBDE, 0x00CDDDE1,
    0x00CEDCE0, 0x00CCDCE1, 0x00CBDBDE, 0x00CFDCE1, 0x00CEDFE5, 0x00D1E0E3, 0x00D1DEE3, 0x00CFDEE3, 0x00D1E0E3,
    0x00CCDBDC, 0x00CFDCE0, 0x00D4E1E3, 0x00D1DEE0, 0x00D5E2E4, 0x00CFDEE1, 0x00D1DEE0, 0x00D2DFE1, 0x00CFDEE0,
    0x00CCDCDF, 0x00CCDBDE, 0x00CDDCDE, 0x00CEDCDF, 0x00CEDCDF, 0x00D1DFE2, 0x00D2E0E2, 0x00D2DFE0, 0x00D2DFE3,
    0x00CEDCDF, 0x00D3E0E2, 0x00D0DEE1, 0x00CDDCE2, 0x00D0DFE2, 0x00CFE0E3, 0x00CEDFE2, 0x00CAD4D4, 0x00C0C3C0,
    0x00BABEB9, 0x00BCBFBA, 0x00BBBDB8, 0x00B9BCB8, 0x00BDBFBC, 0x00C1C4C1, 0x00C3C5C1, 0x00C0C4BF, 0x00C5C8C5,
    0x00BFC3BE, 0x00C1C6C1, 0x00C0C5C0, 0x00C2C6C1, 0x00C6CBC9, 0x00C6CCC9, 0x00C9CFCC, 0x00C9CECC, 0x00C9CECC,
    0x00C8CDCA, 0x00C9CFCC, 0x00C6CBC9, 0x00C7CDCA, 0x00C4C9C6, 0x00C7CCC9, 0x00C0C4C1, 0x00B9BDB8, 0x00C3C7C5,
    0x00C4D0CF, 0x00D4E2E4, 0x00D3E2E5, 0x00D1DEE0, 0x00D6E3E5, 0x00D1DDE0, 0x00D2E0E2, 0x00D0DCDE, 0x00D1DFE1,
    0x00D4E0E3, 0x00D2E1E3, 0x00CEDCDE, 0x00D2DFE2, 0x00CEDCDF, 0x00D1DEE0, 0x00CFDEE1, 0x00CFDFE2, 0x00CFDFE2,
    0x00D2E2E5, 0x00D1DEE1, 0x00D1DDE0, 0x00D2DEE1, 0x00D0DDDF, 0x00D5E2E5, 0x00D4DFE3, 0x00D1DEE1, 0x00D2E0E3,
    0x00D6E3E6, 0x00D5E0E4, 0x00D3E0E1, 0x00D0DBDD, 0x00CED9DA, 0x00D0DBDD, 0x00CED9DC, 0x00D0DADD, 0x00CFDADB,
    0x00D2DDDD, 0x00CFDBDD, 0x00CFDBDC, 0x00D0DDDE, 0x00CDDADB, 0x00CEDADC, 0x00CCD9DA, 0x00CDDADC, 0x00D0DBDD,
    0x00CDDBDD, 0x00C8D6D6, 0x00CDD8D9, 0x00CDD8DA, 0x00CDD9DA, 0x00CED8DA, 0x00CEDADB, 0x00CEDADB, 0x00D0DBDD,
    0x00CED9DA, 0x00CFD9DA, 0x00CED9D8, 0x00CDD9D9, 0x00CDD7D9, 0x00CBD6D7, 0x00CBD7D9, 0x00CAD6D7, 0x00CBD6D9,
    0x00CAD8D9, 0x00C8D4D5, 0x00CBD6D8, 0x00CAD7D8, 0x00CAD6D7, 0x00CBD8DA, 0x00CCD9DB, 0x00CEDCDD, 0x00CCD9DA,
    0x00CCD9DB, 0x00CCDADB, 0x00CDD9DC, 0x00CBD6D7, 0x00CAD6D6, 0x00CAD5D7, 0x00CAD7D9, 0x00CDDADC, 0x00CEDBDD,
    0x00CDD8DA, 0x00CCD7D7, 0x00CCD8DB, 0x00CFDCDD, 0x00CDDDE1, 0x00CFE0E5, 0x00D0DCDE, 0x00D2DEE1, 0x00D0DCDE,
    0x00CDDBDB, 0x00D0DDDF, 0x00CEDBDE, 0x00CCD8DA, 0x00CFDBDD, 0x00CDDADC, 0x00CDD9DB, 0x00D0DCDE, 0x00D1DDDF,
    0x00CFDCDC, 0x00CFDBDD, 0x00D5E2E4, 0x00CDDEE0, 0x00D3E1E5, 0x00CFDCDF, 0x00CFDBDD, 0x00CFDBDE, 0x00CBDADC,
    0x00D3DFE1, 0x00D4E1E3, 0x00D1E0E2, 0x00D0DDDE, 0x00CFDBDE, 0x00CEDBDC, 0x00CCD7D9, 0x00C3CBCC, 0x00C9D5D5,
    0x00CBD8D8, 0x00CDD9DD, 0x00CFDBDE, 0x00D2DEE1, 0x00D3DFE2, 0x00CCDBDD, 0x00CADADC, 0x00CDDCDF, 0x00CCDBDE,
    0x00CCD9DB, 0x00C8D8DC, 0x00CCD9DC, 0x00CFDCDE, 0x00CEDBDE, 0x00CEDCDD, 0x00D1DEE1, 0x00CAD9DB, 0x00D1DFE2,
    0x00D1DEE3, 0x00CEDDE0, 0x00D0DFE3, 0x00CDDDE1, 0x00CEDDE3, 0x00D2E1E5, 0x00CFDEE1, 0x00D1E0E4, 0x00D1DFE2,
    0x00D1DEE0, 0x00D0DDDF, 0x00D3E1E3, 0x00D2DFE2, 0x00D1DFE0, 0x00D1DFE2, 0x00D1DFE1, 0x00D3E0E3, 0x00D0DDDF,
    0x00D6E2E6, 0x00D2DEE0, 0x00D3DFE2, 0x00D3DFE1, 0x00CEDCDE, 0x00D4E0E3, 0x00D3E1E3, 0x00D4E0E4, 0x00D1DEE0,
    0x00D5E1E4, 0x00D3E0E3, 0x00D4DFE0, 0x00D3DFE2, 0x00D1DBDC, 0x00D3DEE1, 0x00D3DEE0, 0x00D5E1E4, 0x00D3E1E5,
    0x00D4E3E5, 0x00D3DFE2, 0x00D6E2E5, 0x00D2DFE2, 0x00D4E1E3, 0x00D5E2E6, 0x00D5E3E5, 0x00D5E0E3, 0x00D5E2E4,
    0x00D6E3E6, 0x00D5E3E5, 0x00D6E3E6, 0x00D7E4E8, 0x00D3E3E6, 0x00D2E1E4, 0x00D4E3E8, 0x00D7E6EC, 0x00D6E6EC,
    0x00D9E8EC, 0x00D4E4E9, 0x00D4E4E8, 0x00D2E2E9, 0x00D2E1E4, 0x00D2E2E7, 0x00D2E2E5, 0x00D6E5E8, 0x00D4E3E7,
    0x00D2E2E6, 0x00D4E3E6, 0x00D4E4E7, 0x00D1DEE2, 0x00CFDDE0, 0x00D2DFE2, 0x00D0DEE2, 0x00D2DEE2, 0x00D2E0E3,
    0x00CEDDDF, 0x00D2E0E3, 0x00D2DFE4, 0x00D3E1E4, 0x00D1DFE0, 0x00D3E2E6, 0x00CEDDE1, 0x00D1DFE2, 0x00D4E1E3,
    0x00D4E1E5, 0x00D5E2E5, 0x00D4E2E5, 0x00D4E1E4, 0x00D1DFE3, 0x00CFDEE2, 0x00CDDBDE, 0x00D3E2E8, 0x00D1E1E4,
    0x00D2E0E3, 0x00D0DEE1, 0x00D1DEE0, 0x00D3E1E3, 0x00D2DEE0, 0x00D7E4E7, 0x00D1DEE1, 0x00CCD8D9, 0x00D3E1E3,
    0x00CFDFE3, 0x00D2E2E6, 0x00D3E2E4, 0x00D4E2E4, 0x00D2DFE3, 0x00D2DFE2, 0x00D0DFE3, 0x00C7DBE0, 0x00D0DEE2,
    0x00CFDFE2, 0x00D1E0E4, 0x00D0E1E7, 0x00D0DFE2, 0x00D1DEE0, 0x00D0DEE2, 0x00CEDFE2, 0x00CFDCDE, 0x00D0DDE0,
    0x00D2E0E2, 0x00D0DCE0, 0x00D0DFE2, 0x00CEDCDF, 0x00D0DEE3, 0x00D0E0E3, 0x00CFDEE1, 0x00CFDEE2, 0x00CFDEE2,
    0x00CDDDE0, 0x00D0DFE3, 0x00D2E0E4, 0x00D0DFE1, 0x00D0DEE2, 0x00D0DEE0, 0x00D4E1E4, 0x00D4E0E2, 0x00D3E1E2,
    0x00D1DFE1, 0x00D2DFE0, 0x00D2DEE1, 0x00D0DEE0, 0x00D1DEE1, 0x00D2DFE2, 0x00D2E0E3, 0x00D0DFE2, 0x00D0DFE1,
    0x00D2E0E3, 0x00D3E1E2, 0x00D2E1E6, 0x00D2E3E8, 0x00D0DFE0, 0x00CFDEE1, 0x00CEDFE4, 0x00D1E2E5, 0x00D1E0E4,
    0x00D1E2E6, 0x00CFDDE0, 0x00C8D0CF, 0x00C2C7C5, 0x00BEC3BE, 0x00BBBEBB, 0x00BBBEBC, 0x00BEC1BE, 0x00BEC1BE,
    0x00C1C4C0, 0x00C4C7C4, 0x00C5C9C5, 0x00C5CAC6, 0x00C2C6C3, 0x00BEC2BD, 0x00BCBEBB, 0x00C0C4BF, 0x00C0C6C1,
    0x00C7CBC9, 0x00C8CDCB, 0x00C9CFCD, 0x00C9CFCD, 0x00CBD0CF, 0x00CBD1CF, 0x00C7CDCA, 0x00C4C8C4, 0x00C4C8C5,
    0x00C6CCC8, 0x00C8CBCA, 0x00C6CCC9, 0x00C1C6C2, 0x00C0C3C0, 0x00C2C5C1, 0x00C7D0D0, 0x00D1DEE0, 0x00D7E4E6,
    0x00D7E3E7, 0x00D1DFE2, 0x00D5E2E4, 0x00D3E0E3, 0x00D5E0E4, 0x00D4E1E5, 0x00CFDDE1, 0x00CEDADA, 0x00CED8DB,
    0x00CEDCDD, 0x00D2E0E2, 0x00CFDEE0, 0x00D1DFE2, 0x00D5E3E6, 0x00D0DFE3, 0x00D2E0E3, 0x00D4E1E4, 0x00D2DEE0,
    0x00D2DEDF, 0x00D2E0E3, 0x00D3E1E3, 0x00D4E1E4, 0x00D2DFE1, 0x00D5E2E5, 0x00D5E2E5, 0x00D6E4E7, 0x00D3E1E4,
    0x00CFDDDE, 0x00C9DADF, 0x00CFDDDF, 0x00CFDEE2, 0x00D3DEE0, 0x00D2DDE0, 0x00CFDBDD, 0x00CFDADD, 0x00CEDADB,
    0x00D0DBDD, 0x00D0DCDE, 0x00CDDBDC, 0x00CDDADB, 0x00CFDADC, 0x00CCD8DB, 0x00CEDADB, 0x00CBD8D9, 0x00CFDADC,
    0x00CEDADB, 0x00CFDADD, 0x00D0DBDD, 0x00CEDADB, 0x00CEDADB, 0x00D0DBDC, 0x00CED9DC, 0x00D1DADC, 0x00CED9DC,
    0x00CFDADC, 0x00CAD7D7, 0x00CBD8D8, 0x00CED9DB, 0x00CDD9D9, 0x00CDD8DA, 0x00CBD7D9, 0x00C9D6D6, 0x00CAD7D9,
    0x00CAD7D8, 0x00CCD9DB, 0x00CCD9DB, 0x00CAD8DA, 0x00CCD8DA, 0x00CCDADC, 0x00CCD8D9, 0x00CBD8DA, 0x00CBD8D8,
    0x00CDD7D9, 0x00CCD7D7, 0x00CDD6D7, 0x00CCD8D9, 0x00CDD9DB, 0x00CDD8D9, 0x00CFDBDD, 0x00D0DADC, 0x00D0DADC,
    0x00CFDADC, 0x00D2E0E2, 0x00D2DEE0, 0x00D0DCDD, 0x00CFDBDE, 0x00D2E0E2, 0x00D0DDE0, 0x00CEDBDD, 0x00CFDCDF,
    0x00CDDADB, 0x00CEDBDD, 0x00CEDBDD, 0x00CFDCDD, 0x00D2DEE2, 0x00D1DEE0, 0x00D0DEE1, 0x00D1E0E2, 0x00D2E1E4,
    0x00D0DFE3, 0x00CDDCE0, 0x00CEDBDD, 0x00D2DFE1, 0x00D1DFE1, 0x00D6E1E3, 0x00D0DDE0, 0x00D0DDE1, 0x00CEDBDE,
    0x00D2E0E1, 0x00D2DEE0, 0x00CEDCDD, 0x00C6D1D1, 0x00CEDADD, 0x00CFDADC, 0x00CBD7D8, 0x00CDDADC, 0x00CCD9DC,
    0x00D0DDDF, 0x00CDDBDC, 0x00D1DEE0, 0x00D0DDE0, 0x00CFDDE0, 0x00CFDCDF, 0x00CDDDE2, 0x00D0DEE0, 0x00D3E0E3,
    0x00D2DFE1, 0x00CFDDE1, 0x00D2DFE3, 0x00D2E1E4, 0x00D1E0E4, 0x00D2E0E3, 0x00CEDDE0, 0x00D2E1E6, 0x00D1DFE3,
    0x00D3E2E6, 0x00D3E2E8, 0x00CFDFE3, 0x00D3E1E5, 0x00D0E0E5, 0x00D3E2E5, 0x00D5E4E7, 0x00D2E0E3, 0x00D3E0E3,
    0x00D4E1E4, 0x00D4E2E7, 0x00D0DEDF, 0x00D2DFE2, 0x00D1DFE2, 0x00D5E2E4, 0x00D5E3E6, 0x00D6E3E6, 0x00D0DDE1,
    0x00D1DEE1, 0x00D3E0E4, 0x00D3E0E3, 0x00D5E2E5, 0x00D3E0E1, 0x00D5E2E5, 0x00D3E0E3, 0x00D2DEE1, 0x00D1DEE0,
    0x00D2DEE1, 0x00D3E0E3, 0x00D0DFE2, 0x00D0E0E2, 0x00D2E2E6, 0x00D3E1E5, 0x00D5E3E6, 0x00D6E3E6, 0x00D2E0E2,
    0x00D5E3E7, 0x00D4E1E4, 0x00D6E3E6, 0x00D5E5E8, 0x00D7E5EA, 0x00D6E5E8, 0x00D7E5E9, 0x00D8E7EB, 0x00CBD9DC,
    0x00CAD8DB, 0x00D3E3E8, 0x00D8E7EE, 0x00D6E7EC, 0x00D8E8EE, 0x00D6E6EC, 0x00D5E5EB, 0x00D4E5EA, 0x00D2E4EA,
    0x00D5E5EA, 0x00D5E4EA, 0x00D6E5E9, 0x00D1E1E6, 0x00D1E2E7, 0x00D1E0E6, 0x00D7E6EB, 0x00D3E4E9, 0x00D6E4E7,
    0x00D5E4E8, 0x00D2E0E5, 0x00D2E0E5, 0x00D0DEE1, 0x00D2E0E3, 0x00D3E0E3, 0x00D3E2E4, 0x00D3E1E4, 0x00D7E4E9,
    0x00CFDBDC, 0x00D0DDDF, 0x00D3DFE2, 0x00D2E0E2, 0x00D5E1E4, 0x00D4E0E3, 0x00D4DFE2, 0x00D3DFE1, 0x00D6E3E8,
    0x00D6E3E7, 0x00D4E2E6, 0x00D1E1E4, 0x00D2E1E6, 0x00D4E4E9, 0x00D4E2E4, 0x00D4E2E7, 0x00D1E0E3, 0x00D2DEE1,
    0x00D3E0E2, 0x00D6E4E8, 0x00D4E3E6, 0x00D1DEE1, 0x00D3E0E4, 0x00D1DEE1, 0x00D3E2E7, 0x00D1E0E3, 0x00D5E3E8,
    0x00D5E2E5, 0x00D4E0E3, 0x00D3DFE3, 0x00D3E0E2, 0x00CFDDE1, 0x00CCDBE0, 0x00CFE0E4, 0x00CEDDE1, 0x00CEDDE2,
    0x00CDDCE1, 0x00CCDCE0, 0x00CCDDE1, 0x00CFDCDF, 0x00CFE0E5, 0x00D2E1E4, 0x00D0DDE1, 0x00D2E0E3, 0x00CFDEE2,
    0x00CFDFE2, 0x00CEDEE1, 0x00D2E1E7, 0x00D0E0E5, 0x00CDDCDF, 0x00D0DFE3, 0x00D0E0E3, 0x00D6E5EB, 0x00D3E2E6,
    0x00D2E0E4, 0x00D4E1E3, 0x00D5E0E4, 0x00D3DFE2, 0x00D0DDDE, 0x00D2DEE0, 0x00D3DFE0, 0x00D5E1E3, 0x00D3E0E1,
    0x00D5E1E5, 0x00D3E0E3, 0x00D3E1E4, 0x00D5E2E5, 0x00D4E2E3, 0x00D3E1E3, 0x00D2E0E4, 0x00D5E4E8, 0x00D6E4E8,
    0x00D3E3E8, 0x00D3E2E7, 0x00D1E1E6, 0x00D2E3E8, 0x00D0DFE1, 0x00CAD3D3, 0x00C3C8C5, 0x00C4C9C6, 0x00C3C7C5,
    0x00BDC1BD, 0x00B9BDB8, 0x00BDC0BC, 0x00BDC0BC, 0x00BDC1BD, 0x00BEC2BD, 0x00C3C7C4, 0x00C3C6C3, 0x00C0C4BF,
    0x00C0C4C0, 0x00C3C6C2, 0x00C2C7C4, 0x00C1C6C4, 0x00C3C8C6, 0x00C5CAC8, 0x00C6CBC9, 0x00C5CBC8, 0x00C6CAC8,
    0x00C5CAC6, 0x00C8CDCB, 0x00C9CECC, 0x00C4CAC6, 0x00C6CBC9, 0x00CBD0CE, 0x00C9CFCD, 0x00C9CFCC, 0x00CACFCC,
    0x00C9CECC, 0x00C9CBC9, 0x00BFC4C1, 0x00CEDBDD, 0x00D9E5E8, 0x00D6E3E6, 0x00D5E2E5, 0x00D3E0E3, 0x00D2E0E3,
    0x00CEDBDD, 0x00C8D0CE, 0x00C1C7C4, 0x00C1C5C1, 0x00C4C7C6, 0x00C5CAC7, 0x00C6CECE, 0x00CFDCDE, 0x00D2E1E4,
    0x00D3E2E6, 0x00D2E1E4, 0x00D4E1E4, 0x00D7E5E8, 0x00D4E1E4, 0x00D2DFE1, 0x00D6E5E7, 0x00D2E1E3, 0x00D4E2E5,
    0x00D5E2E5, 0x00D3E2E4, 0x00D3E1E3, 0x00D4E2E4, 0x00D2E1E3, 0x00D1DFE0, 0x00CDDBDE, 0x00D0DCDE, 0x00D2DFE2,
    0x00D1DEE2, 0x00D0DFE2, 0x00D0DCDD, 0x00D0DBDC, 0x00CFDBDD, 0x00CCD9DB, 0x00CEDBDD, 0x00CFDBDC, 0x00D0DCDE,
    0x00D2DEE1, 0x00D1DDDE, 0x00CFDADC, 0x00CBD7D9, 0x00CADADD, 0x00CEDCDE, 0x00D0DBDD, 0x00CDDADD, 0x00CFDBDD,
    0x00CFDBDD, 0x00CAD8DA, 0x00CEDADB, 0x00CCDBDD, 0x00CCD9D9, 0x00D0DADD, 0x00CBD7D8, 0x00C9D6D9, 0x00CAD7D8,
    0x00CAD9DB, 0x00CFDADC, 0x00CAD6D7, 0x00C8D4D6, 0x00CDDADC, 0x00CAD8DA, 0x00CBD7DA, 0x00C8D5D7, 0x00CAD7D8,
    0x00CCD9DB, 0x00CCD8DB, 0x00CDDADA, 0x00CEDEE0, 0x00CDDBDD, 0x00CEDADA, 0x00CAD6D8, 0x00CBD7D9, 0x00CBD7D7,
    0x00D0DCDE, 0x00CFDBDE, 0x00CEDADB, 0x00CFDBDC, 0x00D1DCDF, 0x00D1DDDF, 0x00D1DCDD, 0x00D1DDDF, 0x00D4DFE1,
    0x00CDDADB, 0x00CFDCDE, 0x00D0DCDF, 0x00CFDCDF, 0x00CFDBDD, 0x00CCDADB, 0x00CCDADD, 0x00D0DCDE, 0x00D3DFE0,
    0x00CFDBDD, 0x00D2DEE0, 0x00D1DDE0, 0x00D0DEE0, 0x00D0E1E4, 0x00D2E3E7, 0x00CEDCDF, 0x00D0DCDF, 0x00CAD8DA,
    0x00D2DEE1, 0x00D5E1E3, 0x00D3DEE0, 0x00D1E5EA, 0x00D0DFE1, 0x00CFDCDD, 0x00CFDBDE, 0x00CEDBDD, 0x00CFDDDE,
    0x00D0DEE0, 0x00CEDCDD, 0x00CFDDDF, 0x00D0DDE0, 0x00D0DDDE, 0x00CFDBDF, 0x00D0DDDF, 0x00CDDBDD, 0x00CFDDE0,
    0x00CFDEE1, 0x00D1DFE3, 0x00CEDDE0, 0x00D1DFE2, 0x00CFDDE0, 0x00D0DEE1, 0x00D3E0E3, 0x00D2E0E5, 0x00D4E3E6,
    0x00D1DFE4, 0x00D0E0E5, 0x00CFDEE1, 0x00D3E3E7, 0x00D4E2E7, 0x00D3E3E8, 0x00D3E3E7, 0x00CFDFE3, 0x00D3E2E7,
    0x00D4E3E8, 0x00D4E2E7, 0x00D3E3E8, 0x00D3E3E6, 0x00D1E1E5, 0x00D2E0E4, 0x00D1DFE4, 0x00D2E1E4, 0x00D6E4E8,
    0x00D1DEE0, 0x00D5E1E5, 0x00D1DDE0, 0x00D5E2E5, 0x00D0DDE2, 0x00D2E0E3, 0x00D4E1E5, 0x00D3E0E3, 0x00D1DEE0,
    0x00D2DFE1, 0x00D2DFE2, 0x00D3E0E2, 0x00D3E0E3, 0x00D3E0E2, 0x00D4E1E4, 0x00CFDDE0, 0x00D0DFE4, 0x00D2E0E3,
    0x00D4E1E4, 0x00D6E1E6, 0x00D6E3E6, 0x00D6E3E7, 0x00D5E2E4, 0x00D3E1E4, 0x00D9E6E9, 0x00D5E4E8, 0x00D6E5EA,
    0x00D7E5EA, 0x00D6E5EB, 0x00D8E6EC, 0x00D4E3E6, 0x009FAAAB, 0x00A8B3B4, 0x00C7D4D7, 0x00B1BDBE, 0x00CDDBDE,
    0x00C4D4D9, 0x00CFE1E8, 0x00D2E4EC, 0x00D5E5EB, 0x00B4C5CB, 0x00D3E5E9, 0x00D3E4E9, 0x00D2E2E9, 0x00D2E2E6,
    0x00D5E5E8, 0x00D2E0E5, 0x00C4D3D8, 0x00B6C5C8, 0x00D4E3EA, 0x00D5E4E8, 0x00D6E4E9, 0x00C8D8DE, 0x00CAD9DE,
    0x00D1DFE2, 0x00D4E2E8, 0x00D5E3E5, 0x00D5E2E5, 0x00D5E3E6, 0x00D2E1E5, 0x00D1E0E3, 0x00D4E1E4, 0x00D5E1E5,
    0x00D5E3E7, 0x00D3E2E5, 0x00D7E4E8, 0x00D1E0E2, 0x00D4E1E6, 0x00D2E1E6, 0x00D5E2E8, 0x00D2E1E5, 0x00D7E5E8,
    0x00D7E5E9, 0x00D6E4E9, 0x00D6E4EA, 0x00D4E3E9, 0x00D3E3E7, 0x00D0DDE0, 0x00D6E3E9, 0x00D5E2E6, 0x00D2E0E3,
    0x00CFDCDE, 0x00D1DFE2, 0x00D4E4E9, 0x00D4E2E5, 0x00D1E0E4, 0x00D1E2E7, 0x00D3E2E6, 0x00D5E1E6, 0x00D2DFE3,
    0x00D0DEE2, 0x00CEDCE1, 0x00C9D8DC, 0x00CEDFE2, 0x00CDDCE2, 0x00CFE1E6, 0x00CFDFE3, 0x00CFDEE0, 0x00CEDCE1,
    0x00CDDADD, 0x00CFDEE2, 0x00D1E0E4, 0x00D0E0E4, 0x00D1E1E6, 0x00CEDEE1, 0x00D1E2E8, 0x00CEE1E6, 0x00CEDEE3,
    0x00D1E1E5, 0x00D3E1E6, 0x00D1E1E4, 0x00D6E4E8, 0x00D4E3E7, 0x00D4E2E7, 0x00D6E6EB, 0x00D0DFE3, 0x00D5E5EA,
    0x00D2E1E4, 0x00D2E0E2, 0x00D2E0E3, 0x00D5E3E7, 0x00D3E1E2, 0x00D4E2E5, 0x00D2E2E5, 0x00D7E6E8, 0x00D8E5E8,
    0x00D2E2E5, 0x00D4E3E6, 0x00D4E4E9, 0x00D5E3E7, 0x00D5E5E9, 0x00D8E5E8, 0x00D3E2E6, 0x00D0DFE1, 0x00CFD9DA,
    0x00BFC4C1, 0x00C2C7C4, 0x00BDC1BE, 0x00C0C5C2, 0x00BCC2BE, 0x00C1C6C4, 0x00BABEBC, 0x00BDC1BD, 0x00BABEB9,
    0x00BDC1BB, 0x00C1C5C1, 0x00BEC3BF, 0x00C2C6C3, 0x00C2C6C2, 0x00C0C4BF, 0x00C1C6C1, 0x00C0C4C0, 0x00C3C9C5,
    0x00C3C8C6, 0x00C8CDCA, 0x00C7CCCA, 0x00C7CDC8, 0x00C9CFCD, 0x00C5CAC7, 0x00C4CAC5, 0x00C6CAC7, 0x00C5CAC6,
    0x00C8CCC9, 0x00C9CFCC, 0x00CDD1D0, 0x00CFD2D1, 0x00C6CDCB, 0x00CBD1CF, 0x00CBD1CF, 0x00C3C8C3, 0x00C5CECD,
    0x00CDDBDD, 0x00CFDEE0, 0x00D0DEE0, 0x00D0DEE1, 0x00D0DCDE, 0x00C3C7C4, 0x00C1C4C1, 0x00C0C4BF, 0x00C2C3BF,
    0x00C1C3C0, 0x00C1C6C1, 0x00C0C5C1, 0x00C4C9C8, 0x00CBD6D6, 0x00D3E1E5, 0x00D1E0E3, 0x00D5E3E7, 0x00D5E3E6,
    0x00D5E4E7, 0x00D3E1E3, 0x00D6E4E8, 0x00CEDFE4, 0x00D2E0E7, 0x00D3E1E5, 0x00D1DFE2, 0x00D3E0E3, 0x00D5E2E5,
    0x00D5E2E4, 0x00D2E1E4, 0x00D3E1E4, 0x00D4E1E3, 0x00D4E0E4, 0x00D3E1E5, 0x00D1DFE2, 0x00D4DFE1, 0x00D3DEE1,
    0x00D1DDDE, 0x00CEDCDC, 0x00CFDBDE, 0x00D0DCDE, 0x00CEDBDE, 0x00CDDADC, 0x00D3DFE1, 0x00CEDADD, 0x00D0DBDE,
    0x00CDDADC, 0x00CEDBDE, 0x00CBD8D9, 0x00CEDBDC, 0x00D1DCDF, 0x00D0DDDF, 0x00D0DCDE, 0x00CDDADC, 0x00CBDBDE,
    0x00D0DDE0, 0x00CAD8DA, 0x00C7D5D8, 0x00C3D3D4, 0x00C6D5D9, 0x00CAD8DC, 0x00C6D6D9, 0x00CAD8DA, 0x00CDD9DC,
    0x00CBD9DC, 0x00C7D7DA, 0x00CAD8DC, 0x00CBDBDD, 0x00CCDADA, 0x00CFDBDD, 0x00D0DCDE, 0x00CEDBDB, 0x00CCD8DB,
    0x00CEDADC, 0x00CDDADB, 0x00CDDADB, 0x00CFDDE0, 0x00CEDADA, 0x00CEDADC, 0x00D0DCDE, 0x00CFDCDC, 0x00D2DEDE,
    0x00CDD9DA, 0x00D0DADB, 0x00CFDBDC, 0x00D2DDE0, 0x00CFDBDE, 0x00CFDCDE, 0x00D1DBDE, 0x00D1DEE1, 0x00D2DEE0,
    0x00D1DEE2, 0x00CCDDE1, 0x00D2DFE0, 0x00D2DDDF, 0x00D0DDE0, 0x00D2DFE1, 0x00D1DEDF, 0x00D4E0E4, 0x00D2DFE2,
    0x00D4E2E6, 0x00D1E0E3, 0x00CFDDE0, 0x00CEDBDE, 0x00CCD9DC, 0x00D3DEE2, 0x00D2E0E4, 0x00D3DFE1, 0x00D0E0E5,
    0x00D4E2E4, 0x00D1DDE0, 0x00D1DEE0, 0x00D0DEE0, 0x00D0DFE2, 0x00CFDDE1, 0x00D0DEE1, 0x00CFDDE0, 0x00D3DFE3,
    0x00D2DEE0, 0x00D0DEE1, 0x00D0DDDF, 0x00D0DEDF, 0x00D0DEE1, 0x00D1DFE2, 0x00D4E2E6, 0x00D1E0E3, 0x00D0DDE0,
    0x00D0DEE0, 0x00CFDDE1, 0x00D1E0E4, 0x00D2E0E3, 0x00CFDEE1, 0x00D5E3E6, 0x00D0DFE3, 0x00D2E2E6, 0x00D6E4E8,
    0x00D7E5E9, 0x00D4E4E8, 0x00D2E2E7, 0x00D6E5E9, 0x00D3E3E9, 0x00D2E2E7, 0x00D2E3E7, 0x00D3E2E7, 0x00D2E2E7,
    0x00CFE1E5, 0x00D2E2E7, 0x00D3E2E6, 0x00D1E2E6, 0x00D3E1E7, 0x00D3E1E5, 0x00D4E3E6, 0x00D2E0E3, 0x00D3E1E5,
    0x00D2E1E5, 0x00D5E3E9, 0x00D2E4E8, 0x00D3E4E8, 0x00D4E2E6, 0x00D3E1E5, 0x00D3E0E3, 0x00D6E2E6, 0x00D4E1E5,
    0x00D2E0E2, 0x00D5E3E7, 0x00D4E2E5, 0x00D5E1E6, 0x00D5E2E5, 0x00D7E2E6, 0x00D6E2E5, 0x00D4E1E4, 0x00D6E3E6,
    0x00D6E4E7, 0x00D5E4E8, 0x00D6E4E9, 0x00D7E6EB, 0x00D6E5EA, 0x00CEDDE2, 0x00D1E1E6, 0x00CAD8DD, 0x00B7C3C5,
    0x00B4BFC1, 0x00ACB7B7, 0x00A8B2B1, 0x00A6ADAB, 0x00B3B9B5, 0x00ADB3B1, 0x00B1BDBC, 0x00C1CFD2, 0x00C0CCCC,
    0x00B4BDBC, 0x00C3CDCD, 0x00C6D3D4, 0x00C4D2D5, 0x00C7D6D9, 0x00C9DADE, 0x00C8D9DD, 0x00C1D1D5, 0x00B2BEBE,
    0x00C6D3D3, 0x00C8D4D6, 0x00D1E0E3, 0x00C9DADF, 0x00CBDBDF, 0x00D0E0E4, 0x00D6E5EA, 0x00D4E3E9, 0x00D7E5E9,
    0x00D3E1E4, 0x00D3E1E6, 0x00D6E5E9, 0x00D5E4EA, 0x00D4E3E8, 0x00D4E3E8, 0x00D1E0E3, 0x00D6E5EA, 0x00D0DFE3,
    0x00D3E1E6, 0x00D1DFE3, 0x00D1E1E7, 0x00D3E3E9, 0x00D4E3E8, 0x00D2E1E5, 0x00D1E0E4, 0x00D3E3E9, 0x00D5E5E9,
    0x00D1E2E7, 0x00D3E2E6, 0x00D7E8EE, 0x00D4E4E7, 0x00D4E4E7, 0x00D1DFE2, 0x00D4E4E8, 0x00D5E5E9, 0x00D4E2E5,
    0x00D6E4E8, 0x00D4E3E7, 0x00D1E2E6, 0x00D0E1E6, 0x00D0E2E7, 0x00D2E3E7, 0x00CEDFE2, 0x00CFDCE0, 0x00CEDFE4,
    0x00CFDDE1, 0x00D0DEE2, 0x00CEDCE0, 0x00CDDCDF, 0x00CDDCE1, 0x00CEDCE1, 0x00CEDDE2, 0x00CDDEE2, 0x00D2E1E6,
    0x00D2E3E9, 0x00D1E3E8, 0x00D2E2E7, 0x00CFDFE3, 0x00D2E2E7, 0x00D0E1E6, 0x00D1E1E6, 0x00D1E2E5, 0x00D5E4E9,
    0x00D4E3E7, 0x00D1E1E7, 0x00D0E2E8, 0x00D3E2E6, 0x00D3E3E8, 0x00D2E2E6, 0x00D3E1E6, 0x00D3E2E5, 0x00D3E2E4,
    0x00D5E4E8, 0x00D2E2E4, 0x00D2E1E4, 0x00D6E6E9, 0x00D6E7EB, 0x00D3E3E6, 0x00D4E3E9, 0x00D5E6EA, 0x00D0DDDF,
    0x00C8D1CF, 0x00C4CBC9, 0x00C2C8C6, 0x00C2C8C5, 0x00BEC2BF, 0x00BABCB7, 0x00BCC0BD, 0x00BBBEB9, 0x00BCC0BB,
    0x00BEC2BE, 0x00C0C3C1, 0x00BFC3BF, 0x00BFC3C0, 0x00BFC2BF, 0x00BDC1BD, 0x00C1C5C1, 0x00BFC2BE, 0x00BFC3BF,
    0x00C2C6C3, 0x00C3C8C4, 0x00BFC5C1, 0x00C5CAC8, 0x00C5CBC8, 0x00C5CAC7, 0x00C6CBC9, 0x00C6CCC8, 0x00C8CDCA,
    0x00C6CBC8, 0x00C7CDCB, 0x00C9CFCC, 0x00C8CDCA, 0x00C4C9C5, 0x00C7CBC8, 0x00CBD1CE, 0x00CBD1CF, 0x00CED3D1,
    0x00CED3D1, 0x00CED3D1, 0x00CCD2D0, 0x00CACFCC, 0x00C1C7C3, 0x00C1C7C6, 0x00C3CBC9, 0x00C8D2D2, 0x00C9D0CF,
    0x00C4C9C7, 0x00C3C5C1, 0x00BFC2BE, 0x00BEC0BB, 0x00BFC0BC, 0x00BFC1BC, 0x00BDC0BB, 0x00C0C3BF, 0x00BDC3C0,
    0x00C1C7C4, 0x00C8D0CF, 0x00D0DDDE, 0x00D4E2E5, 0x00D6E6E8, 0x00D7E5E8, 0x00D2E3E8, 0x00D6E4E8, 0x00D5E3E7,
    0x00D2E1E6, 0x00D4E2E5, 0x00D4E2E5, 0x00D6E4E7, 0x00D5E3E6, 0x00D5E3E6, 0x00D2E1E4, 0x00D4E2E5, 0x00D4E2E4,
    0x00D4E1E4, 0x00D2E2E5, 0x00D2E1E4, 0x00D5E1E3, 0x00D2DFE1, 0x00D3DFE1, 0x00D1DEE1, 0x00CFDDE0, 0x00CFDCDE,
    0x00CAD8DB, 0x00CFDCDF, 0x00CEDCDF, 0x00CEDBDD, 0x00C9D8DB, 0x00D0DDE0, 0x00D2DEE1, 0x00D0DDDE, 0x00CFDDDE,
    0x00D0DDE0, 0x00D0DDE0, 0x00D1DDE1, 0x00CFDCDC, 0x00CFDCDD, 0x00CEDCDE, 0x00CFDDDE, 0x00CEDCDD, 0x00CCD9DA,
    0x00CCDADB, 0x00CCD9DA, 0x00CAD8D9, 0x00C9D8DC, 0x00CBDADF, 0x00C9DBE0, 0x00CBD9DC, 0x00CBDADF, 0x00C9DBDF,
    0x00CFDBDD, 0x00CFDCDE, 0x00CFDADC, 0x00CEDBDC, 0x00CDDADB, 0x00CEDBDD, 0x00D0DBDD, 0x00CFDBDD, 0x00CFDBDB,
    0x00CDDADA, 0x00D2DDE0, 0x00D0DDDE, 0x00D1DDDF, 0x00D1DDDD, 0x00D0DBDD, 0x00D2DFE2, 0x00CED9DA, 0x00D0DADC,
    0x00CFDBDC, 0x00CFDCDE, 0x00CFDCDD, 0x00CDDCDE, 0x00D1DDE0, 0x00D0DEE2, 0x00CFDFE4, 0x00CFE0E3, 0x00D1DEE2,
    0x00D0DDDE, 0x00D3DFE3, 0x00D2DEE1, 0x00D1DEE0, 0x00D1DEE2, 0x00D0DEE1, 0x00D2DFE2, 0x00D0DFE3, 0x00CDDFE3,
    0x00CDDCE0, 0x00CDDADD, 0x00CDDCE1, 0x00D2E1E4, 0x00D7E4E8, 0x00D1DEE0, 0x00D1E0E2, 0x00D1E0E5, 0x00D1E0E4,
    0x00D1DFE4, 0x00D1DFE3, 0x00D6E4E8, 0x00D2E1E4, 0x00D2DFE3, 0x00D2E0E5, 0x00D6E3E5, 0x00D5E2E5, 0x00D6E3E6,
    0x00D1DFE2, 0x00D0DEE2, 0x00D5E3E8, 0x00D9E7EC, 0x00D1E0E4, 0x00D3E2E7, 0x00D0DFE2, 0x00D4E3E6, 0x00D8E6EA,
    0x00D2E1E4, 0x00D3E2E6, 0x00D7E6EA, 0x00D7E5E8, 0x00D7E5E8, 0x00D7E5EB, 0x00D5E4E9, 0x00D7E5EA, 0x00D5E5EB,
    0x00D4E4E9, 0x00D4E4E8, 0x00D7E5EB, 0x00D3E3E9, 0x00D1E1E7, 0x00CFE1E5, 0x00D0E1E5, 0x00CFE1E7, 0x00CFE1E5,
    0x00D1E1E7, 0x00D5E4E8, 0x00D4E4E9, 0x00D1E2E6, 0x00D0E1E5, 0x00CCDCE1, 0x00D2E4EA, 0x00D3E5EA, 0x00D2E4E9,
    0x00D5E5EB, 0x00D3E3E7, 0x00D5E5EA, 0x00D6E4E6, 0x00D4E3E7, 0x00D7E4E8, 0x00D4E2E5, 0x00D3E2E5, 0x00D7E7EA,
    0x00D4E3E7, 0x00D4E4E8, 0x00D5E4E8, 0x00D5E2E4, 0x00D8E7EC, 0x00D8E8ED, 0x00D5E5EB, 0x00D9E8EE, 0x00DAEAEF,
    0x00CFDFE4, 0x00ACB8BC, 0x00B1BDC2, 0x00B0BBBD, 0x00A3ACAB, 0x00B3BCBB, 0x00B1BABA, 0x00A0A8A7, 0x00A1A8A5,
    0x00B4B8B5, 0x00B5BAB6, 0x00B5BAB4, 0x00B3B8B5, 0x00B2B6B1, 0x00B2B7B2, 0x00BBBDB8, 0x00BABEBA, 0x00A3A6A3,
    0x00AFB4B0, 0x00B6BDBB, 0x00B4BCB8, 0x00B3BBB8, 0x00ADB3B1, 0x00AFB5B3, 0x00B0B7B5, 0x00BAC2C2, 0x00B7C2C3,
    0x00B3BFBF, 0x00BECACC, 0x00D0E0E5, 0x00D3E2E7, 0x00D4E4E9, 0x00D1E2E6, 0x00D8E7EB, 0x00D3E2E8, 0x00D1E1E6,
    0x00D3E3E8, 0x00D7E7EA, 0x00D6E5EB, 0x00D2E3E8, 0x00D3E3E6, 0x00D4E5EA, 0x00D4E4EA, 0x00D2E4EA, 0x00D1E3E8,
    0x00D3E2E8, 0x00CFE0E5, 0x00D2E3E8, 0x00D5E4E9, 0x00D3E4E9, 0x00D8E7EC, 0x00D3E3E7, 0x00D5E4EB, 0x00D4E5EB,
    0x00D2E4EA, 0x00D3E3E7, 0x00D5E4E9, 0x00D4E5E9, 0x00D5E5EA, 0x00D3E4E9, 0x00D4E3E8, 0x00D2E1E6, 0x00D1E0E6,
    0x00D4E3E7, 0x00D5E4EA, 0x00D3E4E8, 0x00D1E0E4, 0x00D2E3E6, 0x00CFDFE4, 0x00CDDCE0, 0x00CDDCE1, 0x00CBDBE0,
    0x00CCDEE3, 0x00CFDFE3, 0x00CDDDE1, 0x00CCDDE1, 0x00D0E0E5, 0x00D1E1E7, 0x00D2E2E7, 0x00D5E4EA, 0x00D5E5E9,
    0x00D1E2E7, 0x00D2E3E7, 0x00D2E1E7, 0x00D1E3E7, 0x00D6E5EB, 0x00D1E2E7, 0x00D5E3E7, 0x00D4E3E8, 0x00D4E2E8,
    0x00D3E2E7, 0x00D3E3E6, 0x00D5E4E8, 0x00D4E5E9, 0x00D1E2E6, 0x00D4E3E8, 0x00D4E5E8, 0x00D6E6EA, 0x00D6E6EA,
    0x00D7E7EC, 0x00D7E9ED, 0x00D5E4E9, 0x00CDD6D6, 0x00BEC2BF, 0x00BEC2BC, 0x00C0C2BF, 0x00BBBEB9, 0x00BEC0BB,
    0x00BDBFBC, 0x00B9BCB6, 0x00BEBFBC, 0x00BDC2BD, 0x00C5C9C5, 0x00BDC2BD, 0x00C2C6C3, 0x00BCBFBA, 0x00BEC2BF,
    0x00BFC4BE, 0x00BEC2BE, 0x00C2C5C2, 0x00BCC0BB, 0x00C0C4BF, 0x00C1C7C4, 0x00C4C9C8, 0x00C0C5C3, 0x00C4CAC8,
    0x00C6CCCA, 0x00C8CDCB, 0x00C5CBC8, 0x00C8CDCB, 0x00C6CCC9, 0x00C5CBC7, 0x00C9CECC, 0x00C7CCCA, 0x00CACFCD,
    0x00C9CCCA, 0x00C6CBC6, 0x00CAD0CD, 0x00CED2D0, 0x00CFD4D2, 0x00CCD1CF, 0x00C9CECC, 0x00CCD1CF, 0x00CACFCD,
    0x00C2C7C2, 0x00BDC1BD, 0x00BEC4C0, 0x00C3C6C4, 0x00C0C7C5, 0x00BCC5C4, 0x00C1C5C1, 0x00C4C6C2, 0x00C2C4C0,
    0x00C0C4BE, 0x00C1C4BF, 0x00C5C9C5, 0x00BFC1BD, 0x00BABDB9, 0x00BDC1BD, 0x00C0C5C3, 0x00C7CECE, 0x00CFD8D9,
    0x00D4E0E3, 0x00D5E4E9, 0x00D4E4E7, 0x00D8E6E9, 0x00D6E3E7, 0x00D4E2E6, 0x00DCE9EB, 0x00D7E4E7, 0x00D6E3E7,
    0x00D5E4E8, 0x00D5E4E8, 0x00D2E2E6, 0x00D0E0E4, 0x00CFDFE4, 0x00D2E2E5, 0x00D3E3E7, 0x00D5E3E5, 0x00D6E3E7,
    0x00D2E0E3, 0x00D4E1E3, 0x00D4E1E3, 0x00D3E1E5, 0x00D1DEE0, 0x00CAD9DB, 0x00D0DEE1, 0x00D0DCE0, 0x00D3DFE1,
    0x00D0DDE1, 0x00D4E2E4, 0x00D3E0E3, 0x00D3E0E3, 0x00D3E0E2, 0x00D3DFE1, 0x00CEDBDA, 0x00CCDBDE, 0x00CFDFE1,
    0x00CFDDDF, 0x00D2E0E2, 0x00CFDCDF, 0x00CEDADD, 0x00CFDDDD, 0x00CEDADB, 0x00CCDADE, 0x00D1DEE1, 0x00CFDCDD,
    0x00CEDBDE, 0x00CCDBDD, 0x00D2DFE2, 0x00D0DDE1, 0x00CFDCDE, 0x00D0DCDE, 0x00CFDCDD, 0x00D0DBDE, 0x00D0DEE0,
    0x00CFDBDD, 0x00CDDBDD, 0x00D0DDDE, 0x00D0DDDE, 0x00CFDBDC, 0x00D2DFE2, 0x00D0DBDE, 0x00D1DDDF, 0x00D1DDE1,
    0x00D0DDDF, 0x00D1DDE0, 0x00D0DEE3, 0x00CDDADE, 0x00D1DFE2, 0x00D1DEDF, 0x00CFDDE0, 0x00CFDCDF, 0x00D1DFE2,
    0x00D0DFE2, 0x00D2DFE1, 0x00D1DDE1, 0x00C9DBE2, 0x00D1DEE1, 0x00D1DEDF, 0x00D4E1E6, 0x00D0DFE2, 0x00D0DFE2,
    0x00D0DEE0, 0x00D2E2E7, 0x00CDE0E7, 0x00D0E1E6, 0x00CCDDE2, 0x00D0E0E5, 0x00D3E0E3, 0x00D6E4E9, 0x00D6E3E6,
    0x00D9E6E9, 0x00D4E1E5, 0x00D3E1E4, 0x00D2E0E1, 0x00D3E2E6, 0x00D1E0E3, 0x00D3E2E4, 0x00D4E2E7, 0x00D4E4E8,
    0x00D1DFE2, 0x00CBDBDE, 0x00CFDDE1, 0x00D6E3E6, 0x00D4E2E5, 0x00D3E1E4, 0x00D0DFE2, 0x00D4E4E9, 0x00D5E4EA,
    0x00D8E7ED, 0x00D6E6EC, 0x00D5E4EA, 0x00D6E4E9, 0x00D3E3E8, 0x00D7E6EA, 0x00D5E3E8, 0x00D2E0E2, 0x00D5E3E7,
    0x00D6E5EA, 0x00D4E3E7, 0x00D2E2E7, 0x00D6E6EC, 0x00D4E5E9, 0x00D5E5EC, 0x00D5E6EB, 0x00D3E5EA, 0x00D3E4E8,
    0x00D4E4E9, 0x00D2E3E9, 0x00D5E5EA, 0x00D6E6EC, 0x00D7E8ED, 0x00D5E4E8, 0x00D5E4EA, 0x00D1E2E7, 0x00D3E3E9,
    0x00D3E5EB, 0x00CEE1E6, 0x00D3E4E9, 0x00D3E3EA, 0x00D5E6EC, 0x00D6E6EC, 0x00D2E2E7, 0x00D9E8EE, 0x00D9E9EC,
    0x00D9E9EE, 0x00D7E7EC, 0x00D6E5E9, 0x00D8E8EC, 0x00D4E4E9, 0x00D6E5EA, 0x00D4E6EC, 0x00D6E6EC, 0x00D8E7EC,
    0x00D5E5EA, 0x00D8E8EE, 0x00D8E8EE, 0x00D9E9EF, 0x00D9EAF0, 0x00D4E3E8, 0x00CDD9DB, 0x00B3BCBD, 0x00A1A8A7,
    0x00A6AEAD, 0x00A3ACAF, 0x00A4ADAC, 0x00959B9A, 0x00AAB1AF, 0x00A5ACAB, 0x008F9795, 0x00B7BCB8, 0x00C0C4BF,
    0x00ABB0AD, 0x008C9392, 0x00ABB1AE, 0x00ACB2AF, 0x00B4B9B5, 0x00B4BAB8, 0x00B5B9B5, 0x00A8ADA9, 0x00ADB3B0,
    0x00B1B9B7, 0x00B6BDBC, 0x00B5BDBB, 0x00AFB7B7, 0x00B4BDBC, 0x00AFBABA, 0x00AAB5B7, 0x00B3BFC1, 0x00C9D7D9,
    0x00D1E0E5, 0x00D6E5EA, 0x00D7E6EC, 0x00D5E5EB, 0x00D7E6EA, 0x00D2E2E8, 0x00D4E5EA, 0x00D6E6EC, 0x00D5E5EB,
    0x00D9E9EE, 0x00D9EAEF, 0x00D3E5EA, 0x00D3E6EC, 0x00D3E4EA, 0x00D5E8EE, 0x00D4E7ED, 0x00D4E7EC, 0x00D4E3E7,
    0x00D9E9EF, 0x00D9E9EF, 0x00DAEAF0, 0x00D9E9EF, 0x00D2E5EB, 0x00D5E6EC, 0x00D4E5E9, 0x00D5E7EC, 0x00D5E5E9,
    0x00D2E3E7, 0x00D4E4E9, 0x00D4E3E7, 0x00D2E2E6, 0x00D1E1E5, 0x00D3E2E6, 0x00D3E4EA, 0x00D5E3E7, 0x00D4E4E8,
    0x00D1E2E7, 0x00D0E3E9, 0x00D1E2E8, 0x00D0E1E4, 0x00D1E2E7, 0x00D1E1E7, 0x00D1E0E5, 0x00D0E0E5, 0x00CFDEE3,
    0x00D0E0E5, 0x00D3E2E9, 0x00D3E3E9, 0x00D7E7EC, 0x00D5E6EA, 0x00D5E5EA, 0x00D1E1E4, 0x00CEDADD, 0x00C6D2D3,
    0x00CFDCDE, 0x00CAD6D7, 0x00CBD8D9, 0x00D0E0E1, 0x00D1E2E7, 0x00D7E6EB, 0x00D4E4E9, 0x00D4E5E9, 0x00D3E3E8,
    0x00D4E6EB, 0x00D4E3E8, 0x00D5E5EB, 0x00D7E7ED, 0x00D5E7EC, 0x00D3E3E8, 0x00CEDADB, 0x00C6CECB, 0x00C1C4BE,
    0x00BFC1BD, 0x00C0C5C1, 0x00BFC2BF, 0x00BEC0BB, 0x00BFC1BD, 0x00BEC1BC, 0x00C2C6C3, 0x00BEC4BF, 0x00BEC2BE,
    0x00C0C3C0, 0x00C6CBC6, 0x00C6CAC7, 0x00BEC3BE, 0x00BFC3BE, 0x00BEC2BD, 0x00C2C6C3, 0x00BBBFBA, 0x00BDC0BC,
    0x00BFC3C0, 0x00BDC5C3, 0x00BCC4C2, 0x00C1C7C4, 0x00C4CAC7, 0x00C4CAC7, 0x00C9CECD, 0x00C8CFCD, 0x00CACFCE,
    0x00CBD0CE, 0x00CAD1CF, 0x00CACFCE, 0x00C9CFCD, 0x00CCD1CF, 0x00CCD0CF, 0x00C7CDC9, 0x00C8CCCA, 0x00CDD2D0,
    0x00CED3D2, 0x00CBD0CE, 0x00C8CDCA, 0x00CACDCC, 0x00CACDCB, 0x00C8CDCA, 0x00C5C9C5, 0x00C0C4BF, 0x00C0C4C2,
    0x00BEC4C1, 0x00BEC5C4, 0x00BDC3BF, 0x00BFC1BD, 0x00C1C4C0, 0x00BCBDB8, 0x00C1C3BF, 0x00C5C8C5, 0x00C2C6C1,
    0x00BEC2BD, 0x00BCBDBA, 0x00BABCB8, 0x00B9BDB9, 0x00C2C7C5, 0x00CAD1D0, 0x00CDD8D8, 0x00D2E1E4, 0x00D4E3E6,
    0x00D5E3E6, 0x00D7E3E6, 0x00D4E2E6, 0x00D6E5E8, 0x00D5E3E7, 0x00D1E1E3, 0x00CDD8DA, 0x00C8D1D2, 0x00BFC9C8,
    0x00C7D1D2, 0x00C6D2D3, 0x00CAD4D5, 0x00CEDADB, 0x00D0DDDF, 0x00CFDEE0, 0x00D2E0E3, 0x00D5E2E4, 0x00D2E2E4,
    0x00D5E1E4, 0x00D0DEE1, 0x00D3E0E3, 0x00D6E3E7, 0x00D3E2E5, 0x00D5E3E6, 0x00D4E0E3, 0x00D4E0E2, 0x00D3DFE2,
    0x00D3DFE2, 0x00D3E0E3, 0x00D2DFE1, 0x00D1DEE1, 0x00D2E0E4, 0x00D3E0E1, 0x00D1DDDE, 0x00D2DFE0, 0x00CFDDE0,
    0x00CFDFE5, 0x00CEDEE3, 0x00CCDBDD, 0x00CCDCE0, 0x00CCDCE0, 0x00D2DFE2, 0x00D2E0E4, 0x00CCDCDE, 0x00D5E1E5,
    0x00D1DFE3, 0x00CCDBDF, 0x00CEDADC, 0x00D2DDE0, 0x00D0DDE0, 0x00D2DDE0, 0x00D2DFE0, 0x00D2DEE0, 0x00D3DFE1,
    0x00D0DDDE, 0x00CFDDDF, 0x00D0DDDC, 0x00D1DDDF, 0x00D0DDDF, 0x00D1DFDF, 0x00D0DDE0, 0x00D2DEE2, 0x00D0DFE4,
    0x00D0DEE2, 0x00D2DFE1, 0x00D4E0E2, 0x00D4DFE2, 0x00D0DEE0, 0x00D3DFE4, 0x00CFDEE1, 0x00D2E0E3, 0x00D0DEE1,
    0x00D2E0E2, 0x00D2DEE1, 0x00D1DFE3, 0x00D2DFE2, 0x00D3DFE3, 0x00D0DEE2, 0x00D2E2E5, 0x00CFDFE4, 0x00D2E1E6,
    0x00D3E1E4, 0x00D2E0E6, 0x00D5E5E9, 0x00D7E5E9, 0x00D7E5EB, 0x00D7E5E9, 0x00D5E4E7, 0x00D6E4E8, 0x00D3E3E6,
    0x00D5E4E8, 0x00D3E1E5, 0x00D7E6EB, 0x00D8E6EA, 0x00D8E5E9, 0x00D6E4E8, 0x00D2E2E7, 0x00D3E3E7, 0x00D9E7EB,
    0x00D7E5E9, 0x00D3E3E9, 0x00D3E3E9, 0x00D1E1E6, 0x00D5E4EA, 0x00D3E2E9, 0x00D5E6EC, 0x00D8E6EC, 0x00D7E6EC,
    0x00D4E2E6, 0x00CBD6D7, 0x00C5CDCC, 0x00C0C4C0, 0x00BFC5C1, 0x00CAD3D1, 0x00D5E3E6, 0x00DAEAEF, 0x00D9EAEF,
    0x00D6E9ED, 0x00D8E8EF, 0x00D8E9EE, 0x00D7E8EE, 0x00D7E5EB, 0x00D7E9EE, 0x00D8E9EF, 0x00D9E9EF, 0x00DBEBF0,
    0x00D6E6EB, 0x00D5E5EB, 0x00D5E5EB, 0x00D2E1E6, 0x00D4E3EA, 0x00D4E6EC, 0x00CEE1E7, 0x00D3E6EC, 0x00D4E6EB,
    0x00D5E7ED, 0x00D5E5EA, 0x00D3E4E9, 0x00D9E8EE, 0x00D6E7ED, 0x00D9E8EE, 0x00D8E8EE, 0x00D7E7EA, 0x00D7E7ED,
    0x00D9E8EE, 0x00D4E4E9, 0x00D8E7ED, 0x00D7E7EC, 0x00DAEAF0, 0x00DAEBF1, 0x00DBEBF2, 0x00DBEBF1, 0x00DDEEF6,
    0x00C8D5D8, 0x00ACB7B6, 0x00ACB5B5, 0x00C5CDCC, 0x00BDC4C3, 0x00959D9D, 0x008E989A, 0x00B9C1BE, 0x00C0C7C5,
    0x00C1C7C5, 0x00ADB6B5, 0x00ADB6B5, 0x00B1BAB7, 0x00A1ACAD, 0x00A4AEAD, 0x008C9798, 0x00909C9C, 0x00889495,
    0x00A7AEAC, 0x00A0A5A4, 0x00B9BFBD, 0x00B3B9B7, 0x00B6BDBB, 0x00C0C5C4, 0x00BBC0BE, 0x00BDC2C0, 0x00BFC7C5,
    0x00BDC4C2, 0x00B9C0BE, 0x00BEC7C5, 0x00BAC4C4, 0x00B3BDBD, 0x00B5C1C4, 0x00CDDDDF, 0x00D3E3E9, 0x00D5E5EB,
    0x00D4E4E9, 0x00D6E6EC, 0x00D7E7ED, 0x00D5E6EB, 0x00D5E7EC, 0x00DAEAEF, 0x00D9E9EE, 0x00D8E9EF, 0x00D7E9EE,
    0x00D5E7ED, 0x00D5E5EB, 0x00D5E5EB, 0x00D7E7ED, 0x00D6E6EA, 0x00D7E7EC, 0x00D6E5EA, 0x00D5E6EB, 0x00DAEAEF,
    0x00DAEAED, 0x00D7E8ED, 0x00DAE9EE, 0x00D6E8ED, 0x00D3E4E8, 0x00D7E7EB, 0x00D0E3E9, 0x00D6E6EC, 0x00D5E4E9,
    0x00D3E4E9, 0x00D6E5EB, 0x00D4E4E8, 0x00D5E6EC, 0x00D2E2E8, 0x00D4E3E7, 0x00D3E2E7, 0x00D4E5EB, 0x00D2E5EA,
    0x00D1E3E9, 0x00D1E1E7, 0x00D1E4E9, 0x00D4E5EA, 0x00D3E5E9, 0x00D5E6EB, 0x00D6E7EC, 0x00D6E8ED, 0x00D5E5E9,
    0x00CDDBDC, 0x00C4CCCC, 0x00C2C7C4, 0x00BCC0BB, 0x00BFC2BF, 0x00BDC2BF, 0x00BEC3C0, 0x00BFC4C3, 0x00C0C7C6,
    0x00C5D0CF, 0x00CFDBDC, 0x00CFDFE2, 0x00D1E1E6, 0x00D1E2E7, 0x00D4E4E8, 0x00D0E2E6, 0x00CDDCDE, 0x00CAD5D5,
    0x00C8D0CE, 0x00C4CAC7, 0x00C3C9C4, 0x00C1C4C1, 0x00C1C5C0, 0x00C4C8C4, 0x00BEC3BF, 0x00BFC2C0, 0x00BFC4BF,
    0x00C4C8C5, 0x00C1C5C1, 0x00C4C8C5, 0x00BEC3BF, 0x00C3C8C3, 0x00C6CBC7, 0x00BDC3BF, 0x00C3C8C5, 0x00C1C5C1,
    0x00C0C3BF, 0x00BEC2BD, 0x00BDC1BC, 0x00BDC2BD, 0x00C0C6C1, 0x00BFC5C1, 0x00C3C9C5, 0x00BFC4C1, 0x00C5CBC9,
    0x00CAD0CE, 0x00C9D0CD, 0x00C8CECD, 0x00C8CFCC, 0x00CBD2D1, 0x00CCD2D2, 0x00CBD2D0, 0x00CBD2D0, 0x00CBD2D0,
    0x00CCD2D0, 0x00C7CFCD, 0x00CDD2D0, 0x00CCD2D0, 0x00CCD2CF, 0x00CBD1CF, 0x00CAD1CE, 0x00CED3D0, 0x00CCD0CD,
    0x00CDD2D0, 0x00CCD1D0, 0x00CCD1CE, 0x00C4C8C5, 0x00C4C7C3, 0x00C6C9C5, 0x00C6CAC6, 0x00BEC2BD, 0x00BEC1BD,
    0x00C1C5C1, 0x00C0C4BF, 0x00C4C9C4, 0x00C7CCC9, 0x00C6CAC7, 0x00C2C6C3, 0x00C2C5C2, 0x00BCBEBA, 0x00B8BBB7,
    0x00C2C6C4, 0x00C3C9C6, 0x00C6CCCA, 0x00CAD2D1, 0x00D1DCDD, 0x00CFDDDF, 0x00CFDCDF, 0x00CEDBDD, 0x00CBD5D5,
    0x00C8D0D0, 0x00C6CECD, 0x00CBD4D3, 0x00CAD3D4, 0x00C7CECC, 0x00C7CCCB, 0x00C5CCCB, 0x00C3C9C6, 0x00C7CDCC,
    0x00C6CDCC, 0x00C8CECD, 0x00C9D2D2, 0x00CCD7DA, 0x00CFDDDE, 0x00D2DFE3, 0x00D2DFE2, 0x00D1DFE1, 0x00D1DFE2,
    0x00D2E1E6, 0x00D3E1E5, 0x00D3DFE2, 0x00D4E3E6, 0x00D3E1E3, 0x00D2DFE2, 0x00D3DFE2, 0x00D4E2E5, 0x00D2DFE2,
    0x00D3DFE2, 0x00D4E1E5, 0x00D5E2E6, 0x00D0DFE2, 0x00D2E0E5, 0x00D3E1E5, 0x00D1DFE2, 0x00CBDBDF, 0x00C6D8DB,
    0x00D0E0E4, 0x00D0DFE3, 0x00CEDEE3, 0x00D1E0E4, 0x00D5E0E4, 0x00D2E0E3, 0x00D2DFE4, 0x00D1E0E3, 0x00CFDEE1,
    0x00D2E1E3, 0x00D1DEE1, 0x00D4E0E2, 0x00D1DEE0, 0x00D5E1E5, 0x00D4E1E3, 0x00D3E1E5, 0x00D4E0E1, 0x00D3DFE1,
    0x00D5E2E4, 0x00D0DDE0, 0x00D0DDDE, 0x00CFDDDF, 0x00D0DDDE, 0x00D2DEE0, 0x00D2E0E2, 0x00D5E1E5, 0x00D3DFE2,
    0x00D0DEE1, 0x00D3DFE3, 0x00D0DFE2, 0x00D2E0E2, 0x00CEDEE1, 0x00D2E0E3, 0x00D2DFE2, 0x00CFDFE1, 0x00D4E0E4,
    0x00D2E0E2, 0x00D3E1E3, 0x00D3E3E9, 0x00D4E3E8, 0x00D4E3E7, 0x00D4E3E7, 0x00D1E0E3, 0x00D2E2E6, 0x00D2E3E8,
    0x00D6E5EA, 0x00D4E5E9, 0x00D4E2E5, 0x00D6E6EB, 0x00D3E3E7, 0x00D6E5E9, 0x00D6E6EA, 0x00D4E3E7, 0x00D9E7ED,
    0x00DBE9EC, 0x00DAE8ED, 0x00DAE8ED, 0x00D5E4E7, 0x00D8E7EC, 0x00D5E4EA, 0x00D4E5EB, 0x00D5E6EC, 0x00D7E6EC,
    0x00D4E4EA, 0x00D1E1E7, 0x00D3E3E9, 0x00D6E5EB, 0x00D6E7ED, 0x00C6CECD, 0x00C2C8C5, 0x00C1C5C3, 0x00BCC2BE,
    0x00C2C7C5, 0x00C1C5C2, 0x00C2C7C4, 0x00CDD7D7, 0x00DDEBF0, 0x00D8E9EF, 0x00DDECF1, 0x00DAEAF1, 0x00D7E9EE,
    0x00D8E9EF, 0x00D7EAEF, 0x00D8E9EF, 0x00D9E9EF, 0x00DAEBF1, 0x00D6E7EC, 0x00D8E9EE, 0x00D2E3E7, 0x00D5E4EA,
    0x00D6E8ED, 0x00D6E7EE, 0x00D4E6EC, 0x00D6E7EE, 0x00D3E5EA, 0x00D6E7ED, 0x00D6E7ED, 0x00D6E7EA, 0x00D7E8EE,
    0x00D8E7ED, 0x00D7E8EF, 0x00DBEBEF, 0x00D9E9EF, 0x00D9E9F0, 0x00D8E8EF, 0x00D9EAEF, 0x00DBEBF1, 0x00D8E8EF,
    0x00DCECF2, 0x00D9E9EF, 0x00DAEBF2, 0x00DAEBF2, 0x00D7E6ED, 0x00C6D2D4, 0x00AFB8B8, 0x00B0B7B7, 0x00C3CAC8,
    0x00C3CBC8, 0x00B1B8B8, 0x00C3CCC9, 0x00C8CECC, 0x00C9CFCD, 0x00C5CBC8, 0x00BEC5C2, 0x00BDC4C1, 0x00B8BDBC,
    0x00B0B7B4, 0x00B4BBB9, 0x00A9B2B2, 0x00ACB5B5, 0x00A8B1B2, 0x00B0B7B6, 0x00B4BDBC, 0x00B1BBBA, 0x00B7C0BF,
    0x00B1BDBD, 0x00B5BEBD, 0x00BCC1BF, 0x00B9BDBB, 0x00B5BCB8, 0x00BCC1BF, 0x00BEC5C4, 0x00BFC5C4, 0x00C3CAC8,
    0x00C3CCCB, 0x00BBC5C5, 0x00B7C2C3, 0x00D1E1E6, 0x00D7E6EC, 0x00D5E6EA, 0x00D5E6EC, 0x00D9E9EF, 0x00DCEBF1,
    0x00D8E8ED, 0x00DBEAF0, 0x00D9EAEF, 0x00DAEBEF, 0x00D7E3E7, 0x00D8E7ED, 0x00D4E2E6, 0x00D6E3E7, 0x00D7E7EC,
    0x00D9E8EE, 0x00D4E5EA, 0x00D7E5EC, 0x00D7E7EC, 0x00DAE9EE, 0x00D6E7ED, 0x00D7E6E9, 0x00D9E9EE, 0x00DAEAEF,
    0x00D7E7ED, 0x00D8EAEF, 0x00D6E7EE, 0x00D7E8EC, 0x00D6E6EB, 0x00D8E7EA, 0x00DAE9EE, 0x00D6E9EF, 0x00D4E6EB,
    0x00D5E7ED, 0x00D6E6EC, 0x00D5E8EC, 0x00D7E7EC, 0x00D1E5E9, 0x00D3E5EA, 0x00D7E9EF, 0x00D3E4E9, 0x00D5E6ED,
    0x00D3E5EA, 0x00D9EAEE, 0x00D2E4EA, 0x00D1E2E6, 0x00C6CFCF, 0x00BDC2C0, 0x00BEC3C1, 0x00BBBFBB, 0x00BEC2BE,
    0x00BDC1BE, 0x00BFC4C1, 0x00BFC4C2, 0x00BEC2BF, 0x00BFC2BF, 0x00C2C7C4, 0x00BEC4C2, 0x00C1C7C6, 0x00BFC8C7,
    0x00C2CAC9, 0x00C0C7C5, 0x00C1C7C4, 0x00C3C7C4, 0x00C1C5C0, 0x00C1C4C2, 0x00C1C4C1, 0x00BDBFBB, 0x00C0C4BF,
    0x00C1C5C2, 0x00BFC4C1, 0x00C0C5C0, 0x00C1C6C3, 0x00C2C7C3, 0x00C1C5C1, 0x00C2C5C3, 0x00C3C7C3, 0x00C0C5C2,
    0x00C5CAC7, 0x00C8CDCB, 0x00C1C7C2, 0x00C3C7C4, 0x00C1C6C3, 0x00C2C6C2, 0x00C1C5C0, 0x00C2C7C3, 0x00C2C7C3,
    0x00C3C8C5, 0x00C1C7C4, 0x00C2C7C5, 0x00C4CBC7, 0x00C6CDCA, 0x00C8CFCC, 0x00C9CFCE, 0x00CBD1CF, 0x00CACFCD,
    0x00C9D1CF, 0x00CAD4D3, 0x00CCD5D4, 0x00CAD4D3, 0x00CCD5D3, 0x00CCD4D3, 0x00C9D1CE, 0x00CAD1CF, 0x00C5CDCC,
    0x00CCD2D1, 0x00CCD4D2, 0x00CAD0CE, 0x00CDD1D0, 0x00CED3D1, 0x00CCD1CF, 0x00CFD5D2, 0x00CBD0CF, 0x00CAD0CD,
    0x00C4C9C4, 0x00C6CBC9, 0x00CACFCE, 0x00C8CDCA, 0x00C5C9C5, 0x00BCC1BB, 0x00C1C5C0, 0x00C7CCCA, 0x00C8CDCB,
    0x00CBD0CD, 0x00C4CAC5, 0x00C5C8C5, 0x00C0C3C0, 0x00BDBFBA, 0x00BEC1BF, 0x00BDC2BE, 0x00C2C7C4, 0x00C6CCCA,
    0x00C9CFCD, 0x00CAD0CE, 0x00C6CDCD, 0x00CCD4D3, 0x00CFD8D8, 0x00CED7D8, 0x00CBD4D3, 0x00CAD3D4, 0x00CCD6D8,
    0x00CBD3D1, 0x00CAD0CF, 0x00C7CECD, 0x00C7CDCB, 0x00CCD6D7, 0x00CBD6D7, 0x00C9D0CE, 0x00CACFCE, 0x00CACFCE,
    0x00C4CBC9, 0x00C8D2D2, 0x00D1DCDE, 0x00D1DFE2, 0x00D2E0E2, 0x00D3E1E5, 0x00D2DFE2, 0x00D3DFE3, 0x00D2DEE2,
    0x00D1DFE1, 0x00D3E1E4, 0x00D2E1E4, 0x00D6E2E4, 0x00D3E0E3, 0x00D4E1E2, 0x00CDDDE1, 0x00D2E1E5, 0x00D6E1E4,
    0x00D0DEE0, 0x00D0DFE2, 0x00D3E0E3, 0x00CFDCE0, 0x00CDDDDF, 0x00CFDDE1, 0x00CFE0E6, 0x00D3E1E4, 0x00CFDFE3,
    0x00D1DFE4, 0x00D1DFE2, 0x00D1DDE0, 0x00D3DFE3, 0x00D3DFE1, 0x00D2DFE3, 0x00D2E0E3, 0x00D2E0E3, 0x00D2E1E3,
    0x00D2DFE3, 0x00D3E1E4, 0x00D2DEE2, 0x00CCDADE, 0x00D3E1E3, 0x00D2DFE3, 0x00D4E1E4, 0x00D2DFE2, 0x00D3E0E3,
    0x00D0DDE1, 0x00D2DFE3, 0x00D2E0E5, 0x00CEDEE3, 0x00D0E0E4, 0x00CDDADD, 0x00CDDCDF, 0x00D0DEE0, 0x00CFDFE4,
    0x00CEDDE1, 0x00D1DFE3, 0x00D4E1E3, 0x00D3E0E2, 0x00D4E1E4, 0x00CFDFE2, 0x00D5E2E6, 0x00D2E3E7, 0x00D6E5E9,
    0x00D6E5EA, 0x00D8E6EA, 0x00D6E5E9, 0x00D6E4E9, 0x00D5E3E7, 0x00D6E5E9, 0x00D7E6EB, 0x00D8E5E9, 0x00D5E3E8,
    0x00D5E5EA, 0x00D5E6EB, 0x00D6E7EC, 0x00D5E4E8, 0x00DAE9EF, 0x00D6E6EB, 0x00D9E8EC, 0x00D8E7EC, 0x00D1E1E5,
    0x00D5E5EC, 0x00D4E5EB, 0x00D4E4EA, 0x00D0E3E8, 0x00D1E2E8, 0x00D2E4EA, 0x00D2E5EA, 0x00D8E8EE, 0x00D6E6EC,
    0x00CCD7D8, 0x00BFC5C2, 0x00BFC3C1, 0x00C0C5C2, 0x00C1C7C3, 0x00C0C4C1, 0x00BFC3C1, 0x00C0C5C1, 0x00C5CAC8,
    0x00D7E3E5, 0x00DAEBF0, 0x00DCECF1, 0x00D8E9EF, 0x00DAEAF1, 0x00D7EAEF, 0x00DAEBF1, 0x00DBEBF1, 0x00DAEBF1,
    0x00DBEBF1, 0x00DAECF2, 0x00DAEAF0, 0x00D6E8EE, 0x00D5E8EE, 0x00D8EAF0, 0x00D1E3EA, 0x00D7E8EF, 0x00D5E7ED,
    0x00D6E8ED, 0x00D8E8EE, 0x00D6E7ED, 0x00D9E9EF, 0x00D7E9ED, 0x00DEEDF1, 0x00D9EAF0, 0x00D9EAEF, 0x00D5E7EC,
    0x00D7E8EE, 0x00D9EAF0, 0x00D9E8EF, 0x00D6E7EE, 0x00D8EAF0, 0x00D8E9F0, 0x00DBEBF2, 0x00D6E6ED, 0x00DCECF3,
    0x00C0CCCF, 0x00A4ABAB, 0x00ACB3B4, 0x00C0C8C6, 0x00C4CBC9, 0x00C6CDCC, 0x00C6CCCA, 0x00C9D0CE, 0x00C9CFCD,
    0x00B3BAB9, 0x00B2BAB8, 0x00B9C0BD, 0x00BAC1BE, 0x009FA8A8, 0x00939D9D, 0x00B9BFBE, 0x00ABB3B3, 0x00A6AFB0,
    0x00B1B9B8, 0x00BEC5C4, 0x00BCC4C3, 0x00BAC3C2, 0x00BCC4C3, 0x00BBC5C4, 0x00BDC6C3, 0x00BFC4C2, 0x00BEC4C2,
    0x00BDC3C0, 0x00C0C6C4, 0x00C2C9C8, 0x00C1C8C6, 0x00C4CBCA, 0x00C5CDCA, 0x00C5CCCB, 0x00B5BEBD, 0x00BDC9CB,
    0x00D0E3E8, 0x00D5E6EB, 0x00D8E9EE, 0x00D7E8EE, 0x00D7E9EF, 0x00D7E7ED, 0x00D7E7EC, 0x00D6E8EE, 0x00D9E9EE,
    0x00D8E5E9, 0x00D7E7EC, 0x00D5E3E8, 0x00D7E5E9, 0x00D6E6EA, 0x00D9E8EE, 0x00D7E6EA, 0x00D7E6EB, 0x00D9E8EC,
    0x00D8E8EB, 0x00D9E9ED, 0x00D5E4E9, 0x00D7E8ED, 0x00D5E7EC, 0x00D7E7ED, 0x00D6E7EB, 0x00D9E8EE, 0x00D9E8EB,
    0x00D8E6EA, 0x00D9E7EC, 0x00D6E8EE, 0x00D6E8EF, 0x00D8E9EE, 0x00D5E6EC, 0x00D8E9EF, 0x00D5E7ED, 0x00D5E7ED,
    0x00D6E7EC, 0x00D6E8EE, 0x00D7E7EE, 0x00D3E6EB, 0x00D2E4E9, 0x00D5E6EB, 0x00D5E4E8, 0x00CBD9DC, 0x00C4CDCD,
    0x00C0C4C4, 0x00BFC3C2, 0x00C0C3C2, 0x00C0C5C3, 0x00BFC4C1, 0x00BEC2BE, 0x00C3C9C6, 0x00C1C6C4, 0x00BDC2BD,
    0x00BEC1BD, 0x00BDBFBC, 0x00BEC1BC, 0x00BEC1BD, 0x00BDC1BD, 0x00BFC3BE, 0x00BDC0BB, 0x00C1C3C1, 0x00BFC2BF,
    0x00BCBFBA, 0x00BFC1BE, 0x00BFC1BF, 0x00C0C5C0, 0x00C2C6C3, 0x00C0C5C2, 0x00C3C8C6, 0x00C1C7C4, 0x00C1C6C3,
    0x00C5CAC7, 0x00C5CAC7, 0x00C5CAC6, 0x00C6CBC9, 0x00C2C7C4, 0x00C4CAC7, 0x00C7CAC9, 0x00C4C9C5, 0x00C3C7C4,
    0x00C3C8C5, 0x00C2C7C4, 0x00C1C7C3, 0x00BFC4C0, 0x00C0C5C1, 0x00C3C9C5, 0x00C4CBC8, 0x00C6CDCA, 0x00C9CFCD,
    0x00CBD1CF, 0x00CACFCE, 0x00C9CFCE, 0x00C9CFCD, 0x00CBD2D0, 0x00CDD5D4, 0x00CCD4D3, 0x00CAD3D3, 0x00CAD1D1,
    0x00C7CECD, 0x00C9D1D0, 0x00CFD7D6, 0x00CDD4D3, 0x00CCD3D2, 0x00CDD3D1, 0x00CCD2D1, 0x00CCD2D0, 0x00C8CFCD,
    0x00C9D1CE, 0x00CCD1D0, 0x00CCD2D0, 0x00CCD2CF, 0x00CDD3D1, 0x00CBD1CF, 0x00C6CAC8, 0x00C8CECC, 0x00C9CECC,
    0x00C9CECC, 0x00C6CCCA, 0x00C8CECC, 0x00CAD0CD, 0x00CBD1CF, 0x00CDD4D2, 0x00C9CFCD, 0x00C9CFCE, 0x00C3C8C6,
    0x00C3C6C3, 0x00C2C6C3, 0x00C8CDCB, 0x00C4C9C6, 0x00C4C6C4, 0x00C6CBC9, 0x00C6CDCB, 0x00C7CDCB, 0x00C6CCCA,
    0x00CED4D3, 0x00CED5D5, 0x00CED8D8, 0x00CFD9D9, 0x00CED9DB, 0x00CDD5D3, 0x00CDD4D3, 0x00CCD3D2, 0x00CBD1CF,
    0x00CED6D6, 0x00CED7D7, 0x00D1D9D8, 0x00CFD7D6, 0x00CDD4D4, 0x00CAD0CF, 0x00CAD1D0, 0x00CAD0CF, 0x00CCD4D4,
    0x00D0D9DC, 0x00CEDADA, 0x00D3DEE1, 0x00D0DDDF, 0x00D3DFE1, 0x00D5E1E3, 0x00D3DFE1, 0x00D3E0E2, 0x00D6E3E6,
    0x00D5E2E5, 0x00D5E2E6, 0x00D3E1E4, 0x00D7E4E7, 0x00D5E2E6, 0x00D2E0E2, 0x00D2E0E3, 0x00D5E1E5, 0x00D2E0E3,
    0x00D3E1E5, 0x00D3E0E4, 0x00D2E1E5, 0x00D1DFE4, 0x00CDDEE2, 0x00D3E0E3, 0x00D2DFE2, 0x00D0DDDF, 0x00CFDCDF,
    0x00D1DDE0, 0x00D2DFE2, 0x00D2DFE2, 0x00D3DFE3, 0x00D3E1E4, 0x00D3E1E3, 0x00D5E2E5, 0x00D3E0E4, 0x00D3E0E2,
    0x00D1DEE1, 0x00D1DFE3, 0x00D1DEE1, 0x00CEDCE0, 0x00CFDDE1, 0x00CFDEE1, 0x00D3E0E4, 0x00D4E1E6, 0x00D2E0E4,
    0x00D3E1E5, 0x00D0E0E4, 0x00D2E0E4, 0x00D0DFE3, 0x00D1DFE3, 0x00D3E0E2, 0x00D4E1E4, 0x00D5E1E4, 0x00D4E2E5,
    0x00D2E0E3, 0x00D1E1E4, 0x00D2E1E5, 0x00D5E6EA, 0x00D8E7EB, 0x00D8E6E9, 0x00D8E7ED, 0x00D6E5EA, 0x00D5E4E9,
    0x00D5E3E7, 0x00D5E4E6, 0x00DAE7EA, 0x00D8E7EB, 0x00D6E6E9, 0x00D7E5E9, 0x00D4E3E6, 0x00D4E3E7, 0x00D6E5E8,
    0x00D5E5EA, 0x00D7E7EB, 0x00D6E6EC, 0x00D7E6EA, 0x00D3E2E7, 0x00D6E6EC, 0x00D7E6EB, 0x00D5E5EC, 0x00CCDFE4,
    0x00CFE2E7, 0x00D7E8EE, 0x00D3E6EC, 0x00D1E0E4, 0x00C3CCCD, 0x00BDC2C0, 0x00BFC4C2, 0x00BFC3C1, 0x00BDC2BD,
    0x00C0C4C2, 0x00BFC5C1, 0x00BCC0BC, 0x00C0C3C1, 0x00C3C7C4, 0x00C6CCC9, 0x00DAE6E7, 0x00D6E7EC, 0x00DBEBF1,
    0x00DAEBF1, 0x00D6E9EE, 0x00DCEDF3, 0x00D9EBF1, 0x00DBECF2, 0x00DBEBF2, 0x00D8EBF1, 0x00D9E9EF, 0x00D3E7ED,
    0x00D2E6ED, 0x00D6E8EF, 0x00D4E7ED, 0x00D8EAF0, 0x00D8E8EF, 0x00D5E6EC, 0x00D5E6ED, 0x00D5E7EC, 0x00D8E9EF,
    0x00DBEDF1, 0x00D8E8EE, 0x00D8EAEF, 0x00D8E8EF, 0x00DAEBF1, 0x00D9EAF0, 0x00D7E8EE, 0x00D8EAF1, 0x00DAEAF1,
    0x00DAEAF1, 0x00D8E9EF, 0x00D4E4E9, 0x00C1CDCE, 0x00C6D2D3, 0x00C3CCCD, 0x00AAB2B2, 0x00C4CBCA, 0x00C7CECC,
    0x00C9D0CD, 0x00C8CFCC, 0x00C8CECC, 0x00B1BAB9, 0x00ABB3B1, 0x00A2ACAB, 0x009DA6A6, 0x009FA8A8, 0x00B0B7B5,
    0x009EA7A6, 0x009EA7A7, 0x00ACB4B3, 0x00AFB7B7, 0x0099A3A4, 0x00BAC2C1, 0x00C1C7C6, 0x00AFB8B8, 0x00BAC2C1,
    0x00BCC6C4, 0x00BEC5C4, 0x00BFC6C6, 0x00C0C4C2, 0x00C2C7C5, 0x00BFC4C2, 0x00BCC2C0, 0x00C1C6C5, 0x00C3C9C7,
    0x00C0C7C4, 0x00C5CFCF, 0x00C4CECD, 0x00C4CBCA, 0x00B1B8B8, 0x00CDDDE0, 0x00D4E4EA, 0x00D7E8EE, 0x00D5E7ED,
    0x00D3E6EB, 0x00D8EAEF, 0x00D5E6EC, 0x00D4E7ED, 0x00D4E5EB, 0x00D7EAEF, 0x00D7E8EE, 0x00D5E5EA, 0x00D6E7EC,
    0x00D8E7EC, 0x00D7E5EB, 0x00D9E7EB, 0x00DBE9ED, 0x00D7E7EC, 0x00DAE9ED, 0x00D8E8EC, 0x00D6E5E8, 0x00DBE8ED,
    0x00D6E6EB, 0x00D4E4E7, 0x00D8E7EA, 0x00D9E8ED, 0x00DBEAEF, 0x00DAE7EA, 0x00DAE8EB, 0x00D4E6EB, 0x00D6E8EE,
    0x00D9EAEF, 0x00D7E9EE, 0x00D7E8EE, 0x00D6E9EF, 0x00D3E5EA, 0x00DAE9EF, 0x00D6E7ED, 0x00D6E7EE, 0x00D2E5E9,
    0x00D3E3E7, 0x00D0E0E2, 0x00C9D3D4, 0x00C0C4C3, 0x00BFC4C1, 0x00C1C5C2, 0x00BFC3C0, 0x00C0C7C4, 0x00C3CAC8,
    0x00C4CDCD, 0x00BEC1BE, 0x00C4C8C7, 0x00C1C7C5, 0x00BFC5C4, 0x00BFC5C3, 0x00C0C2BE, 0x00B8BCB7, 0x00BFC4C0,
    0x00C0C4C2, 0x00BFC2BF, 0x00C0C4BF, 0x00C0C5C3, 0x00C3C7C4, 0x00BDBFBA, 0x00C2C6C3, 0x00C1C7C4, 0x00C2C8C5,
    0x00C3C7C5, 0x00C3C7C5, 0x00C6CBC9, 0x00C0C5C2, 0x00C5CAC7, 0x00C5CAC8, 0x00C6CAC9, 0x00C7CBC9, 0x00C4C9C6,
    0x00C3C8C5, 0x00C2C6C4, 0x00C4C8C7, 0x00C3C8C6, 0x00C3C8C5, 0x00BDC5C2, 0x00BFC7C4, 0x00C3C9C6, 0x00C5CAC6,
    0x00BFC3BF, 0x00BEC3C1, 0x00C5CCC9, 0x00C9D0CE, 0x00CBD2D0, 0x00CAD1CF, 0x00CED4D2, 0x00CDD5D3, 0x00CCD3D1,
    0x00C8D1CF, 0x00CCD4D3, 0x00CCD5D5, 0x00CBD3D2, 0x00CAD3D2, 0x00CED7D6, 0x00CCD5D4, 0x00CFD8D7, 0x00CDD5D4,
    0x00CED5D4, 0x00CCD2D2, 0x00CAD2D0, 0x00CCD2D2, 0x00CCD4D2, 0x00C8D1CE, 0x00CAD0CF, 0x00CBD2D1, 0x00CCD2D0,
    0x00CDD3D2, 0x00C9D0CE, 0x00C6CCC9, 0x00CAD0CE, 0x00CBD0CD, 0x00C6CBC9, 0x00C7CDCA, 0x00C9CECC, 0x00CACFCE,
    0x00C7CBC9, 0x00C8CDCB, 0x00CCD1CF, 0x00C7CECD, 0x00BFC5C2, 0x00CCD1CF, 0x00CACFCC, 0x00CDD2D0, 0x00C6CBC7,
    0x00C5CAC6, 0x00C5CDCC, 0x00C4CCCA, 0x00C6CDCC, 0x00C7CECC, 0x00CBD2D0, 0x00CCD2D0, 0x00CDD3D2, 0x00CDD4D3,
    0x00CCD5D5, 0x00CBD4D2, 0x00D0D8D7, 0x00CCD4D3, 0x00CBD0CF, 0x00CED4D2, 0x00CFD5D4, 0x00D2D9D8, 0x00D2DBDB,
    0x00D4DBDC, 0x00CFDADA, 0x00D1DBDB, 0x00CED8D7, 0x00CCD5D5, 0x00CED5D5, 0x00CED8D8, 0x00D3DCDF, 0x00CCD8D8,
    0x00D1DADC, 0x00D6E2E5, 0x00D2DFE2, 0x00D6E2E3, 0x00D3DFE2, 0x00D6E3E6, 0x00D5E3E5, 0x00D3E1E4, 0x00D4E2E7,
    0x00D0DDDF, 0x00D2DFE3, 0x00D4E2E4, 0x00D1DEE2, 0x00D1DEE0, 0x00D1DFE3, 0x00D6E3E7, 0x00D0DEE2, 0x00CFDEE2,
    0x00CCDCE0, 0x00D5E1E6, 0x00D1DFE3, 0x00D0DDE0, 0x00D2DFE3, 0x00D0DEE1, 0x00D2DFE1, 0x00D4E2E5, 0x00D5E3E7,
    0x00D4E2E6, 0x00D3E1E4, 0x00D5E1E5, 0x00D5E2E5, 0x00D0DCDF, 0x00D2DFE2, 0x00D3DFE4, 0x00D2DFE3, 0x00D0DEE1,
    0x00D0DDDF, 0x00D2E0E4, 0x00D4E1E5, 0x00D1E0E7, 0x00D3E2E7, 0x00D5E1E5, 0x00D6E3E7, 0x00D3E0E4, 0x00D0DEE2,
    0x00D6E2E6, 0x00D1DEE1, 0x00D3E3E6, 0x00D2E1E4, 0x00D0DEE1, 0x00D4E1E5, 0x00D3E2E6, 0x00D0DFE2, 0x00D5E6EA,
    0x00D9E6EC, 0x00D6E5E9, 0x00D2E2E5, 0x00D6E5E8, 0x00D5E4E7, 0x00D3E1E4, 0x00D3E3E6, 0x00D7E5E9, 0x00D4E4E9,
    0x00D6E5E9, 0x00D6E6EB, 0x00D8E8EC, 0x00D5E5EA, 0x00D5E5EA, 0x00D8E8EE, 0x00D7E7EB, 0x00D7E7EC, 0x00D3E3E7,
    0x00D7E6EC, 0x00D6E7EC, 0x00D7E7EE, 0x00D2E4EA, 0x00D4E6ED, 0x00D7E8EE, 0x00D7E8EF, 0x00D5E3E8, 0x00C2CBCA,
    0x00BEC3C0, 0x00C0C5C3, 0x00BFC4C1, 0x00C2C5C4, 0x00C0C5C2, 0x00C0C5C3, 0x00C2C6C3, 0x00BFC4C1, 0x00C0C6C2,
    0x00BFC4C0, 0x00C8CDC9, 0x00C8CCCB, 0x00CCD9DC, 0x00D7E8EF, 0x00DEEEF4, 0x00DCEDF3, 0x00D9EAF1, 0x00DCEDF3,
    0x00DBEBF1, 0x00DCECF3, 0x00D6E9EF, 0x00D8EAF1, 0x00D9EAF1, 0x00D3E5EB, 0x00D8E9EF, 0x00D6E8EE, 0x00D9EAF1,
    0x00D8EAF1, 0x00D3E6EB, 0x00DAEAF0, 0x00DAEAEF, 0x00DAECF1, 0x00D7E8EF, 0x00D8EAF0, 0x00D8EAF0, 0x00D9EAEF,
    0x00DBEBF1, 0x00DBEBF1, 0x00D8E9F0, 0x00D4E6ED, 0x00DAEAF1, 0x00DBEBF2, 0x00DBECF2, 0x00BAC9CD, 0x00A8B5B4,
    0x00AAB4B5, 0x00C0C7C5, 0x00C8CFCD, 0x00CAD0CE, 0x00C4CBCA, 0x00C7CECD, 0x00C6CDCA, 0x00C6CCCB, 0x00B1BAB8,
    0x00A5AEAE, 0x009FA9A9, 0x00ABB4B3, 0x00B1B9B8, 0x00C4CAC9, 0x00C0C6C5, 0x00BCC4C3, 0x00B5BEBD, 0x00C1C7C6,
    0x00C8CECD, 0x00C6CCCB, 0x00C3C9C8, 0x00B6C0C0, 0x00ABB6B7, 0x00B1BBBB, 0x00AFB9BA, 0x009FACAF, 0x00B7C0BE,
    0x00BAC0BE, 0x00AFB9BA, 0x00A4B2B7, 0x00BAC1C0, 0x00C2C7C5, 0x00C7CDCA, 0x00C4CBCA, 0x00BEC6C4, 0x00C1C7C6,
    0x00BAC3C2, 0x00C2CFD1, 0x00D1E3E9, 0x00D4E6EB, 0x00D8E8EE, 0x00D7EAF0, 0x00D6E8EE, 0x00D8EAEE, 0x00D6E7ED,
    0x00D4E6EC, 0x00D7EAEF, 0x00D7E9EE, 0x00D4E5EA, 0x00D8E8ED, 0x00D7E5E8, 0x00D9E6E9, 0x00D5E1E4, 0x00D8E5E9,
    0x00D9E5E8, 0x00D9E6EA, 0x00D9E5E9, 0x00D9E7E8, 0x00DAE6EA, 0x00D9E6EA, 0x00D8E6EA, 0x00D7E7EB, 0x00DAE9ED,
    0x00DBEAEF, 0x00DAE9EC, 0x00DAEAED, 0x00D8E7EA, 0x00D8E8EC, 0x00D6E8ED, 0x00D6E7ED, 0x00D5E7EC, 0x00D6E8ED,
    0x00D7EAEF, 0x00DBECF1, 0x00D7E8EE, 0x00D1E0E3, 0x00CBD5D7, 0x00C6CECC, 0x00C5C9C8, 0x00C0C5C3, 0x00C5CBCA,
    0x00C3C8C6, 0x00C2C9C6, 0x00C3C7C5, 0x00C4CDCD, 0x00C3CBCB, 0x00C2C8C6, 0x00C2C7C3, 0x00C1C9C7, 0x00C1C8C6,
    0x00C4CAC9, 0x00BFC3C1, 0x00BABDB9, 0x00BCBFBB, 0x00BFC3C1, 0x00C1C7C4, 0x00C4C9C8, 0x00C1C7C4, 0x00C4CAC7,
    0x00C4C9C7, 0x00C7CDC9, 0x00CAD0CE, 0x00CAD0CF, 0x00C6CCCA, 0x00C4CAC8, 0x00C3CAC7, 0x00C9CFCE, 0x00CBD1CF,
    0x00C4CBC8, 0x00C6CCCA, 0x00C8CDCA, 0x00C3C7C5, 0x00C4C9C6, 0x00C3C8C6, 0x00C2C7C4, 0x00C1C8C5, 0x00BDC4C0,
    0x00BCC0BC, 0x00BDC1BC, 0x00C0C4C0, 0x00C5CAC7, 0x00C7CCC9, 0x00C6CDCA, 0x00C8CECA, 0x00CAD1CE, 0x00CDD3D2,
    0x00CED4D3, 0x00CCD4D3, 0x00CED9D9, 0x00CFD5D4, 0x00CBD2D1, 0x00C7D0CE, 0x00CCD4D3, 0x00C9D3D1, 0x00CBD3D2,
    0x00CAD2D1, 0x00C9D1D1, 0x00D0D8D7, 0x00CCD5D5, 0x00CED5D4, 0x00CCD4D3, 0x00CDD4D4, 0x00CAD0CF, 0x00C9D0CF,
    0x00CBD2D0, 0x00D1D8D7, 0x00CED4D3, 0x00C7CFCD, 0x00C7CECD, 0x00CAD0CF, 0x00C5CCC9, 0x00C6CDCB, 0x00C9D0CE,
    0x00C5CCCA, 0x00C9D0CE, 0x00C8CECC, 0x00CBD1CF, 0x00C5CBC9, 0x00C8CECB, 0x00CBD2D0, 0x00CBD1D0, 0x00CAD1CF,
    0x00C5CBC7, 0x00C9CFCD, 0x00CED3D1, 0x00CDD2D1, 0x00C9CFCC, 0x00C7CDCB, 0x00C7CFCF, 0x00C9D0CF, 0x00CBD1D0,
    0x00C9D0CF, 0x00CBD1D0, 0x00CCD2D1, 0x00C7CDCA, 0x00CCD2D1, 0x00CCD3D1, 0x00CDD4D3, 0x00CED4D4, 0x00CED5D4,
    0x00CAD0CD, 0x00CFD7D6, 0x00CFD7D5, 0x00CCD4D3, 0x00D1DAD9, 0x00D4DCDE, 0x00D2DDDD, 0x00D5DDDE, 0x00D1DDDE,
    0x00D1DBDB, 0x00CFD9DA, 0x00CFDADB, 0x00CDD7D8, 0x00CFDADB, 0x00CED7D9, 0x00CBD4D6, 0x00CDD8D9, 0x00D2DEE0,
    0x00D4E2E3, 0x00D6E2E7, 0x00D5E2E6, 0x00D3E2E5, 0x00D4E1E4, 0x00D3E0E2, 0x00CEDFE5, 0x00D4E2E6, 0x00D4E2E3,
    0x00D5E2E5, 0x00D2E0E2, 0x00D2DFE3, 0x00CEDCDD, 0x00CBD8D9, 0x00CDD8D9, 0x00D0DADB, 0x00CED7D8, 0x00CCD4D4,
    0x00CED6D7, 0x00CED6D7, 0x00CFD7D8, 0x00CDD5D5, 0x00CED7D8, 0x00D4E1E4, 0x00D3E2E7, 0x00D6E3E7, 0x00D1DDE0,
    0x00D2DFE2, 0x00D3E0E3, 0x00D2DEE3, 0x00D0DDE0, 0x00D2DFE2, 0x00D1DFE2, 0x00D1DEE2, 0x00D2DFE2, 0x00CFDEE2,
    0x00CFDDE0, 0x00CFDEE3, 0x00D0DEE1, 0x00D0DFE3, 0x00D5E4E8, 0x00D4E2E6, 0x00D7E3E5, 0x00D5E3E7, 0x00D4E3E6,
    0x00D6E3E5, 0x00D6E3E6, 0x00D7E3E7, 0x00D0DFE2, 0x00DBEAEE, 0x00D8E6EC, 0x00D7E4E8, 0x00D4E4E8, 0x00D6E4E9,
    0x00D4E4E8, 0x00D4E4E7, 0x00D4E3E6, 0x00D2E1E5, 0x00CFDEE1, 0x00D2E2E6, 0x00D6E5EB, 0x00D6E6EC, 0x00D8E9EE,
    0x00D8E9ED, 0x00D8E9EF, 0x00D7E8EE, 0x00D8E9EE, 0x00D7E9EE, 0x00D9EAF0, 0x00D4E6EB, 0x00D8E9EF, 0x00D8EAEF,
    0x00D6E9EE, 0x00D8E9F0, 0x00D6E6EB, 0x00BFC8C6, 0x00BCC2BE, 0x00BDC3C0, 0x00BEC3C1, 0x00C0C4C2, 0x00BFC2C0,
    0x00C0C4C2, 0x00C1C5C3, 0x00C2C7C5, 0x00C2C6C3, 0x00BBC1BD, 0x00C0C4C1, 0x00C4C9C6, 0x00C4CAC7, 0x00C5CBC9,
    0x00CED9DA, 0x00D4E3E8, 0x00D9E9EF, 0x00DBECF2, 0x00DBECF2, 0x00DAEBF2, 0x00DCEDF3, 0x00D8EBF0, 0x00D9EAF1,
    0x00DAEBF1, 0x00D8EAEF, 0x00DBECF2, 0x00D9EBF0, 0x00DAEBF1, 0x00D9ECF3, 0x00D3E6EB, 0x00D7E9F0, 0x00DAEBF2,
    0x00D9E9EF, 0x00D7EAEF, 0x00D7E9EF, 0x00D9E9F0, 0x00DBEBF2, 0x00DAEAF1, 0x00DAECF3, 0x00D6E7ED, 0x00CDDDE2,
    0x00D7E8EE, 0x00C2D2D6, 0x00C2CFD1, 0x00C3CECF, 0x00BCC5C5, 0x00C7CFCE, 0x00C8CECC, 0x00C9CFCD, 0x00C8CFCD,
    0x00C8CFCD, 0x00C5CDCC, 0x00B7C1C0, 0x00B6C0C0, 0x00B4BDBD, 0x00C1C8C7, 0x00C6CFCD, 0x00C9CECD, 0x00C3CAC9,
    0x00C7CECD, 0x00C5CCCC, 0x00C6CCCB, 0x00BDC5C5, 0x00BDC6C6, 0x00BDC5C6, 0x00B8C2C3, 0x00B9C2C2, 0x00B3BDBD,
    0x00B9C1C1, 0x00C1C8C8, 0x00BBC3C3, 0x00A6B1B3, 0x009DABAC, 0x009EABAB, 0x00B3BFBF, 0x00A2B1B4, 0x00A4B2B3,
    0x00B4BEBE, 0x00C1C7C6, 0x00C6CBCA, 0x00C2C8C6, 0x00C4CAC9, 0x00C1C9C8, 0x00B6C0BF, 0x00D3E1E5, 0x00D5E5EB,
    0x00DCEBF1, 0x00DAE9F0, 0x00D7E9EE, 0x00D6E9EE, 0x00DCEAEF, 0x00DCEAEF, 0x00DAE8EC, 0x00DAE7EB, 0x00D8E4E8,
    0x00D8E3E8, 0x00D7E2E5, 0x00D6E1E4, 0x00D7E3E7, 0x00D6E4E8, 0x00D8E6EB, 0x00D8E6EB, 0x00DBEAEE, 0x00D9E7EB,
    0x00DBE9ED, 0x00DAE8EC, 0x00DAEAEF, 0x00DAE8EC, 0x00D7E7EC, 0x00D7E7EB, 0x00D9E7EB, 0x00D4E3E6, 0x00D6E2E7,
    0x00D5E4E7, 0x00D7E7EB, 0x00D5E5EA, 0x00D7E9EE, 0x00D7E8EC, 0x00D3DFE2, 0x00CBD5D6, 0x00C6CECF, 0x00C5CDCD,
    0x00C4CBCB, 0x00C8CFCF, 0x00C8CFCF, 0x00C7CDCC, 0x00C6CBCB, 0x00C5CAC8, 0x00C4CAC8, 0x00C3CAC8, 0x00C5CBC9,
    0x00C6CCCB, 0x00C4CAC8, 0x00C4C8C7, 0x00C6CBC9, 0x00C4CAC9, 0x00C6CCCC, 0x00C4C8C7, 0x00C3C8C7, 0x00C4CCCB,
    0x00C4CCCB, 0x00C6CFCD, 0x00C9D1D0, 0x00CAD0CF, 0x00C6CCCB, 0x00C8CECC, 0x00C8CFCC, 0x00CAD2D1, 0x00CBD2D1,
    0x00CAD1D0, 0x00C9D0CF, 0x00C8D0CF, 0x00CAD2D1, 0x00C9D1D0, 0x00C7CECB, 0x00C6CBCA, 0x00C3C8C6, 0x00C4CCC8,
    0x00C6CCCB, 0x00C7CDCB, 0x00C4CAC8, 0x00C5CCCB, 0x00C4CBC9, 0x00C1C7C3, 0x00BEC3BD, 0x00C6CBC8, 0x00C6CDCB,
    0x00C7CFCD, 0x00CAD1CF, 0x00CAD0CD, 0x00CCD3D2, 0x00D0D8D7, 0x00D0D8D7, 0x00CED6D5, 0x00CCD7D9, 0x00CED7D7,
    0x00CED5D3, 0x00CCD3D2, 0x00CCD5D5, 0x00C9D3D1, 0x00CAD2D2, 0x00C7CECC, 0x00CAD2D1, 0x00CED6D5, 0x00CDD4D3,
    0x00CDD5D5, 0x00CBD7D5, 0x00CDD5D5, 0x00CCD2D1, 0x00C8D0CF, 0x00D0D6D5, 0x00CED4D3, 0x00D0D7D5, 0x00CBD3D2,
    0x00CBD4D3, 0x00CBD3D2, 0x00C9D0CF, 0x00C0C7C4, 0x00C1C7C4, 0x00C1C7C3, 0x00C5CBC8, 0x00C3CAC8, 0x00C6CBC9,
    0x00C6CCCA, 0x00CAD1CF, 0x00CAD1D0, 0x00CCD3D1, 0x00CCD3D1, 0x00C8CDCB, 0x00CBD0CF, 0x00CED4D3, 0x00CED6D5,
    0x00CBD2CF, 0x00CAD0CF, 0x00CAD2D1, 0x00CDD6D6, 0x00D0D9D9, 0x00CFD6D5, 0x00CDD3D2, 0x00CDD5D3, 0x00CCD3D1,
    0x00CCD3D1, 0x00CBD1CF, 0x00CCD2D2, 0x00CDD4D3, 0x00CED6D5, 0x00CDD6D5, 0x00D0D8D8, 0x00CFDADA, 0x00D2DDDD,
    0x00D4DEDE, 0x00D2DDDE, 0x00D2DCDD, 0x00D2DDDE, 0x00D4DDDE, 0x00D2DBDC, 0x00CFDADB, 0x00CCD7D9, 0x00D1DBDD,
    0x00CFD9DC, 0x00CFDBDD, 0x00CDD8D9, 0x00CDD9D8, 0x00CAD4D6, 0x00C9D4D3, 0x00C8D3D3, 0x00CFD9DB, 0x00CCD8D9,
    0x00D3DEE1, 0x00CCDADD, 0x00CBD9DC, 0x00CEDADD, 0x00D0DADC, 0x00CED8DA, 0x00CDD7D7, 0x00CCD7D8, 0x00CCD7D9,
    0x00CFDADC, 0x00D1DDE0, 0x00D2DDE0, 0x00D2DEE1, 0x00D1DDE0, 0x00CEDADC, 0x00D0DBDD, 0x00CFDBDD, 0x00D1DCDF,
    0x00CED9D9, 0x00CDD6D8, 0x00CDD7D7, 0x00CCD8DA, 0x00D2DFE2, 0x00D2E0E3, 0x00CFDDDE, 0x00D1DDE0, 0x00CDDADD,
    0x00CEDBDF, 0x00D2DEE2, 0x00D2DFE2, 0x00CFDDE1, 0x00D2E1E4, 0x00D0E0E4, 0x00D5E3E8, 0x00D4E3E8, 0x00D5E5EA,
    0x00D4E3E8, 0x00D6E4E7, 0x00D6E4E9, 0x00D9E5EA, 0x00D5E1E4, 0x00D2E1E4, 0x00D7E4E8, 0x00D7E3E8, 0x00D4E2E6,
    0x00D9EAEF, 0x00D9E9EE, 0x00DAE9EE, 0x00CFE1E6, 0x00D4E5E9, 0x00D6E5E9, 0x00DBEAED, 0x00D7E5EA, 0x00D3E3E7,
    0x00CFDFE2, 0x00D5E6EA, 0x00D9E9ED, 0x00D9E8EF, 0x00D7E7ED, 0x00D4E7EC, 0x00D4E7EC, 0x00D4E6EC, 0x00D6E9EF,
    0x00D6E8EE, 0x00D4E6EC, 0x00D3E6EB, 0x00D6E9EF, 0x00D7E9F0, 0x00D8EAF0, 0x00D5E7ED, 0x00CAD6D7, 0x00C1C7C5,
    0x00BFC3C0, 0x00BCC1BD, 0x00C2C5C4, 0x00BDC2C0, 0x00C5CBC7, 0x00C1C5C2, 0x00BFC4C2, 0x00BEC3BF, 0x00C3C8C6,
    0x00C1C6C3, 0x00C4C8C5, 0x00C4C8C6, 0x00C7CDCA, 0x00C7CCCA, 0x00CBD0CE, 0x00C9CFCC, 0x00C9D1D0, 0x00D0D9D9,
    0x00D3E0E3, 0x00D8E9EE, 0x00D3E6ED, 0x00D9EBF3, 0x00D8E8ED, 0x00D8EAF0, 0x00D6E7EE, 0x00D6E7EE, 0x00DAEAF1,
    0x00D9EAF1, 0x00D5E8EE, 0x00D5E8ED, 0x00D5E8EF, 0x00D7EAEF, 0x00D8E9F0, 0x00D8EBF1, 0x00D6E8EF, 0x00DAEAF1,
    0x00DAEBF2, 0x00D1E2E8, 0x00C5D5D8, 0x00B6C6C8, 0x00ABB6B7, 0x00B1BDBF, 0x00B5C0C1, 0x00C7D0CF, 0x00C8D0CF,
    0x00C7CFCE, 0x00C7D0CE, 0x00C8D1CF, 0x00C7D0CD, 0x00C4CFCE, 0x00BEC8C7, 0x00ADB8B8, 0x00B7C2C2, 0x00C5CDCD,
    0x00C7D0CF, 0x00C4CCCB, 0x00C6CECE, 0x00C0C9C9, 0x00C0CAC9, 0x00C2C9C8, 0x00B3BEBF, 0x00A3B0AF, 0x00A0ADAF,
    0x00A0AEAF, 0x00AFBABB, 0x0095A3A6, 0x008B999C, 0x00A0AEB0, 0x00AAB5B7, 0x00B6BEBF, 0x00BAC3C4, 0x00C2CACA,
    0x00C5CDCC, 0x00B7C2C2, 0x00ADB9B9, 0x00C2CBCA, 0x00AFBCBF, 0x00A8B7B9, 0x00B3BDBD, 0x00C1C7C6, 0x00C4CAC9,
    0x00C7CCCB, 0x00C4CAC9, 0x00B6BFBF, 0x00BEC9CA, 0x00D2E1E5, 0x00DAEAF0, 0x00DAEAF0, 0x00DAEBF1, 0x00D9E8ED,
    0x00DAE9EE, 0x00DCE9EF, 0x00DDECF0, 0x00D8E5EA, 0x00DAE8EC, 0x00D7E6EA, 0x00D6E4E9, 0x00D6E6EC, 0x00D7E7EB,
    0x00D7E5E9, 0x00DBEBEF, 0x00DAE8EC, 0x00DDEAF0, 0x00DDECF0, 0x00DBEAEE, 0x00DEECF1, 0x00DEECEF, 0x00DAE9ED,
    0x00D9E9ED, 0x00DAEAEE, 0x00D9E7EB, 0x00D5E3E8, 0x00D4E1E6, 0x00D4E1E3, 0x00D8E5E9, 0x00D1E0E3, 0x00CBD5D7,
    0x00C9D0D1, 0x00CCD3D3, 0x00CED7D8, 0x00CED6D6, 0x00CAD2D2, 0x00CED7D7, 0x00CAD0CF, 0x00C7CECC, 0x00CAD0CF,
    0x00C3CAC7, 0x00CAD0CE, 0x00C5CAC8, 0x00C5C9C7, 0x00C4CAC8, 0x00C6CCCB, 0x00C8CDCD, 0x00C9D2D1, 0x00C3C9C5,
    0x00CAD1D0, 0x00C7CDCD, 0x00C5CECD, 0x00C7D0D0, 0x00C9D1D0, 0x00C9D2D2, 0x00CED6D6, 0x00CBD3D3, 0x00CED6D6,
    0x00CDD4D3, 0x00CCD3D3, 0x00D0D7D6, 0x00CBD3D2, 0x00CBD3D2, 0x00CED8D7, 0x00CAD3D3, 0x00C8D1D0, 0x00C7CFCD,
    0x00C9D2D1, 0x00C8D2D1, 0x00CBD4D3, 0x00C6CDCC, 0x00C6D3D2, 0x00C8D1D1, 0x00C8CFCE, 0x00CAD1CF, 0x00C9CFCD,
    0x00C3C9C7, 0x00C9CFCE, 0x00CAD1CF, 0x00CCD3D1, 0x00CCD2CF, 0x00CBD1CD, 0x00CDD2D0, 0x00CCD3D0, 0x00CFD6D5,
    0x00CFD7D6, 0x00D0D9D8, 0x00D2DADA, 0x00CBD5D3, 0x00CDD7D6, 0x00CDD5D4, 0x00CAD4D2, 0x00CCD4D3, 0x00CBD4D3,
    0x00CCD4D3, 0x00CBD3D0, 0x00CAD1D0, 0x00CBD1D1, 0x00CAD0CE, 0x00CDD3D3, 0x00CCD6D5, 0x00CED6D6, 0x00CCD5D4,
    0x00CCD3D2, 0x00CCD3D2, 0x00CBD3D2, 0x00CFD5D2, 0x00D0D8D8, 0x00CDD5D5, 0x00CAD3D2, 0x00CED5D4, 0x00C7CFCD,
    0x00C8CFCD, 0x00C1C7C4, 0x00C3CAC8, 0x00C4C9C7, 0x00C5CCCA, 0x00C4CBC9, 0x00C6CAC8, 0x00C5CDCB, 0x00CAD1CF,
    0x00CBD3D1, 0x00CAD1CE, 0x00CCD3D2, 0x00CED5D4, 0x00D1DADB, 0x00D0D9D9, 0x00CCD4D4, 0x00CBD5D6, 0x00D1D9D9,
    0x00CED8D8, 0x00D1DAD9, 0x00CFD7D6, 0x00D3DBDB, 0x00CFD8D7, 0x00D0D7D6, 0x00CDD5D4, 0x00D0D8D7, 0x00CCD4D3,
    0x00CDD6D5, 0x00CCD7D7, 0x00D3DDDC, 0x00D2DEDF, 0x00D4DDDD, 0x00D4DEDF, 0x00D0DCDA, 0x00D1DBDC, 0x00CDD9D9,
    0x00D0DADC, 0x00D0DADB, 0x00D3DCDD, 0x00D3DBDC, 0x00D2DADA, 0x00D2DADC, 0x00CFD7D9, 0x00CDD6D8, 0x00D0D7D9,
    0x00CFD9DA, 0x00CDD6D7, 0x00CDD8DB, 0x00CAD7DB, 0x00C6D2D3, 0x00C9D4D5, 0x00CCD5D4, 0x00D0D8D9, 0x00D0D8D9,
    0x00CDD8D9, 0x00D0DBDD, 0x00CFDBDD, 0x00D2DEE1, 0x00D2DFE1, 0x00D3DFE2, 0x00D1DDE0, 0x00D0DDDF, 0x00D0DCDF,
    0x00D1DDE1, 0x00CFDCDE, 0x00CEDADC, 0x00D3DEE0, 0x00D1DBDD, 0x00D0DADB, 0x00CFDCDE, 0x00D2DDDF, 0x00CDD8D9,
    0x00C9D3D5, 0x00C7D4D5, 0x00D2DDE0, 0x00D4DFE3, 0x00D2E0E2, 0x00D2DFE2, 0x00CFDDE1, 0x00D1DFE2, 0x00D2E0E5,
    0x00D1DFE4, 0x00D2E1E6, 0x00D5E2E7, 0x00D1E0E5, 0x00D2DFE4, 0x00D6E4E8, 0x00D9E5E9, 0x00D3E1E5, 0x00D3E2E5,
    0x00D5E3E6, 0x00D5E2E5, 0x00D7E4E7, 0x00D8E4E8, 0x00D7E3E7, 0x00D7E9EE, 0x00D4E7ED, 0x00DAE9F0, 0x00D7E7EC,
    0x00D7E7EB, 0x00D3E5E9, 0x00DAE9EE, 0x00DAE8EC, 0x00D9E8EC, 0x00D6E6EB, 0x00DBEAF0, 0x00D9E9EE, 0x00D6E7ED,
    0x00D7E8EE, 0x00D4E6EC, 0x00D6E8EE, 0x00D4E5EC, 0x00D3E6EB, 0x00D7E8EF, 0x00D8EAEF, 0x00D7E9EF, 0x00D8EBF0,
    0x00D8E9EF, 0x00D1E1E4, 0x00C8D2D3, 0x00C3CBCA, 0x00BDC3C2, 0x00C0C5C3, 0x00BFC4C1, 0x00C3C8C7, 0x00C0C5C2,
    0x00C1C6C5, 0x00C2C9C8, 0x00C2C9C7, 0x00C2C7C4, 0x00C1C5C3, 0x00C6CAC8, 0x00C5CBC8, 0x00C5CBC9, 0x00C9CECC,
    0x00C9CFCD, 0x00CAD0CF, 0x00CCD2D0, 0x00CCD3D1, 0x00CCD2D0, 0x00CAD0CF, 0x00CBD4D3, 0x00CFDBDD, 0x00D1DDE0,
    0x00CBD4D3, 0x00CDD7D8, 0x00D6E5EA, 0x00D8EAF1, 0x00D8EAF0, 0x00D7E9EF, 0x00D9EAF1, 0x00D7EAF0, 0x00D8EAF2,
    0x00D8EBF1, 0x00D8EAF1, 0x00D9EBF2, 0x00DAEBF2, 0x00C9DADF, 0x00B4C1C6, 0x00C3D3D7, 0x00AEBCC0, 0x00B4BFC2,
    0x00BBC5C6, 0x00C6CFD0, 0x00C9D1D0, 0x00C8CFCF, 0x00C7CECE, 0x00C5CFCD, 0x00C9D1D0, 0x00C5CFCF, 0x00BCC7C7,
    0x00B8C5C6, 0x00C1CACA, 0x00C0CAC9, 0x00C6CFCD, 0x00C5CDCD, 0x00C0CAC9, 0x00C1CBCA, 0x00BCC7C7, 0x00BAC5C5,
    0x00B8C3C2, 0x00BBC5C5, 0x00BAC4C4, 0x00B4BFC0, 0x00A4B0B3, 0x0097A5A8, 0x0097A5A8, 0x008F9DA1, 0x00829196,
    0x0085949A, 0x0099A7AA, 0x00ADB9BC, 0x0098A5A9, 0x00B6C0C0, 0x00BDC5C5, 0x00BFC7C7, 0x00C6CECD, 0x00C5CDCD,
    0x00C6CECE, 0x00BAC5C5, 0x00A8B5B7, 0x00B2BDBD, 0x00BEC6C5, 0x00C6CCCA, 0x00C4CAC9, 0x00BFC6C5, 0x00B1BABB,
    0x00C7D3D4, 0x00D3E2E6, 0x00DCEBF0, 0x00DDECF3, 0x00D8E7EC, 0x00D9E6EA, 0x00DAE7ED, 0x00D9E6EB, 0x00D8E7EA,
    0x00D8E9EF, 0x00D9EAF0, 0x00D5E6ED, 0x00D7E7EE, 0x00D6E7EE, 0x00D8E8ED, 0x00D4E2E8, 0x00D6E5E9, 0x00D7E5E9,
    0x00DBEAEE, 0x00DBE9ED, 0x00D9E7EA, 0x00D9E6E9, 0x00D8E5E8, 0x00D6E3E5, 0x00D5E2E5, 0x00D4E0E3, 0x00D3DFE2,
    0x00CFD9DB, 0x00CED7D8, 0x00CED7D7, 0x00CDD6D8, 0x00D2DCDF, 0x00CED7D8, 0x00CDD6D6, 0x00CED7D7, 0x00D0D8D8,
    0x00CED6D5, 0x00CCD4D3, 0x00CAD0CF, 0x00C9D0CF, 0x00CCD2D2, 0x00CBD3D3, 0x00CBD1D0, 0x00C9D0CF, 0x00C9D0D0,
    0x00CAD2D2, 0x00CBD4D4, 0x00CBD5D5, 0x00CAD3D3, 0x00CAD3D2, 0x00CBD4D3, 0x00CAD3D3, 0x00CBD3D1, 0x00CAD3D2,
    0x00C8D3D4, 0x00CCD5D5, 0x00CBD4D5, 0x00CDD6D6, 0x00D0D9D9, 0x00CED7D8, 0x00CED6D5, 0x00CDD5D6, 0x00CCD5D5,
    0x00CCD5D5, 0x00CED8D9, 0x00CAD5D5, 0x00CBD6D6, 0x00CAD5D5, 0x00CCD7D9, 0x00D2DDDF, 0x00CDD8D8, 0x00CDD6D5,
    0x00CCD5D4, 0x00CCD4D3, 0x00CDD5D4, 0x00CBD2D1, 0x00CAD1CF, 0x00C6CECB, 0x00CBD1CF, 0x00CDD7D6, 0x00CDD5D3,
    0x00CFD6D4, 0x00CDD4D2, 0x00CCD4D2, 0x00CDD5D3, 0x00D1D9D8, 0x00CFD7D6, 0x00CFD9D8, 0x00D1D9D9, 0x00CFD7D5,
    0x00D1D8D8, 0x00CDD5D4, 0x00CCD6D4, 0x00CDD5D4, 0x00CCD5D5, 0x00CDD4D4, 0x00C9D3D2, 0x00CAD4D3, 0x00CDD6D6,
    0x00CAD1D0, 0x00CBD3D3, 0x00CBD4D4, 0x00CCD4D4, 0x00CED7D7, 0x00CED5D4, 0x00CCD4D3, 0x00CBD3D2, 0x00C9D3D3,
    0x00CDD6D6, 0x00CFD7D7, 0x00CBD5D4, 0x00CCD5D4, 0x00C8D2D2, 0x00CDD3D2, 0x00C6CBC9, 0x00C3C8C6, 0x00C4C9C7,
    0x00C2C7C5, 0x00C4CAC8, 0x00C1C5C3, 0x00C6CCCB, 0x00C6CDCB, 0x00C7CFCD, 0x00CCD2D0, 0x00C9D2D1, 0x00CCD6D6,
    0x00CCD7D7, 0x00D2D9DA, 0x00D0D9D9, 0x00C6D5D7, 0x00CDD8D9, 0x00D1DAD9, 0x00D1DAD9, 0x00D0D8D8, 0x00D0D8D7,
    0x00D1D9D8, 0x00D1D8D8, 0x00CFDADC, 0x00CCD5D5, 0x00CDD5D5, 0x00CED7D6, 0x00CFD9D8, 0x00D3DCDC, 0x00D3DDDD,
    0x00D5DEDE, 0x00D3DEDF, 0x00D6E1E1, 0x00D2DDDE, 0x00D2DBDB, 0x00D2DBDD, 0x00D2DBDC, 0x00D2DBDD, 0x00D2DCDD,
    0x00D3DDDD, 0x00D4DCDE, 0x00D3DADB, 0x00D3DBDC, 0x00D1D9DA, 0x00D0DADA, 0x00CED8D9, 0x00CFD9DB, 0x00CCD6D7,
    0x00CFD8D8, 0x00CED8DA, 0x00CFD9D9, 0x00CDD5D5, 0x00CED6D8, 0x00CCD7D7, 0x00CED8DA, 0x00CCD6D7, 0x00CDD7D9,
    0x00CDD7DA, 0x00CED9DC, 0x00CEDADD, 0x00CEDADC, 0x00CEDADC, 0x00CFDADD, 0x00D0DCDE, 0x00CFDBDC, 0x00D1DCDD,
    0x00D1DDDF, 0x00D3DDDF, 0x00D3DEDF, 0x00D2DCDE, 0x00D1DCDF, 0x00D1DBDD, 0x00CFDBDC, 0x00CED9DA, 0x00CCD7D8,
    0x00CAD5D6, 0x00CCD8DA, 0x00D0DDDF, 0x00D0DDDE, 0x00D0DCE0, 0x00CEDDE1, 0x00D0DFE2, 0x00D3E1E7, 0x00D1DFE2,
    0x00D3E1E5, 0x00D3E0E4, 0x00D7E4E8, 0x00D6E3E6, 0x00D4E0E3, 0x00D3DFE3, 0x00D6E2E6, 0x00D8E4E8, 0x00D7E5E8,
    0x00D3E2E5, 0x00DAEDF2, 0x00D6E9EE, 0x00DBEBF0, 0x00D6E8ED, 0x00D5E6EB, 0x00D8EAEF, 0x00DBE9EF, 0x00DCEBF0,
    0x00DCEBF1, 0x00D8E8ED, 0x00DCECF2, 0x00D3E5EB, 0x00D4E7EC, 0x00DBEBF1, 0x00D9EAF0, 0x00D8E9F0, 0x00D4E7ED,
    0x00D6E9EE, 0x00D7E9F0, 0x00D6E8ED, 0x00D7E9F0, 0x00D9EAF0, 0x00CCDADC, 0x00C5CFCF, 0x00CAD3D3, 0x00C0C7C6,
    0x00BEC4C2, 0x00C0C6C3, 0x00C1C6C4, 0x00C7CECC, 0x00C5CBCA, 0x00C5CCC9, 0x00C5CBCA, 0x00C8CECD, 0x00C2C9C6,
    0x00C2C8C5, 0x00C5CCC9, 0x00C5CCC9, 0x00C7CDCB, 0x00C7CDCB, 0x00C8CFCD, 0x00C8CFCC, 0x00CBD1D0, 0x00CBD1D0,
    0x00CBD3D1, 0x00CAD0CF, 0x00C9CECD, 0x00CCD2D0, 0x00CBD0CE, 0x00CBD1CE, 0x00CBD0CF, 0x00CBD4D4, 0x00D2E1E6,
    0x00D5E4E9, 0x00CDDADE, 0x00CFDBDD, 0x00CEDBDD, 0x00CEDDE1, 0x00D4E8EE, 0x00D9ECF3, 0x00DAECF3, 0x00D6E6EC,
    0x00B5C2C5, 0x00B6C3C6, 0x00B6C1C2, 0x00BEC9CB, 0x00C8D2D3, 0x00C6D1D0, 0x00CAD3D5, 0x00CAD2D2, 0x00C3CBC9,
    0x00C3CCCB, 0x00C5CFCE, 0x00C8D1D0, 0x00C3CCCC, 0x00C6CECE, 0x00C6D0CE, 0x00C6CFCD, 0x00C6D0CE, 0x00C4CECF,
    0x00C0CACA, 0x00B8C7CA, 0x00B6C3C6, 0x00BBC5C8, 0x00C2CDCE, 0x00C0CCCD, 0x00B5C1C1, 0x00B7C3C4, 0x00C1CBCC,
    0x00BAC5C6, 0x00ADB9BB, 0x00919DA1, 0x0088989C, 0x007D8D92, 0x00829298, 0x00A5B1B4, 0x00A0AFB1, 0x008F9FA3,
    0x00B2BEBD, 0x00BAC4C4, 0x00AAB5B6, 0x00ABB7B7, 0x00BCC5C5, 0x00C1CBCA, 0x00C8CFCE, 0x00BFC8C9, 0x00A7B2B4,
    0x00A6B1B3, 0x00BEC6C4, 0x00C4C9C9, 0x00C5CBCB, 0x00B5BDBD, 0x00B3BFBF, 0x00CFDADC, 0x00D9E6EA, 0x00D9E8EE,
    0x00D9E8ED, 0x00DAE8ED, 0x00DDEAF0, 0x00DBEAF0, 0x00DCEAF0, 0x00D9E9F0, 0x00D8E8EF, 0x00D7E8EE, 0x00D3E6EC,
    0x00D3E5EB, 0x00C6D1D1, 0x00BDC0BC, 0x00BDBFBA, 0x00B9BEB9, 0x00C4CDCB, 0x00D6E3E5, 0x00D9E6EA, 0x00DAE7EA,
    0x00DAE6EA, 0x00DCE9EB, 0x00D8E5E8, 0x00D7E2E5, 0x00D4E0E2, 0x00D2DEE0, 0x00D7E4E6, 0x00D2DDDD, 0x00D1DDDE,
    0x00CFDBDD, 0x00D2DDDE, 0x00D1DADB, 0x00D1DBDC, 0x00D0D9DA, 0x00D3DBDC, 0x00CBD3D3, 0x00CAD1D0, 0x00CDD4D4,
    0x00CED6D6, 0x00CBD5D5, 0x00CDD7D7, 0x00CBD3D3, 0x00CDD5D5, 0x00CDD6D6, 0x00D0DADC, 0x00CFD9DB, 0x00CED9D9,
    0x00D1DCDD, 0x00D0DBDC, 0x00CED8DA, 0x00CED7D8, 0x00CFD7D8, 0x00CBD5D7, 0x00CAD3D3, 0x00C9D3D3, 0x00CDD5D5,
    0x00CBD5D5, 0x00CFD9D8, 0x00CED7D6, 0x00D0D8D8, 0x00C6D2D4, 0x00CBD6D7, 0x00CBD6D6, 0x00C8D4D3, 0x00CAD6D6,
    0x00CCD8D9, 0x00D0DCDC, 0x00D2DEDF, 0x00D0DCDC, 0x00D0DADB, 0x00CDD6D6, 0x00CBD3D2, 0x00C8CECD, 0x00CAD1CF,
    0x00CAD1CF, 0x00CAD0CF, 0x00CDD2D1, 0x00CAD0CC, 0x00CED4D2, 0x00D0D9D9, 0x00D0DAD8, 0x00CED7D6, 0x00D0D9D9,
    0x00D1D9D8, 0x00D0D8D7, 0x00D0D8D6, 0x00D0D8D8, 0x00D1DBDA, 0x00D4DDDD, 0x00D2DADA, 0x00D4DCDC, 0x00CFD8D7,
    0x00CCD4D2, 0x00CFD7D7, 0x00CDD6D5, 0x00CCD6D5, 0x00CBD5D6, 0x00CDD5D4, 0x00CDD7D7, 0x00CCD7D7, 0x00CAD3D2,
    0x00CED7D6, 0x00D1D9D8, 0x00D1D8D7, 0x00D0D8D7, 0x00CDD5D5, 0x00CBD3D2, 0x00D0D6D6, 0x00CDD4D3, 0x00CED5D4,
    0x00D0D7D6, 0x00CED5D5, 0x00CCD3D1, 0x00C9CFCE, 0x00C4CAC9, 0x00C3C7C3, 0x00C3C5C3, 0x00BEC1BF, 0x00C3C9C6,
    0x00C4CBCA, 0x00C5CCC9, 0x00CAD0CF, 0x00CBD3D1, 0x00CCD4D3, 0x00CDD4D2, 0x00CED5D5, 0x00CED6D6, 0x00CED6D5,
    0x00CCD5D4, 0x00D0D8D7, 0x00D5DBDA, 0x00D2D9D9, 0x00D2DAD9, 0x00D0D8D7, 0x00CCD4D3, 0x00CAD9DD, 0x00D1DBDB,
    0x00D2DAD9, 0x00CAD7D9, 0x00CBD9DB, 0x00D3DDDC, 0x00D3DCDD, 0x00D4DDDD, 0x00D2DCDC, 0x00D4DDE0, 0x00D3DEE0,
    0x00D9E1E1, 0x00D1DDDF, 0x00D4DCDD, 0x00D6DEE1, 0x00D2DCDF, 0x00D4DCDD, 0x00D0DCDE, 0x00D4DEDE, 0x00D2DDDE,
    0x00CDDADA, 0x00D3DADC, 0x00CFD9D8, 0x00D2DADB, 0x00D0D8D7, 0x00D0D7D8, 0x00CFD8D8, 0x00CFD8D8, 0x00CED9DA,
    0x00CCD6D9, 0x00CEDADB, 0x00CFDADC, 0x00CFDADC, 0x00CDD9DC, 0x00D0DCDE, 0x00CFDADD, 0x00CCD8D9, 0x00CDD9DC,
    0x00CFDBDC, 0x00CCD8D8, 0x00D0DDDF, 0x00D1DCDE, 0x00D0DBDC, 0x00CAD9DD, 0x00D2DCDF, 0x00D3DDE0, 0x00D1DBDD,
    0x00D1DDDE, 0x00D2DCDF, 0x00D0DCDD, 0x00D4DDE0, 0x00CEDBDD, 0x00C9D7DB, 0x00CBD7D9, 0x00CCD8DA, 0x00CFDBDF,
    0x00CFD8D9, 0x00CFD9D8, 0x00D1DBDB, 0x00CED9DD, 0x00CADADC, 0x00D1DFE3, 0x00D4E1E5, 0x00D8E4E8, 0x00D5E3E8,
    0x00D1DFE1, 0x00D4E0E4, 0x00D6E2E6, 0x00D5E1E5, 0x00D7E5E8, 0x00D2E0E5, 0x00DAEDF4, 0x00D7EBF2, 0x00DAEBF2,
    0x00D9EAEF, 0x00D7EAEE, 0x00D8EAEF, 0x00DBE9EF, 0x00D2E4EA, 0x00D6E8ED, 0x00D9EAF0, 0x00DAEBF1, 0x00D9EBF1,
    0x00D8EBF0, 0x00D9EBF1, 0x00DAEBF1, 0x00DBEBF1, 0x00D9EBF1, 0x00DBEEF4, 0x00DBEDF3, 0x00DBEDF3, 0x00D7E7EA,
    0x00CDD9DC, 0x00CAD4D3, 0x00C7D0CE, 0x00C3CAC8, 0x00C2C9C6, 0x00C3C9C8, 0x00C3CAC8, 0x00C2C8C5, 0x00C9CFCD,
    0x00C4C9C8, 0x00C5CAC8, 0x00C6CBCA, 0x00C8CECC, 0x00CAD1D0, 0x00C5CBC8, 0x00C9D0CE, 0x00C8CECC, 0x00CAD0CF,
    0x00CBD1D0, 0x00CAD0CF, 0x00CAD1CF, 0x00CBD1D0, 0x00CED4D4, 0x00CAD1CF, 0x00CDD3D2, 0x00CBD1CF, 0x00CDD4D3,
    0x00CDD3D2, 0x00CDD4D3, 0x00CAD0CF, 0x00CBD2D0, 0x00CBD2D1, 0x00CDD5D3, 0x00CDD4D3, 0x00D0D6D4, 0x00CED5D4,
    0x00CDD5D4, 0x00CAD5D5, 0x00D5E4E9, 0x00CEDFE5, 0x00B3C1C4, 0x00ACB8BA, 0x00C2CECF, 0x00C8D4D4, 0x00CAD4D4,
    0x00CAD5D5, 0x00C5CFCE, 0x00C7D1D1, 0x00C6D2D2, 0x00C6D1D1, 0x00C5D0D1, 0x00C7D1D1, 0x00C4CFCE, 0x00C3CCCC,
    0x00C7D1D2, 0x00C7D2D3, 0x00C4D0D1, 0x00BECDCE, 0x00B8C7CC, 0x00B5C6CE, 0x00B4C6CC, 0x00B1C0C5, 0x00B8C9CD,
    0x00B9C9CF, 0x00B5C5CC, 0x00AABDC6, 0x00B0BFC3, 0x00B3BFC2, 0x00ABBABE, 0x00B2C1C4, 0x00A4B3B6, 0x0095A4A7,
    0x009BAAAD, 0x0098A7AA, 0x00A3B2B6, 0x009DABB0, 0x0093A3A8, 0x009CABAE, 0x0096A5AA, 0x00A7B5B8, 0x00A6B4B5,
    0x00A0ADB0, 0x00AAB6B7, 0x00B8C0C1, 0x00CAD1CF, 0x00BAC5C5, 0x00A7B5B6, 0x00B3BCBC, 0x00C3C9C8, 0x00C6CCCA,
    0x00C4CAC9, 0x00AEB9BA, 0x00B9C6C7, 0x00CBD8DA, 0x00D9E7EC, 0x00DAEAF0, 0x00DAEAEF, 0x00D9E8ED, 0x00DAEAF0,
    0x00D9E8EF, 0x00D7E9EE, 0x00D8E9EF, 0x00DBEBF0, 0x00CCD6D7, 0x00B7BBB6, 0x00B5B6AE, 0x00B6B8B2, 0x00B8BAB4,
    0x00B4B6AD, 0x00B3B3AD, 0x00BABEB9, 0x00CBD6D6, 0x00D8E6EA, 0x00D9E5E8, 0x00DBE7EB, 0x00DAE6E9, 0x00D6E2E5,
    0x00D8E4E6, 0x00D6E2E4, 0x00D5E0E3, 0x00D3DEE1, 0x00D2DEDF, 0x00D2DCDF, 0x00D1DDDF, 0x00D1DCDD, 0x00D1DEE0,
    0x00CFD9DA, 0x00D1DBDD, 0x00CDD5D5, 0x00CCD6D6, 0x00CFD9DB, 0x00CED9DB, 0x00D0DDDD, 0x00CDD7D9, 0x00CDD8DA,
    0x00CFD9DB, 0x00D0DCDD, 0x00D3DEE1, 0x00D3DEE0, 0x00D0DBDD, 0x00D1DADB, 0x00D1DCDD, 0x00D1DCDE, 0x00D0DBDB,
    0x00CFD8D8, 0x00CDD5D6, 0x00CDD7D6, 0x00CAD4D4, 0x00CCD6D6, 0x00D0D9D8, 0x00CDD6D5, 0x00D0DADA, 0x00CDD6D5,
    0x00CDD8DB, 0x00CEDADB, 0x00CCD6D5, 0x00CBD5D4, 0x00CAD4D3, 0x00CDD6D8, 0x00D0DBDB, 0x00D0DBDD, 0x00CCD6D6,
    0x00CDD8D8, 0x00CED7D8, 0x00CDD6D5, 0x00CCD5D4, 0x00CBD1D0, 0x00CBD1D0, 0x00C9CFCE, 0x00CDD4D3, 0x00CBD1CE,
    0x00CDD5D3, 0x00D3DDDD, 0x00D4DDDE, 0x00D3DCDC, 0x00D4DDDF, 0x00D4DDDD, 0x00D3DDDE, 0x00D3DDDD, 0x00D2DBDA,
    0x00D7E1E2, 0x00D5E0E2, 0x00D4DFE0, 0x00D3DDDC, 0x00D4DFE0, 0x00D3DEDE, 0x00D1DCDC, 0x00D1DADA, 0x00CBD4D4,
    0x00CBD2D2, 0x00CBD2D2, 0x00CBD2D2, 0x00C7D0D1, 0x00CAD3D2, 0x00CED5D5, 0x00CDD6D5, 0x00CED6D5, 0x00CED6D5,
    0x00D0D7D6, 0x00CDD4D2, 0x00D2D9D9, 0x00D1D9D8, 0x00D1D8D8, 0x00CFD7D7, 0x00CED5D4, 0x00CCD4D3, 0x00CFD7D7,
    0x00CDD4D3, 0x00C6CCCA, 0x00C3C7C6, 0x00C3C9C7, 0x00C3CAC8, 0x00C1C9C6, 0x00C6CECC, 0x00CDD4D3, 0x00CED5D2,
    0x00CBD1D0, 0x00CCD3D2, 0x00CCD4D2, 0x00CED6D6, 0x00CAD2D1, 0x00CDD2D1, 0x00CED4D3, 0x00CFD6D6, 0x00CED5D4,
    0x00CED5D4, 0x00CED6D5, 0x00D0D8D7, 0x00CCD8D9, 0x00D1DCDA, 0x00D1D9D9, 0x00CFDADA, 0x00D0DADA, 0x00D3DDDC,
    0x00D3DCDC, 0x00CEDBDD, 0x00CFDBDE, 0x00D5DDDD, 0x00D3DDDD, 0x00D7DEDF, 0x00CFDBDD, 0x00D4DDDD, 0x00D4DDDE,
    0x00D5DEDD, 0x00D3DDDE, 0x00D1DCDD, 0x00D3DDE0, 0x00D6DFE0, 0x00D1DCDE, 0x00D4DCDD, 0x00D0DBDB, 0x00D4DDDE,
    0x00D2DDDD, 0x00D1DBDC, 0x00D0DBDD, 0x00D2DCDE, 0x00D0DBDE, 0x00D1DDDD, 0x00D1DCDE, 0x00CFDADD, 0x00D1DBDE,
    0x00CEDADB, 0x00D0DBDD, 0x00CFDBDD, 0x00D2DEE0, 0x00D2DCDF, 0x00D0DBDE, 0x00CFDADC, 0x00D0DBDD, 0x00D0DCDF,
    0x00CEDADC, 0x00D1DCDE, 0x00D2DCDD, 0x00D0DBDD, 0x00D2DCDE, 0x00D0DADB, 0x00CFDADD, 0x00CEDBDB, 0x00D2DDDE,
    0x00CDDADD, 0x00C8D7DB, 0x00CBD7D8, 0x00C8D4D7, 0x00C9D6DB, 0x00CCDBDF, 0x00CFDBDD, 0x00D0DBDE, 0x00D1DBDE,
    0x00CFDBDD, 0x00CDD9DC, 0x00CADBDF, 0x00D2DDE0, 0x00D1DDDF, 0x00D5E0E3, 0x00D4E2E6, 0x00D2E1E4, 0x00D8E4E8,
    0x00D4E3E7, 0x00D4E2E7, 0x00DDEEF4, 0x00DBEDF2, 0x00DDEEF3, 0x00DDEDF4, 0x00D9ECF1, 0x00DAEBF1, 0x00DAEBF1,
    0x00D8EAEF, 0x00D9EBF1, 0x00D5E8EE, 0x00D8EAF1, 0x00D7E9EF, 0x00D8EAF1, 0x00DBEDF4, 0x00DAECF2, 0x00DCEEF4,
    0x00DDEDF3, 0x00DEEFF5, 0x00DBEBEF, 0x00D2DEE2, 0x00CCD8D7, 0x00C9D1D1, 0x00C3C9C7, 0x00C2C8C7, 0x00C3CAC8,
    0x00C5CCCB, 0x00C6CCCB, 0x00C3CAC8, 0x00C7CCCA, 0x00C3C8C5, 0x00C7CECC, 0x00CAD2D1, 0x00C8D0CD, 0x00C8CFCC,
    0x00CBD1D0, 0x00CBD2D0, 0x00CCD2D0, 0x00CDD3D2, 0x00CCD3D2, 0x00CDD3D2, 0x00CED4D3, 0x00CBD3D2, 0x00CCD2D1,
    0x00CCD2D2, 0x00CBD2D0, 0x00CDD5D4, 0x00CED6D5, 0x00CED6D6, 0x00CFD7D6, 0x00CFD9D9, 0x00CDD6D6, 0x00CAD4D5,
    0x00CAD4D4, 0x00CED8D9, 0x00D1DADA, 0x00D0D9DA, 0x00D0D9D8, 0x00CDD7D7, 0x00C2CDCE, 0x00CBD7D9, 0x00ADBABE,
    0x00B9C5C7, 0x00C3D0D2, 0x00C8D5D7, 0x00C9D4D5, 0x00C9D4D5, 0x00C6D1D1, 0x00C8D3D3, 0x00C7D3D4, 0x00C4D0D2,
    0x00C0CDCD, 0x00C1CCCD, 0x00C6D1D1, 0x00C5D1D2, 0x00C3D0D2, 0x00C1D0D3, 0x00BFCDCF, 0x00B9C9CD, 0x00B3C3C9,
    0x00B2C3CC, 0x00B3C5CD, 0x00BECDD1, 0x00B4C4C8, 0x00A8B6B9, 0x00A9B5B8, 0x00B5C0C1, 0x00B0BABB, 0x00B2BDBE,
    0x00B3BEC1, 0x00AFBCBE, 0x00B1BFC2, 0x00B6C4C7, 0x00B2C0C4, 0x00B3C1C4, 0x00BBC8CA, 0x00A5B4B7, 0x00A7B6BB,
    0x009AABB0, 0x009CACB1, 0x00A5B6BB, 0x0099ABB1, 0x00A5B6BB, 0x00A4B4B9, 0x009EAFB5, 0x00A9B7BB, 0x00C0CAC8,
    0x00C7D0CE, 0x00C0CAC8, 0x00A9B5B6, 0x00B5C0BF, 0x00C1C8C6, 0x00C1C8C7, 0x00BAC3C2, 0x00A5B2B3, 0x00B2BEBF,
    0x00BFCBCC, 0x00CED9DB, 0x00D1DDDE, 0x00D3DFE1, 0x00D2DEDE, 0x00CDD7D8, 0x00D0DEE1, 0x00C9D2D2, 0x00BEC4C2,
    0x00B9BDB7, 0x00B6B8B3, 0x00B6B8B3, 0x00B7B9B3, 0x00BBBEB8, 0x00B6B7B1, 0x00B5B6B1, 0x00B3B4AE, 0x00BBBEB9,
    0x00C6CDCD, 0x00D5E4E7, 0x00D9E5E8, 0x00D7E3E7, 0x00D6E2E5, 0x00D4E0E3, 0x00D4E0E2, 0x00D3DFE1, 0x00D4DFE2,
    0x00D3DFE1, 0x00D2DDDE, 0x00D1DCDE, 0x00D3E0E1, 0x00D4DEE0, 0x00D1DCDE, 0x00D1DDDF, 0x00D2DEE0, 0x00D1DEE0,
    0x00D0DDDE, 0x00D0DCDE, 0x00CFDCDE, 0x00D0DBDD, 0x00D2DEDE, 0x00D4DFE1, 0x00D4DFE1, 0x00D4DFE2, 0x00D3DFE2,
    0x00D3DFDF, 0x00D3DFE1, 0x00D4DFE1, 0x00D1DBDE, 0x00D0DADC, 0x00D1DDE0, 0x00D0DEDF, 0x00CFD8D9, 0x00CDD6D5,
    0x00CED6D6, 0x00D0D9DA, 0x00D1DBDB, 0x00CFD9D9, 0x00CDD7D7, 0x00CFD9DA, 0x00CED8D8, 0x00CCD7D8, 0x00CDD8D9,
    0x00CCD8D8, 0x00CDD9D9, 0x00CFDADB, 0x00CCD8D7, 0x00CDD8D8, 0x00CED9D8, 0x00CDD7D7, 0x00CDD7D7, 0x00CCD6D6,
    0x00CFD8D7, 0x00CCD3D1, 0x00CED5D3, 0x00D1D7D6, 0x00CBD2D0, 0x00D0D9D8, 0x00D1DBDA, 0x00D3DDDF, 0x00D2DEDF,
    0x00D2DDDD, 0x00D5E0E0, 0x00D5E1E0, 0x00D7E2E4, 0x00D6E2E2, 0x00D5E0E1, 0x00D4E0E0, 0x00D4DFDF, 0x00D4E1E2,
    0x00D7E1E3, 0x00D5E0E2, 0x00D3DCDC, 0x00D1D8D8, 0x00D0DBDD, 0x00CBD3D2, 0x00C9D3D2, 0x00C4CECD, 0x00C4CFCF,
    0x00C9D2D2, 0x00CAD2D1, 0x00CBD3D2, 0x00CBD2D2, 0x00CED6D5, 0x00D1D8D8, 0x00D1D8D6, 0x00D1D8D8, 0x00CFD7D6,
    0x00D2DBDA, 0x00CFD8D7, 0x00CED6D5, 0x00CDD5D4, 0x00CFD8D9, 0x00CCD5D6, 0x00CED5D5, 0x00C9D3D3, 0x00C2CECE,
    0x00C6D1D1, 0x00C7D1D0, 0x00C6D0CF, 0x00C2CBC8, 0x00C9D1D0, 0x00C8CFCD, 0x00CAD1CE, 0x00CBD1D1, 0x00CCD4D3,
    0x00CED5D4, 0x00CED6D5, 0x00CCD3D0, 0x00CBD1D0, 0x00CDD4D3, 0x00D0D7D6, 0x00CFD8D8, 0x00CFD8D7, 0x00CED6D4,
    0x00CFD7D8, 0x00CDDADD, 0x00D1DCDC, 0x00CED9D8, 0x00CDD8D9, 0x00D0DAD9, 0x00D0DADC, 0x00D2DDDE, 0x00D1DCDA,
    0x00D2DBDC, 0x00D2DBDC, 0x00D2DFE1, 0x00D5DFE1, 0x00D6E0E0, 0x00D1DCDE, 0x00CDDBDE, 0x00D1DCDD, 0x00D3DCDE,
    0x00D6DFE1, 0x00D8E0E0, 0x00D2DCDE, 0x00D3DDDD, 0x00D5DEDF, 0x00D4DDDF, 0x00CFDBDC, 0x00D0DBDE, 0x00D4DFE1,
    0x00D1DDDE, 0x00D2DEDF, 0x00D4DEE1, 0x00CFDBDD, 0x00CFDBDE, 0x00D1DDE1, 0x00D2DEE0, 0x00D3DEE1, 0x00D1DBDE,
    0x00CDDADB, 0x00CCD7D9, 0x00CED9DA, 0x00CED8DA, 0x00CFDADC, 0x00CFDADB, 0x00CED9DB, 0x00D0DCDE, 0x00D1DADC,
    0x00CFDADC, 0x00CCD8DA, 0x00CFD9DC, 0x00CED9DC, 0x00D2DCDF, 0x00D1DCDE, 0x00CFDADC, 0x00CDD9DA, 0x00CFDBDC,
    0x00CFDADA, 0x00D0DBDF, 0x00CDD9DB, 0x00CEDADB, 0x00CFD9DB, 0x00CEDDE2, 0x00D2DBDD, 0x00D2DDDF, 0x00D2DCDF,
    0x00D6E1E2, 0x00D4DDDF, 0x00D0DBDD, 0x00D1DCDE, 0x00D1DDE0, 0x00D2E0E3, 0x00D4E2E6, 0x00D8EBF1, 0x00DCECF2,
    0x00DFEFF5, 0x00DCEEF4, 0x00DBEDF3, 0x00DDEDF3, 0x00D7EAEF, 0x00D9EBF1, 0x00DDEDF5, 0x00DAEBF1, 0x00DBECF2,
    0x00DEEEF5, 0x00D8EBF1, 0x00D9ECF2, 0x00DDEFF5, 0x00DCEEF4, 0x00DCEFF4, 0x00D6E4E7, 0x00CDD8D8, 0x00D0DADB,
    0x00CAD1D1, 0x00C6CCCA, 0x00C4CBC9, 0x00C7CFCE, 0x00C5CDCB, 0x00C8CECE, 0x00C7CECD, 0x00C8CFCD, 0x00C5CCCA,
    0x00C9D0CE, 0x00C8D1CF, 0x00CDD6D5, 0x00CBD4D2, 0x00CAD2CF, 0x00CDD4D3, 0x00D0D6D5, 0x00D0D7D6, 0x00CED5D3,
    0x00CED5D5, 0x00D0D6D6, 0x00CFD6D5, 0x00CFD6D5, 0x00CFD6D6, 0x00CFD7D7, 0x00D1D9D8, 0x00CFD7D7, 0x00D2DBDB,
    0x00D0DADA, 0x00D2DCDE, 0x00D2DBDB, 0x00C3CFD1, 0x00A6B3B8, 0x00A5B3B8, 0x00A6B4B9, 0x00B4C1C4, 0x00BAC8CC,
    0x00C1CFD3, 0x00BCCACE, 0x00B3C1C6, 0x00B7C5C8, 0x00C8D3D5, 0x00C6D3D3, 0x00C8D3D4, 0x00C7D2D5, 0x00C8D4D6,
    0x00C9D4D5, 0x00C6D3D4, 0x00C6D1D3, 0x00C4D1D2, 0x00C3CFCF, 0x00C2CECE, 0x00C1CBCC, 0x00C1CECE, 0x00C3CFD1,
    0x00C1CFD1, 0x00B7C5CB, 0x00BDCBCF, 0x00B6C3C9, 0x00B5C2C5, 0x00B6C6CA, 0x00BAC9CC, 0x00B4C4CB, 0x00AEBDC2,
    0x00AAB7BA, 0x00B4BFC0, 0x00AAB4B4, 0x00A9B4B5, 0x00A9B3B5, 0x00ADB8BB, 0x00ABB8BA, 0x00B1BEC1, 0x00B3C0C3,
    0x00B5C4C7, 0x00BBCCCE, 0x00B3C2C6, 0x00B1C0C3, 0x00C0CFD3, 0x00CBDADD, 0x00C6D5D9, 0x00D5E3E6, 0x00B9C8CE,
    0x00AEBEC3, 0x00ABBDC1, 0x00ABBBBF, 0x00A7BAC0, 0x00B2C0C3, 0x00C3CBC9, 0x00CCD2D0, 0x00BEC7C7, 0x00B1BBBA,
    0x00C5CACA, 0x00C4CAC9, 0x00C4CAC9, 0x00BDC4C3, 0x00ACB7B8, 0x00A4B1B2, 0x00B2BDBF, 0x00AEBABA, 0x00C1CACA,
    0x00BFC6C4, 0x00BEC4C0, 0x00BEC3BE, 0x00BDC3BE, 0x00C0C4C0, 0x00BABEBA, 0x00B7B8B4, 0x00B6B8B3, 0x00B8B9B3,
    0x00B7B7B1, 0x00B8B9B4, 0x00B6B8B2, 0x00BAB9B5, 0x00B8BAB5, 0x00BBBEB8, 0x00CAD3D2, 0x00D5E1E5, 0x00D2DFE1,
    0x00D7E3E6, 0x00D6E4E6, 0x00D6E2E4, 0x00D6E2E4, 0x00D4E1E3, 0x00D3E0E1, 0x00D7E3E5, 0x00D3DFE1, 0x00D6E1E3,
    0x00D7E2E5, 0x00D7E3E5, 0x00D5E0E2, 0x00D3DFE1, 0x00D5E0E4, 0x00D4E0E2, 0x00D4E0E4, 0x00D7E3E5, 0x00D4E0E2,
    0x00D2DFE1, 0x00D3DFE1, 0x00D6E2E4, 0x00D5E1E3, 0x00D6E1E3, 0x00D3DEE1, 0x00D1DEE0, 0x00D3DFE1, 0x00D4E1E3,
    0x00D5E0E3, 0x00CDDCE0, 0x00CDDCE1, 0x00D1DBDE, 0x00D0DBDD, 0x00D1DDDE, 0x00D1DCE0, 0x00D4E0E3, 0x00D0DBDB,
    0x00D0DBDC, 0x00CFDADB, 0x00CDD7D7, 0x00CFD9DA, 0x00CEDADB, 0x00D0DDDD, 0x00CEDBDA, 0x00D0DBDD, 0x00CCD8D8,
    0x00D1DCDD, 0x00CFD9D9, 0x00CFDBDB, 0x00CFD9D9, 0x00D4DEDE, 0x00D3DEE0, 0x00D1DBDA, 0x00CFDADA, 0x00D1D9D8,
    0x00CFD7D5, 0x00CFD8D8, 0x00D1DCDC, 0x00D4DFE0, 0x00D4DFE0, 0x00D5E1E2, 0x00D2E1E3, 0x00D3E1E5, 0x00D3E0E1,
    0x00D7E3E5, 0x00D6E1E1, 0x00D3E0DF, 0x00D3DEE0, 0x00D3DEDF, 0x00D5E0E0, 0x00D4DFE1, 0x00D4DDDD, 0x00D3DCDD,
    0x00D0D7D6, 0x00C8CFCF, 0x00C6CFCE, 0x00C5CFCD, 0x00C3CCCA, 0x00C5CECE, 0x00C8D2D2, 0x00CBD4D4, 0x00CBD1D0,
    0x00CAD1CF, 0x00CED4D3, 0x00D1D7D6, 0x00D0D9D8, 0x00D0D7D5, 0x00D1D7D7, 0x00D1D9D7, 0x00D1D8D8, 0x00CED6D5,
    0x00D1D9D8, 0x00CFD7D6, 0x00D2DADA, 0x00C8D1CF, 0x00C8D0CF, 0x00CBD3D2, 0x00C9D0CF, 0x00CAD1D1, 0x00CBD3D2,
    0x00CBD3D2, 0x00C9D0CE, 0x00C9CFCC, 0x00CBD4D4, 0x00CAD3D2, 0x00CBD2D1, 0x00CCD3D4, 0x00CDD4D3, 0x00C7CFCD,
    0x00C9D1CF, 0x00CED7D8, 0x00CFD9DA, 0x00CFD8D7, 0x00D2DBDA, 0x00CFD9D8, 0x00CCDADE, 0x00CAD8DC, 0x00D0DADA,
    0x00CDD8DA, 0x00CFDADA, 0x00CDD8D9, 0x00D2DBDC, 0x00D5DDDC, 0x00D1D9D8, 0x00D1DAD9, 0x00CFDBDC, 0x00D3DDDF,
    0x00D5DEDF, 0x00D6DEE0, 0x00D3DDDD, 0x00D1DBDD, 0x00D3DEDE, 0x00D4DEE0, 0x00D8E0E2, 0x00D1DCDC, 0x00D6DFE1,
    0x00D4DEDF, 0x00D3DFE0, 0x00CEDBDC, 0x00D0DCDE, 0x00CFDBDD, 0x00D2DDDF, 0x00D2DEE1, 0x00D0DDDF, 0x00D2DEE0,
    0x00D2DEE0, 0x00D3DFE1, 0x00D2DEE0, 0x00D2DEE1, 0x00D2DDE0, 0x00CDD9DB, 0x00CFDBDC, 0x00D0DBDF, 0x00D2DDDF,
    0x00D2DFE1, 0x00CCD8DA, 0x00CFDADB, 0x00CED7D9, 0x00D1DADC, 0x00CDD8DA, 0x00D0DBDC, 0x00D0DADD, 0x00CBD7D9,
    0x00D2DDDE, 0x00D3DFE1, 0x00CEDADB, 0x00D0DADD, 0x00D0DADD, 0x00CFDBDD, 0x00CED9DB, 0x00D1DBDE, 0x00D0DADD,
    0x00CFDADD, 0x00CDD8D8, 0x00D0D8DB, 0x00D0DBDC, 0x00D2DCDE, 0x00D4DDDF, 0x00D0DADA, 0x00D0DDDF, 0x00CFDADD,
    0x00D0DCDD, 0x00CDD8DA, 0x00CAD6D8, 0x00DCEEF4, 0x00DDEEF4, 0x00DAECF2, 0x00DDEFF4, 0x00DDEEF4, 0x00DDEEF4,
    0x00DCEEF4, 0x00DAECF3, 0x00DAEBF2, 0x00DCEDF3, 0x00DAECF3, 0x00DAECF3, 0x00D9ECF2, 0x00DAEDF3, 0x00DBECF3,
    0x00D5E4E8, 0x00CFDADC, 0x00CCD7D6, 0x00CDD5D5, 0x00C9D0D0, 0x00C5CBC9, 0x00C8CECD, 0x00C8CECD, 0x00C7CDCC,
    0x00C9D1D0, 0x00CAD0CF, 0x00CDD4D2, 0x00C8CFCD, 0x00C9D1D0, 0x00CBD3D2, 0x00CBD5D4, 0x00CDD4D3, 0x00CCD3D2,
    0x00CED6D5, 0x00CED4D3, 0x00D1D9D8, 0x00D3DBDA, 0x00D2DAD9, 0x00D1D8D7, 0x00D1D8D8, 0x00D1D8D7, 0x00D2D9D8,
    0x00CFD7D6, 0x00D0D8D7, 0x00D0D8D8, 0x00D2DADA, 0x00D1DAD9, 0x00D3DDDE, 0x00D1DBDD, 0x00C4D0D2, 0x00AEBABE,
    0x00B0BDC1, 0x00C4D2D6, 0x00C5D4D7, 0x00C6D4D8, 0x00BCCACF, 0x00C1CED3, 0x00C3D1D4, 0x00C6D3D6, 0x00CAD5D6,
    0x00C8D2D2, 0x00C7D2D4, 0x00C5D1D3, 0x00C6D3D5, 0x00C6D4D7, 0x00C7D4D4, 0x00C7D4D5, 0x00C3D0D3, 0x00C1CFD2,
    0x00BFCCCE, 0x00C0CDCF, 0x00C0CDCF, 0x00BFCCCE, 0x00BECCCF, 0x00B7C7CB, 0x00B1C0C4, 0x00B8C6C9, 0x00B4C3C7,
    0x00B4C5CA, 0x00B5C5CC, 0x00A8B9BE, 0x00A7B4BA, 0x00A8B4BA, 0x00ABB7BB, 0x00B3BEBF, 0x00AAB6B8, 0x00B5C1C3,
    0x00C1CDCF, 0x00C6D2D5, 0x00C7D4D6, 0x00CCDBDE, 0x00D0DFE1, 0x00D1E1E4, 0x00D1E1E2, 0x00D2E1E4, 0x00D2E1E4,
    0x00D2E2E5, 0x00D3E2E4, 0x00D4E2E5, 0x00D5E2E5, 0x00D2E0E2, 0x00D3E1E4, 0x00D0DFE1, 0x00C7D5D9, 0x00AFBEC1,
    0x009EAFB6, 0x00C2CBCA, 0x00C3CBC9, 0x00CAD0CE, 0x00B2BBBC, 0x00BFC6C6, 0x00C1C7C6, 0x00BFC5C4, 0x00C4C9C9,
    0x00C2C9C8, 0x00BBC3C2, 0x00AFB9B9, 0x00B0BABA, 0x00B8C0BF, 0x00BDC3C1, 0x00B8BFBC, 0x00B7BDB9, 0x00BCC1BD,
    0x00BDC0BD, 0x00BDC0BC, 0x00BABBB6, 0x00B8BAB4, 0x00B8B9B2, 0x00B8B8B3, 0x00BABBB7, 0x00BABBB6, 0x00B9BAB4,
    0x00B9BAB5, 0x00BCBCB7, 0x00BFC2BE, 0x00D2DFE1, 0x00D6E4E6, 0x00D8E4E8, 0x00D6E4E6, 0x00D8E4E7, 0x00D8E4E6,
    0x00D3E0E2, 0x00D5E1E3, 0x00D6E2E5, 0x00D6E2E4, 0x00DAE5E8, 0x00D7E3E5, 0x00D6E2E4, 0x00D4E1E3, 0x00D3DFE2,
    0x00D5E0E4, 0x00D3E0E4, 0x00D5E1E4, 0x00D7E3E6, 0x00D4E1E3, 0x00D6E2E5, 0x00D7E3E6, 0x00D8E4E7, 0x00DBE7E9,
    0x00D7E3E4, 0x00D6E2E4, 0x00D3E0E1, 0x00D5E1E3, 0x00D7E2E5, 0x00D5E1E4, 0x00D5E0E3, 0x00D4E0E2, 0x00D5E0E3,
    0x00D5DFE1, 0x00CFDBDD, 0x00D2DEE0, 0x00D5E0E3, 0x00D3DFE1, 0x00D2DEE0, 0x00D2DDE0, 0x00D2DDDE, 0x00D0DBDB,
    0x00CFDBDB, 0x00D3DCDC, 0x00D4DEDF, 0x00D1DCDC, 0x00CED9D9, 0x00D0DBDC, 0x00CCD7D5, 0x00D2DDDE, 0x00D3DFE0,
    0x00D5E1E2, 0x00D5E1E3, 0x00D4E1E2, 0x00D3DFDF, 0x00D4DFE1, 0x00D0DEE0, 0x00D1DDDE, 0x00D6E1E2, 0x00D4DEE0,
    0x00D3DFE0, 0x00D3DFE1, 0x00D6E1E3, 0x00D5E1E3, 0x00D6E2E2, 0x00D7E2E3, 0x00CEDEE1, 0x00CEDDE0, 0x00D3DEDF,
    0x00D5E0E1, 0x00D5E1E2, 0x00D5E1E4, 0x00D5DFDF, 0x00D7E1E2, 0x00D5DFE1, 0x00CCD4D4, 0x00C9D2D2, 0x00C7D1D1,
    0x00C7D1D1, 0x00C6D1D1, 0x00C9D3D2, 0x00C9D1D0, 0x00CCD4D3, 0x00CAD1CF, 0x00CDD4D2, 0x00CDD4D3, 0x00D2D8D8,
    0x00D1DADA, 0x00D3DDDE, 0x00D4DCDC, 0x00D2DADA, 0x00D3DADA, 0x00D2D9D9, 0x00D3DBDB, 0x00D0D8D8, 0x00CAD2D0,
    0x00CCD3D2, 0x00CDD6D6, 0x00CDD6D5, 0x00CDD5D5, 0x00CED5D6, 0x00CED5D4, 0x00CDD4D3, 0x00CBD5D4, 0x00C7D2D4,
    0x00CCD4D3, 0x00CBD4D4, 0x00CCD6D7, 0x00CFD8D8, 0x00CDD7D7, 0x00CAD4D3, 0x00CED8D8, 0x00CED9DA, 0x00D1DBDC,
    0x00C9D6D7, 0x00D0DCDD, 0x00CEDADA, 0x00CDDADB, 0x00CDDADB, 0x00CFDADC, 0x00C7D6D9, 0x00CDD9DA, 0x00D2DBDC,
    0x00D4DCDD, 0x00CCD5D4, 0x00D0DADB, 0x00D4DCDD, 0x00D3DCDD, 0x00D2DCDD, 0x00D2DBDD, 0x00D4DCDC, 0x00D4DDDE,
    0x00D3DDDE, 0x00D4DDDE, 0x00D6DFE1, 0x00D7E0E3, 0x00D5DDDE, 0x00D5DFE0, 0x00D5DEE0, 0x00D6E1E3, 0x00D1DCDE,
    0x00D1DDDF, 0x00D4DFE1, 0x00D2DEE2, 0x00D2DFE1, 0x00D3DDE1, 0x00D2DEE1, 0x00CFDCDF, 0x00CEDDE2, 0x00CEDBDD,
    0x00D1DCDF, 0x00CEDADC, 0x00CFDADC, 0x00CCD8DA, 0x00CCD9DB, 0x00CFDBDD, 0x00CFDBDC, 0x00CEDADB, 0x00D1DBDD,
    0x00D3DDDF, 0x00D1DCDE, 0x00D2DEDF, 0x00D1DCDE, 0x00D1DDDE, 0x00D0DADD, 0x00D1DDDF, 0x00CEDADB, 0x00D0DCDE,
    0x00CFDADD, 0x00CFDBDD, 0x00CAD8DB, 0x00CDD9DA, 0x00D0DADC, 0x00D0DBDF, 0x00D1DCDE, 0x00D1DCDE, 0x00D1DCDE,
    0x00D5DEE0, 0x00D1DCDE, 0x00CDDBDF, 0x00D1DCDE, 0x00D0DCDE, 0x00D2DEE0, 0x00D3E0E3, 0x00D1DDE0, 0x00DFF0F7,
    0x00DEF1F6, 0x00DDEFF5, 0x00DCEDF3, 0x00DBEDF3, 0x00DBEDF3, 0x00DBECF3, 0x00D9ECF3, 0x00DBEDF4, 0x00D4E7ED,
    0x00DEEEF4, 0x00DDEFF4, 0x00DCEEF5, 0x00DAEBEF, 0x00CFDCE0, 0x00C9D3D3, 0x00C9D3D2, 0x00CBD3D2, 0x00CBD2D1,
    0x00C9CECE, 0x00CBD1D0, 0x00C9CFCD, 0x00C9CFCD, 0x00C8CFCE, 0x00CBD1D0, 0x00C8CFCE, 0x00CCD2D1, 0x00CBD2D1,
    0x00CCD3D3, 0x00CAD1D0, 0x00CCD4D2, 0x00CAD1D0, 0x00CED6D5, 0x00CFD8D7, 0x00CFD7D6, 0x00D0D9D8, 0x00D4DCDC,
    0x00D4DDDC, 0x00D6DFDF, 0x00D4DDDD, 0x00D3DDDD, 0x00D3DCDB, 0x00CFD8D7, 0x00D1D9D9, 0x00D2DBDA, 0x00D3DCDC,
    0x00D4DDDD, 0x00D2DDDF, 0x00BFCACB, 0x00AEBABF, 0x00C2D1D5, 0x00CCDBDE, 0x00CAD8DB, 0x00CBDADD, 0x00CCDBDE,
    0x00CDDCDF, 0x00CAD9DC, 0x00CBD9DB, 0x00C9D7D8, 0x00CAD6D9, 0x00C7D2D2, 0x00C6D1D3, 0x00C4D0D2, 0x00C5D1D3,
    0x00C4D2D5, 0x00C6D5D6, 0x00C3D1D2, 0x00C1D0D3, 0x00C3D0D3, 0x00C3D2D4, 0x00BFCFD2, 0x00BFCED0, 0x00B6C4C7,
    0x00B2C3CA, 0x00A4B7C4, 0x00A0ADB1, 0x00AFBDC0, 0x00ADBBC0, 0x00ABBDC3, 0x00A7B5BC, 0x00A8B4BA, 0x00AEB9BD,
    0x00ADBABD, 0x00B3C0C2, 0x00B4C0C3, 0x00BCC9CB, 0x00D0DEE0, 0x00D4E1E4, 0x00D5E3E5, 0x00D4E2E4, 0x00CEDEE1,
    0x00CCDCE1, 0x00CCDCE0, 0x00CEDFE1, 0x00CDDFE2, 0x00CEDEE1, 0x00CEDDE2, 0x00CDDDDF, 0x00D0DEE1, 0x00D0E0E2,
    0x00D1E0E2, 0x00D0E0E1, 0x00D4E1E4, 0x00D4E3E7, 0x00C5D3D5, 0x00A7B5BA, 0x00B9C4C5, 0x00C4CBC8, 0x00C2CAC8,
    0x00BCC5C5, 0x00B2BDBD, 0x00C6CCCB, 0x00C3CAC9, 0x00C4CCCC, 0x00C8CDCC, 0x00C5CBCA, 0x00C0C6C6, 0x00B4BDBD,
    0x00BFC6C5, 0x00B8BEBD, 0x00B7BFBC, 0x00B7C1C0, 0x00BBC0BD, 0x00BCBDB9, 0x00C2C4C0, 0x00BCBDB6, 0x00BCBBB5,
    0x00BBBBB3, 0x00B9BAB3, 0x00BEBFBB, 0x00BABCB8, 0x00B9BAB4, 0x00B8B9B3, 0x00BDBFBB, 0x00BEBFBB, 0x00C9D1D0,
    0x00D6E4E8, 0x00D8E6EA, 0x00D5E3E6, 0x00D9E6EA, 0x00D8E4E8, 0x00D6E3E5, 0x00D7E3E6, 0x00D5E1E4, 0x00DBE7E9,
    0x00DAE7E9, 0x00D8E5E8, 0x00D8E4E7, 0x00D5E2E4, 0x00D7E3E6, 0x00D7E4E8, 0x00D0E1E6, 0x00D3E1E3, 0x00D5E1E5,
    0x00D5E2E4, 0x00D3E1E4, 0x00D7E3E7, 0x00D8E4E7, 0x00D9E5E8, 0x00D8E4E6, 0x00D9E5E8, 0x00D8E4E7, 0x00D7E3E6,
    0x00D5E2E4, 0x00D6E3E6, 0x00D7E3E7, 0x00D8E3E5, 0x00D7E2E5, 0x00D5E1E5, 0x00D3E0E1, 0x00D3DFE2, 0x00D5E2E5,
    0x00D4E1E5, 0x00D3E0E0, 0x00D2DFE1, 0x00D4E1E3, 0x00D4E1E3, 0x00D3E0E1, 0x00D0DDDE, 0x00D2DEE0, 0x00D3DFE1,
    0x00D3DEDE, 0x00CFDBDB, 0x00CCD8D7, 0x00D4E0E1, 0x00D7E4E6, 0x00D7E4E7, 0x00D8E5E7, 0x00D7E4E5, 0x00D8E5E8,
    0x00CFDFE2, 0x00D4E1E4, 0x00CFDEE1, 0x00D4E1E4, 0x00D2E1E4, 0x00D5E1E3, 0x00D4DFE1, 0x00D4E0E2, 0x00D8E4E5,
    0x00D2DEDE, 0x00D5E0E0, 0x00CEDDDF, 0x00CEDCDE, 0x00D4DFDE, 0x00D6E0E1, 0x00D6E0E0, 0x00D3DEE1, 0x00D4DFDF,
    0x00D7E0E1, 0x00CCDBDE, 0x00CCD7D8, 0x00CFD8D8, 0x00CAD4D4, 0x00CDD7D7, 0x00CBD4D4, 0x00C9D2D1, 0x00CDD7D7,
    0x00CDD5D5, 0x00CBD4D3, 0x00CED8D8, 0x00CDD6D3, 0x00D0D8D7, 0x00D0DBDB, 0x00CFDBDE, 0x00D1DFE1, 0x00D5DDDD,
    0x00D3D9D9, 0x00D1D9D9, 0x00D2DADB, 0x00D0DBDB, 0x00D3DDDD, 0x00D4DDDD, 0x00D3DCDC, 0x00CFD8D8, 0x00D0D9D8,
    0x00D0D7D7, 0x00D3DDDD, 0x00D0DAD9, 0x00C9D6D9, 0x00CDD8D9, 0x00D1D8D7, 0x00C5D2D2, 0x00C4D2D5, 0x00CAD5D4,
    0x00D0D7D7, 0x00CCD6D6, 0x00CDD6D6, 0x00CBD7D7, 0x00D1DBDB, 0x00CCD8DB, 0x00CEDADC, 0x00D1DADD, 0x00D0DBDC,
    0x00C7D7DA, 0x00D3DCDC, 0x00CBD9DC, 0x00D0DADB, 0x00CFD9D9, 0x00CED9DA, 0x00CFD8D7, 0x00CDD7D7, 0x00CED9DB,
    0x00D1DCDD, 0x00D3DBDC, 0x00CAD6D8, 0x00D2DCDD, 0x00D1DADA, 0x00D0DADB, 0x00D4DEE0, 0x00D6DFE1, 0x00D6DFE2,
    0x00D5DEE0, 0x00D6E0E1, 0x00D8E0E3, 0x00D2DFE2, 0x00D0DCDE, 0x00D3DFDF, 0x00D3DFE1, 0x00D1DEE0, 0x00D0DDDE,
    0x00D2DDE0, 0x00CCD8DA, 0x00CBDADC, 0x00CADADF, 0x00CBD8D9, 0x00D0DCDE, 0x00D1DCDE, 0x00D0DBDE, 0x00CBDADF,
    0x00CFDBDD, 0x00D1DBDF, 0x00D1DCDF, 0x00D1DDDF, 0x00D3DEE0, 0x00D4DFE2, 0x00D4E0E2, 0x00D4DFE1, 0x00D6E1E4,
    0x00D4DFE2, 0x00D1DCDF, 0x00CFDCDD, 0x00D1DDE0, 0x00CFDCDE, 0x00D0DCDE, 0x00CFDADD, 0x00D1DBDE, 0x00CCD7DB,
    0x00CEDCE0, 0x00CFD9DC, 0x00D3DFE2, 0x00CFDBDE, 0x00D1DADD, 0x00D5DDE0, 0x00D2DBDE, 0x00D3DCDE, 0x00D4DEE1,
    0x00D3DFE2, 0x00D3DEE1, 0x00CFDBDD, 0x00D3DFE2, 0x00DFF1F8, 0x00E2F3F8, 0x00DFF0F7, 0x00DEF0F7, 0x00DEF0F5,
    0x00DDEFF6, 0x00DAEAF1, 0x00D8E6EA, 0x00D1DDDE, 0x00CDD7D7, 0x00CDD5D5, 0x00CFD9D8, 0x00D3DEE0, 0x00CDD7D8,
    0x00CBD3D2, 0x00CBD3D2, 0x00C6CFCE, 0x00C9D1D1, 0x00C9D2D1, 0x00C9D1D0, 0x00CDD3D3, 0x00CED4D3, 0x00CBD3D1,
    0x00CAD2D0, 0x00CCD3D3, 0x00CDD5D4, 0x00C9D1CF, 0x00CCD4D3, 0x00CFD6D5, 0x00CAD3D1, 0x00CDD3D2, 0x00CBD5D3,
    0x00D0DAD9, 0x00CDD6D5, 0x00D1DAD9, 0x00CFD9D8, 0x00D3DDDD, 0x00D4DEDE, 0x00D3DDDD, 0x00D6DFDF, 0x00D1DBDC,
    0x00D1DCDD, 0x00D0DBDC, 0x00D4DDDE, 0x00D5DFE0, 0x00D4DFDF, 0x00CDD9DB, 0x00D0DDDE, 0x00BAC7CA, 0x00B8C7CB,
    0x00CDDCE1, 0x00CCDADC, 0x00CBD9DA, 0x00CAD9DB, 0x00CCDBDE, 0x00CADADD, 0x00CCDCDE, 0x00CBDBDE, 0x00CAD9DB,
    0x00C7D7DA, 0x00C5D7DA, 0x00C6D4D7, 0x00C5D2D3, 0x00C5D2D5, 0x00C6D5D8, 0x00C6D5D9, 0x00C2D3D7, 0x00BCCCD1,
    0x00BDCCD1, 0x00BCCCD2, 0x00BECBD0, 0x00BAC8CE, 0x00B3C4C9, 0x00B4C6CB, 0x00A8B9BF, 0x00A7B4B7, 0x00ACBBC0,
    0x00ABB9BE, 0x00A5B2B7, 0x00A8B5B8, 0x00B0BCBF, 0x00C4D1D3, 0x00C8D7D9, 0x00C7D6D8, 0x00D0E0E3, 0x00D2E2E4,
    0x00D1E1E3, 0x00D3E1E3, 0x00D5E4E7, 0x00C8D9DE, 0x00C3D6DB, 0x00BED1D7, 0x00BDD0D5, 0x00B7C9CF, 0x00BFD2D6,
    0x00BCCED2, 0x00CDDDE1, 0x00CBDBDE, 0x00CADBDD, 0x00CADBDE, 0x00D1E0E3, 0x00D1E1E3, 0x00D3E2E4, 0x00D3E2E5,
    0x00D6E3E7, 0x00A7B6BC, 0x00A4B4B8, 0x00B6C0C1, 0x00C6CECB, 0x00C6CDCB, 0x00B0B9B9, 0x00B8C4C2, 0x00C5CCCB,
    0x00BDC7C7, 0x00C1C9C8, 0x00C5CBCA, 0x00C2C8C7, 0x00AFBABB, 0x00BFC7C6, 0x00B7BDBC, 0x00BDC6C6, 0x00BDC9CA,
    0x00C2C8C6, 0x00BEC2BD, 0x00C0C2BF, 0x00BFC2BD, 0x00BEC1BC, 0x00C0C2BE, 0x00BDBFB9, 0x00BABCB7, 0x00BDBDB8,
    0x00BCBCB7, 0x00BABBB5, 0x00BDBDB8, 0x00BDC0BC, 0x00C0C5C2, 0x00D6E6EA, 0x00DAE7EC, 0x00DAE7EA, 0x00D8E5E9,
    0x00D5E2E4, 0x00D7E3E5, 0x00D7E3E7, 0x00D6E2E5, 0x00D7E3E6, 0x00D7E4E7, 0x00D6E2E5, 0x00DAE6E9, 0x00D7E4E7,
    0x00D6E2E5, 0x00D8E4E7, 0x00D1E0E4, 0x00CFDFE2, 0x00D6E4E7, 0x00DAE5EA, 0x00D7E5E7, 0x00D9E6E8, 0x00D8E5E9,
    0x00D6E5EA, 0x00DAE6E9, 0x00D8E5E8, 0x00DAE6EA, 0x00D8E4E8, 0x00DAE6E9, 0x00D8E4E7, 0x00D6E3E7, 0x00D4E3E8,
    0x00D5E3E7, 0x00D6E3E7, 0x00D2DFE3, 0x00D2DFE1, 0x00D6E2E4, 0x00D6E2E4, 0x00D4E0E2, 0x00D5E1E3, 0x00D4E1E3,
    0x00D3E0E3, 0x00D5E2E5, 0x00D4E0E2, 0x00D2DFE0, 0x00D6E2E5, 0x00D4E0E1, 0x00D4E1E3, 0x00D1DFE1, 0x00D9E7E9,
    0x00DAE8EC, 0x00DAE8EB, 0x00D9E7EB, 0x00D9E7E9, 0x00D9E7EA, 0x00D9E7EB, 0x00D8E6E9, 0x00D7E6EA, 0x00D8E6E9,
    0x00D5E5E9, 0x00D7E5EA, 0x00D9E7EA, 0x00D9E6E9, 0x00D9E5E8, 0x00D4E0DF, 0x00D3DDDF, 0x00D1DCDC, 0x00D3DCDC,
    0x00D4E0E1, 0x00D7E4E6, 0x00D7E3E4, 0x00D7E3E4, 0x00D5E1E2, 0x00D7E3E5, 0x00D3DFE1, 0x00D2E0E3, 0x00CFDBDD,
    0x00D0DCDC, 0x00D1DCDD, 0x00D3DEDF, 0x00D2DDDD, 0x00CFD7D7, 0x00CCD4D4, 0x00CDD7D8, 0x00D0DADB, 0x00D0DBDB,
    0x00D2DDDF, 0x00D1DDDD, 0x00D1DDDF, 0x00D2DFE2, 0x00D8E1E3, 0x00D3DCDC, 0x00D3DEE0, 0x00D3DEE0, 0x00D0DADA,
    0x00D3DBDD, 0x00D3DCDC, 0x00D5DDDC, 0x00D4DCDC, 0x00D5DCDC, 0x00D3DBDB, 0x00D2DBDB, 0x00CFDADB, 0x00D2DCDF,
    0x00D4DBDB, 0x00D1DADB, 0x00D3DBDB, 0x00D1DBDC, 0x00D0DBDA, 0x00D1DADB, 0x00CED9D9, 0x00CBD9DD, 0x00CED8DA,
    0x00CED8DB, 0x00C9D8DB, 0x00D0DBDC, 0x00CFDADD, 0x00CEDBDD, 0x00CDDADB, 0x00CFDADB, 0x00D0DADB, 0x00CFDADA,
    0x00CFD8D9, 0x00CDD9D8, 0x00D1D9DB, 0x00C9D6D8, 0x00C6D5D7, 0x00CAD7D9, 0x00D0D9DC, 0x00CBD8D9, 0x00CAD7DA,
    0x00CBD9DC, 0x00CFD8D9, 0x00D1DCDE, 0x00D6E0E3, 0x00D5DFE1, 0x00D9E1E4, 0x00D4E0E1, 0x00D1DEDF, 0x00D7E2E5,
    0x00D4E1E3, 0x00D5E0E3, 0x00D6E0E3, 0x00D4E0E3, 0x00D3E0E2, 0x00D4E0E2, 0x00D2DEE1, 0x00CFDADC, 0x00CED9DB,
    0x00D0DBDC, 0x00CFDADC, 0x00D1DCDF, 0x00CFDBDE, 0x00D2DEE2, 0x00D1DDDF, 0x00D5E0E2, 0x00D0DDDF, 0x00D2DEE1,
    0x00D2DEE1, 0x00D3DFE1, 0x00D5E1E3, 0x00D4E1E3, 0x00D4DFE2, 0x00D1DDDF, 0x00CFDCDE, 0x00D2DFE2, 0x00D2DEE2,
    0x00CFDBDE, 0x00D1DDE0, 0x00D0DBDF, 0x00CCD9DA, 0x00CFDDE1, 0x00CDDBDF, 0x00CCD8DA, 0x00CED9DC, 0x00CDDDE1,
    0x00D1DBDD, 0x00D3DDE0, 0x00D2DDDF, 0x00D3DFE1, 0x00D1DEDF, 0x00D4DFE2, 0x00D5E1E4, 0x00D4E2E4, 0x00D6E2E6,
    0x00DAECF3, 0x00E0EDF3, 0x00DCEAEF, 0x00D9E7EC, 0x00DAE7EB, 0x00D5E1E3, 0x00D1DADC, 0x00D3DBDA, 0x00D5DDDD,
    0x00CDD4D2, 0x00CCD2D0, 0x00D1D7D6, 0x00CED5D4, 0x00CED6D5, 0x00CBD2D0, 0x00CED5D4, 0x00CED5D4, 0x00CDD4D3,
    0x00CCD3D3, 0x00CBD3D2, 0x00C9D1D0, 0x00CBD2D1, 0x00C8D0CE, 0x00CBD2D2, 0x00CDD4D2, 0x00CBD4D3, 0x00CBD6D5,
    0x00CED5D4, 0x00D0D8D8, 0x00CED6D5, 0x00CED6D5, 0x00CDD5D4, 0x00C9D1D0, 0x00C8D1CF, 0x00CBD3D2, 0x00D1DBDA,
    0x00D2DCDC, 0x00D2DCDC, 0x00D4DFDF, 0x00D6DEDF, 0x00D6DEDF, 0x00D6DEDE, 0x00D5DEDE, 0x00D6DEDE, 0x00D4DEDF,
    0x00D4E1E2, 0x00C0CED1, 0x00B1BEC4, 0x00B2C0C6, 0x00CDDEE1, 0x00CFDDE2, 0x00CAD9DB, 0x00CCDBDF, 0x00CEDCE0,
    0x00CAD8DC, 0x00C5D6DA, 0x00C7D7DB, 0x00C6D6DB, 0x00C6D6D9, 0x00C7D8DD, 0x00C3D5D8, 0x00C6D3D7, 0x00C5D3D5,
    0x00C7D7DA, 0x00C8D6DA, 0x00BBCDD2, 0x00A5B7BF, 0x00AEC2CC, 0x00AFC0C8, 0x00A5B7C1, 0x00AEC0C8, 0x00A8BBC1,
    0x00A1B2B8, 0x00AEC0C4, 0x00B1C0C5, 0x00A3B0B2, 0x009FABAF, 0x00A6B2B5, 0x00ADB9BC, 0x00C5D3D5, 0x00D0DFE1,
    0x00D5E5E7, 0x00D3E2E5, 0x00D0E1E4, 0x00D1E1E3, 0x00D1E0E3, 0x00D5E3E5, 0x00D0E0E3, 0x00C9DDE0, 0x00D1E2E5,
    0x00D3E2E5, 0x00D1E2E5, 0x00D2E2E6, 0x00D0E2E7, 0x00C3D5D9, 0x00C2D3D8, 0x00B3C6CA, 0x00BFD2D6, 0x00CCDDDF,
    0x00CDDDE0, 0x00D0DFE2, 0x00CFDFE2, 0x00D0E0E3, 0x00D2E1E4, 0x00D3E3E5, 0x00B6C3C6, 0x00A2B3B7, 0x009AAAB0,
    0x00B6C3C3, 0x00C5CCCB, 0x00BAC5C4, 0x00C1CBCA, 0x00C2C9C9, 0x00C6CBCA, 0x00C1C9C7, 0x00C8CDCC, 0x00C2C8C8,
    0x00BAC2C2, 0x00BCC4C4, 0x00BDC4C2, 0x00C2CAC8, 0x00C2CAC8, 0x00C9CDCB, 0x00C7CBC9, 0x00C6CBC8, 0x00C1C6C3,
    0x00C3C5C1, 0x00C1C3BF, 0x00C1C5C0, 0x00BEC0BB, 0x00BCC0BB, 0x00BCBDB8, 0x00BDBEB9, 0x00BDC0BB, 0x00BBBCB6,
    0x00BDC0BD, 0x00CBD6D5, 0x00D7E6EC, 0x00D8E8ED, 0x00D8E8ED, 0x00DBEAEF, 0x00DBE9ED, 0x00D7E6EA, 0x00D9E7EB,
    0x00DBE9EC, 0x00D9E5E9, 0x00D7E5E8, 0x00D8E6E9, 0x00DBE8EC, 0x00DBE7EB, 0x00DAE7EB, 0x00DAE7E9, 0x00D9E6E9,
    0x00D7E4E7, 0x00D9E6EA, 0x00D9E7EA, 0x00D6E5E9, 0x00DAE9EC, 0x00DAE7EB, 0x00DAE7EB, 0x00D7E6E9, 0x00DAE8EC,
    0x00D9E6EA, 0x00D7E5E8, 0x00D9E7EA, 0x00D7E6EA, 0x00D2E2E8, 0x00D5E3E8, 0x00D7E5E8, 0x00D2E1E6, 0x00D3E1E4,
    0x00D5E3E6, 0x00D5E2E7, 0x00D7E4E7, 0x00D3E0E3, 0x00D8E5EA, 0x00D8E6EB, 0x00D4E2E6, 0x00D4E2E5, 0x00D8E5E9,
    0x00D7E4E7, 0x00D8E5E9, 0x00DAE8EC, 0x00DBEAED, 0x00D9E8EB, 0x00D9E6EA, 0x00D9E7EB, 0x00D6E5EA, 0x00D5E7ED,
    0x00DCEAED, 0x00DBE9EC, 0x00DAE8EC, 0x00DCEAEE, 0x00DBE9EF, 0x00DAE7EB, 0x00DAE7EB, 0x00DAE8EC, 0x00D9E7EA,
    0x00D9E8ED, 0x00D7E5E9, 0x00D3E2E5, 0x00D7E6EA, 0x00D5E3E6, 0x00D6E5E8, 0x00D1E2E6, 0x00D7E4E6, 0x00D6E2E4,
    0x00D4E1E5, 0x00D5E2E4, 0x00D5E3E7, 0x00D6E2E6, 0x00D3E0E1, 0x00D3E0E1, 0x00D8E4E6, 0x00D6E1E4, 0x00D6E2E3,
    0x00D4DFE1, 0x00D2DEDD, 0x00D1DCDD, 0x00D1DEE1, 0x00D4E1E2, 0x00D2DEE1, 0x00D3DEDF, 0x00D2DCDD, 0x00D6E1E2,
    0x00D3DEE0, 0x00D5DFDF, 0x00D3DDDF, 0x00D2DDE0, 0x00D3DDDE, 0x00D3DEE0, 0x00D5DFE1, 0x00D5DFE1, 0x00D8E3E5,
    0x00D7E1E2, 0x00D7E1E4, 0x00D6DFE0, 0x00D5DEE0, 0x00D6E2E4, 0x00D7E1E3, 0x00D3DFDF, 0x00D6DFE0, 0x00D3DDDE,
    0x00D2DCDE, 0x00D5DDDE, 0x00D5DDDD, 0x00CFDADC, 0x00D2DCDB, 0x00CFD9DA, 0x00C6D7DC, 0x00C8D6D7, 0x00CCDBDF,
    0x00CCDADE, 0x00CCDADE, 0x00D2DBDD, 0x00D2DCDE, 0x00CDD8D8, 0x00D3DCDD, 0x00C9D7D9, 0x00CDD9DA, 0x00CDD8D9,
    0x00CAD6D8, 0x00CDD8DB, 0x00CCD7DB, 0x00CED8DB, 0x00CDDADD, 0x00CED9DC, 0x00D0DCDD, 0x00D1DBDE, 0x00CFDBDD,
    0x00D4E1E4, 0x00D4E0E2, 0x00D4DFE0, 0x00D0DDDF, 0x00CFDADE, 0x00D5E1E3, 0x00D6E2E4, 0x00D3DFE2, 0x00CEDCDE,
    0x00D2DDE0, 0x00D0DDE0, 0x00D1DDE1, 0x00D2DEE0, 0x00D0DDDF, 0x00D0DBDD, 0x00D3DFE1, 0x00D1DCDF, 0x00D0DDDF,
    0x00D2DDE0, 0x00D4DFE3, 0x00D2DEE1, 0x00D2DFE1, 0x00D6E1E4, 0x00CCDADD, 0x00D2DFE3, 0x00D2DEE0, 0x00D4DFE3,
    0x00D5E1E4, 0x00D1DDDF, 0x00D3DFE1, 0x00D3DEE2, 0x00D2DEE1, 0x00D0DDE0, 0x00D3DEE2, 0x00D0DDE0, 0x00D1DDE0,
    0x00D1DDE1, 0x00D1DEE0, 0x00D2DFE1, 0x00D3DEE1, 0x00D1DDE1, 0x00D2DCDF, 0x00D1DDDF, 0x00D3DDE0, 0x00CFDCDE,
    0x00D3DFE2, 0x00D4E0E3, 0x00D6E2E5, 0x00D6E2E5, 0x00D4E1E5, 0x00D2DADA, 0x00D0D6D3, 0x00D3DAD9, 0x00D8DFDE,
    0x00CED4D2, 0x00C9CFCD, 0x00CCD1D0, 0x00CCD2D0, 0x00CCD1D0, 0x00C9D0CD, 0x00CDD3D1, 0x00D0D6D6, 0x00CBD1CF,
    0x00CBD1D0, 0x00CDD5D3, 0x00D0D7D7, 0x00CFD7D6, 0x00CCD5D3, 0x00CED6D4, 0x00CFD7D7, 0x00CBD3D2, 0x00CCD3D2,
    0x00CAD2D1, 0x00CDD4D3, 0x00CAD5D4, 0x00CDD8DA, 0x00CBD5D5, 0x00CDD4D3, 0x00D1D9D9, 0x00D3DCDC, 0x00D1D8D8,
    0x00CDD5D5, 0x00CDD7D6, 0x00CBD5D4, 0x00CBD4D3, 0x00CBD4D3, 0x00CDD8D8, 0x00CDD8D7, 0x00D1DCDB, 0x00D3DEDF,
    0x00D4DFDF, 0x00D3DCDB, 0x00D3DEDE, 0x00D6E0E0, 0x00D6E1E3, 0x00BAC7CB, 0x00CBDBDF, 0x00B5C4C9, 0x00CDDCE0,
    0x00CDDCE0, 0x00CBD8DC, 0x00CADADD, 0x00CCDBDF, 0x00CCDBDE, 0x00C9D9DC, 0x00CCDCE1, 0x00CBDADF, 0x00C9D8DC,
    0x00C6D6DC, 0x00C9D7DB, 0x00C7D6DB, 0x00C9D7DD, 0x00C7D7DC, 0x00C9D8DA, 0x00C6D5DC, 0x00BCCBD2, 0x00ADC2CA,
    0x00B2C4CE, 0x00B5C4C9, 0x00B6C4C9, 0x00AFBDC0, 0x009FACAE, 0x00919FA3, 0x00B1C0C4, 0x00AAB8BE, 0x009FAAAF,
    0x00A7B4B8, 0x00BFCCCF, 0x00CCDBDE, 0x00D3E3E6, 0x00D1E2E5, 0x00D0E1E3, 0x00CEDFE1, 0x00CEDFE2, 0x00D1E0E3,
    0x00CDDEE1, 0x00D6E3E6, 0x00CFDFE1, 0x00CBD9DD, 0x00C1D5D8, 0x00BCCCD3, 0x00ACC0C7, 0x00BECFD5, 0x00CADCE0,
    0x00D4E4E8, 0x00D4E2E6, 0x00CEE0E3, 0x00C1D2D7, 0x00C7D9DC, 0x00CEDFE2, 0x00D2E0E3, 0x00D0E0E3, 0x00D0E0E3,
    0x00D4E2E4, 0x00D3E2E5, 0x00B1BFC2, 0x0097A7AD, 0x009DADB3, 0x00ACBCC0, 0x00B7C3C4, 0x00C4CDCD, 0x00B5C0C1,
    0x00B7C3C3, 0x00C2C9C9, 0x00C7CDCB, 0x00C6CCCB, 0x00C2CBCA, 0x00BAC3C3, 0x00AFBBBA, 0x00C2C9C9, 0x00BEC4C3,
    0x00C3CAC7, 0x00C6CBC9, 0x00C6CCCA, 0x00C3C9C5, 0x00C3C8C5, 0x00C3C8C5, 0x00C2C5C0, 0x00C0C2BD, 0x00BFC1BE,
    0x00BCC1BD, 0x00BDC0BB, 0x00BEC0BC, 0x00BCBEBA, 0x00B8BBB5, 0x00BBBDBA, 0x00C0C7C2, 0x00C4CECD, 0x00D1E2E6,
    0x00D8EBEF, 0x00DBEAF0, 0x00DAEAF0, 0x00DAE9ED, 0x00D8E7EC, 0x00D8E7ED, 0x00DCEAEE, 0x00D8E7EA, 0x00D9E6EA,
    0x00D9E7EB, 0x00D9E8EB, 0x00D9E6E9, 0x00D9E6EB, 0x00DAE7EA, 0x00DCE9EC, 0x00DBE8EB, 0x00D4E3E7, 0x00D5E5E8,
    0x00DAE9EC, 0x00DBE9EC, 0x00DBE8EB, 0x00D9E7EB, 0x00DBE8EC, 0x00D9E7EB, 0x00D9E8EB, 0x00D8E7EC, 0x00D7E6EC,
    0x00D6E4E8, 0x00D6E4E9, 0x00D2E1E6, 0x00D3E2E8, 0x00D4E2E6, 0x00D5E4E8, 0x00D4E3E9, 0x00D5E4EA, 0x00D3E2E5,
    0x00D6E6EC, 0x00DCEBF1, 0x00D9E8ED, 0x00DCEAEF, 0x00DAE8EC, 0x00DAE8EB, 0x00D9E6E8, 0x00DAE6E9, 0x00D8E6E9,
    0x00DDEAEE, 0x00DBE9EE, 0x00DBEAED, 0x00DBEAEE, 0x00DBEBEF, 0x00DEECF0, 0x00DBEAEE, 0x00DEEBEF, 0x00DDEBEE,
    0x00DAEAEE, 0x00D9E7EC, 0x00D7E6EA, 0x00DBEAED, 0x00DAE7EA, 0x00D6E4E8, 0x00D7E5E7, 0x00D7E4E6, 0x00DAE5E8,
    0x00D6E3E5, 0x00D9E5E9, 0x00D5E3E5, 0x00D7E5E8, 0x00D6E3E6, 0x00D6E5E9, 0x00D7E6EA, 0x00CFDDDF, 0x00D3E0E3,
    0x00D8E4E8, 0x00D6E3E4, 0x00D7E2E6, 0x00D9E5E8, 0x00D7E3E3, 0x00D6E4E7, 0x00D3E1E4, 0x00D1DDDE, 0x00D4E0E3,
    0x00D1DEE0, 0x00D2DEE0, 0x00D4E0E1, 0x00D3E0E1, 0x00D3DDE0, 0x00D4DEE1, 0x00D2DDDE, 0x00D1DCDE, 0x00D2DEE0,
    0x00D5DFE2, 0x00D5DDDF, 0x00D4DDDF, 0x00D5E0E2, 0x00D7E2E5, 0x00D5DFE1, 0x00D6E0E3, 0x00D8E2E4, 0x00D8E2E3,
    0x00D8E1E4, 0x00D7E0E2, 0x00D6E1E1, 0x00D7DFE1, 0x00D4DEDF, 0x00D6E0E0, 0x00D0DCDC, 0x00CFDBDB, 0x00D3DBDC,
    0x00D5DEDF, 0x00D3DDDE, 0x00C7D4D5, 0x00C9D6D7, 0x00C8D7D9, 0x00CDDADD, 0x00CADADD, 0x00CDDBDD, 0x00CDDADD,
    0x00D4DDDD, 0x00CEDBDF, 0x00D2DDDF, 0x00CFD9DB, 0x00CCD7DB, 0x00C4D1D2, 0x00CBD5D8, 0x00C9D8DA, 0x00D3DCE0,
    0x00CFDCDE, 0x00D3DDE1, 0x00D1DCDF, 0x00CFD8DA, 0x00CCD5D5, 0x00CCD8D9, 0x00D1DBDF, 0x00D1DCDE, 0x00D0DCDE,
    0x00C4D0D4, 0x00D6E1E3, 0x00D4E0E3, 0x00D0DCDF, 0x00D3DFE1, 0x00D3DFE2, 0x00D3E0E2, 0x00D1DDE0, 0x00D2DEE1,
    0x00D0DEE1, 0x00D1DDE0, 0x00D4E0E4, 0x00D1DDE0, 0x00D2DFE1, 0x00D4E0E3, 0x00D6E2E5, 0x00D4E2E4, 0x00D6E2E4,
    0x00D5E0E4, 0x00D4E0E3, 0x00D4DFE2, 0x00D2DEE1, 0x00D3DFE2, 0x00D4E0E4, 0x00D3DFE2, 0x00D0DEE2, 0x00D1DEE1,
    0x00D1DDE0, 0x00D4E0E4, 0x00CFDBDE, 0x00D2DEE2, 0x00D1DEE1, 0x00D1DDE1, 0x00D2DFE2, 0x00D3DEE2, 0x00D2DEE2,
    0x00D3DFE3, 0x00D3E0E3, 0x00D1DDE0, 0x00CFDDE0, 0x00D2DFE2, 0x00D3DEE2, 0x00D5E1E5, 0x00D5E1E5, 0x00D6E2E5,
    0x00D2E1E4, 0x00CDD4D3, 0x00CCD3D1, 0x00CBD1CF, 0x00CBD0CE, 0x00CBD1CF, 0x00CED4D2, 0x00D1D6D5, 0x00CDD3D1,
    0x00CDD2D0, 0x00CCD3D1, 0x00CDD5D3, 0x00CED5D5, 0x00CDD4D3, 0x00CDD4D3, 0x00CFD7D6, 0x00CFD7D6, 0x00CFD7D6,
    0x00CFD7D6, 0x00CFD6D5, 0x00CED6D5, 0x00CDD5D5, 0x00CCD4D3, 0x00CDD5D5, 0x00CFD5D5, 0x00CBD6D6, 0x00CCD7D8,
    0x00CED8D7, 0x00D0D8D6, 0x00D1D8D7, 0x00D0D9D9, 0x00CED7D7, 0x00CFD8D8, 0x00CDD7D7, 0x00CED9DA, 0x00CED9D9,
    0x00C8D1CF, 0x00CDD8D8, 0x00CED9D9, 0x00D2DBDD, 0x00D5E0E2, 0x00D2DDDD, 0x00D3DEDD, 0x00D4DFDF, 0x00D7E2E3,
    0x00D7E3E4, 0x00B7C5C9, 0x00B9C8CD, 0x00C6D6DC, 0x00CEDDE1, 0x00CBDADD, 0x00C9D8DC, 0x00CADEE1, 0x00CADADE,
    0x00CBDADD, 0x00CBDBDF, 0x00CFDDE0, 0x00C8D8DD, 0x00C8D9DF, 0x00BED0D7, 0x00C0D2D8, 0x00C0D1D8, 0x00BACDD3,
    0x00B7CAD1, 0x00B8CBD1, 0x00B8CAD1, 0x00B7C9CF, 0x00B6C5CC, 0x00B4C3C8, 0x00B5C3C7, 0x00B6C3C7, 0x00BCC9CD,
    0x0099A6A9, 0x0095A2A7, 0x00A8B8BC, 0x00A4B2B6, 0x00AAB7BC, 0x00BFCDD1, 0x00CFDFE2, 0x00D4E5E8, 0x00D0E1E4,
    0x00D0E0E4, 0x00CEDFE2, 0x00CEE0E2, 0x00CEDEE1, 0x00CBDCE1, 0x00C8DADD, 0x00CBDBDF, 0x00CCDDE0, 0x00C7D8DD,
    0x00C8D9DD, 0x00D0DFE3, 0x00D3E3E6, 0x00D7E5E8, 0x00CBDADD, 0x00B7C7CD, 0x00C0D1D5, 0x00D2E1E6, 0x00D3E3E7,
    0x00C3D5DA, 0x00BFD1D5, 0x00CEDEE2, 0x00D1E0E3, 0x00D1E0E3, 0x00D2E1E4, 0x00D4E2E5, 0x00C6D4D8, 0x009AAAAF,
    0x00A0AFB6, 0x00B8C6CA, 0x00AEBDC2, 0x00C5CFCF, 0x00BEC8CA, 0x00B3C0C3, 0x00BBC7C8, 0x00C7D0CE, 0x00C7CFCE,
    0x00C9D2D1, 0x00C8D0CF, 0x00C2CBCB, 0x00BEC7C7, 0x00BCC5C4, 0x00C7CCCA, 0x00C8CBCA, 0x00C5CCCA, 0x00C5CAC8,
    0x00C3C9C7, 0x00C3CAC7, 0x00C2C8C5, 0x00BDC2BF, 0x00BEC3BF, 0x00BFC4C1, 0x00BBBEBA, 0x00BEC0BE, 0x00BEC0BC,
    0x00BBBFBB, 0x00BDC1BD, 0x00BDC0BE, 0x00BDC2BF, 0x00BEC6C4, 0x00CEDCDF, 0x00D9E8EE, 0x00D6E5EC, 0x00DCEAF0,
    0x00DBEAF1, 0x00DCEBF0, 0x00DCEAF0, 0x00DAE9ED, 0x00DBE8ED, 0x00DAE7EB, 0x00DBE9EE, 0x00DDE9ED, 0x00DBE9EC,
    0x00DAE7EB, 0x00D7E5EB, 0x00DAE8EB, 0x00D9E7EB, 0x00DAE8EC, 0x00DCE9ED, 0x00DCE9EE, 0x00D9E8EC, 0x00DBE9ED,
    0x00DCE9ED, 0x00D9E7EC, 0x00D8E7EB, 0x00D7E6EC, 0x00D8E7EC, 0x00D8E7EC, 0x00D6E5E9, 0x00D5E4E7, 0x00D8E6EA,
    0x00D7E6EA, 0x00DAE8EE, 0x00D8E7EC, 0x00D6E6EC, 0x00DAE9ED, 0x00DBEAEE, 0x00DAE9EE, 0x00DAE9EE, 0x00DCEAEF,
    0x00DCEAEE, 0x00DCEAEF, 0x00D9E7EB, 0x00DBE9ED, 0x00DBE9EE, 0x00DDEAEF, 0x00D9E8ED, 0x00DAE9ED, 0x00DAE9EF,
    0x00DBEAED, 0x00DCEAEF, 0x00DEECF1, 0x00DCEBF0, 0x00DDEBEF, 0x00DBEAEE, 0x00D9E9EE, 0x00D9E8ED, 0x00DAE8EC,
    0x00D9E7EA, 0x00D9E6E9, 0x00D4E2E3, 0x00D6E3E5, 0x00D9E5E9, 0x00D8E5E8, 0x00D8E6EA, 0x00D7E4E7, 0x00D8E5E8,
    0x00D9E6E8, 0x00D7E4E6, 0x00D5E1E5, 0x00D7E5E6, 0x00D6E3E6, 0x00D5E0E3, 0x00D5E2E2, 0x00D5E2E3, 0x00D8E5E8,
    0x00D8E4E8, 0x00D7E4E7, 0x00D3E0E2, 0x00D2DDDE, 0x00D5DFE0, 0x00D4DFE0, 0x00D3DEDF, 0x00D6E1E4, 0x00D6E3E4,
    0x00D5E0E1, 0x00D0DDDF, 0x00D1DFE3, 0x00D3DFE1, 0x00D3DEE0, 0x00D5DFE2, 0x00D6E0E2, 0x00D8E3E4, 0x00D8E1E4,
    0x00D6E0E2, 0x00D6E0E2, 0x00D7E0E2, 0x00D5DFE0, 0x00D5DFDF, 0x00D5DFE1, 0x00D7E1E2, 0x00D6E0E1, 0x00D4DDDC,
    0x00D6E0E0, 0x00D6DFE2, 0x00D3DFE0, 0x00D2DDDD, 0x00D0DBDB, 0x00D0DDDE, 0x00D3E0E2, 0x00D2DDDE, 0x00CFDADB,
    0x00CDDBDD, 0x00CEDBDE, 0x00D1DEE0, 0x00D0DCDF, 0x00D3DEE0, 0x00D6DEE0, 0x00D2DDDF, 0x00D0DCDE, 0x00CEDADB,
    0x00CDD8DA, 0x00CDD9D9, 0x00CFDADC, 0x00CBD9DB, 0x00CEDADE, 0x00CFDBDE, 0x00CFDCDF, 0x00D1DDE0, 0x00CFD9DC,
    0x00CDD5D6, 0x00CCD7D8, 0x00CFDBDD, 0x00CEDBDD, 0x00D1DCDF, 0x00D2DEE1, 0x00D3DFE1, 0x00D1DDE0, 0x00D2DEE0,
    0x00D2DEE1, 0x00D3DFE2, 0x00D3DFE2, 0x00CFDCDF, 0x00D1DEE1, 0x00D4DFE2, 0x00D2DFE1, 0x00D1DEE2, 0x00D1DDE0,
    0x00D3DFE1, 0x00D3DFE2, 0x00D3DFE2, 0x00D2DEE1, 0x00D5E1E4, 0x00D4E0E3, 0x00D3DEE2, 0x00D3DFE2, 0x00D3DFE2,
    0x00D4E0E4, 0x00D1DEE0, 0x00D4E0E3, 0x00CFDDE0, 0x00D1DEE1, 0x00CEDBDD, 0x00D2DEE1, 0x00D0DDDF, 0x00D3DFE2,
    0x00D3DFE3, 0x00CFDDDE, 0x00D2DFE2, 0x00D2DFE2, 0x00D2E0E3, 0x00D2DEE1, 0x00D0DDE0, 0x00CFDDE2, 0x00D0DDE0,
    0x00D2DEE1, 0x00D4DFE3, 0x00D2DFE2, 0x00D4E0E4, 0x00D5E3E7, 0x00D3E3E6, 0x00CED7D6, 0x00CDD5D3, 0x00CFD7D6,
    0x00CED4D3, 0x00CFD6D5, 0x00CFD5D4, 0x00D2D8D8, 0x00D0D7D5, 0x00D1D9D8, 0x00CED4D2, 0x00CDD5D3, 0x00CDD5D3,
    0x00CFD6D5, 0x00CED6D5, 0x00CCD2D1, 0x00D1D9D8, 0x00CFD8D7, 0x00D1D9D8, 0x00D0D8D7, 0x00D1D9D8, 0x00D1D9D9,
    0x00C9D3D2, 0x00CBD5D4, 0x00CED6D6, 0x00CBD5D5, 0x00D0D9D9, 0x00CCD6D6, 0x00D1DADA, 0x00CFD7D7, 0x00CED6D5,
    0x00CED5D6, 0x00CDD8D8, 0x00CDD8D9, 0x00CFDADC, 0x00CDD8D8, 0x00CCD7D6, 0x00CED7D8, 0x00D0DBDD, 0x00D5DFE1,
    0x00D7E0E3, 0x00D3DDDD, 0x00D5DFE0, 0x00D3DEDF, 0x00D6E1E3, 0x00C8D5D8, 0x00B6C5CA, 0x00BECED3, 0x00CDDEE2,
    0x00CDDCE1, 0x00CAD9DF, 0x00C8D6DB, 0x00C6D6DB, 0x00C9D9DD, 0x00C9D9DB, 0x00CCDADF, 0x00CBDADE, 0x00CADADF,
    0x00C6D6DD, 0x00C4D5DC, 0x00BDD1D9, 0x00C1D2DA, 0x00B7C9CF, 0x00BDCDD2, 0x00BED0D7, 0x00BDCED4, 0x00BBCCD2,
    0x00B7C7CC, 0x00BDCDD1, 0x00C2D4D9, 0x00C0CFD5, 0x00BBCAD0, 0x00B8C7CD, 0x00B9C7CC, 0x00C0CFD4, 0x00CCDADE,
    0x00C4D4D8, 0x00CEE0E4, 0x00D4E4E8, 0x00CFE1E4, 0x00CEE0E3, 0x00CDDEE2, 0x00CFE0E3, 0x00C9DCE0, 0x00CADBDF,
    0x00BDCFD5, 0x00C5D8DD, 0x00D1E1E4, 0x00C7D8DC, 0x00C5D6DB, 0x00CADADE, 0x00D1E2E6, 0x00D6E5E8, 0x00D9E7EA,
    0x00D9E8EB, 0x00CFDEE2, 0x00ACBCC3, 0x00A5B8BD, 0x00C8D9DE, 0x00D2E2E8, 0x00BED1D5, 0x00C5D6DA, 0x00CEDFE2,
    0x00CEDEE1, 0x00D3E2E5, 0x00D3E3E6, 0x00D6E4E7, 0x00B1BEC3, 0x009FB1B7, 0x00ADBEC2, 0x00B1C0C6, 0x00BECCCD,
    0x00C3CFCF, 0x00B2C1C5, 0x00B1C1C4, 0x00C1CCCB, 0x00C9D2D1, 0x00C7D1D0, 0x00C7D2D1, 0x00C6D0CF, 0x00BCC7C7,
    0x00BDC7C7, 0x00C1CAC8, 0x00C7CDCA, 0x00C8D2D0, 0x00C7CECA, 0x00C8CDC9, 0x00C4CAC6, 0x00C1C7C4, 0x00BEC3C1,
    0x00BEC3BF, 0x00BFC2BF, 0x00BCBFBA, 0x00BEC1BE, 0x00C1C6C2, 0x00BDC3BF, 0x00BFC5C0, 0x00BDC1BF, 0x00BEC5C3,
    0x00BCC2BF, 0x00BFC7C6, 0x00D7E6E9, 0x00D9E8EF, 0x00DCEBF0, 0x00DCEBF2, 0x00DAEAF0, 0x00DCEAF0, 0x00D7E8EC,
    0x00DDEBF0, 0x00DDECF0, 0x00DCEBEF, 0x00DBE8EE, 0x00DCEBEF, 0x00D8E6EA, 0x00D6E6EA, 0x00D8E7EC, 0x00D9E7EB,
    0x00DBE8EB, 0x00D9E8ED, 0x00DDEAEF, 0x00DAE9EC, 0x00D9E6EB, 0x00D6E5EB, 0x00D7E6EA, 0x00D7E5EB, 0x00D7E6EB,
    0x00DAE7ED, 0x00D9E7EC, 0x00DAE9ED, 0x00DAE9EC, 0x00DCEAEE, 0x00D9E9ED, 0x00DBE9EE, 0x00DBE8EE, 0x00DBEAED,
    0x00DBE9EE, 0x00DCEAF0, 0x00DCEAF0, 0x00D9E9EE, 0x00DBE9ED, 0x00DAE9ED, 0x00DEEDF0, 0x00DAE9EE, 0x00D8E8EE,
    0x00D8E8EF, 0x00DBEBF1, 0x00DBEBF1, 0x00D5E8EC, 0x00D4E7ED, 0x00D3E6EB, 0x00DCEBEF, 0x00DCECF1, 0x00DDECF2,
    0x00DAEAF1, 0x00DFEDF3, 0x00D8E9ED, 0x00DAE9EF, 0x00DBE9ED, 0x00DBE8EC, 0x00DBE9ED, 0x00DCEAEF, 0x00D6E5E7,
    0x00D9E6EB, 0x00D9E7EB, 0x00D8E7EB, 0x00D4E4EA, 0x00D9E7EA, 0x00DBE7EA, 0x00D4E4E9, 0x00D8E5E8, 0x00DAE7EB,
    0x00D4E3E6, 0x00D7E3E7, 0x00D5E3E6, 0x00D7E5EB, 0x00D8E6EA, 0x00D8E3E8, 0x00D7E3E5, 0x00D7E3E4, 0x00D8E5E9,
    0x00D6E4E8, 0x00D3E2E5, 0x00D4E2E6, 0x00D4E1E3, 0x00D5E0E3, 0x00D5E0E3, 0x00D0DEE1, 0x00D2DCDD, 0x00D2DEE0,
    0x00D4DEE0, 0x00D4DFE1, 0x00D4E0E2, 0x00D9E5E7, 0x00D9E4E7, 0x00D8E3E4, 0x00D5E0E1, 0x00D8E1E3, 0x00D7E1E1,
    0x00D6E0E1, 0x00D6E0E1, 0x00D6E1E1, 0x00D7E1E4, 0x00D3DEDD, 0x00D4DFE0, 0x00D8E2E5, 0x00D5E2E3, 0x00CCDCE1,
    0x00CDDCDF, 0x00D3DFE1, 0x00D5E1E5, 0x00D4E0E1, 0x00CADBDF, 0x00C9DADE, 0x00D2E0E2, 0x00D6E0E0, 0x00CFDCDF,
    0x00D2DFE1, 0x00D6DFE1, 0x00D3DEE0, 0x00D1DCDE, 0x00D1DCDE, 0x00CFDBDE, 0x00D0DBDE, 0x00CFDBDF, 0x00CFDBDE,
    0x00D0DCDE, 0x00D3DEE2, 0x00D0DEE1, 0x00D1DEE1, 0x00D3DFE1, 0x00D1DDE0, 0x00CBD5D5, 0x00CED8DA, 0x00CCD6D9,
    0x00D0DBDE, 0x00D0DCDE, 0x00CFDCDE, 0x00D3DFE1, 0x00D0DDE0, 0x00CBDBDE, 0x00D4E0E3, 0x00D4E0E3, 0x00D4E1E3,
    0x00D4E1E3, 0x00D5E0E4, 0x00D4E1E4, 0x00D1DDE0, 0x00CFDDE0, 0x00D0DDDF, 0x00D3DFE1, 0x00D4E1E3, 0x00D1DEE0,
    0x00D1DCE0, 0x00D1DEE1, 0x00D0DCE0, 0x00D1DEE0, 0x00D0DCDF, 0x00D5E1E4, 0x00D3E0E4, 0x00CEDBDE, 0x00D3DEE2,
    0x00D2DEE2, 0x00CFDADE, 0x00D1DCDF, 0x00D4E0E3, 0x00D5E0E4, 0x00D4E0E5, 0x00D4E2E3, 0x00D2DEE2, 0x00D3DFE2,
    0x00D0DDE2, 0x00D5E1E4, 0x00CCD9DC, 0x00CBDDE4, 0x00D1DFE2, 0x00D2DEE1, 0x00D2DEE1, 0x00D4E0E3, 0x00D5E2E6,
    0x00D4E1E5, 0x00D7E5E9, 0x00D0D9D8, 0x00D1D7D7, 0x00CDD6D5, 0x00CCD2D0, 0x00CCD2D2, 0x00CED5D5, 0x00D1D9D8,
    0x00D4DCDB, 0x00D2D9D9, 0x00D0D8D6, 0x00CFD6D5, 0x00D0D7D5, 0x00CFD6D5, 0x00CED5D4, 0x00D1D9D8, 0x00CFD7D7,
    0x00CCD6D5, 0x00CDD6D6, 0x00D1D9D9, 0x00CED6D5, 0x00CCD4D4, 0x00CDD6D6, 0x00CDD5D4, 0x00CCD4D3, 0x00CBD5D5,
    0x00CCD6D8, 0x00D0DBDB, 0x00D4DDDC, 0x00D1DADA, 0x00D1DADA, 0x00CFDADA, 0x00CED9D9, 0x00CED9D8, 0x00CDD8D7,
    0x00CFD9D9, 0x00CFDADA, 0x00D2DBDB, 0x00D3DCDE, 0x00D2DDDD, 0x00D5DFE1, 0x00D5E0DF, 0x00D2DDDE, 0x00D5E0E1,
    0x00CBD9DD, 0x00ADBDC0, 0x00C4D6DB, 0x00CEE0E5, 0x00C9DBDF, 0x00C9DBDF, 0x00C9DADE, 0x00C7D8DC, 0x00C8D8DC,
    0x00C9D8DC, 0x00CEDCDF, 0x00C9D9DD, 0x00CBDADE, 0x00C9D8DD, 0x00C5D6DA, 0x00C4D6DC, 0x00C4D5DA, 0x00BED0D5,
    0x00B8C9CF, 0x00BECED4, 0x00B8C7CE, 0x00BBCACF, 0x00C3D5DB, 0x00BFD0D6, 0x00BACAD1, 0x00C1D1D6, 0x00C8DADF,
    0x00C6D7DC, 0x00CAD9DF, 0x00CBDAE0, 0x00CDDFE5, 0x00CCDEE4, 0x00CCDDE2, 0x00CFE1E5, 0x00CFDFE4, 0x00C9DBE1,
    0x00CFE0E4, 0x00C8DAE0, 0x00C8D9DF, 0x00C5D7DD, 0x00BED1D7, 0x00CBDCE1, 0x00D2E3E5, 0x00D3E2E5, 0x00D2E2E6,
    0x00D3E4E7, 0x00C4D6DB, 0x00C6D9DD, 0x00CCDEE1, 0x00CDDDE2, 0x00CEDCE2, 0x00D7E7E9, 0x00D4E3E6, 0x00B3C5CA,
    0x00BACBD2, 0x00CDDEE3, 0x00CCDEE5, 0x00B3C6CB, 0x00C6D8DB, 0x00CDDDE0, 0x00CFDEE1, 0x00CCDDE0, 0x00D4E3E6,
    0x00D0DEE1, 0x00A7B8BE, 0x00A7B9BF, 0x00B4C4C9, 0x00B8C6CA, 0x00C9D2D4, 0x00BCCACD, 0x00B4C5CA, 0x00BAC7CB,
    0x00C2CECD, 0x00C8D2D1, 0x00C8D2D2, 0x00C5D0D0, 0x00C5CFCF, 0x00BFC9CA, 0x00BBC7C7, 0x00C4CDCD, 0x00C8D0CF,
    0x00C8CDCB, 0x00C8CBC9, 0x00C5CAC5, 0x00C5C9C5, 0x00C4C7C5, 0x00C2C8C5, 0x00C2C6C4, 0x00C2C7C3, 0x00C0C4C0,
    0x00C1C5C3, 0x00C0C6C4, 0x00C0C4C1, 0x00BFC5C0, 0x00BDC4C2, 0x00BCC2BE, 0x00BCC1BF, 0x00C1C8C6, 0x00CDDADB,
    0x00D6E7EC, 0x00D7E8ED, 0x00DAEBF0, 0x00DAEBF1, 0x00DCEBF0, 0x00DDECF0, 0x00DDEDF3, 0x00DDECF2, 0x00D9E9EE,
    0x00D8E8EC, 0x00D7E7ED, 0x00D7E8EE, 0x00D6E6EC, 0x00D5E6EB, 0x00D5E6EC, 0x00D7E7ED, 0x00DAE8EE, 0x00D8E9EE,
    0x00D6E6EA, 0x00D7E7ED, 0x00D8E7EC, 0x00D7E8ED, 0x00D8E8EE, 0x00DBEAF1, 0x00DAE9ED, 0x00DBEBF0, 0x00DCECF1,
    0x00E0EEF3, 0x00D8E8ED, 0x00D6E5EA, 0x00D9E8EE, 0x00DAE9EE, 0x00D8E7ED, 0x00D7E6ED, 0x00DEECF2, 0x00DCEBEF,
    0x00DBEBEF, 0x00DBEBEF, 0x00DEEBF1, 0x00DCEBF1, 0x00D8E8EE, 0x00D5E6EA, 0x00D8E8EE, 0x00DDEBF2, 0x00D9EAEF,
    0x00D9EBF2, 0x00D9EBF1, 0x00DBEBF2, 0x00D9EBF2, 0x00DCECF2, 0x00DBECF0, 0x00DCECF2, 0x00DCEDF2, 0x00DCECF2,
    0x00DEECF2, 0x00DEEDF2, 0x00DFECF2, 0x00DEEBF0, 0x00D9E8EC, 0x00DAE8ED, 0x00DAE8ED, 0x00D8E6EC, 0x00D3E5EC,
    0x00D3E6EB, 0x00D7E8EE, 0x00CFE5EC, 0x00D7E8ED, 0x00D9E7EC, 0x00D6E5E8, 0x00D7E5EA, 0x00D6E7ED, 0x00D9E9F0,
    0x00D7E5E8, 0x00D9E6EC, 0x00DAE8EA, 0x00D9E7EA, 0x00DAE7EC, 0x00D6E4E7, 0x00D8E6EA, 0x00D1DFE4, 0x00D6E2E5,
    0x00D5E1E4, 0x00D3DFE2, 0x00D6E1E3, 0x00D2DEE1, 0x00D6E2E4, 0x00D5E1E2, 0x00D2DEE0, 0x00D7E2E4, 0x00D6E2E5,
    0x00D8E3E6, 0x00D9E3E6, 0x00D8E3E5, 0x00D8E2E6, 0x00D5E2E3, 0x00D6E2E4, 0x00D7E3E5, 0x00D7E4E5, 0x00D7E3E6,
    0x00D5E2E3, 0x00D5E1E4, 0x00D4E3E5, 0x00D8E4E8, 0x00D4E2E5, 0x00D4E1E5, 0x00D0DFE3, 0x00D4E1E4, 0x00D5E0E3,
    0x00CBDCDF, 0x00D3DFE3, 0x00D1DEE0, 0x00D4DFE1, 0x00D4E1E3, 0x00D3E0E0, 0x00D4DEE1, 0x00D3DEDF, 0x00D3DDE0,
    0x00D1DCDE, 0x00CDDBDE, 0x00D1DEE1, 0x00D5DFE1, 0x00D2DEDF, 0x00D3DDE0, 0x00D5DFE2, 0x00D6E0E2, 0x00D3DFE2,
    0x00D5DFE3, 0x00D1DDE1, 0x00D3DEE0, 0x00D0DBDE, 0x00D0DCDE, 0x00D2DFE1, 0x00D0DCDF, 0x00D0DCDF, 0x00D1DDE0,
    0x00D3DFE2, 0x00CFDDE0, 0x00D4E0E3, 0x00D3DFE2, 0x00D3DFE3, 0x00D5E1E4, 0x00D5E1E4, 0x00D4E1E3, 0x00D4E0E4,
    0x00D4E0E3, 0x00D4E0E3, 0x00CDDCE2, 0x00D0DDDF, 0x00D1DEE1, 0x00D2DEE1, 0x00D2DFE1, 0x00D1DEE1, 0x00D1DEE2,
    0x00D3E0E2, 0x00D1DEE1, 0x00D3DFE3, 0x00D1DDE1, 0x00D3E1E4, 0x00D1DFE3, 0x00D1DDE1, 0x00D3E0E3, 0x00D6E2E5,
    0x00D4E1E6, 0x00D3E0E4, 0x00D4E2E5, 0x00D4E0E4, 0x00D5E1E6, 0x00D6E2E6, 0x00D3E0E3, 0x00D8E5E8, 0x00D4E0E4,
    0x00D3DFE3, 0x00D5E1E5, 0x00D5E2E4, 0x00D5E0E4, 0x00D6E2E6, 0x00DAE8EA, 0x00DBE9ED, 0x00CBD5D4, 0x00CED8D8,
    0x00CCD5D5, 0x00C9D1D0, 0x00CDD8D6, 0x00CED6D5, 0x00CFD5D5, 0x00D1D9D9, 0x00D0D9D7, 0x00D1D8D7, 0x00D1DAD9,
    0x00D1DBDB, 0x00D0D9D8, 0x00CFD7D6, 0x00CED8D8, 0x00CDD6D6, 0x00CBD5D4, 0x00C9D3D2, 0x00CBD5D5, 0x00CDD8D8,
    0x00CED8D7, 0x00CFD9D8, 0x00CFD8D8, 0x00CFD8D9, 0x00D0D9D9, 0x00CCD7D6, 0x00D0DAD9, 0x00D1DBDB, 0x00CFDBDB,
    0x00CDD9D8, 0x00CFDADA, 0x00D0DADA, 0x00CBD4D4, 0x00CBD5D5, 0x00CED8D8, 0x00CED9D8, 0x00D0DCDD, 0x00D2DCDD,
    0x00D6E0E1, 0x00D6E1E2, 0x00D7E1E3, 0x00D3E0E2, 0x00C2D1D5, 0x00B7C7CB, 0x00BDCED3, 0x00C8D9DE, 0x00C6D9DD,
    0x00CBDDE1, 0x00CADAE0, 0x00C8D8DE, 0x00C8D9DD, 0x00C9D8DD, 0x00C8D7DD, 0x00C8D7DC, 0x00C9D8DD, 0x00C6D7DC,
    0x00C4D5DC, 0x00BED0D6, 0x00C5D5DC, 0x00C2D2D9, 0x00B3C3C9, 0x00B3C4C9, 0x00B6C7CC, 0x00C2D4DA, 0x00BFD2DA,
    0x00B7CAD3, 0x00B2C4CB, 0x00C7D9DF, 0x00CEDFE4, 0x00C5D6DB, 0x00CADCE1, 0x00CEE0E6, 0x00CFE1E7, 0x00CADCE3,
    0x00CADCE2, 0x00CEE1E6, 0x00CCDDE2, 0x00CDDEE5, 0x00C6DADF, 0x00C0D3DA, 0x00C1D5DC, 0x00C8DBE0, 0x00CEE0E3,
    0x00CDDFE2, 0x00C5D7DC, 0x00C2D3D9, 0x00C6D6DC, 0x00C0D1D7, 0x00C3D5DA, 0x00B7C8D0, 0x00BDCFD5, 0x00C5D5D9,
    0x00CDDFE4, 0x00CCDDE3, 0x00C0D0D7, 0x00B6CBD1, 0x00B1C3CC, 0x00B9CBD0, 0x00B5C6CC, 0x00B5C8CF, 0x00C3D6DB,
    0x00BCCED3, 0x00C5D6DA, 0x00CEDEE2, 0x00CEDFE2, 0x00D3E2E5, 0x00D3E4E7, 0x00C1D0D5, 0x00A8B7BE, 0x00ABBDC3,
    0x00BAC8CB, 0x00C7D3D6, 0x00C8D4D4, 0x00C2CED2, 0x00BACACD, 0x00C1CDCD, 0x00C8D2D1, 0x00CBD5D5, 0x00C7D2D2,
    0x00C6D0D0, 0x00B7C4C6, 0x00BDC8C8, 0x00BEC9CB, 0x00C9D0CF, 0x00C7CDCA, 0x00C6CBC9, 0x00C5CBC6, 0x00C0C5C2,
    0x00C4C9C7, 0x00BFC5C2, 0x00C2C6C3, 0x00BEC4C2, 0x00BEC4C1, 0x00C0C4C1, 0x00C0C5C2, 0x00C3C6C4, 0x00BCC1BF,
    0x00BEC3BF, 0x00BCC0BF, 0x00BDC4C0, 0x00BCC2BE, 0x00BDC2BF, 0x00BEC6C5, 0x00CCD7D9, 0x00D1E0E3, 0x00DCECF2,
    0x00DCECF3, 0x00DCEDF3, 0x00E2EFF5, 0x00DEEDF3, 0x00DBECF2, 0x00DCEAF1, 0x00D8EAF0, 0x00D8E9F1, 0x00D6E8EF,
    0x00D3E2E7, 0x00C6D4D9, 0x00CAD8DD, 0x00C7D6DC, 0x00C7D8DE, 0x00CCDDE4, 0x00D5E7ED, 0x00D4E7EE, 0x00D6E7EE,
    0x00D8E8EE, 0x00DDEAF1, 0x00DCEDF3, 0x00D9E9EF, 0x00DCEBF2, 0x00DDEBF2, 0x00DCEDF3, 0x00DDEDF3, 0x00D9EAF0,
    0x00D8EAF0, 0x00DAEDF1, 0x00D7EAF0, 0x00D9EBF1, 0x00DBEDF4, 0x00DDEEF4, 0x00DFEEF5, 0x00DCEBF2, 0x00DBEBF2,
    0x00DAEBF0, 0x00DCEDF3, 0x00DBECF2, 0x00DBECF2, 0x00DDEDF3, 0x00DCECF2, 0x00DCECF2, 0x00DDECF3, 0x00D8EBF0,
    0x00DCEBF2, 0x00DCECF3, 0x00DAEBF1, 0x00DAEBF1, 0x00DFEEF4, 0x00DDEDF3, 0x00DCEBF1, 0x00E1F0F4, 0x00DCECF1,
    0x00DFEEF3, 0x00DCEAEE, 0x00DDEBEF, 0x00D9E8EE, 0x00D9E8EE, 0x00D4E5EB, 0x00D9E9EF, 0x00D9E9EE, 0x00DCEAEE,
    0x00D9E8EE, 0x00D5E6EB, 0x00DDEBEF, 0x00D5E6EC, 0x00D7E9EE, 0x00DBE9EC, 0x00DBE9EE, 0x00DCE8EE, 0x00DCEAEE,
    0x00DBE9EC, 0x00DBEAEE, 0x00DBE7EB, 0x00D9E6E9, 0x00D8E5E8, 0x00D9E5E9, 0x00D9E5E7, 0x00D7E3E6, 0x00D0E2E7,
    0x00D6E3E8, 0x00D4E0E2, 0x00D5E1E3, 0x00D8E4E8, 0x00D8E4E7, 0x00D8E4E7, 0x00D9E5E7, 0x00D9E4E7, 0x00D8E4E7,
    0x00D8E5E8, 0x00D6E4E7, 0x00D7E4E9, 0x00D7E4E7, 0x00D7E3E6, 0x00D7E3E5, 0x00D8E3E7, 0x00D2DEE0, 0x00D8E5E8,
    0x00D6E3E7, 0x00D7E3E6, 0x00D3E1E5, 0x00D4E2E5, 0x00D9E4E6, 0x00D7E2E3, 0x00D6E0E1, 0x00D1DFE1, 0x00DBE5E6,
    0x00D8E2E4, 0x00D2E0E3, 0x00CFDDE0, 0x00D4DFE0, 0x00D0DDDD, 0x00D4DFE0, 0x00D4DFE1, 0x00D4DEE0, 0x00D4DEE2,
    0x00D4E0E2, 0x00D3DEE0, 0x00D7E2E6, 0x00D5E1E4, 0x00D6E2E4, 0x00D5E1E5, 0x00D7E2E4, 0x00D5E0E4, 0x00D3DFE2,
    0x00D6E1E4, 0x00D9E3E6, 0x00D5E1E4, 0x00D2DFE1, 0x00D5E1E5, 0x00D7E2E6, 0x00D9E5E8, 0x00D9E3E6, 0x00D5E2E4,
    0x00D3E0E3, 0x00D5E1E4, 0x00D5E1E5, 0x00D5E1E4, 0x00D6E2E6, 0x00D4E0E3, 0x00D1DEE1, 0x00D5E1E3, 0x00D4E0E2,
    0x00D3DFE2, 0x00D3E0E3, 0x00D3E0E3, 0x00D4E2E6, 0x00D4E2E7, 0x00D3E1E5, 0x00D6E3E8, 0x00D2E0E4, 0x00D0DFE4,
    0x00D5E2E6, 0x00D4E1E6, 0x00D0DFE2, 0x00D0DFE4, 0x00D4E2E5, 0x00D4E1E6, 0x00D3E2E4, 0x00D5E3E8, 0x00D6E3E6,
    0x00D6E3E8, 0x00D9E6EA, 0x00DAE6EA, 0x00DBE7EB, 0x00D9E6EA, 0x00D7E3E6, 0x00DAE7EB, 0x00D6E4E7, 0x00D9E6EA,
    0x00D8E6E9, 0x00D8E8EB, 0x00D9E7EA, 0x00CAD4D3, 0x00CBD4D3, 0x00CBD3D3, 0x00CAD4D4, 0x00C2CCCB, 0x00CCD5D4,
    0x00D1D8D7, 0x00CFD7D6, 0x00D5DDDC, 0x00D5DDDD, 0x00CFDAD9, 0x00CDDADC, 0x00CED9D9, 0x00CFDAD9, 0x00D2DBDA,
    0x00D0DADA, 0x00CED7D6, 0x00CFD9DA, 0x00CED8D8, 0x00D1D9DB, 0x00CEDADA, 0x00C9D6D5, 0x00CEDADA, 0x00D0DDDD,
    0x00CDD8D8, 0x00D1D9D8, 0x00CED8D6, 0x00CED8D8, 0x00D0DADA, 0x00CCD7D7, 0x00D0DBDB, 0x00D0DADB, 0x00CEDAD9,
    0x00CEDADA, 0x00CDD7D7, 0x00CCD5D4, 0x00CED9DA, 0x00D1DBDC, 0x00D3DDDF, 0x00D1DEDF, 0x00D0DFE1, 0x00BDCBD1,
    0x00BFCDD3, 0x00C3D4D9, 0x00C7D7DC, 0x00CADADF, 0x00C9DBDF, 0x00CBDDE2, 0x00CADCE0, 0x00CADCE2, 0x00C7D8DD,
    0x00C7D9DD, 0x00C9DADD, 0x00C9D8DB, 0x00CEDBE1, 0x00C4D5DA, 0x00BFD2D8, 0x00BED0D6, 0x00C4D3DA, 0x00BFD0D6,
    0x00B1C2C7, 0x00C0D3D8, 0x00C9DAE1, 0x00C2D6DD, 0x00ACC0CA, 0x00B5CAD4, 0x00CADDE2, 0x00C9DBE0, 0x00BCCDD3,
    0x00CBDEE3, 0x00CCDEE3, 0x00D0E1E7, 0x00CADCE2, 0x00C6D9DE, 0x00CDDFE6, 0x00CBDDE4, 0x00CBDCE2, 0x00C0D3DA,
    0x00BED1D7, 0x00BACDD4, 0x00CCDDE0, 0x00C6D8DD, 0x00C3D4DA, 0x00BACBD3, 0x00C2D4DA, 0x00D6E5E8, 0x00D6E5E8,
    0x00D7E6E8, 0x00D6E5E8, 0x00D7E5E9, 0x00D6E5E8, 0x00D1E2E7, 0x00BBCCD4, 0x00B2C5CD, 0x00C2D2D9, 0x00D1E2E6,
    0x00D1E4E6, 0x00CEDFE3, 0x00B8CACE, 0x00ADBFC5, 0x00B9CCD1, 0x00CEDEE1, 0x00C8D8DD, 0x00D0E0E4, 0x00D0E1E5,
    0x00CFE0E3, 0x00D1E2E5, 0x00D4E3E7, 0x00C5D4D9, 0x00AFBEC3, 0x00BDCED2, 0x00BCCACE, 0x00CCD5D7, 0x00CAD5D7,
    0x00C4D2D4, 0x00BCCBCE, 0x00C4CFD0, 0x00C6D1D2, 0x00CAD5D4, 0x00C6D1D1, 0x00C1CDCE, 0x00BFCBCC, 0x00B5C1C4,
    0x00C2CDCC, 0x00C6CCC9, 0x00C6CCCA, 0x00C5CCC9, 0x00C6CBC8, 0x00C5CBC8, 0x00C6CAC8, 0x00C3C6C4, 0x00C4C7C5,
    0x00C2C6C1, 0x00C2C5C3, 0x00C7CBC7, 0x00C8CBC8, 0x00C0C6C1, 0x00BFC4BF, 0x00BFC4C2, 0x00B9BFBA, 0x00B9C1BE,
    0x00BDC3BF, 0x00BAC1BD, 0x00BBC2BF, 0x00BAC1BE, 0x00C0C8C9, 0x00CDD9DB, 0x00D5E3E6, 0x00D9E7EC, 0x00DBEDF2,
    0x00DCECF3, 0x00D7E8EE, 0x00D6E7EB, 0x00D2E5EB, 0x00CCDFE5, 0x00C2D0D3, 0x00C1CDCF, 0x00C0CFD3, 0x00C2CFD3,
    0x00C4D2D4, 0x00C6D4D9, 0x00CBDCE3, 0x00D4E4EB, 0x00D6E7EE, 0x00DAEAF0, 0x00DAE9F0, 0x00D9EAF0, 0x00DBECF2,
    0x00DBECF2, 0x00DCEDF4, 0x00DEEEF5, 0x00DCEDF4, 0x00DDEEF5, 0x00DEEEF5, 0x00DDEDF4, 0x00DEEFF5, 0x00DEEEF4,
    0x00DAECF3, 0x00DBECF3, 0x00DBEDF3, 0x00DFEFF5, 0x00D9ECF3, 0x00DBEDF3, 0x00DAECF1, 0x00DDEEF5, 0x00DEEFF5,
    0x00DDEDF3, 0x00D7E9EF, 0x00D8EAF0, 0x00DEEDF4, 0x00DDEEF4, 0x00E0F0F5, 0x00DBEDF3, 0x00DAECF2, 0x00DCEDF3,
    0x00DCECF3, 0x00DCEEF4, 0x00DEEEF2, 0x00E2EFF4, 0x00DCEDF1, 0x00DEEEF4, 0x00D8E9EE, 0x00DBECF1, 0x00DEECF1,
    0x00DBEBEF, 0x00D6E8EC, 0x00DCEAF1, 0x00D6E8ED, 0x00D8E7EC, 0x00D7E7ED, 0x00D7E6EA, 0x00D7E5EB, 0x00D4E6EB,
    0x00D8E7EE, 0x00DAE8EC, 0x00DBEAEE, 0x00DDEAEE, 0x00DDEBEF, 0x00DEEAEF, 0x00DEEBEE, 0x00DBE8ED, 0x00DAE8EB,
    0x00DCE9EB, 0x00DAE6E9, 0x00DCE8EC, 0x00DDE9EC, 0x00D8E5E7, 0x00DAE6E9, 0x00DBE7EA, 0x00D6E5E7, 0x00DBE7EA,
    0x00DBE6EB, 0x00D9E5E7, 0x00D7E4E6, 0x00DBE8EC, 0x00DAE7EB, 0x00D7E5E9, 0x00D7E6E9, 0x00D6E5E8, 0x00D9E7EB,
    0x00D9E5E9, 0x00DAE5E9, 0x00D9E5E8, 0x00D7E3E4, 0x00DDE8EB, 0x00DAE5E9, 0x00D9E5E8, 0x00DBE5E7, 0x00D9E4E5,
    0x00D7E2E5, 0x00D6E3E4, 0x00D5E1E4, 0x00D7E3E4, 0x00D7E2E5, 0x00D9E3E5, 0x00D2DEE1, 0x00D4DFE2, 0x00D5DFE2,
    0x00D4DEE0, 0x00D9E2E4, 0x00D3DFE0, 0x00D4DEE1, 0x00D4DFE2, 0x00D4DFE1, 0x00D5E1E4, 0x00D4E1E4, 0x00D8E4E7,
    0x00D8E4E7, 0x00D6E2E4, 0x00D5E0E4, 0x00D3DFE2, 0x00D0DEE3, 0x00D4E0E4, 0x00D6E1E5, 0x00D7E3E6, 0x00D2DFE2,
    0x00D6E2E5, 0x00D6E1E5, 0x00D3DFE2, 0x00D9E5E7, 0x00D6E3E5, 0x00D8E4E7, 0x00D6E2E6, 0x00D3E6EC, 0x00D3E0E5,
    0x00D4E0E5, 0x00D5E3E6, 0x00D3DFE3, 0x00D6E0E4, 0x00D5E1E4, 0x00D3E0E3, 0x00D3DFE2, 0x00D2DFE3, 0x00D0DDE1,
    0x00D3DFE3, 0x00D3E1E5, 0x00D4E3E7, 0x00D2E0E6, 0x00D2E0E4, 0x00D2DEE2, 0x00D4E2E7, 0x00D0DEE4, 0x00D3E1E5,
    0x00D7E5E8, 0x00D8E3E7, 0x00D4E2E6, 0x00D3E1E5, 0x00D4E2E5, 0x00D8E4E9, 0x00DBE7EB, 0x00DCE9ED, 0x00DCE8EC,
    0x00DAE8EB, 0x00D8E5E8, 0x00D9E5E9, 0x00D7E4E7, 0x00DAE6EB, 0x00D4E2E7, 0x00D5E5E8, 0x00D7E5EA, 0x00CCD7D7,
    0x00CDD8D7, 0x00CDD7D7, 0x00CCD6D5, 0x00C9D2D1, 0x00CED7D7, 0x00CFD8D7, 0x00CDD7D6, 0x00CED8D8, 0x00D2DCDB,
    0x00D1DBDA, 0x00CFDAD9, 0x00CED8D7, 0x00CDD8D7, 0x00D2DCDB, 0x00D0DADA, 0x00CED8D7, 0x00CED8D9, 0x00CBD8D7,
    0x00CCD9DA, 0x00CBD7D8, 0x00C9D5D6, 0x00CAD5D6, 0x00CDD8D8, 0x00CDD7D7, 0x00CED7D7, 0x00CCD6D5, 0x00CFDADB,
    0x00CFD9D9, 0x00CDD6D7, 0x00CED8D9, 0x00CFD9D9, 0x00D0DBDB, 0x00D0DBDC, 0x00CED8D9, 0x00CFDBDA, 0x00CFDADA,
    0x00D2DEDF, 0x00D2DEE1, 0x00C5D3D7, 0x00BFCFD3, 0x00B9CACF, 0x00C5D5DB, 0x00C7D9DE, 0x00CADBE0, 0x00C9DBE0,
    0x00C8DBE0, 0x00CCDDE3, 0x00CDDEE3, 0x00CDDFE4, 0x00C8D9DE, 0x00CDDBE1, 0x00C8D9DE, 0x00C2D4DA, 0x00C4D7DC,
    0x00C3D3DA, 0x00C1D2D8, 0x00C1D1D8, 0x00BBCDD4, 0x00BACBD2, 0x00C8D9DF, 0x00CCDDE4, 0x00BFD0D9, 0x00AABDC8,
    0x00BCCFD7, 0x00CEE0E7, 0x00C8DAE0, 0x00BFD1D6, 0x00C6D9DE, 0x00CFE1E7, 0x00CFE0E6, 0x00CEE0E7, 0x00C4D6DD,
    0x00CBDEE4, 0x00C9DBE2, 0x00C6D8DF, 0x00CBDDE4, 0x00C4D6DD, 0x00B0C2CA, 0x00BECFD6, 0x00BECED4, 0x00BBCCD3,
    0x00C8D8DD, 0x00D2E1E5, 0x00D4E3E6, 0x00D6E4E7, 0x00D4E2E6, 0x00D3E3E6, 0x00D4E3E7, 0x00D2E2E5, 0x00D4E3E7,
    0x00D1E2E7, 0x00D1E2E7, 0x00CBDDE2, 0x00BED1D5, 0x00C0D2D7, 0x00C3D5DA, 0x00CEDDE2, 0x00D1E1E4, 0x00B1C1C7,
    0x00A3B7BD, 0x00C6D7DB, 0x00C0D0D5, 0x00BBCDD2, 0x00CDDEE1, 0x00CDDFE2, 0x00D2E2E5, 0x00D2E2E5, 0x00D4E3E6,
    0x00BFCFD5, 0x00B2C3C9, 0x00B3C3C8, 0x00C3D0D3, 0x00C8D4D5, 0x00C9D5D6, 0x00B2C4C9, 0x00BAC9CD, 0x00CBD5D6,
    0x00CCD6D6, 0x00C5D1D2, 0x00C4CFD0, 0x00BDC9CB, 0x00C4CFD0, 0x00C3CDCD, 0x00C6CDCB, 0x00C9D0CE, 0x00C7CDCC,
    0x00C9CFCE, 0x00C8CECC, 0x00C5CCC9, 0x00C3C8C6, 0x00C7CBC8, 0x00C1C6C1, 0x00C1C7C4, 0x00C2C8C5, 0x00C1C7C3,
    0x00C0C6C3, 0x00C1C6C2, 0x00C4C8C5, 0x00C0C6C3, 0x00BCC3C2, 0x00BDC1BE, 0x00BFC4C1, 0x00BBC2BF, 0x00BAC0BD,
    0x00BBC2BF, 0x00BBC2C0, 0x00C0C7C6, 0x00C3CCCB, 0x00C7D3D4, 0x00C6D1D2, 0x00C3CFD0, 0x00C1CDCD, 0x00C1CCCE,
    0x00BDCACB, 0x00BDC8C9, 0x00BCC7C9, 0x00BAC6C7, 0x00BBC4C4, 0x00BEC5C4, 0x00BEC6C5, 0x00BEC9C9, 0x00C8D7DB,
    0x00D0E1E7, 0x00D7E8EF, 0x00DAEBF2, 0x00DAEBF1, 0x00DCECF2, 0x00DBECF2, 0x00DBECF3, 0x00DEEEF5, 0x00DBEEF4,
    0x00DEEFF5, 0x00E1EFF6, 0x00DEEEF5, 0x00DFEFF6, 0x00DEEEF5, 0x00DEEFF5, 0x00DEEFF5, 0x00DBEDF3, 0x00DFEFF6,
    0x00DAEDF3, 0x00DDEEF5, 0x00DEEEF4, 0x00DDEFF5, 0x00E0EFF6, 0x00DDEDF4, 0x00DAECF2, 0x00DCEDF2, 0x00DCEDF3,
    0x00DDEEF5, 0x00DEEFF5, 0x00DBEEF3, 0x00DDEEF4, 0x00DCEEF4, 0x00DDEEF4, 0x00DCEDF4, 0x00DBEDF2, 0x00E1EFF5,
    0x00DEEFF3, 0x00DDEDF2, 0x00DAEBF0, 0x00DBECF1, 0x00DCEBF1, 0x00DCEDF2, 0x00DCECF0, 0x00E0EDF1, 0x00DAEBF0,
    0x00DBEAEE, 0x00DBE9EE, 0x00DAE8EC, 0x00D8E6EB, 0x00D9E8EC, 0x00DCE9ED, 0x00DBE9EC, 0x00DAE9EE, 0x00DDEAEF,
    0x00DBE9ED, 0x00E0ECF1, 0x00DCEBF0, 0x00DEEBEF, 0x00DDEBEE, 0x00DCEAEE, 0x00DBE9ED, 0x00D9E8ED, 0x00DFEBEF,
    0x00DDEAEE, 0x00DBE9EC, 0x00D5E6E9, 0x00CEE3E9, 0x00D9E7E9, 0x00DDE8ED, 0x00DBE7EB, 0x00DAE8EB, 0x00D9E5E9,
    0x00D8E5E9, 0x00D6E3E7, 0x00D5E2E6, 0x00D7E5E9, 0x00D9E6EA, 0x00DAE7EC, 0x00DAE7EB, 0x00DDE8EB, 0x00DFE9EC,
    0x00DFE9EC, 0x00DBE8EA, 0x00D9E7EB, 0x00D5E6EC, 0x00DCEAED, 0x00D9E6E9, 0x00D9E6E7, 0x00D7E4E5, 0x00D7E3E5,
    0x00D6E2E5, 0x00D8E4E6, 0x00D5E0E2, 0x00D5E1E2, 0x00D4E0E2, 0x00D5E0E2, 0x00D8E3E5, 0x00D9E4E6, 0x00D8E3E6,
    0x00D8E4E7, 0x00D8E4E7, 0x00DAE6EA, 0x00D9E5E9, 0x00D8E5E8, 0x00D7E4E7, 0x00D9E3E6, 0x00D7E2E5, 0x00D6E1E4,
    0x00D5E0E3, 0x00D5E1E4, 0x00D6E2E6, 0x00D6E3E6, 0x00D8E5E7, 0x00DAE6E9, 0x00D7E3E6, 0x00D9E5E7, 0x00D7E3E7,
    0x00D5E2E5, 0x00D7E4E8, 0x00D7E3E7, 0x00D2E0E6, 0x00D5E2E6, 0x00D6E3E6, 0x00D5E2E5, 0x00D8E4E7, 0x00D8E5E8,
    0x00D6E4E7, 0x00D9E6EA, 0x00D8E4E8, 0x00D4E2E6, 0x00D5E2E6, 0x00D4E2E6, 0x00D6E4E9, 0x00D3E3E7, 0x00D3E2E6,
    0x00D7E4E9, 0x00D6E3E7, 0x00D4E3E7, 0x00D6E2E8, 0x00D6E2E6, 0x00D6E2E6, 0x00D7E4E8, 0x00D7E4E8, 0x00D6E3E8,
    0x00D8E5E9, 0x00DAE7EB, 0x00D6E5E8, 0x00D9E7EA, 0x00DCE8EC, 0x00D9E7EB, 0x00D8E5E9, 0x00D8E5E9, 0x00D8E6E9,
    0x00D7E5E9, 0x00D6E4E8, 0x00D8E4E8, 0x00D5E4E8, 0x00D0DBDC, 0x00CED8D8, 0x00D0DADB, 0x00D1DBDB, 0x00CED9D8,
    0x00D1DADA, 0x00D2DCDC, 0x00CED8D8, 0x00CFD8D8, 0x00CFD8D7, 0x00CED8D7, 0x00CFD9D9, 0x00CFD9D9, 0x00CED9D9,
    0x00D1DAD9, 0x00CFD8D7, 0x00CFDAD9, 0x00CFD9D9, 0x00CBD7D8, 0x00CCD8D9, 0x00CDDADA, 0x00CAD6D6, 0x00CDD8D8,
    0x00CED8D8, 0x00CED8D7, 0x00CED8D8, 0x00CFD9D9, 0x00CFD9DB, 0x00CED8D8, 0x00D0DBDB, 0x00CFDADB, 0x00CDD8D8,
    0x00D0DCDD, 0x00D1DDDD, 0x00D1DDDD, 0x00D4E1E4, 0x00D5E1E1, 0x00CDDADC, 0x00C9D5D9, 0x00C8DADF, 0x00B6C9CE,
    0x00C4D6DB, 0x00CCDDE3, 0x00CADBE0, 0x00C9DBE0, 0x00CBDEE3, 0x00CADDE3, 0x00CBDEE3, 0x00C7DAE0, 0x00CBDCE2,
    0x00CADBE1, 0x00C8DAE0, 0x00C8D9DF, 0x00C6D8DE, 0x00C0D4DA, 0x00C4D4DB, 0x00BED0D7, 0x00AEC0C8, 0x00B4C6CD,
    0x00C6D8DE, 0x00C8D9E1, 0x00C5D8DF, 0x00AFC1CB, 0x00C2D6DE, 0x00CDE0E6, 0x00CEDFE6, 0x00B8CBD1, 0x00C1D4DA,
    0x00CDDFE5, 0x00CEDFE5, 0x00CFE1E7, 0x00CADDE3, 0x00CDE0E5, 0x00C5D7DE, 0x00BCCFD6, 0x00C7D9E0, 0x00C6D8E0,
    0x00B6C7CE, 0x00C5D4DA, 0x00CEDEE1, 0x00D0DFE3, 0x00CEDEE2, 0x00D3E3E6, 0x00D2E1E4, 0x00D5E3E6, 0x00D5E2E5,
    0x00D3E2E5, 0x00D2E1E4, 0x00D5E6E8, 0x00D4E3E5, 0x00D3E2E5, 0x00D1E1E5, 0x00D1E1E5, 0x00CFE0E6, 0x00CFE0E4,
    0x00D0E1E6, 0x00C8D9DE, 0x00B6C8CE, 0x00D0DFE5, 0x00C7D8DC, 0x009FB0B8, 0x00ABBDC4, 0x00C3D3D8, 0x00B6C7CC,
    0x00C0D3D7, 0x00CCDEE1, 0x00D1E0E3, 0x00D2E1E6, 0x00D1E2E5, 0x00D2E3E6, 0x00C8D8DC, 0x00A7B8BF, 0x00A7B7BD,
    0x00B5C6C9, 0x00B8C5C9, 0x00BFCFD1, 0x00AEC2C8, 0x00C0CFD2, 0x00CAD5D5, 0x00B6C7CA, 0x00CCD6D5, 0x00C0CDCE,
    0x00C0CCCE, 0x00B9C6C9, 0x00C4CECD, 0x00CBD2D0, 0x00C8D1D0, 0x00C5CECD, 0x00BFC9C9, 0x00C4CAC8, 0x00C9CECC,
    0x00C2C6C4, 0x00C1C6C4, 0x00BBC1BD, 0x00C0C6C3, 0x00C2C7C3, 0x00C3C8C4, 0x00C6CAC8, 0x00BDC3C0, 0x00C3C8C5,
    0x00BFC4C2, 0x00BEC3C0, 0x00BDC2C0, 0x00BAC0BC, 0x00C1C6C4, 0x00B9BFBC, 0x00BAC0BE, 0x00BFC6C5, 0x00BBC3C0,
    0x00C3C9C8, 0x00C2CAC9, 0x00C4CCCC, 0x00C2CAC9, 0x00C3CBC9, 0x00BFC6C5, 0x00BCC4C3, 0x00BBC3C2, 0x00B9C0BF,
    0x00BAC1BF, 0x00C1C7C6, 0x00BCC2C0, 0x00BBC2BF, 0x00BAC0BD, 0x00BEC9C6, 0x00CBDADF, 0x00D9EBF1, 0x00DCEDF4,
    0x00E2F1F7, 0x00DBEDF3, 0x00D7EAF0, 0x00DDEEF5, 0x00DDEEF5, 0x00DEF0F6, 0x00DDEEF5, 0x00E0F0F7, 0x00DDEEF5,
    0x00DDEDF5, 0x00E0F0F6, 0x00E2F0F6, 0x00E2F2F8, 0x00DFF0F7, 0x00DDF0F6, 0x00DFEFF6, 0x00E1F1F7, 0x00DBEEF3,
    0x00E0F0F6, 0x00DBEDF4, 0x00DCEEF3, 0x00DEEFF6, 0x00E0F0F6, 0x00DCEEF5, 0x00DFEFF6, 0x00DCEEF4, 0x00DAEEF4,
    0x00DDEEF4, 0x00E2F1F6, 0x00E0EFF5, 0x00DCEEF5, 0x00DEEFF6, 0x00DEEEF4, 0x00D8EBF1, 0x00DCEDF3, 0x00E0EEF2,
    0x00DDEDF2, 0x00E0F0F4, 0x00D8EDF3, 0x00DFEDF2, 0x00DFEEF4, 0x00DCECF0, 0x00DFEEF4, 0x00DEEDF0, 0x00DCE9ED,
    0x00DAE9EE, 0x00DDECF1, 0x00DCECF1, 0x00DEECEF, 0x00DCE9EF, 0x00DBE9EC, 0x00DFEDF2, 0x00DCEBF0, 0x00E0EDF1,
    0x00DEEEF3, 0x00DCEBEF, 0x00DCEBF1, 0x00D8E9EE, 0x00DFECEF, 0x00DBE9EE, 0x00DAE8EC, 0x00DAE8EB, 0x00DAE7EB,
    0x00DEEAEE, 0x00DCE9ED, 0x00DDEBEF, 0x00D8E5E9, 0x00DAE8ED, 0x00DBE9EE, 0x00D5E4E8, 0x00D6E5EA, 0x00D5E3E7,
    0x00D3E3E9, 0x00DBE9ED, 0x00DBE9ED, 0x00DDEAEE, 0x00DEEAEE, 0x00DBE8EC, 0x00DDEAEF, 0x00D8E6EA, 0x00DBE9ED,
    0x00DDEAED, 0x00D7E6E9, 0x00DCE8EC, 0x00DAE8EA, 0x00D9E6E9, 0x00D8E3E7, 0x00D8E5E8, 0x00D8E4E6, 0x00D7E4E6,
    0x00D8E4E6, 0x00DCE6E9, 0x00D8E4E9, 0x00D4E4E8, 0x00DEE8EB, 0x00DBE7EA, 0x00DCE7EB, 0x00D8E5E8, 0x00D8E4E8,
    0x00D7E4E7, 0x00D7E4E6, 0x00D5E2E7, 0x00D5E3E7, 0x00D8E6EB, 0x00D7E4E7, 0x00D7E2E6, 0x00D9E5E9, 0x00D8E6E9,
    0x00DCE8EC, 0x00D9E7EB, 0x00D4E3E7, 0x00D2E0E5, 0x00D3E1E5, 0x00D6E3E7, 0x00D6E3E8, 0x00D8E5EA, 0x00D6E5E9,
    0x00D9E6EA, 0x00DAE6EA, 0x00D8E6EA, 0x00DCE8EC, 0x00DAE6EA, 0x00D9E6EA, 0x00DCE8EC, 0x00D8E6EC, 0x00D4E2E7,
    0x00D6E4E9, 0x00D9E7EA, 0x00D8E6EC, 0x00D3E2E8, 0x00D8E6EA, 0x00D8E6EA, 0x00D7E6EC, 0x00DAE7EB, 0x00D8E6EA,
    0x00D8E6EA, 0x00D8E4E8, 0x00DAE6EA, 0x00DAE7EB, 0x00D8E5E9, 0x00DAE7EB, 0x00DAE7EB, 0x00D8E6E9, 0x00D9E8EC,
    0x00DAE9ED, 0x00DBE9EE, 0x00DCE8EC, 0x00D7E5EA, 0x00D9E7EC, 0x00D6E4E9, 0x00D6E4E8, 0x00D8E5EB, 0x00D9E6EA,
    0x00CEDBDB, 0x00CCD8D8, 0x00CFDADB, 0x00D1DADC, 0x00D1DBDB, 0x00CED8D9, 0x00CED8D9, 0x00D0DAD9, 0x00D1DADA,
    0x00D0D9D9, 0x00CED9D8, 0x00CFD8D8, 0x00CED9D9, 0x00D0DADA, 0x00D1DCDD, 0x00D1DEDF, 0x00D0DDDE, 0x00CFDBDC,
    0x00D0DCDD, 0x00D0DBDC, 0x00D1DDDE, 0x00D2DDDE, 0x00D0DBDC, 0x00D0DBDA, 0x00CEDBDB, 0x00D1DBDC, 0x00CFDBDC,
    0x00CFD8D9, 0x00CFDADC, 0x00D1DCDD, 0x00D3DEE1, 0x00D0DCDC, 0x00D1DCDC, 0x00D1DCDE, 0x00D5E1E2, 0x00D2DEE0,
    0x00CDDADD, 0x00CADADE, 0x00CCDDE3, 0x00BCCDD4, 0x00BED0D5, 0x00CBDCE2, 0x00CEDDE2, 0x00CCDCE2, 0x00CDE0E4,
    0x00CADEE3, 0x00CADDE2, 0x00CADDE2, 0x00C9DDE2, 0x00CCDEE4, 0x00C8DBE1, 0x00C8DBE1, 0x00C9DBE1, 0x00BFD1D8,
    0x00C1D4DA, 0x00BBCDD4, 0x00BACBD3, 0x00BACCD3, 0x00C5D7DE, 0x00C6D9DF, 0x00C4D5DE, 0x00B0C3CA, 0x00B9CCD3,
    0x00CDDFE6, 0x00CADBE1, 0x00C3D6DC, 0x00BCCED5, 0x00CCDEE4, 0x00CDDFE5, 0x00CEDEE5, 0x00BACDD4, 0x00C3D6DC,
    0x00CCDEE5, 0x00BBCED7, 0x00B5C8CF, 0x00C1D3DA, 0x00B3C4CB, 0x00CADBE0, 0x00CFE0E4, 0x00D1E1E5, 0x00D3E1E5,
    0x00D1E1E5, 0x00D2E2E5, 0x00D3E3E6, 0x00D1E1E5, 0x00C6D8DE, 0x00C5D8DF, 0x00C8D9E0, 0x00C4D7DF, 0x00C4D6DD,
    0x00C8DADF, 0x00CCDEE3, 0x00CFE0E5, 0x00CCDEE3, 0x00CFE1E6, 0x00CFDFE5, 0x00CFE2E7, 0x00C5D6DC, 0x00BDCED5,
    0x00CEDDE2, 0x00BFCED4, 0x00BED0D4, 0x00BDCDD2, 0x00C7D8DC, 0x00BCCCD1, 0x00C6D7DB, 0x00CDDEE2, 0x00D1E2E5,
    0x00D0E0E5, 0x00CFE0E3, 0x00D2E2E6, 0x00CDDDE0, 0x00AABBC1, 0x00B6C7CA, 0x00B8C8CA, 0x00C4D1D2, 0x00C4D4D6,
    0x00C4D2D5, 0x00C9D7D8, 0x00BFCED2, 0x00B9CACC, 0x00AABABE, 0x00ADBDC2, 0x00BFCACB, 0x00C0CACA, 0x00C8D0CE,
    0x00B8C3C3, 0x00B9C3C3, 0x00B2BDBE, 0x00BFC7C6, 0x00CED2D0, 0x00C5CAC6, 0x00BDC5C3, 0x00BAC3C1, 0x00BEC3C0,
    0x00C1C5C3, 0x00BFC5C3, 0x00C1C7C5, 0x00C2C8C5, 0x00C2C7C4, 0x00C1C7C4, 0x00C1C6C3, 0x00C3C8C5, 0x00BFC5C1,
    0x00BFC4C2, 0x00BFC4C2, 0x00BCC2BF, 0x00BBC1BF, 0x00B8BEBB, 0x00BDC3C2, 0x00BBC1BD, 0x00BDC4C1, 0x00C2C8C7,
    0x00C1C8C6, 0x00C2C9C7, 0x00C1C8C6, 0x00C1C7C6, 0x00C1C8C6, 0x00C2C9C7, 0x00C5CCCA, 0x00C2C8C6, 0x00B9C0BC,
    0x00BCC2BF, 0x00B9BDBA, 0x00BCC1BD, 0x00C7D3D4, 0x00CEDFE4, 0x00D4E6ED, 0x00D8E8F0, 0x00D8E9F1, 0x00D8E8ED,
    0x00D8E5EA, 0x00D3E0E2, 0x00D3DEE1, 0x00D0DCDE, 0x00D0DBDE, 0x00D1DEE1, 0x00D4E2E7, 0x00D7E6EC, 0x00DAEAF0,
    0x00E1F0F6, 0x00E0F1F7, 0x00E0F0F7, 0x00E0F1F7, 0x00DEEFF5, 0x00E2F2F8, 0x00DCEEF5, 0x00DCEEF4, 0x00DDEFF4,
    0x00DCEDF4, 0x00D8EDF3, 0x00DCEFF5, 0x00DDEFF5, 0x00DCEFF4, 0x00DDEEF4, 0x00DFEEF4, 0x00DFEEF4, 0x00DBEEF4,
    0x00E0EFF5, 0x00DEEEF4, 0x00DDEEF3, 0x00DFEEF4, 0x00E2F0F5, 0x00E0F0F4, 0x00E3F0F5, 0x00DFEFF5, 0x00E0EEF3,
    0x00E0EEF5, 0x00E0EEF3, 0x00E0EEF5, 0x00DDEDF2, 0x00D9EBF0, 0x00DEECF0, 0x00DBEBEF, 0x00DCEBF1, 0x00DCECF1,
    0x00DDEDF2, 0x00DEEEF2, 0x00DCEBF1, 0x00DAE9EE, 0x00DFEDF2, 0x00D5E7EF, 0x00DFEDF2, 0x00DFECEF, 0x00DFEDF2,
    0x00DEECF2, 0x00DFEDF0, 0x00DFECF1, 0x00DFECF0, 0x00DCEAEE, 0x00DEEBEF, 0x00D9E8EC, 0x00DDECF1, 0x00DBEBF0,
    0x00DBE9EF, 0x00DAE9EF, 0x00D9E8EE, 0x00DAEAEF, 0x00D7E8ED, 0x00D9E9EE, 0x00DCEBF0, 0x00DDEBF0, 0x00DFECF0,
    0x00DCEBEF, 0x00DFEDF1, 0x00DFECEF, 0x00DDECF0, 0x00DEEBEF, 0x00E0ECF1, 0x00DEECEF, 0x00DFECF0, 0x00DEEAEE,
    0x00DDEAEE, 0x00D8E6E9, 0x00DAE8EC, 0x00D7E5E8, 0x00DBE6EA, 0x00DBE7EB, 0x00D4E3EA, 0x00DAE6EA, 0x00DAE7EB,
    0x00CDE1E9, 0x00DAE7EB, 0x00DAE8EB, 0x00DAE7EA, 0x00D9E8EB, 0x00D8E6EB, 0x00DAE8EE, 0x00DAE7ED, 0x00D8E6EB,
    0x00D7E5EA, 0x00D8E5E9, 0x00D8E6E9, 0x00D7E5E9, 0x00D9E6EB, 0x00DCE8EC, 0x00D8E5EA, 0x00D7E4EA, 0x00D7E4E9,
    0x00D6E3E7, 0x00D7E5E9, 0x00D8E5E9, 0x00D7E4E9, 0x00D9E5EA, 0x00D8E5EA, 0x00DAE7EB, 0x00DAE7EB, 0x00D9E6EA,
    0x00DAE6EC, 0x00D8E6EA, 0x00DBE8EC, 0x00DBE8EC, 0x00DAE8EB, 0x00DBE8EC, 0x00DAE7EC, 0x00D9E8ED, 0x00DAE8EC,
    0x00DBE8ED, 0x00D9E8EB, 0x00DCE9EE, 0x00DAE8EB, 0x00D8E7EC, 0x00D9E6EA, 0x00DAE7EC, 0x00D5E4E8, 0x00D8E6EC,
    0x00DCEAEE, 0x00DDEAEE, 0x00DDEAEE, 0x00D9E8EC, 0x00DCEAF0, 0x00D8E7ED, 0x00DBE9EF, 0x00D9E9EE, 0x00D8E8EC,
    0x00DCEAED, 0x00DAE8EC, 0x00D9E7EA, 0x00D8E6EA, 0x00DCE9ED, 0x00CFDBDC, 0x00CEDAD9, 0x00CCD9D9, 0x00CFD9DA,
    0x00D1DBDC, 0x00CFD9D8, 0x00CFDAD9, 0x00D2DCDD, 0x00D2DCDC, 0x00D1DADB, 0x00D0DBDB, 0x00D0DADA, 0x00D1DDDD,
    0x00D0DBDB, 0x00D2DEE0, 0x00D0DCDD, 0x00CEDADB, 0x00D3DFE1, 0x00D2DFDF, 0x00D0DCDD, 0x00D2DDDF, 0x00D0DCDE,
    0x00D1DCDD, 0x00D3DEE0, 0x00CFDCDD, 0x00CFDCDB, 0x00D2DCDC, 0x00D2DDDE, 0x00D2DCDE, 0x00CED8D8, 0x00D1DDE0,
    0x00D4DFE1, 0x00D2DEDF, 0x00D2DDDD, 0x00D2DEDF, 0x00CEDCE0, 0x00C8DBE1, 0x00BED3DA, 0x00C1D3DA, 0x00BECFD4,
    0x00C6D8DD, 0x00D0E2E8, 0x00CEDFE4, 0x00C9DCE1, 0x00CCDEE4, 0x00C9DCE2, 0x00CADDE2, 0x00C7DAE1, 0x00CADDE3,
    0x00CADCE3, 0x00C9DCE2, 0x00C7DAE0, 0x00CBDCE2, 0x00CADDE3, 0x00C5D7DE, 0x00C2D3DB, 0x00BBCDD4, 0x00C5D7DE,
    0x00C6D8DE, 0x00C4D6DD, 0x00B4C6CE, 0x00C7DAE0, 0x00CADDE4, 0x00C7DAE0, 0x00C8D9E0, 0x00D1E1E6, 0x00D0E1E6,
    0x00CEE0E5, 0x00CEDEE4, 0x00C0D3D9, 0x00B7CBD1, 0x00CDDFE6, 0x00CADDE4, 0x00C7DCE2, 0x00BED0D7, 0x00B9CAD0,
    0x00CEDEE2, 0x00D4E5EA, 0x00D1E2E6, 0x00D1E2E5, 0x00D4E2E6, 0x00D2E2E7, 0x00D2E2E7, 0x00D0E1E5, 0x00D4E4E7,
    0x00D4E5E9, 0x00D5E5E8, 0x00D5E6E8, 0x00D5E6E9, 0x00D1E2E6, 0x00C1D4DA, 0x00B1C6CE, 0x00B6CAD2, 0x00C6D9DF,
    0x00BBCED4, 0x00B0C5CD, 0x00B7CAD1, 0x00CADBE2, 0x00B9CCD3, 0x00B2C5CB, 0x00D3E1E5, 0x00D2E1E4, 0x00CFDFE3,
    0x00C8D8DD, 0x00CADADF, 0x00C2D2D8, 0x00B7C9CE, 0x00C7D9DD, 0x00D1E2E5, 0x00D2E2E6, 0x00D3E3E6, 0x00D3E3E6,
    0x00BBCBCF, 0x00A6B7BE, 0x00B1C2C5, 0x00B6C5C8, 0x00C6D4D6, 0x00C3D2D5, 0x00CAD7D9, 0x00CBD9DC, 0x00CDDCDE,
    0x00B8C8CD, 0x00ACBEC3, 0x00AFBEC2, 0x00C4CECD, 0x00C8D1CF, 0x00C7CFCE, 0x00C6CECD, 0x00C8D0CE, 0x00BBC5C4,
    0x00C7CDCC, 0x00C9CECA, 0x00BFC5C3, 0x00BAC0BE, 0x00BFC5C1, 0x00C3C8C6, 0x00BFC6C3, 0x00C7CCCA, 0x00C9CECC,
    0x00C0C6C2, 0x00BFC5C2, 0x00BEC5C2, 0x00C1C7C4, 0x00C3C8C7, 0x00BCC1BF, 0x00BEC3C1, 0x00BEC3C2, 0x00BFC5C3,
    0x00C0C5C3, 0x00BFC5C3, 0x00C2C9C7, 0x00C1C7C6, 0x00C0C7C4, 0x00C2C8C6, 0x00C0C7C5, 0x00C3C9C8, 0x00C8CFCD,
    0x00C9D0CE, 0x00C0C7C4, 0x00C4CAC9, 0x00C4CAC9, 0x00C5CBC9, 0x00BEC5C3, 0x00BFC5C3, 0x00BDC1BE, 0x00BCC2BF,
    0x00BCC4C2, 0x00C9D4D5, 0x00CDDDE1, 0x00CFDDE3, 0x00D0DBDF, 0x00D0DBDD, 0x00CCD7D8, 0x00CCD8D8, 0x00CCD5D7,
    0x00CDD7D8, 0x00CCD5D5, 0x00CDD5D7, 0x00CBD5D4, 0x00CFDADB, 0x00D4E3E7, 0x00D9EBF1, 0x00DFF0F6, 0x00DEF0F7,
    0x00D9EBF1, 0x00DEEFF6, 0x00DAECF3, 0x00DEEFF6, 0x00E0F0F7, 0x00E0F1F7, 0x00DDEFF5, 0x00DFF0F5, 0x00DDEEF5,
    0x00DFF0F6, 0x00DEF0F5, 0x00DEEFF5, 0x00E1EFF6, 0x00DDEEF4, 0x00E1F0F6, 0x00DCEFF5, 0x00E0EFF5, 0x00DFEFF6,
    0x00DCEFF5, 0x00E2F0F5, 0x00E0F0F5, 0x00E4F1F6, 0x00E2F1F7, 0x00E0F0F5, 0x00E2F0F5, 0x00E3F2F5, 0x00E0F0F5,
    0x00DDEEF2, 0x00E1EEF4, 0x00DEEEF4, 0x00E1EFF3, 0x00E1EFF5, 0x00DEEEF4, 0x00DDEDF3, 0x00DDECF2, 0x00DDEEF3,
    0x00DCECF1, 0x00DBECF0, 0x00E0EDF1, 0x00DBEBEF, 0x00DDECF2, 0x00DDECF2, 0x00DEEDF2, 0x00DFEDF1, 0x00DDECF2,
    0x00DFEEF2, 0x00DFEDF1, 0x00E1EEF2, 0x00DDECF1, 0x00DDEBF1, 0x00E0EDF3, 0x00DBEAF0, 0x00DDEBF1, 0x00D9EAF0,
    0x00D9E9EE, 0x00DDECF2, 0x00D8E9EF, 0x00DCEAF0, 0x00E1EEF3, 0x00DEEDF2, 0x00DDECF0, 0x00DFEDF2, 0x00DBEAF0,
    0x00DFEDF0, 0x00E1EDF2, 0x00DEEDF1, 0x00DDECF0, 0x00E0EDF1, 0x00DDEBF0, 0x00D9E8EB, 0x00DBEAF0, 0x00DCE9ED,
    0x00D6E5EC, 0x00D7E7ED, 0x00CAE1E9, 0x00DAE8ED, 0x00DBE9EE, 0x00DBEAEE, 0x00D9E7EC, 0x00DAE8ED, 0x00DAE9EE,
    0x00DAE8EE, 0x00DAE8EE, 0x00D7E6EB, 0x00D9E8EE, 0x00DDE9EE, 0x00DAE8ED, 0x00DAE8ED, 0x00DBE9EE, 0x00DBE9EF,
    0x00D9E7EC, 0x00D8E6ED, 0x00D9E8ED, 0x00DBE8EC, 0x00DAE7EC, 0x00DBE7EB, 0x00D9E7EB, 0x00D9E7EC, 0x00DAE7EC,
    0x00D9E8EC, 0x00D5E4E9, 0x00DBE8EC, 0x00D9E7ED, 0x00D9E7EC, 0x00DBE7EB, 0x00DAE7EB, 0x00D8E7EB, 0x00DEEAEE,
    0x00DDEAEE, 0x00E0ECF1, 0x00DEEBEF, 0x00DBE9ED, 0x00DCE9EE, 0x00DCE9EE, 0x00DAE9ED, 0x00DCEAF0, 0x00DCEAEE,
    0x00DAE8EC, 0x00DCE9ED, 0x00CFE1EA, 0x00D9E8ED, 0x00DAE8ED, 0x00DCE8EE, 0x00DAE9EF, 0x00DAEAF0, 0x00DDEBF1,
    0x00DBEAF0, 0x00DAEAF0, 0x00DBEAF1, 0x00DAEAF1, 0x00DCEBF0, 0x00DCECF2, 0x00DCEBF0, 0x00D9E8ED, 0x00D9E7ED,
    0x00D7E6EA, 0x00D0DDDF, 0x00CEDADC, 0x00D0DBDC, 0x00CFDADA, 0x00CCD8D8, 0x00D4DFE0, 0x00D1DBDB, 0x00D1DBDB,
    0x00D3DDDD, 0x00D6DFDF, 0x00D1DDDD, 0x00D2DDDD, 0x00D1DDDD, 0x00D0DDDD, 0x00D4DFE1, 0x00D2DDDD, 0x00D3DFE0,
    0x00D4E0E2, 0x00D0DDDE, 0x00D3DFE1, 0x00D3DDE0, 0x00D2DEDF, 0x00D4E0E0, 0x00D2DEE0, 0x00D2DFE0, 0x00D5E1E3,
    0x00D3DFE1, 0x00D2DDDE, 0x00D2DDE0, 0x00D0DDDD, 0x00D2DFE0, 0x00D2DCDF, 0x00D0DDDF, 0x00CEDBDD, 0x00CCDCE0,
    0x00B4CBD4, 0x00B2C8D1, 0x00CADBE2, 0x00C5D7DC, 0x00CADDE1, 0x00CBDEE3, 0x00CBDDE3, 0x00CBDDE4, 0x00CADDE2,
    0x00CDDFE5, 0x00CBDDE3, 0x00CADCE1, 0x00CDDFE4, 0x00CBDEE4, 0x00CADCE3, 0x00C5D8DE, 0x00C7DBE0, 0x00CADBE2,
    0x00C3D6DD, 0x00C1D3DA, 0x00BDCFD7, 0x00C6D8E0, 0x00C5D7DD, 0x00C9DAE2, 0x00BDCFD6, 0x00C6D9E0, 0x00CADCE3,
    0x00C2D4DB, 0x00CEE0E6, 0x00CEE0E5, 0x00D1E1E7, 0x00D0E0E5, 0x00D1E1E6, 0x00D0E1E7, 0x00B3C6CE, 0x00BBCFD7,
    0x00CCDDE5, 0x00C0D2DB, 0x00B8C9D2, 0x00C2D4DA, 0x00D6E6EC, 0x00D5E6EA, 0x00D5E6EA, 0x00D4E5EA, 0x00D3E3E7,
    0x00D0E2E8, 0x00CDE1E7, 0x00CFE1E7, 0x00D0E1E6, 0x00CFE1E6, 0x00D4E5E8, 0x00D5E4E9, 0x00D3E4E9, 0x00D2E2E7,
    0x00D5E5EA, 0x00D5E5EB, 0x00D0E2E7, 0x00C8DBE1, 0x00C1D3DA, 0x00BACDD3, 0x00BACDD5, 0x00B8CCD2, 0x00B5C9D0,
    0x00B1C4CB, 0x009FB2BA, 0x00C0D1D6, 0x00CFDDE2, 0x00D5E3E6, 0x00D3E2E6, 0x00D0DFE5, 0x00CDDDE2, 0x00CEDEE3,
    0x00C3D4D9, 0x00CEDEE1, 0x00D4E3E5, 0x00D2E2E5, 0x00D1E1E4, 0x00D5E2E5, 0x00C3D3D6, 0x00B0C1C6, 0x00A6B6B9,
    0x00C5D3D4, 0x00C3D2D5, 0x00C1D2D6, 0x00CBDADD, 0x00CFDDDF, 0x00CDDADE, 0x00C5D3D8, 0x00B3C3C9, 0x00B1BFC3,
    0x00C1CBCA, 0x00C4CCCB, 0x00C7D0CE, 0x00CBD2D1, 0x00C6CECD, 0x00B7C1C0, 0x00C7CCC8, 0x00C7CBC9, 0x00C2C7C5,
    0x00BFC4C1, 0x00C0C7C4, 0x00C1C7C4, 0x00C7CBC9, 0x00C4C9C7, 0x00BDC3C0, 0x00C8CDCA, 0x00C1C6C3, 0x00C1C7C5,
    0x00C5CAC8, 0x00BEC9C7, 0x00BDC7C5, 0x00BCC2BF, 0x00C3C9C7, 0x00C2C9C6, 0x00C0C7C4, 0x00C0C5C3, 0x00BFC5C3,
    0x00C2C9C6, 0x00C2C8C7, 0x00BDC5C2, 0x00C2C9C7, 0x00C4CAC9, 0x00C4CAC9, 0x00C3C9C7, 0x00C2C8C7, 0x00C1C8C6,
    0x00C5CBCA, 0x00C3CAC8, 0x00BFC6C3, 0x00C2C8C5, 0x00BEC7C5, 0x00BDC6C6, 0x00BFC8C5, 0x00BFC6C5, 0x00C6D1D1,
    0x00CAD6D7, 0x00CDD7D8, 0x00CAD5D7, 0x00CAD5D6, 0x00C9D3D3, 0x00C8D1D1, 0x00C8D1D0, 0x00C8D2D2, 0x00CBD4D5,
    0x00C9D2D1, 0x00CAD4D5, 0x00CFDCE0, 0x00D4E3E8, 0x00DCEBF1, 0x00DEEFF6, 0x00DFF0F6, 0x00DCEFF4, 0x00DEEFF6,
    0x00DDEEF6, 0x00DFEFF6, 0x00DFF0F6, 0x00DDEDF5, 0x00DDEFF5, 0x00DCEEF3, 0x00DBEDF4, 0x00E0F0F6, 0x00DEEEF4,
    0x00DBEEF3, 0x00E1F0F6, 0x00DCEFF4, 0x00DEEFF5, 0x00DBEDF5, 0x00DFF0F5, 0x00E2F0F4, 0x00DDEFF5, 0x00E1EFF4,
    0x00E2F0F7, 0x00E2F1F7, 0x00E5F2F8, 0x00E2F1F6, 0x00E5F2F8, 0x00E4F2F7, 0x00DEEFF4, 0x00E3F1F5, 0x00E0EFF4,
    0x00DEEEF4, 0x00DEEFF5, 0x00DEEFF4, 0x00DCEDF4, 0x00DDEDF4, 0x00DEEDF3, 0x00DBECF1, 0x00DFEDF3, 0x00DFEDF3,
    0x00E0EFF3, 0x00DEECF2, 0x00DBEAF0, 0x00DEEDF3, 0x00E1EFF4, 0x00DFEDF2, 0x00DEEEF2, 0x00E3EFF5, 0x00DDECF1,
    0x00DDEDF3, 0x00DFEDF3, 0x00DFEDF3, 0x00DBEBF1, 0x00D6E7ED, 0x00DDECF2, 0x00D7E7ED, 0x00DFEFF4, 0x00DDEDF3,
    0x00DEEDF3, 0x00E0EFF3, 0x00E0EFF4, 0x00E0EEF2, 0x00E0EFF5, 0x00DEECF1, 0x00DFEDF3, 0x00DDEDF3, 0x00DDECF0,
    0x00E1ECF1, 0x00DEECF1, 0x00DBEAED, 0x00DCEAEE, 0x00DAE9EE, 0x00DDEBEF, 0x00DEEBEF, 0x00DCEAEF, 0x00DCEAEF,
    0x00DCEBF0, 0x00DCEAEF, 0x00D9E9EF, 0x00DFECF1, 0x00DDECF0, 0x00DBEBF1, 0x00DCEBF0, 0x00DEECF2, 0x00DEEBF1,
    0x00DBE9EF, 0x00DAEAF0, 0x00DAE9EF, 0x00DBE9EF, 0x00DBEAF1, 0x00DBEBF0, 0x00DAE9EF, 0x00D7E5EC, 0x00D8E7EE,
    0x00D8E9EF, 0x00DAE9EF, 0x00DAE8EE, 0x00D8E7EC, 0x00D4E4EA, 0x00D7E6ED, 0x00D7E6EA, 0x00DAE8ED, 0x00DAE9EE,
    0x00D9E7ED, 0x00DAE8EC, 0x00D8E6EB, 0x00DBE9ED, 0x00DCE9EF, 0x00DCEAEE, 0x00E1ECF2, 0x00DDECF1, 0x00DAE9EF,
    0x00DBEBF0, 0x00DEECF0, 0x00DDECEF, 0x00DEEBF0, 0x00DCE9ED, 0x00E0ECF1, 0x00DCE9EE, 0x00D7E8ED, 0x00DDEBF0,
    0x00DBEAEE, 0x00DDEBF1, 0x00DFEEF2, 0x00DCEBF1, 0x00DDEDF3, 0x00DEECF2, 0x00DFEDF4, 0x00DDECF3, 0x00DCECF3,
    0x00DBEDF2, 0x00DAEBF2, 0x00DAEAF0, 0x00D8EAF1, 0x00DCEDF3, 0x00DAEAF1, 0x00CFDCDE, 0x00CDDADB, 0x00D1DDDF,
    0x00D1DDDE, 0x00D0DDDD, 0x00D3DEE0, 0x00D0DCDC, 0x00D4E0E0, 0x00D8E2E3, 0x00D4E0E0, 0x00D3DFDF, 0x00D4E0E1,
    0x00D4E0E2, 0x00D6E1E3, 0x00D6E1E3, 0x00D5E1E2, 0x00D6E2E5, 0x00D5E1E3, 0x00D3DFE1, 0x00D4E1E3, 0x00D6E2E4,
    0x00D4E1E3, 0x00D6E2E5, 0x00D5E1E3, 0x00D3DFE1, 0x00D3DFE1, 0x00D5E1E2, 0x00D4E0E0, 0x00D3DFE0, 0x00D3DFE0,
    0x00D3DFE2, 0x00D3E0E1, 0x00C6D7DC, 0x00C9DCE1, 0x00CCDFE5, 0x00CADDE3, 0x00C5D8DD, 0x00CFE0E5, 0x00D0E3E8,
    0x00CCE0E5, 0x00CDDEE5, 0x00C9DCE2, 0x00CADDE2, 0x00CBDEE3, 0x00CBDEE4, 0x00CCDEE3, 0x00CFE0E6, 0x00CDDEE5,
    0x00C9DBE2, 0x00C8DBE1, 0x00CCDDE3, 0x00CCDEE4, 0x00C3D5DC, 0x00BDD0D7, 0x00C1D4DB, 0x00C8DAE2, 0x00C9DCE3,
    0x00C8DAE1, 0x00C3D7DD, 0x00BED1D7, 0x00CADBE3, 0x00BCCFD6, 0x00C7DADF, 0x00D5E5EB, 0x00D0E1E6, 0x00D0E1E5,
    0x00D2E2E7, 0x00CFE0E6, 0x00D0E0E6, 0x00B9CBD2, 0x00B4C7CF, 0x00C1D3DA, 0x00C1D3DA, 0x00D0E1E7, 0x00D4E6EB,
    0x00D5E7EB, 0x00D5E6EB, 0x00D1E4E9, 0x00D4E5EB, 0x00D2E3E9, 0x00D1E3E9, 0x00D0E3E8, 0x00D0E2E7, 0x00CCDFE4,
    0x00CDDFE3, 0x00D0E1E5, 0x00D0E2E6, 0x00CEE0E5, 0x00CEE0E5, 0x00D4E4EA, 0x00D4E5EA, 0x00D5E5EB, 0x00D5E5EB,
    0x00D4E5EB, 0x00D0E1E7, 0x00BDD0D6, 0x00AEC1C8, 0x00ADC1C9, 0x00A2B6BE, 0x009FB2BB, 0x00B6C7CD, 0x00C3D4D8,
    0x00CCDBDF, 0x00D3E2E5, 0x00D3E2E6, 0x00C1D3D9, 0x00D4E3E6, 0x00C4D4D9, 0x00C2D3D7, 0x00CFDEE1, 0x00CFDFE2,
    0x00D2E2E5, 0x00D4E3E6, 0x00D6E3E6, 0x00BCCBCF, 0x00A4B3B5, 0x00AFBEC0, 0x00C9D7D9, 0x00BECFD3, 0x00C6D5D9,
    0x00CFDCDF, 0x00CDDBDF, 0x00C8D6DB, 0x00D0DEE1, 0x00C3D3D6, 0x00C6D2D3, 0x00C6D0CE, 0x00C9D1D0, 0x00CAD1D0,
    0x00CBD3D2, 0x00B9C3C3, 0x00BFC7C5, 0x00C9CDCB, 0x00C3C9C7, 0x00C2C8C4, 0x00BFC6C3, 0x00BEC4C1, 0x00C2C8C5,
    0x00BEC3C0, 0x00BBC1BE, 0x00C5CBC8, 0x00CBD0CE, 0x00C7CDCB, 0x00C6CBCA, 0x00C4CDCC, 0x00C4CECF, 0x00C1C8C6,
    0x00BEC4C2, 0x00BFC5C3, 0x00C3C9C7, 0x00C2C9C6, 0x00C4CBC9, 0x00C6CCCB, 0x00C5CDCC, 0x00C2CAC8, 0x00C2C9C7,
    0x00C6CCCA, 0x00C3CAC8, 0x00C2C9C7, 0x00C9CFCE, 0x00C2C9C7, 0x00C1C8C7, 0x00C4CBC8, 0x00BFC6C3, 0x00C1C8C6,
    0x00BCC3C2, 0x00BAC3C2, 0x00BEC6C5, 0x00BFC6C5, 0x00BEC8C7, 0x00C1CAC9, 0x00C6D0D2, 0x00C4CFD0, 0x00C5CFD1,
    0x00C6CFCF, 0x00C6CFCF, 0x00C5CECD, 0x00C7CFCF, 0x00C6CECE, 0x00C6D0D0, 0x00CAD3D5, 0x00CCD8D9, 0x00CDD9DB,
    0x00D1DDE1, 0x00D6E4E8, 0x00DCECF2, 0x00DDEFF6, 0x00DFEFF5, 0x00DDEDF4, 0x00DAEAF1, 0x00D9EBF0, 0x00DBEBF2,
    0x00DEECF2, 0x00DEEEF3, 0x00DCEEF3, 0x00E0EFF6, 0x00E0EFF5, 0x00DFEFF4, 0x00E1F0F6, 0x00DEEFF4, 0x00DFF0F5,
    0x00E1F0F5, 0x00DFEFF5, 0x00E1F0F6, 0x00E1F0F6, 0x00E1F0F5, 0x00E0F0F5, 0x00E0F0F6, 0x00E3F2F7, 0x00E2F1F5,
    0x00E3F1F7, 0x00E3F1F7, 0x00E2F1F5, 0x00E2F0F5, 0x00E2F1F5, 0x00E0F0F4, 0x00E2F0F4, 0x00DFEEF3, 0x00E0EFF4,
    0x00DEEEF4, 0x00DEEEF4, 0x00DFEDF3, 0x00E0EFF3, 0x00E0EEF3, 0x00DFEEF3, 0x00DDEDF3, 0x00DDEDF3, 0x00DEEDF3,
    0x00E0EFF5, 0x00DFEDF3, 0x00DEEDF3, 0x00E2F0F6, 0x00E1EFF4, 0x00E1EFF5, 0x00E0EFF4, 0x00E1EEF4, 0x00E0EEF4,
    0x00DDECF2, 0x00DBEBF2, 0x00D9EAF0, 0x00DDECF3, 0x00DFEEF5, 0x00DFEEF4, 0x00E0EFF5, 0x00E0F0F5, 0x00DCECF2,
    0x00DEEEF4, 0x00DBECF2, 0x00DBEDF3, 0x00DFEDF1, 0x00DEEDF3, 0x00E1EFF3, 0x00DFEDF3, 0x00DEECF1, 0x00DCECF1,
    0x00DDEAEE, 0x00DEECF0, 0x00DFECF1, 0x00DDEBF1, 0x00DFEBF1, 0x00E0EDF1, 0x00DFECF1, 0x00DCEBF0, 0x00DDECF0,
    0x00DEECF2, 0x00DFEDF3, 0x00DDEBF1, 0x00DFECF2, 0x00DCEAF0, 0x00DEEDF2, 0x00DDECF0, 0x00DDEBF1, 0x00DEECF2,
    0x00DDEBF2, 0x00DEECF2, 0x00DCEBF1, 0x00DAEAF0, 0x00D9E9F0, 0x00D9EAF0, 0x00DBEBF2, 0x00DCEBF1, 0x00DBEAEF,
    0x00DBEAEF, 0x00DBE9EF, 0x00DCEBF0, 0x00DDEAF0, 0x00DBE8EE, 0x00DCE9EF, 0x00DCEAEF, 0x00DDEBF0, 0x00DBE9EF,
    0x00DEECF0, 0x00DEECF1, 0x00DDECF2, 0x00DDECF1, 0x00DDECF2, 0x00D9EAEF, 0x00E0EEF3, 0x00DFEEF4, 0x00DEEDF2,
    0x00E0EEF2, 0x00DFECF2, 0x00DEECF2, 0x00DAEAF0, 0x00DBEAF0, 0x00DEEDF2, 0x00DEEDF2, 0x00DFEEF4, 0x00DDEDF3,
    0x00DEEEF4, 0x00DEEEF4, 0x00E0EEF6, 0x00DBECF2, 0x00E0EFF6, 0x00DDEEF4, 0x00DFEFF6, 0x00DAECF2, 0x00E0EFF6,
    0x00DFF0F5, 0x00DBECF3, 0x00CDDADC, 0x00D2DFE1, 0x00CFDCDD, 0x00D1DDDF, 0x00D1DEE0, 0x00D2DEE0, 0x00D5E2E4,
    0x00D8E3E4, 0x00D8E3E5, 0x00D2DDE0, 0x00D2DEE0, 0x00D5E1E3, 0x00D6E1E3, 0x00D7E1E3, 0x00D8E4E6, 0x00D7E4E6,
    0x00D6E2E6, 0x00D5E2E4, 0x00D6E3E6, 0x00D7E3E6, 0x00D7E3E6, 0x00D4E2E4, 0x00D5E2E5, 0x00D7E2E5, 0x00D4E0E2,
    0x00D4E0E1, 0x00D5E1E4, 0x00D6E3E5, 0x00D5E2E3, 0x00D6E2E4, 0x00D3E3E6, 0x00C4D6DC, 0x00C8DBE1, 0x00CEE0E5,
    0x00CFE0E5, 0x00CCE0E5, 0x00CBDEE2, 0x00CFE2E7, 0x00D0E3E8, 0x00CEE1E6, 0x00C6D8DF, 0x00C8DCE2, 0x00CCDEE4,
    0x00CBDCE2, 0x00C9DDE2, 0x00CFDFE6, 0x00D0E0E7, 0x00CADDE2, 0x00CBDEE4, 0x00C9DDE3, 0x00CEE0E5, 0x00C7D8DF,
    0x00BDD1D7, 0x00C8DBE1, 0x00C3D6DD, 0x00C7DAE1, 0x00C9DAE2, 0x00C4D7DE, 0x00C0D3DA, 0x00C9DCE3, 0x00C1D3DA,
    0x00D0E3EA, 0x00D2E3E9, 0x00D4E4EA, 0x00D0E1E7, 0x00D2E2E8, 0x00D0E2E7, 0x00C6D8DE, 0x00B8C8CE, 0x00BFD1D7,
    0x00C9DBE2, 0x00D6E7ED, 0x00D6E6EA, 0x00D5E6EB, 0x00D5E6EC, 0x00D6E6EC, 0x00D6E8ED, 0x00D6E6EC, 0x00D4E5EA,
    0x00D0E3E8, 0x00D3E5EB, 0x00D0E2E8, 0x00D0E2E8, 0x00CCDFE5, 0x00CEE0E6, 0x00D0E1E7, 0x00D2E3E8, 0x00CDDDE3,
    0x00C0D2D9, 0x00BACBD2, 0x00D0E1E7, 0x00D3E5EA, 0x00D3E5EA, 0x00D2E4EA, 0x00D3E4EA, 0x00D1E2E8, 0x00CCDFE4,
    0x00BACDD4, 0x00A1B5BC, 0x00A5B8C0, 0x00C0D0D5, 0x00D0DDE1, 0x00BCCCD2, 0x00C5D6DB, 0x00D3E3E7, 0x00C7D8DD,
    0x00C6D7DD, 0x00C2D2D8, 0x00B3C6CB, 0x00CEDEE1, 0x00CEDEE1, 0x00CDDEE1, 0x00D1E1E4, 0x00D3E3E7, 0x00D3E3E6,
    0x00BCCCD0, 0x00A6B5B7, 0x00C2D1D4, 0x00C9D7DC, 0x00BBCDD1, 0x00C7D8DC, 0x00CFDDE0, 0x00CADADD, 0x00D1DEE2,
    0x00D2DFE3, 0x00CCD9DA, 0x00C8D4D2, 0x00C9D3D2, 0x00C8D0CF, 0x00C8D1D0, 0x00CAD2D0, 0x00B1BDBD, 0x00C4CBCA,
    0x00C8CECD, 0x00CAD0CD, 0x00C3C9C7, 0x00C4CAC8, 0x00C4CAC7, 0x00BEC3C1, 0x00C2C9C6, 0x00C8CECD, 0x00C6CDCA,
    0x00C8CECD, 0x00CBD2D0, 0x00C8CFCE, 0x00C6CCCC, 0x00C4CBC9, 0x00C0C7C5, 0x00C1C7C6, 0x00C0C7C4, 0x00C5CBC9,
    0x00C6CCCA, 0x00C7CECD, 0x00C6CDCB, 0x00C9D0CE, 0x00C4CCCA, 0x00C4CBCA, 0x00C1C8C6, 0x00C1C8C5, 0x00C7CCCB,
    0x00C3C9C8, 0x00C2CAC8, 0x00C3C9C7, 0x00C3C9C8, 0x00C5CBCA, 0x00BFC6C4, 0x00BCC2C0, 0x00BAC2C0, 0x00B8BFBD,
    0x00BBC4C3, 0x00BEC6C5, 0x00C2CBC9, 0x00C1CACA, 0x00C1CBCB, 0x00C5CCCC, 0x00C1C9C8, 0x00C6CECD, 0x00C5CDCD,
    0x00C2CAC8, 0x00C2CAC8, 0x00C6CECE, 0x00C8D2D3, 0x00C7D1D1, 0x00C7D1D1, 0x00CED9DB, 0x00CEDCDE, 0x00D3E0E4,
    0x00D8E7ED, 0x00D8E8EE, 0x00D6E5EA, 0x00D9E7EB, 0x00D8E6EC, 0x00D9E8ED, 0x00D5E3E6, 0x00D9E7EB, 0x00DBEAF0,
    0x00DEEDF3, 0x00DDECF3, 0x00DDECF3, 0x00E0EEF3, 0x00E0EFF4, 0x00DCECF3, 0x00DDEEF2, 0x00DFEFF5, 0x00E2F0F6,
    0x00E0EFF5, 0x00DEEFF5, 0x00E0F0F6, 0x00E0F0F6, 0x00E2F0F5, 0x00E0EFF5, 0x00E1F1F6, 0x00E2F1F6, 0x00E1F0F6,
    0x00E0EFF4, 0x00E0F0F5, 0x00DEEEF3, 0x00DFEFF4, 0x00DFEDF3, 0x00DEEEF5, 0x00DFEEF4, 0x00DEECF2, 0x00DDECF3,
    0x00E1EFF3, 0x00DFEEF3, 0x00E0EEF4, 0x00E1EFF4, 0x00E0EEF3, 0x00DAEAF1, 0x00DFEEF4, 0x00DFEEF4, 0x00E3F0F5,
    0x00E2F0F5, 0x00DEEEF4, 0x00E2F0F5, 0x00E0EFF5, 0x00DDECF2, 0x00DBEAF2, 0x00D9E9F0, 0x00DBECF3, 0x00DBEBF2,
    0x00DDEEF3, 0x00DBECF2, 0x00DCEDF3, 0x00DEEEF5, 0x00DDEDF3, 0x00DDEEF4, 0x00DFEDF3, 0x00D5EAF1, 0x00DDEEF4,
    0x00DFEEF4, 0x00E1EFF4, 0x00DEEDF3, 0x00DCEDF3, 0x00E0EFF3, 0x00DEEDF2, 0x00DDEDF2, 0x00DAEBF0, 0x00DEEEF3,
    0x00DFEEF3, 0x00DEEDF2, 0x00DCEDF3, 0x00E0EDF2, 0x00E0EEF3, 0x00E0EEF2, 0x00E2EEF2, 0x00DEEDF1, 0x00DBECF1,
    0x00DDEBF1, 0x00DFEDF3, 0x00DEEDF3, 0x00E1EDF3, 0x00DFEEF4, 0x00DFEEF4, 0x00E1EFF5, 0x00E1F0F5, 0x00E0EEF4,
    0x00DDEDF3, 0x00DCEDF2, 0x00DEECF3, 0x00E0EEF4, 0x00DFEDF3, 0x00DEEDF3, 0x00DFEDF2, 0x00E2EFF4, 0x00DFECF2,
    0x00DFEDF3, 0x00DCECF2, 0x00DDEBF2, 0x00E1EEF4, 0x00DEEDF1, 0x00E0EEF3, 0x00DFEEF3, 0x00DCEDF3, 0x00E0EEF4,
    0x00E2F0F6, 0x00E1F0F5, 0x00DEEEF3, 0x00DCEDF3, 0x00DEEEF4, 0x00DDEDF4, 0x00DBECF1, 0x00DCECF3, 0x00DAECF2,
    0x00DBECF2, 0x00DDEDF4, 0x00E0F0F5, 0x00E0F0F6, 0x00DFF0F6, 0x00E1F1F7, 0x00DFEFF6, 0x00DEEDF4, 0x00DEEEF5,
    0x00E0EFF7, 0x00DAEDF3, 0x00E3F2F8, 0x00E1F2F8, 0x00E1F0F7, 0x00DDEEF5, 0x00E0F0F6, 0x00D7E5E8, 0x00D8E4E7,
    0x00D5E3E4, 0x00D6E2E5, 0x00D6E3E5, 0x00D3E1E2, 0x00D7E3E4, 0x00D4E1E3, 0x00D2DFE1, 0x00D3DFDF, 0x00D5E1E2,
    0x00D6E2E4, 0x00D6E2E4, 0x00D7E2E5, 0x00D5E2E4, 0x00D4E1E4, 0x00D3E0E3, 0x00D5E2E5, 0x00D5E1E3, 0x00D4E0E2,
    0x00D5E1E4, 0x00D7E2E5, 0x00D6E2E6, 0x00D7E2E6, 0x00D6E2E4, 0x00D5E1E4, 0x00D8E5E8, 0x00D8E5E8, 0x00D9E7ED,
    0x00D3E5EC, 0x00CBDCE3, 0x00CFE2E8, 0x00D0E3E7, 0x00CFE0E5, 0x00D3E4EA, 0x00D3E4EA, 0x00D1E3E9, 0x00CEE1E6,
    0x00D0E2E7, 0x00CCDFE5, 0x00CEE1E6, 0x00C9DDE2, 0x00CBDCE3, 0x00CBDDE4, 0x00CADDE3, 0x00CFE1E6, 0x00CEE0E6,
    0x00D1E2E8, 0x00D2E3E9, 0x00CDE0E5, 0x00CBDCE4, 0x00C2D5DB, 0x00C8DAE2, 0x00C6D8DF, 0x00CADCE4, 0x00CADDE3,
    0x00C9DCE3, 0x00C6D9DF, 0x00C7D9E1, 0x00C8DAE2, 0x00D2E5EB, 0x00CFE2E7, 0x00D0E2E8, 0x00D3E3EA, 0x00D1E3E8,
    0x00D0E0E6, 0x00B9CACF, 0x00C3D3D9, 0x00D3E4EA, 0x00D5E7EC, 0x00D6E6EB, 0x00D6E7EC, 0x00D4E5EB, 0x00D5E6EC,
    0x00D5E6EA, 0x00D4E5EB, 0x00D2E5EA, 0x00D3E5EB, 0x00D3E6EC, 0x00D4E6EB, 0x00D3E5EB, 0x00D4E6EC, 0x00D3E5EA,
    0x00D2E5EA, 0x00D5E6EB, 0x00D7E7ED, 0x00D8E8EE, 0x00D9E8EE, 0x00D6E7ED, 0x00D0E2E7, 0x00C2D4DB, 0x00BBCFD6,
    0x00C0D3D9, 0x00C7DBE1, 0x00CADDE4, 0x00BED0D8, 0x00D0E1E8, 0x00D5E8ED, 0x00D1E2E7, 0x00B7C9D0, 0x00AABCC4,
    0x00C1D3D9, 0x00CADADF, 0x00AFC2C9, 0x00C6D6DC, 0x00CDDDE2, 0x00B0C2CB, 0x00CBDBE0, 0x00C8D9DD, 0x00CBDBDE,
    0x00D0E0E3, 0x00CFE0E4, 0x00D1E1E4, 0x00D3E3E6, 0x00D3E3E8, 0x00D2E3E8, 0x00B8C7CB, 0x00B4C3C6, 0x00C9D8DD,
    0x00B9CAD0, 0x00BCCDD2, 0x00C8D8DD, 0x00CCDCE0, 0x00CDDBDE, 0x00D1DFE2, 0x00CEDBDC, 0x00CBD5D4, 0x00CAD4D3,
    0x00CAD3D2, 0x00CAD2D1, 0x00C9D0CF, 0x00C6D0CF, 0x00BFCBCB, 0x00C5CDCC, 0x00BDC8C8, 0x00C9D0CF, 0x00C5CBCA,
    0x00C6CDCB, 0x00C6CECC, 0x00C9CFCD, 0x00C9CFCE, 0x00C8CFCE, 0x00C7CDCC, 0x00C9CFCE, 0x00C8CECD, 0x00C7CDCC,
    0x00C4CAC9, 0x00C5CCC9, 0x00C6CDCA, 0x00C2C9C7, 0x00C7CECC, 0x00C1C8C6, 0x00C4CBC9, 0x00CAD0CF, 0x00C8CFCE,
    0x00C7CDCC, 0x00C6CCCB, 0x00C4CCCA, 0x00C7CECC, 0x00C4CBC9, 0x00C3CAC7, 0x00C1C7C5, 0x00C1C7C6, 0x00C1C9C7,
    0x00C3C9C7, 0x00BFC7C5, 0x00C3C9C7, 0x00BBC2C0, 0x00B9C0BF, 0x00B8C2C0, 0x00BFC7C7, 0x00BDC4C3, 0x00C1C9C8,
    0x00C1C8C7, 0x00C0C9C8, 0x00C1C8C8, 0x00C5CDCD, 0x00C0C8C6, 0x00C0C9C8, 0x00BFC8C7, 0x00BFC7C6, 0x00C0C8C8,
    0x00C0C8C8, 0x00C6CFD0, 0x00C1CBC9, 0x00CBD5D5, 0x00CDD7D7, 0x00CFDDE0, 0x00D3E1E6, 0x00D3E1E7, 0x00D3E0E4,
    0x00D6E3E7, 0x00D5E2E7, 0x00D5E3E6, 0x00D6E2E6, 0x00D8E5E9, 0x00D8E6EA, 0x00DAE8ED, 0x00DAE9EF, 0x00DEEBF1,
    0x00DEECF2, 0x00DCEBF1, 0x00DCECF1, 0x00D9EAF1, 0x00DCEDF3, 0x00E0EEF4, 0x00DFEFF5, 0x00DFEFF6, 0x00E0EFF6,
    0x00E1F0F6, 0x00E4F2F6, 0x00E0EFF5, 0x00E3F1F5, 0x00E2F1F6, 0x00DEF0F6, 0x00E3F1F6, 0x00E2F1F5, 0x00E3F1F6,
    0x00E2F1F5, 0x00DAECF0, 0x00DDEDF3, 0x00DAECF1, 0x00E0EEF4, 0x00DFEEF5, 0x00DFEFF4, 0x00DDEEF3, 0x00DEEEF4,
    0x00DFEEF4, 0x00DFEDF3, 0x00E1F0F5, 0x00DFEFF5, 0x00E1F0F7, 0x00E4F2F7, 0x00E2F1F5, 0x00DFEEF4, 0x00DDECF3,
    0x00DCECF2, 0x00DEEDF4, 0x00DAEAF1, 0x00DFEDF3, 0x00DDECF3, 0x00E2EFF5, 0x00DEEEF4, 0x00DDEEF4, 0x00DFF0F6,
    0x00DFEFF5, 0x00DCECF3, 0x00DAECF2, 0x00D8EBF2, 0x00DAECF3, 0x00DBEDF3, 0x00DAECF4, 0x00DEEEF4, 0x00DBEEF3,
    0x00E0EFF4, 0x00E0EFF4, 0x00DFEFF4, 0x00E0EFF4, 0x00DEEEF4, 0x00DBECF2, 0x00DDEEF3, 0x00E2EFF3, 0x00E1EEF4,
    0x00E0EFF4, 0x00DEEDF4, 0x00E2EFF4, 0x00E0EFF3, 0x00DEEDF2, 0x00E0EEF4, 0x00E1EFF4, 0x00DFEEF3, 0x00E1EFF4,
    0x00DEEEF3, 0x00E1EFF5, 0x00E2F0F6, 0x00E2F0F5, 0x00E1F0F7, 0x00DEEEF5, 0x00DDEEF4, 0x00E0EFF6, 0x00E0F0F5,
    0x00E3F0F5, 0x00DFEEF4, 0x00E1F0F4, 0x00E0EEF5, 0x00E2F0F5, 0x00E1EFF3, 0x00DFEFF4, 0x00DEEEF4, 0x00E0EEF4,
    0x00E1EFF4, 0x00E0EEF4, 0x00DFEFF5, 0x00DEEFF5, 0x00E1F0F6, 0x00DEEFF4, 0x00E2F1F6, 0x00E2F1F7, 0x00DFEFF5,
    0x00DFEEF5, 0x00DCEDF3, 0x00DEEEF5, 0x00DEEEF4, 0x00E0EFF5, 0x00DFEEF5, 0x00DCEEF4, 0x00E1F1F7, 0x00DFF0F6,
    0x00E2F2F8, 0x00E4F2F9, 0x00DCEFF4, 0x00DFF0F6, 0x00E1F0F6, 0x00DFF0F6, 0x00E2F1F7, 0x00E1F1F8, 0x00E4F3F9,
    0x00E2F2F8, 0x00E3F2F8, 0x00E3F2F9, 0x00D5E3E7, 0x00D5E2E5, 0x00D6E2E5, 0x00D2DFE2, 0x00D2DFE1, 0x00D3E0E3,
    0x00D5E1E3, 0x00D5E1E3, 0x00D4E0E2, 0x00D7E2E5, 0x00D7E3E6, 0x00D9E5E6, 0x00D7E4E5, 0x00DBE7EA, 0x00D9E5E7,
    0x00D5E3E5, 0x00D4E1E4, 0x00D6E4E7, 0x00D6E4E9, 0x00D7E4E8, 0x00D2E3E6, 0x00D4E2E6, 0x00D8E4E7, 0x00D7E5E9,
    0x00D4E4E9, 0x00D5E3E6, 0x00D4E2E7, 0x00D1E0E5, 0x00CDDEE3, 0x00D1E0E6, 0x00D2E2E9, 0x00D3E3E9, 0x00D1E2E7,
    0x00D5E6EB, 0x00D4E5EA, 0x00D3E4EA, 0x00CADDE2, 0x00D1E3E8, 0x00CEE0E5, 0x00CDDFE6, 0x00CBDDE4, 0x00CBDDE3,
    0x00C9DCE1, 0x00C8DBE0, 0x00CADDE3, 0x00CFE1E8, 0x00CFE0E7, 0x00D1E1E7, 0x00CFDFE6, 0x00CCDEE4, 0x00C4D6DD,
    0x00CEE1E7, 0x00C9DCE2, 0x00CCE0E6, 0x00CADDE4, 0x00C9DAE0, 0x00C4D6DD, 0x00CADCE3, 0x00D0E3EA, 0x00D0E3E9,
    0x00D5E7ED, 0x00D0E3E8, 0x00CEE1E6, 0x00D2E4EA, 0x00CFDFE5, 0x00BBCCD2, 0x00D1E2E8, 0x00D5E6EB, 0x00D4E6EB,
    0x00D6E6EB, 0x00D7E7ED, 0x00D3E5E8, 0x00D2E4E8, 0x00D7E7EC, 0x00D6E7EC, 0x00D2E5EA, 0x00D5E6EC, 0x00D3E6EB,
    0x00D5E6EC, 0x00D3E6EA, 0x00D5E6EC, 0x00D2E4EA, 0x00CFE2E8, 0x00D6E8ED, 0x00D6E7EC, 0x00D7E9EE, 0x00D9E9EF,
    0x00D8E8EE, 0x00D7E8EE, 0x00D6E6ED, 0x00D1E3E9, 0x00D0E2E9, 0x00C8DBE2, 0x00BACED5, 0x00ABBFC7, 0x00A2B5BE,
    0x00B2C6CE, 0x00CDDEE5, 0x00D3E4EB, 0x00CFE0E6, 0x00C8D8DF, 0x00A4B6BE, 0x00C1D1D7, 0x00CDDBE0, 0x00B3C6CD,
    0x00CCDCE1, 0x00A3B8C2, 0x00C6D7DD, 0x00D0DDE2, 0x00C7D7DB, 0x00CADADE, 0x00D0DFE2, 0x00D1E0E5, 0x00D0E0E5,
    0x00D1E2E6, 0x00D2E2E7, 0x00CEE0E4, 0x00B6C4C7, 0x00C1D0D3, 0x00C8D7DD, 0x00B9CBD0, 0x00C1D1D6, 0x00CDDCE0,
    0x00C8D7DB, 0x00CFDDE2, 0x00CDDBDE, 0x00CDDADA, 0x00CAD4D4, 0x00CDD8D9, 0x00CBD6D6, 0x00C4CDCC, 0x00CFD6D5,
    0x00C3CDCD, 0x00C7CFCF, 0x00C4CFCF, 0x00BBC7C8, 0x00C1CDCD, 0x00C7D0CF, 0x00CDD4D3, 0x00CED6D5, 0x00CCD4D3,
    0x00C8D1CE, 0x00CAD2D0, 0x00C9D0CF, 0x00CDD4D3, 0x00C9D1D0, 0x00C8CFCE, 0x00C9CFCE, 0x00C8CECC, 0x00C7CECD,
    0x00C9D0CF, 0x00C8D0CE, 0x00CBD2D1, 0x00CFD6D5, 0x00C9D1D0, 0x00C5CCCA, 0x00CFD6D5, 0x00C8CECD, 0x00C9D1D1,
    0x00C8D1D0, 0x00C8CFCE, 0x00C4CCCB, 0x00C6CFCE, 0x00C4CDCC, 0x00C3CBCA, 0x00C2CAC8, 0x00C2C9C8, 0x00C2C9C7,
    0x00C1C8C7, 0x00BFC8C7, 0x00BEC6C5, 0x00C0C6C5, 0x00BFC6C6, 0x00BDC6C5, 0x00BEC6C5, 0x00C1CAC9, 0x00C2CBCC,
    0x00C1CAC9, 0x00BDC7C7, 0x00BBC5C4, 0x00BCC7C5, 0x00BFC8C9, 0x00BFC8C6, 0x00C4CFCE, 0x00C1CAC9, 0x00C1C7C6,
    0x00BFC7C4, 0x00C8D1D1, 0x00CDD8DB, 0x00CFDBDD, 0x00D5E2E7, 0x00D3E3E8, 0x00D7E5E9, 0x00D9E5E9, 0x00D9E6E9,
    0x00D8E4E8, 0x00D7E4E7, 0x00D6E3E6, 0x00D3E0E4, 0x00D6E4E9, 0x00D7E6EB, 0x00DBE9EF, 0x00D8E9EF, 0x00DBEAF0,
    0x00E0EEF3, 0x00DFEEF4, 0x00DBEDF3, 0x00DFEEF5, 0x00E1EFF6, 0x00DEEEF4, 0x00E0EFF5, 0x00DCECF3, 0x00E0EFF5,
    0x00E0EFF4, 0x00E0EFF4, 0x00E4F2F5, 0x00E4F2F5, 0x00E2F1F5, 0x00E1EFF3, 0x00D8EBF3, 0x00E2F0F3, 0x00E0EEF3,
    0x00DDEDF3, 0x00E0F0F6, 0x00DCEDF3, 0x00DFEFF5, 0x00E0EFF5, 0x00E1F0F5, 0x00E0EFF4, 0x00E2F0F5, 0x00DDEDF3,
    0x00E2EFF5, 0x00E1EFF5, 0x00E1EFF6, 0x00DEEEF5, 0x00DBECF2, 0x00DFEEF4, 0x00DCECF2, 0x00DDECF3, 0x00D9EBF2,
    0x00DAEDF3, 0x00DCEDF5, 0x00DCEEF4, 0x00DEEEF5, 0x00DEEFF5, 0x00E0EFF6, 0x00E0F0F6, 0x00E0EFF5, 0x00DFEEF4,
    0x00DEEEF4, 0x00D8EBF2, 0x00DDEEF4, 0x00DFEEF4, 0x00DFEFF3, 0x00DFEEF4, 0x00DFEFF5, 0x00E0EFF5, 0x00DFEFF5,
    0x00E1EFF5, 0x00E1F1F6, 0x00E2F1F6, 0x00DDEDF3, 0x00DEEFF5, 0x00DAEDF3, 0x00E1EFF5, 0x00DEEDF3, 0x00DCEDF4,
    0x00DFEEF4, 0x00E1EFF5, 0x00DDEDF3, 0x00E5F2F5, 0x00DDEFF4, 0x00D8ECF3, 0x00E1EFF4, 0x00E1F0F7, 0x00DDEEF4,
    0x00DDEEF5, 0x00E0F0F6, 0x00E4F1F7, 0x00E1F1F6, 0x00E3F1F6, 0x00E4F2F8, 0x00E2F1F6, 0x00E3F1F7, 0x00E2F0F5,
    0x00E1EFF4, 0x00E1EFF5, 0x00DFEEF4, 0x00E0EEF4, 0x00E1F0F5, 0x00E2F0F5, 0x00E1F0F5, 0x00E1F0F6, 0x00DFF0F5,
    0x00E3F1F7, 0x00E0F1F6, 0x00E2F1F7, 0x00E1F0F7, 0x00E0F0F6, 0x00E0F0F6, 0x00DFEFF5, 0x00E1F0F5, 0x00DEEEF5,
    0x00E1F0F6, 0x00E1F0F7, 0x00E1F1F7, 0x00E4F2F8, 0x00E0F1F7, 0x00E1F1F7, 0x00E1F2F8, 0x00DFF1F7, 0x00E1F0F7,
    0x00DFF1F7, 0x00E0F1F7, 0x00DEEFF6, 0x00DDF0F7, 0x00DDEFF6, 0x00DFF0F7, 0x00DDEFF6, 0x00DFF0F7, 0x00D4E3E5,
    0x00D5E3E6, 0x00D8E5E8, 0x00D6E2E4, 0x00D3E0E1, 0x00D0DEE0, 0x00D6E2E5, 0x00D6E2E5, 0x00D7E4E8, 0x00D8E6E8,
    0x00D7E6EB, 0x00DAE8EC, 0x00DCE9EC, 0x00DEEAED, 0x00D9E9EB, 0x00D9E8EA, 0x00DAE8ED, 0x00DAE8ED, 0x00D8E6EA,
    0x00DBE7EB, 0x00D7E4E8, 0x00DAE7EA, 0x00DAE6EA, 0x00D5E5EA, 0x00D4E2E7, 0x00D3E2E7, 0x00D1E2E6, 0x00D1E2E7,
    0x00D2E4EA, 0x00D6E5EA, 0x00D6E6EC, 0x00D2E5EC, 0x00D3E3E9, 0x00D2E2E9, 0x00D1E2E8, 0x00CEE1E7, 0x00CDE0E5,
    0x00D1E3E9, 0x00D0E2E8, 0x00CBDEE4, 0x00CFE0E7, 0x00CEE0E6, 0x00CCDEE4, 0x00CDDEE5, 0x00CBDEE3, 0x00D0E1E7,
    0x00D3E4EA, 0x00D1E3E9, 0x00CEE0E6, 0x00C6D9DE, 0x00D1E3EA, 0x00D2E2E9, 0x00D0E1E8, 0x00D1E3E9, 0x00C6D8DE,
    0x00C8DAE1, 0x00D0E3EA, 0x00D0E4EA, 0x00D2E5EB, 0x00D0E3E8, 0x00D5E8EE, 0x00D1E4E9, 0x00D1E3E8, 0x00C9D9DF,
    0x00B5C6CC, 0x00D5E7EC, 0x00D3E5EB, 0x00D5E6EC, 0x00D5E5EB, 0x00D4E6EB, 0x00D5E6EB, 0x00D0E2E9, 0x00D1E3E7,
    0x00D3E4E9, 0x00D1E4EA, 0x00D4E6EC, 0x00D5E4EB, 0x00D3E5EA, 0x00D4E5EB, 0x00CEE1E6, 0x00CEE1E7, 0x00D1E3E9,
    0x00D2E5EB, 0x00D0E3E9, 0x00D0E3E9, 0x00D2E6EC, 0x00D6E7EE, 0x00D5E6ED, 0x00D7E7ED, 0x00D0E2E9, 0x00CADFE5,
    0x00C6DAE1, 0x00D0E3EA, 0x00D1E3EA, 0x00CCDFE6, 0x00ADBFC7, 0x00A3B8C2, 0x00AFC3CB, 0x00D0E3E9, 0x00CDE0E5,
    0x00D0E2E8, 0x00BDCFD5, 0x00B4C6CB, 0x00D4E1E5, 0x00B2C4CB, 0x00B2C4CB, 0x00A0B4BD, 0x00B5C8CE, 0x00CBDAE0,
    0x00CDDDE2, 0x00C6D7DB, 0x00D0E0E5, 0x00CFE0E5, 0x00CFE1E5, 0x00D1E2E5, 0x00D3E2E8, 0x00CEE1E6, 0x00BDCDD0,
    0x00BAC7CC, 0x00C5D6DC, 0x00BFD0D6, 0x00C6D6DC, 0x00C9D9DE, 0x00CFDEE3, 0x00C9DADE, 0x00D4E2E5, 0x00D3E0E2,
    0x00CEDADC, 0x00C9D5D8, 0x00CFDBDC, 0x00CCD8D6, 0x00CCD7D7, 0x00C8D1D1, 0x00CAD5D5, 0x00CBD4D5, 0x00CBD4D5,
    0x00B5C2C4, 0x00C5D1D1, 0x00CCD5D5, 0x00CBD4D3, 0x00D0DADB, 0x00CAD3D1, 0x00C5CFCD, 0x00C4CECD, 0x00CDD6D5,
    0x00C5CECC, 0x00C8D1D0, 0x00CBD3D1, 0x00C9D1D0, 0x00C7CECB, 0x00CAD1D0, 0x00C7CECC, 0x00CCD3D2, 0x00CCD3D2,
    0x00C8D0CE, 0x00C3CBC9, 0x00CAD1D1, 0x00C5CDCB, 0x00C6CBCA, 0x00CBD1D0, 0x00C8D0D0, 0x00CAD1D0, 0x00C7CECE,
    0x00C6CFCE, 0x00C8D0CF, 0x00C5CCCB, 0x00C6CECD, 0x00C4CBCA, 0x00C6CCCB, 0x00C5CBCA, 0x00C0C9C7, 0x00C3CCCB,
    0x00C3CDCD, 0x00C5D1D0, 0x00BFC8C7, 0x00C0C9C9, 0x00C1CAC9, 0x00C0CACA, 0x00BDC6C6, 0x00BCC5C3, 0x00B9C3C1,
    0x00BCC5C5, 0x00C0CACA, 0x00C0C9C8, 0x00C4CCCC, 0x00C1C9C6, 0x00BEC4C2, 0x00C7CECD, 0x00CCD6D4, 0x00CBD6D5,
    0x00CCD7D7, 0x00D2DEE2, 0x00D3E0E3, 0x00D8E4E8, 0x00D7E3E7, 0x00D8E5E8, 0x00D8E3E8, 0x00D5E2E6, 0x00D3E0E4,
    0x00D5E5EA, 0x00D7E8ED, 0x00D7E5E9, 0x00D5E3E8, 0x00D6E3E9, 0x00D8E5EB, 0x00DAE9EE, 0x00DAE9EF, 0x00DFEEF4,
    0x00DBEBF1, 0x00DFEFF5, 0x00E1F0F4, 0x00E0F0F5, 0x00E0EFF4, 0x00E0EFF5, 0x00E0EFF4, 0x00E0F0F5, 0x00E3F1F6,
    0x00E1F0F5, 0x00E1F0F4, 0x00E0EFF4, 0x00DFEDF4, 0x00DBEBF1, 0x00DAEBF1, 0x00DFEEF4, 0x00DBECF1, 0x00E1EFF4,
    0x00E2F0F6, 0x00E0EFF5, 0x00DCECF3, 0x00DFEEF4, 0x00DCECF2, 0x00DEECF2, 0x00DDEDF3, 0x00DDEDF3, 0x00DEEEF5,
    0x00DDEEF4, 0x00DBECF2, 0x00DAEBF2, 0x00DEEDF5, 0x00D8ECF3, 0x00D8EBF3, 0x00DBEEF4, 0x00DDEEF5, 0x00E4F1F6,
    0x00DEEFF5, 0x00DEEFF6, 0x00DBEEF4, 0x00DEEFF5, 0x00DEEFF5, 0x00E0EFF4, 0x00DEEFF5, 0x00DEEFF5, 0x00DDEDF4,
    0x00DDEFF5, 0x00E0EFF4, 0x00E2F1F5, 0x00E3F1F7, 0x00E0F1F6, 0x00E3F1F7, 0x00E3F2F7, 0x00E4F2F8, 0x00DBEDF4,
    0x00DFEFF5, 0x00E2F1F6, 0x00E0EFF5, 0x00E0EFF4, 0x00DCEDF2, 0x00E3F0F5, 0x00E2F0F6, 0x00E4F3F7, 0x00E4F1F6,
    0x00E1F0F6, 0x00E0EFF4, 0x00E4F2F8, 0x00E2F0F5, 0x00E3F1F6, 0x00DDEFF4, 0x00E3F1F6, 0x00E2F0F5, 0x00E5F2F8,
    0x00E1F0F5, 0x00E1F0F6, 0x00DEEEF5, 0x00E1F0F6, 0x00DDECF3, 0x00DDECF3, 0x00DEEDF3, 0x00DDEDF3, 0x00E0EFF5,
    0x00DFEFF5, 0x00E1F0F5, 0x00E2F0F6, 0x00E1F0F6, 0x00DFEFF5, 0x00E1F0F6, 0x00E2F1F6, 0x00E2F1F7, 0x00E2F1F7,
    0x00DCEEF4, 0x00DEEFF6, 0x00E0F0F6, 0x00DFEFF6, 0x00DAECF2, 0x00DFF0F6, 0x00E2F1F7, 0x00DEF0F6, 0x00E0F0F6,
    0x00DFF0F7, 0x00E4F4F8, 0x00E2F2F8, 0x00E0F1F7, 0x00E0F1F7, 0x00E1F1F8, 0x00E3F1F7, 0x00DCF0F6, 0x00DFF0F7,
    0x00DDF0F6, 0x00DFF0F7, 0x00E0F0F7, 0x00DDF0F6, 0x00D5E5E8, 0x00D8E7EA, 0x00D8E6E9, 0x00D8E7E9, 0x00D6E5E8,
    0x00D6E3E6, 0x00D8E4E7, 0x00D7E4E8, 0x00D8E5E9, 0x00D9E7EA, 0x00D9E7EB, 0x00D9E7EC, 0x00DDEAEE, 0x00DEEBEE,
    0x00DCEAED, 0x00DBE9EE, 0x00DBEAED, 0x00DBE8EC, 0x00DBEAEE, 0x00DAE8EC, 0x00DDEAEE, 0x00DBE8EC, 0x00D6E6EB,
    0x00D1E3E8, 0x00D5E4EA, 0x00D6E5EB, 0x00D2E3E8, 0x00D1E2E8, 0x00D0E2E7, 0x00D7E7EC, 0x00D4E5EB, 0x00C8DEE5,
    0x00CFE1E7, 0x00D3E3E9, 0x00CFE1E7, 0x00CFE2E6, 0x00D0E3E9, 0x00D3E4EA, 0x00D3E5EA, 0x00CEE1E6, 0x00D1E2E9,
    0x00D0E3E8, 0x00D0E3E8, 0x00D0E2E9, 0x00D0E2E8, 0x00D5E5EC, 0x00D4E5EC, 0x00CDDEE5, 0x00C9DBE1, 0x00CEE0E7,
    0x00CFE0E7, 0x00CEE1E7, 0x00D0E2E9, 0x00CADCE2, 0x00C8DAE0, 0x00CDE0E6, 0x00CEE1E8, 0x00D0E3E9, 0x00D1E4EA,
    0x00D2E5EA, 0x00D2E4EB, 0x00CFE2E7, 0x00C6D6DC, 0x00BECED5, 0x00D0E2E7, 0x00D4E6EB, 0x00D5E6EB, 0x00D4E5EB,
    0x00D3E5EA, 0x00D3E5EB, 0x00D5E7EC, 0x00D4E6EB, 0x00D5E7EC, 0x00D4E6EB, 0x00D4E6EC, 0x00D2E5EB, 0x00D6E8EE,
    0x00D3E6EB, 0x00D0E3E9, 0x00CEE2E7, 0x00D0E3E8, 0x00D1E4EA, 0x00CEE1E7, 0x00CDE0E6, 0x00D4E7EC, 0x00D1E4EB,
    0x00D3E6ED, 0x00CEE2E9, 0x00D2E5EC, 0x00CEE2E9, 0x00CBDEE7, 0x00D2E5EB, 0x00D3E5EC, 0x00D0E4EB, 0x00CFE2E9,
    0x00CADDE4, 0x00AABCC5, 0x00A9BDC7, 0x00C7DBE1, 0x00D1E2E8, 0x00D1E2E7, 0x00D0E0E6, 0x00BBCCD2, 0x00C6D5DB,
    0x00C8D8DF, 0x00B8CAD1, 0x00A2B6BF, 0x00ACC0C8, 0x00A7BAC3, 0x00C5D7DD, 0x00CDDDE2, 0x00CEDFE4, 0x00CEE0E5,
    0x00D0E1E6, 0x00D0E2E7, 0x00D3E4EA, 0x00D1E3E9, 0x00CADCE1, 0x00BCCACD, 0x00C2D1D7, 0x00C5D5DB, 0x00C2D4DA,
    0x00C6D7DD, 0x00D0E0E5, 0x00CDDCE0, 0x00D0DEE1, 0x00D2E0E3, 0x00CFDCDF, 0x00CBD8DB, 0x00CDDADC, 0x00CDD9DA,
    0x00CCD7D8, 0x00C7D3D2, 0x00CAD4D4, 0x00CCD6D6, 0x00CCD7D7, 0x00CDD7D8, 0x00C8D3D5, 0x00C4CFD0, 0x00C6D2D4,
    0x00CDD7DB, 0x00CCD6D7, 0x00CBD4D4, 0x00CAD5D4, 0x00CBD5D4, 0x00CBD4D3, 0x00CAD4D4, 0x00CCD5D4, 0x00CAD3D3,
    0x00C9D3D2, 0x00CBD5D4, 0x00C8D1D0, 0x00CBD3D2, 0x00C9D2D1, 0x00C9D0CE, 0x00C6CECD, 0x00C7CECD, 0x00C6CDCC,
    0x00CAD1D1, 0x00C8CFCF, 0x00C8D1CF, 0x00C7CFCE, 0x00C6CECD, 0x00C9D2D0, 0x00CCD4D4, 0x00CAD3D1, 0x00C6CECC,
    0x00C6CECD, 0x00C6CFCE, 0x00C6CECD, 0x00C5CECD, 0x00C3CCCB, 0x00C4CCCC, 0x00C4CECD, 0x00C4CCCC, 0x00C0C8C8,
    0x00C3CCCB, 0x00BFC7C7, 0x00BEC7C5, 0x00BFC8C8, 0x00BCC5C4, 0x00BEC7C6, 0x00BCC5C4, 0x00BEC7C6, 0x00C3CCCC,
    0x00C3CDCE, 0x00C1C9C7, 0x00C0C7C5, 0x00C2CAC9, 0x00C3CBCA, 0x00C5CDCD, 0x00C9D4D4, 0x00CAD5D4, 0x00D1DCDE,
    0x00CFDADC, 0x00D4E0E2, 0x00D2DEE0, 0x00CFDCDF, 0x00D1DDE1, 0x00D2DFE3, 0x00D2E0E5, 0x00D4E1E5, 0x00D4E2E6,
    0x00D5E3E9, 0x00D6E2E6, 0x00D7E4E7, 0x00D8E5E9, 0x00D8E7EC, 0x00DAE9EE, 0x00DAE9EF, 0x00DDECF3, 0x00DCECF2,
    0x00DFEEF4, 0x00DFEEF4, 0x00DEEEF4, 0x00DCECF2, 0x00E2EFF4, 0x00DCEBF1, 0x00DDEDF2, 0x00DCEBF2, 0x00DCECF2,
    0x00DBEAF0, 0x00DBEAF0, 0x00DEECF3, 0x00DFEDF1, 0x00DAEAEF, 0x00DBEAEF, 0x00D9E8EE, 0x00DDECF0, 0x00DCEAF0,
    0x00DDEBF0, 0x00DAE9F0, 0x00DAEAF0, 0x00D9EAF1, 0x00DEEEF4, 0x00DEEEF5, 0x00E0EFF5, 0x00DEEDF4, 0x00E0EEF5,
    0x00DFEEF4, 0x00DFEFF6, 0x00E3F1F7, 0x00DEEFF5, 0x00DDEDF3, 0x00DFF0F6, 0x00DFF0F6, 0x00DFEFF6, 0x00DFEFF6,
    0x00DBEEF3, 0x00DEEFF6, 0x00DEEFF5, 0x00DEF0F6, 0x00E0F0F6, 0x00DFF1F5, 0x00DFF0F4, 0x00E0F0F5, 0x00E0F0F6,
    0x00E0F0F6, 0x00E1F0F6, 0x00E3F2F7, 0x00E2F1F7, 0x00E2F2F7, 0x00E2F1F7, 0x00E4F1F7, 0x00E0F1F6, 0x00E2EFF5,
    0x00E0EFF5, 0x00E3F1F5, 0x00E0EFF5, 0x00E4F2F7, 0x00E3F0F6, 0x00E1F0F6, 0x00E0EFF5, 0x00E3F1F6, 0x00E4F1F6,
    0x00E0F0F7, 0x00DDEFF4, 0x00E3F1F6, 0x00E4F2F6, 0x00E4F1F7, 0x00E0F0F6, 0x00E3F2F7, 0x00E3F1F7, 0x00E4F2F7,
    0x00E3F1F7, 0x00E1F0F6, 0x00DFEEF5, 0x00DFEFF5, 0x00E2F0F5, 0x00DEEEF5, 0x00DFEFF6, 0x00E2EFF7, 0x00DFEEF5,
    0x00E2F0F6, 0x00E2F1F7, 0x00E0F0F6, 0x00DEEFF5, 0x00E2F1F7, 0x00E1F2F7, 0x00E1F1F6, 0x00DEEFF5, 0x00E1F0F7,
    0x00E1F1F7, 0x00DFF0F6, 0x00E1F1F8, 0x00E3F2F8, 0x00E2F2F8, 0x00E2F2F8, 0x00E1F2F8, 0x00E0F1F8, 0x00E2F2F8,
    0x00E0F1F7, 0x00E0F1F7, 0x00E1F2F7, 0x00DCF0F6, 0x00DFF0F8, 0x00E0F1F8, 0x00E2F1F8, 0x00E1F1F8, 0x00E2F2F9,
    0x00D8E8ED, 0x00D9E8ED, 0x00DBEAEE, 0x00DAE9EE, 0x00D9E8ED, 0x00DAE7EC, 0x00DAE9ED, 0x00DBE9EC, 0x00D9E7EB,
    0x00DEEAEE, 0x00DBE9EC, 0x00D7E7EA, 0x00DFECEF, 0x00DFEDF1, 0x00DAEBEE, 0x00DCEBEF, 0x00D8E8ED, 0x00DBEBEF,
    0x00DCEBEF, 0x00DBEAEF, 0x00D8E9ED, 0x00D4E6EC, 0x00D2E5EA, 0x00D1E4E9, 0x00D4E5EB, 0x00D5E5EB, 0x00D2E5EA,
    0x00D2E3E9, 0x00D3E6EA, 0x00D5E5EB, 0x00D6E6EC, 0x00D4E4E8, 0x00D5E5EA, 0x00D5E4EA, 0x00D3E4EA, 0x00D4E5EB,
    0x00CFE2E8, 0x00D5E6EC, 0x00D3E4EB, 0x00D4E6EC, 0x00D2E4EA, 0x00D2E4EB, 0x00D2E4EB, 0x00D0E3E8, 0x00D1E4E9,
    0x00D1E3EA, 0x00D0E2E9, 0x00C9DBE2, 0x00CFE1E8, 0x00CFE2E9, 0x00D1E4EA, 0x00D0E4EA, 0x00D0E1E8, 0x00C9DCE2,
    0x00CFE1E8, 0x00CFE2E8, 0x00D0E4E9, 0x00D1E3E9, 0x00D1E3E9, 0x00D1E4E9, 0x00D2E4EB, 0x00C3D4DA, 0x00C9D9E0,
    0x00D5E6EC, 0x00D3E5EB, 0x00D2E5EA, 0x00D1E4E9, 0x00D2E4EA, 0x00D3E5EB, 0x00D4E7EC, 0x00D7E7EE, 0x00D2E5EA,
    0x00D4E6EC, 0x00D5E8ED, 0x00D5E8EE, 0x00D2E6EC, 0x00D6E9EF, 0x00D7E9EF, 0x00D7E8EE, 0x00D6E9EE, 0x00D5E7EC,
    0x00D4E7ED, 0x00D5E8EE, 0x00D4E7ED, 0x00D1E4EA, 0x00CBDEE5, 0x00CDE0E8, 0x00D3E6ED, 0x00D2E4EB, 0x00CDE1E8,
    0x00C4D9E3, 0x00C6DCE5, 0x00D2E4EC, 0x00D6E8EF, 0x00D5E8EF, 0x00CBE0E7, 0x00BDD1DA, 0x00A2B7C2, 0x00B4C8D0,
    0x00C5D7DF, 0x00CBDEE5, 0x00CEE0E6, 0x00D2E2E7, 0x00C0D3D8, 0x00C1D2D7, 0x00CFDFE5, 0x00CBDDE3, 0x00C3D5DB,
    0x00ACBFC6, 0x00AEC2CA, 0x00C9DAE0, 0x00C4D6DD, 0x00CBDEE3, 0x00CDDFE4, 0x00CEE2E7, 0x00D3E4EA, 0x00D1E3E9,
    0x00CADDE3, 0x00CDDCE1, 0x00C4D5DA, 0x00CADCE2, 0x00C8D9DF, 0x00CCDCE1, 0x00D1DFE5, 0x00CFDEE4, 0x00D0DEE2,
    0x00D2DFE2, 0x00CFDBDF, 0x00CDDCDF, 0x00D1DFDF, 0x00CEDBDB, 0x00C9D7DA, 0x00C9D5D6, 0x00CDD7D7, 0x00CDD9D8,
    0x00CDD7D9, 0x00CAD4D5, 0x00CBD5D4, 0x00C6D0D0, 0x00C5D0D0, 0x00C0CBCB, 0x00BECACD, 0x00C7D2D4, 0x00C2CDCE,
    0x00BCC9CA, 0x00C6D1D1, 0x00C8D2D1, 0x00C8D2D2, 0x00CAD6D5, 0x00CAD5D5, 0x00CCD6D6, 0x00C6D1D0, 0x00C8D2D2,
    0x00CBD3D3, 0x00C5CDCD, 0x00C7D0CF, 0x00C7CFCD, 0x00C5CDCC, 0x00C6CECD, 0x00C9D3D3, 0x00CAD5D5, 0x00C4D0CF,
    0x00C8D2D1, 0x00CBD3D3, 0x00C9D3D3, 0x00CBD4D4, 0x00CAD4D3, 0x00CBD3D2, 0x00C8CFCE, 0x00C8D0D0, 0x00CBD4D4,
    0x00C8D0CE, 0x00CBD3D2, 0x00C7D1D0, 0x00C4CFCF, 0x00C2CCCC, 0x00C2CDCD, 0x00C0C9C9, 0x00BEC7C6, 0x00BFC9C9,
    0x00C1C9C8, 0x00BDC6C5, 0x00BFC8C6, 0x00C3CBCB, 0x00C3CCCB, 0x00C1CACA, 0x00C3CBCB, 0x00BEC5C4, 0x00C2C9C8,
    0x00C4CAC9, 0x00BEC7C6, 0x00C6CECD, 0x00C3CBCA, 0x00C7D0D0, 0x00C9D1D0, 0x00C9D0CF, 0x00C6CECD, 0x00C9D2D2,
    0x00CBD4D6, 0x00CEDADC, 0x00D0DCE0, 0x00CFDBDE, 0x00D0DCE0, 0x00D1DEE2, 0x00D2DEE2, 0x00D4E0E4, 0x00D6E2E6,
    0x00D5E3E6, 0x00D7E4E9, 0x00D9E7EC, 0x00DCE9ED, 0x00DAE9ED, 0x00DDEBEF, 0x00DBE9EF, 0x00DAE9EF, 0x00D9E9EE,
    0x00DDEBF1, 0x00DCECF1, 0x00DBEBF0, 0x00DCEBF1, 0x00DAEAEF, 0x00DAE9EF, 0x00DBEAEF, 0x00DCE8ED, 0x00D7E5E9,
    0x00DBE7EB, 0x00D5E2E5, 0x00D7E4E7, 0x00D7E4E6, 0x00D6E3E6, 0x00D5E3E6, 0x00D4E1E4, 0x00D7E4E8, 0x00D6E4E9,
    0x00D7E6EB, 0x00D7E8EE, 0x00DCECF3, 0x00DCEDF3, 0x00DEEEF4, 0x00E1EFF6, 0x00DDEEF4, 0x00E4F2F8, 0x00E1F0F7,
    0x00E0F0F6, 0x00E1F0F5, 0x00E2F2F8, 0x00E3F2F6, 0x00E0F0F6, 0x00E2F1F6, 0x00DEEFF4, 0x00DEEFF5, 0x00D9EBF2,
    0x00DBECF3, 0x00D5ECF4, 0x00E2EFF4, 0x00E1F0F6, 0x00E2F2F7, 0x00E2F1F7, 0x00E3F2F6, 0x00E3F3F8, 0x00E5F4F8,
    0x00E4F3F7, 0x00E3F2F7, 0x00E5F2F7, 0x00E2F1F7, 0x00E2F1F6, 0x00E3F1F7, 0x00DBEDF4, 0x00DFEFF5, 0x00E3F1F5,
    0x00E5F2F7, 0x00E0F0F5, 0x00DFF0F5, 0x00DFF1F6, 0x00E0F0F6, 0x00E5F3F8, 0x00DFEFF5, 0x00E2F0F7, 0x00DEEEF3,
    0x00E5F2F8, 0x00E3F1F5, 0x00E6F2F8, 0x00E4F1F7, 0x00E3F1F7, 0x00E5F3F7, 0x00E1F0F5, 0x00DFEEF5, 0x00DEEFF5,
    0x00E2F0F6, 0x00E0EFF5, 0x00E1EFF6, 0x00E2F0F6, 0x00DDEFF5, 0x00DFF0F6, 0x00E0F0F6, 0x00DFEFF6, 0x00E1F2F8,
    0x00E3F2F8, 0x00E1F1F7, 0x00E0F0F6, 0x00E0F0F7, 0x00E0F0F7, 0x00DFEFF6, 0x00DFEFF5, 0x00DFF0F6, 0x00E1F1F8,
    0x00DDEEF5, 0x00E3F2F8, 0x00E1F1F8, 0x00E3F2F8, 0x00E4F4F8, 0x00E2F1F8, 0x00DFF1F7, 0x00E2F3F8, 0x00E2F2F9,
    0x00E3F3FA, 0x00E3F2F9, 0x00E3F2F8, 0x00E0F0F7, 0x00E0F2F9, 0x00DAEBF0, 0x00DCEBF1, 0x00DDECF1, 0x00DBEBF1,
    0x00DBEBF0, 0x00DBEBEE, 0x00DCEBF0, 0x00DEEDF1, 0x00DDECEF, 0x00E1EEF2, 0x00DBEAED, 0x00DBE9EC, 0x00D8E8EC,
    0x00D9E8EC, 0x00DCEBEF, 0x00DFECF1, 0x00DCECF1, 0x00DDECF0, 0x00DCEAEE, 0x00DCEBF1, 0x00D5E7EC, 0x00D3E6EB,
    0x00D5E7ED, 0x00CDE1E6, 0x00D4E5EC, 0x00D5E6EC, 0x00D1E3EA, 0x00D2E3E9, 0x00D2E3EB, 0x00D1E3EA, 0x00D2E3E9,
    0x00C4D7E4, 0x00C2D5E3, 0x00D0E1E9, 0x00D4E6EB, 0x00D3E4EA, 0x00D2E4EA, 0x00D4E6EC, 0x00D4E6EC, 0x00D6E7ED,
    0x00D5E7EE, 0x00D4E7ED, 0x00D5E7ED, 0x00D3E5EB, 0x00D5E7ED, 0x00D1E3E9, 0x00CDDFE6, 0x00D0E3EA, 0x00D0E4EA,
    0x00D1E3EA, 0x00D1E3EB, 0x00CFE1E8, 0x00C8DAE0, 0x00CFE2E9, 0x00CDE1E7, 0x00D3E5EC, 0x00D1E3EA, 0x00D2E4EA,
    0x00D2E4EB, 0x00D2E3EA, 0x00C9DAE0, 0x00D1E4EA, 0x00D5E7ED, 0x00D0E3E9, 0x00D2E5EB, 0x00D4E6EC, 0x00D1E4EA,
    0x00D1E3EA, 0x00D0E4E9, 0x00D2E5EA, 0x00D5E7EE, 0x00D5E8ED, 0x00D7E9EF, 0x00D8E9EE, 0x00D5E8EE, 0x00D3E7ED,
    0x00D7EAF0, 0x00D6E8EF, 0x00D4E6EC, 0x00D2E5EC, 0x00D6E8EE, 0x00D2E5EC, 0x00CEE2E8, 0x00D4E7ED, 0x00D8EAF1,
    0x00D6E9F0, 0x00CEE2E9, 0x00C9DDE4, 0x00CBDFE7, 0x00CBDFE6, 0x00CEE3EA, 0x00C3D8E0, 0x00CCE0E8, 0x00D2E5EC,
    0x00D6E8EF, 0x00D6E8EF, 0x00C9DCE4, 0x00A7BAC5, 0x00A4B8C4, 0x00C0D4DC, 0x00C5D8E1, 0x00C5D8DF, 0x00D2E2E8,
    0x00CFE1E7, 0x00C0D1D7, 0x00C2D4DA, 0x00CCDDE3, 0x00CADBE1, 0x00C2D5DB, 0x00AABEC7, 0x00C2D5D9, 0x00C7D9E0,
    0x00C8DBE2, 0x00CCDFE6, 0x00D2E3E9, 0x00CFE2E7, 0x00D1E4EA, 0x00D0E3E9, 0x00B5C6CC, 0x00B6C8CD, 0x00C9DAE0,
    0x00CBDCE2, 0x00C5D7DC, 0x00CFDFE5, 0x00CEDFE4, 0x00C8D9DE, 0x00CFDEE1, 0x00CEDCDE, 0x00D2E0E3, 0x00D1DDE1,
    0x00CDDDE0, 0x00C6D8DB, 0x00C6D6D9, 0x00D2DDDE, 0x00D0DCDD, 0x00CFDBDC, 0x00CBD8D8, 0x00CCD8D9, 0x00CDD8D9,
    0x00CED9DB, 0x00CED8DA, 0x00C3D0D1, 0x00BFCCCD, 0x00C1CECF, 0x00C8D3D4, 0x00C1CDCD, 0x00B6C3C5, 0x00BCC9CB,
    0x00C4D0D0, 0x00CCD7D6, 0x00CDD8D7, 0x00CDD8D6, 0x00CDD6D7, 0x00CBD5D5, 0x00CAD3D1, 0x00C8D2D1, 0x00CBD3D3,
    0x00CBD3D3, 0x00C8D1CF, 0x00CCD4D4, 0x00CDD7D8, 0x00CCD6D5, 0x00CAD4D4, 0x00CDD8D7, 0x00CCD6D4, 0x00CED7D7,
    0x00CDD7D6, 0x00CED8D8, 0x00CFD8D7, 0x00CBD4D3, 0x00CDD5D5, 0x00CED6D6, 0x00CDD6D6, 0x00C7D1D2, 0x00C2CECE,
    0x00C6D2D2, 0x00C3CECE, 0x00C3CECE, 0x00C3CFCF, 0x00C7D2D3, 0x00C5D0D0, 0x00C4CFD0, 0x00C4CECE, 0x00C5CECE,
    0x00C4CECD, 0x00C3CCCC, 0x00C4CECF, 0x00C3CCCC, 0x00C5CDCD, 0x00C3CBCA, 0x00C0C9C8, 0x00C6CFCF, 0x00C5CFCE,
    0x00C7D0D0, 0x00C7D0CF, 0x00C6CECD, 0x00C8D1D0, 0x00C8D0D0, 0x00C8D1D1, 0x00C4CFCF, 0x00CEDBDD, 0x00CFDADE,
    0x00CEDBDD, 0x00CFDBDD, 0x00CFDADE, 0x00D4DFE3, 0x00D4E0E4, 0x00D4E0E4, 0x00D5E1E5, 0x00D7E4E7, 0x00DBE7EB,
    0x00DBE7EA, 0x00DAE7EB, 0x00DAE7EA, 0x00D8E6E9, 0x00D9E6EA, 0x00D8E6EB, 0x00D8E6EA, 0x00D7E5EA, 0x00D4E2E7,
    0x00D4E2E7, 0x00D2E1E5, 0x00D3E0E5, 0x00D3DEE2, 0x00D3E1E4, 0x00D6E1E5, 0x00D3DEE2, 0x00D5E1E5, 0x00D3E0E3,
    0x00D3E0E4, 0x00D2DFE2, 0x00D1DEE2, 0x00D5E2E6, 0x00D4E2E6, 0x00D5E2E5, 0x00D5E3E7, 0x00D6E4E8, 0x00DAE7EC,
    0x00DAE8ED, 0x00DDEBF2, 0x00DDEDF3, 0x00E0EFF6, 0x00DFEFF5, 0x00E2F1F7, 0x00DEEFF4, 0x00E0EFF5, 0x00E1F0F7,
    0x00E0F0F5, 0x00E2F1F6, 0x00E2F2F8, 0x00E2F3F7, 0x00DFF0F6, 0x00E1F1F7, 0x00E2F2F7, 0x00DFEFF5, 0x00E5F2F7,
    0x00E3F2F7, 0x00E0F0F7, 0x00E4F2F8, 0x00E0F1F7, 0x00E1F0F7, 0x00E0F1F7, 0x00E3F3F8, 0x00E3F1F6, 0x00E2F1F7,
    0x00E2F1F7, 0x00E5F2F7, 0x00E3F2F7, 0x00E3F2F7, 0x00E1F1F6, 0x00E2F1F6, 0x00DFF0F5, 0x00DFEFF5, 0x00E2F0F5,
    0x00E3F2F7, 0x00E6F2F8, 0x00DFEFF6, 0x00E1F0F6, 0x00E5F3F8, 0x00E2F1F6, 0x00E1F0F6, 0x00DDEEF4, 0x00E4F2F7,
    0x00E0F0F6, 0x00E1F0F7, 0x00E2F1F6, 0x00E3F1F8, 0x00E2F1F6, 0x00E1EFF6, 0x00DEEEF5, 0x00E2F0F6, 0x00E0F0F7,
    0x00DFF0F6, 0x00DCEFF5, 0x00E2F0F6, 0x00E6F4F9, 0x00E7F5FA, 0x00E5F3F9, 0x00E2F1F8, 0x00E5F4F8, 0x00E4F3F8,
    0x00E2F1F7, 0x00E3F2F8, 0x00E4F3F9, 0x00E1F1F8, 0x00DFF0F7, 0x00DEEFF6, 0x00E2F2F8, 0x00DEF0F5, 0x00E2F2F9,
    0x00E4F2F8, 0x00E3F3F9, 0x00E2F2F8, 0x00E4F4FB, 0x00E5F4FA, 0x00E4F3F9, 0x00E4F2F8, 0x00E4F3F9, 0x00E3F3F9,
    0x00E0F1F8, 0x00DBEBF1, 0x00D9EAF0, 0x00DFEEF4, 0x00E1EFF5, 0x00DEEEF3, 0x00DDEDF2, 0x00DDEEF4, 0x00DEEDF3,
    0x00DEEEF3, 0x00DEEDF0, 0x00DCECF0, 0x00DBEAED, 0x00D9E9ED, 0x00DAEAEF, 0x00DCECF0, 0x00D9EAEF, 0x00D8EAF0,
    0x00DBEBF1, 0x00DBEBF0, 0x00D5E8EE, 0x00CFE4EC, 0x00D2E6ED, 0x00D5E6EC, 0x00D4E6EC, 0x00D3E5EB, 0x00D6E8EF,
    0x00D5E5EB, 0x00BFD4E4, 0x0099B4D3, 0x00A0B9D6, 0x00ACC3DA, 0x00AEC5DC, 0x009DB7D6, 0x00A8C1DB, 0x00B5CCE0,
    0x00A8C2DB, 0x00A6C1DC, 0x00B7CFE2, 0x00C3D7E4, 0x00CADCE8, 0x00D3E6EC, 0x00D3E6EC, 0x00D3E6EC, 0x00D4E6ED,
    0x00D2E4EB, 0x00CEE2E9, 0x00D4E6ED, 0x00D3E5EC, 0x00D1E3EB, 0x00D0E4EA, 0x00CEE0E8, 0x00D0E2E9, 0x00D1E4EA,
    0x00D1E3EA, 0x00D0E4EB, 0x00D3E6EC, 0x00D4E7ED, 0x00D2E6EB, 0x00D0E3EA, 0x00CADBE2, 0x00D2E5EB, 0x00D2E5EB,
    0x00D0E3E9, 0x00D2E4EB, 0x00D4E5EB, 0x00D2E5EB, 0x00D4E6ED, 0x00D4E6EC, 0x00D5E7ED, 0x00D2E5EB, 0x00D3E7EC,
    0x00D8E9EF, 0x00D4E7ED, 0x00D5E8EE, 0x00D2E5EC, 0x00D4E7ED, 0x00D8EAEF, 0x00D7E8EF, 0x00D6E8EE, 0x00D5E8EE,
    0x00D2E5EB, 0x00D5E8EE, 0x00D4E7EE, 0x00D7E9F0, 0x00D6E9EF, 0x00D8EBF1, 0x00D6E9F0, 0x00D0E4EB, 0x00CDE2E8,
    0x00C0D5DE, 0x00C8DBE3, 0x00D4E5EC, 0x00D0E3EB, 0x00D2E5ED, 0x00D2E6EC, 0x00D3E6EC, 0x00D3E5EC, 0x00B9CCD5,
    0x00A1B4C0, 0x00ABC1CA, 0x00C3D7DF, 0x00BDD3DB, 0x00CADEE5, 0x00D0E2E7, 0x00CFE2E8, 0x00B6C9D0, 0x00C4D7DE,
    0x00CFE0E6, 0x00C5D8DF, 0x00B0C3CC, 0x00C3D5DC, 0x00C5D7DE, 0x00CADDE3, 0x00C2D6DE, 0x00CFE2E8, 0x00CFE2E8,
    0x00CFE2E8, 0x00D0E3EA, 0x00C9DCE1, 0x00B8C9CE, 0x00C3D6DB, 0x00C5D7DF, 0x00C5D8DD, 0x00CEDFE4, 0x00CFDFE5,
    0x00C6D7DC, 0x00C3D3D7, 0x00CEDEE1, 0x00D1E0E3, 0x00D0DFE1, 0x00CFE0E4, 0x00CDDEE5, 0x00C7D8DE, 0x00CEDCE0,
    0x00D0DFE2, 0x00D1DEE0, 0x00CFDCDF, 0x00D1DDDF, 0x00CEDBDD, 0x00CFDCDD, 0x00D0DCDD, 0x00D2DDDF, 0x00CCD8DA,
    0x00C6D5DA, 0x00C7D4D6, 0x00CBD6D6, 0x00CCD8D8, 0x00C4D1D2, 0x00B8C6C9, 0x00BFCDD0, 0x00CCD8D9, 0x00D2DCDC,
    0x00CFDADA, 0x00D0D9D9, 0x00CFDADB, 0x00CDD7D6, 0x00CBD6D6, 0x00C8D1D1, 0x00C6CFCE, 0x00CDD6D7, 0x00CDD6D7,
    0x00C9D4D3, 0x00CBD6D5, 0x00CED7D7, 0x00CFD9D8, 0x00D1DBDB, 0x00CED7D6, 0x00CED9D9, 0x00D0DBDD, 0x00D1DAD9,
    0x00CED6D6, 0x00CDD5D4, 0x00CED8D7, 0x00CDD7D7, 0x00CAD5D5, 0x00C9D3D4, 0x00C7D2D2, 0x00C5D1D2, 0x00C9D4D7,
    0x00CCD6D9, 0x00C7D3D3, 0x00C6D2D3, 0x00CAD6D7, 0x00C8D4D5, 0x00CAD5D6, 0x00C8D2D3, 0x00C6D1D3, 0x00C6D0D0,
    0x00C6CFD0, 0x00C4CED0, 0x00C3CDCC, 0x00C5CDCD, 0x00C4CDCD, 0x00C7D0CF, 0x00C6CECE, 0x00C8D0D0, 0x00C9D2D3,
    0x00C5CECF, 0x00C6D0D0, 0x00C6D1D2, 0x00CAD6D7, 0x00CBD7DA, 0x00CAD6D9, 0x00CDD8DB, 0x00CCD6D9, 0x00CFDBDE,
    0x00CBD9DC, 0x00CFDBDE, 0x00CFDCE0, 0x00D5E2E4, 0x00D4E1E4, 0x00D9E6E9, 0x00D7E4E7, 0x00D9E5E8, 0x00D8E5E8,
    0x00D8E5EA, 0x00D8E5E8, 0x00D6E3E6, 0x00D2DFE2, 0x00D2DFE2, 0x00D0DFE2, 0x00CDDCDF, 0x00CFDBDF, 0x00CFDBDD,
    0x00CDD9DB, 0x00CEDADD, 0x00D2DEE1, 0x00D2DFE2, 0x00D1DFE2, 0x00D2DEE2, 0x00D1DFE2, 0x00D1DEE2, 0x00D4E1E4,
    0x00D2DFE3, 0x00D4E0E4, 0x00D5E3E7, 0x00D6E5E9, 0x00D6E4E9, 0x00D8E6EB, 0x00D6E4E8, 0x00D9E7EB, 0x00DBE9EE,
    0x00D8E8EE, 0x00DAE9EF, 0x00DDECF1, 0x00DEEDF3, 0x00DEEFF5, 0x00E0F1F6, 0x00DFF0F7, 0x00DFF1F6, 0x00DEF0F6,
    0x00E4F2F9, 0x00E5F2F8, 0x00E0EFF6, 0x00DBECF3, 0x00E5F2F8, 0x00E2F1F7, 0x00E1F1F6, 0x00E4F2F9, 0x00E4F2F8,
    0x00E4F4F8, 0x00DDF0F6, 0x00E3F2F8, 0x00D4EAF2, 0x00E0F0F6, 0x00E3F2F6, 0x00E4F1F6, 0x00DFF0F5, 0x00E1F0F7,
    0x00E3F2F7, 0x00E3F2F8, 0x00E0F0F6, 0x00E1F1F5, 0x00DFEFF4, 0x00E3F1F6, 0x00E3F2F8, 0x00E4F2F7, 0x00E1F1F7,
    0x00E1F0F7, 0x00E2F1F7, 0x00E1F1F7, 0x00E0EFF5, 0x00E3F1F7, 0x00DFF0F6, 0x00DFF0F6, 0x00E0F0F7, 0x00E0EFF5,
    0x00E2F0F7, 0x00E2F1F6, 0x00E1F0F6, 0x00E1F0F6, 0x00E2F2F8, 0x00E4F2F8, 0x00E1F0F7, 0x00DAEDF4, 0x00E1F1F8,
    0x00E5F3F9, 0x00E4F3F9, 0x00E3F4FA, 0x00E0F0F6, 0x00E3F2F8, 0x00E4F3F9, 0x00E1F1F7, 0x00E2F1F7, 0x00E2F1F8,
    0x00E1F1F7, 0x00DEF0F6, 0x00E4F2F9, 0x00E3F2F9, 0x00E2F2F9, 0x00E4F2F9, 0x00E2F2F8, 0x00E4F3F9, 0x00E6F4FA,
    0x00E6F4FA, 0x00E2F2F8, 0x00DEF0F6, 0x00E3F2F9, 0x00E4F1F8, 0x00E0F2F9, 0x00D8EAF0, 0x00DBEDF2, 0x00DFEFF5,
    0x00E5F2F7, 0x00DBECF2, 0x00DDEEF3, 0x00DCEDF3, 0x00DFEFF5, 0x00DCECF3, 0x00DBECF0, 0x00DAE9EF, 0x00D9E9EE,
    0x00D9E9ED, 0x00DBECF1, 0x00D9EBF0, 0x00DAECF2, 0x00DEEEF4, 0x00DDEDF3, 0x00DDEDF3, 0x00D9EBF1, 0x00D9EAEF,
    0x00D7E9EF, 0x00D8E9EF, 0x00D8E9F0, 0x00D6E8EE, 0x00D8E9EF, 0x00CEE1EC, 0x00A7C0D8, 0x009AB6D7, 0x009BB6D7,
    0x00AFC9E1, 0x00B3CBE0, 0x00B0C9E0, 0x00ADC5DD, 0x00AAC3DA, 0x00AFC8DD, 0x00AEC6DC, 0x00A8C2DC, 0x009DBAD9,
    0x0094B3D7, 0x00A8C2DB, 0x00D1E3EC, 0x00D3E5EC, 0x00D5E7ED, 0x00D7E8EE, 0x00D3E6EB, 0x00D7E9EF, 0x00D5E6ED,
    0x00D2E6EC, 0x00CDE0E6, 0x00D1E3EA, 0x00D1E4EA, 0x00D2E5EC, 0x00D2E4EB, 0x00D2E6EC, 0x00D2E5EB, 0x00CEE1E8,
    0x00C9DCE3, 0x00C8DBE1, 0x00D1E4EA, 0x00D0E3E9, 0x00D1E3EA, 0x00CEE2E8, 0x00CEE0E7, 0x00D4E5EC, 0x00D2E5EB,
    0x00D0E3E9, 0x00D3E6EB, 0x00D4E5ED, 0x00D5E8EE, 0x00D6E8ED, 0x00D5E6EC, 0x00D6E9EF, 0x00D2E5EA, 0x00D4E6EC,
    0x00D4E8EE, 0x00D7E8EE, 0x00D5E8EE, 0x00D1E5EC, 0x00D4E6ED, 0x00D4E7EE, 0x00D3E6ED, 0x00D4E7EE, 0x00D6E8EF,
    0x00D5E9EF, 0x00CFE4EB, 0x00D3E7ED, 0x00D4E8EF, 0x00D5EAF0, 0x00D4E7EE, 0x00C2D6E0, 0x00C8DCE5, 0x00C8DBE5,
    0x00C0D5E4, 0x00CADFE9, 0x00D1E3EA, 0x00D1E3EA, 0x00CDE0E7, 0x00B2C5CC, 0x00AABDC8, 0x00A8BAC5, 0x00B5C9D2,
    0x00C0D4DB, 0x00D2E3E9, 0x00D0E2E9, 0x00BFD3D8, 0x00B5CBD2, 0x00CBDEE4, 0x00CFE1E8, 0x00B5CAD1, 0x00BED2DA,
    0x00C7D9E0, 0x00CBDEE4, 0x00C6DBE2, 0x00C7DCE2, 0x00CFE2E8, 0x00D0E3E9, 0x00CFE2E8, 0x00D1E4E9, 0x00B9CAD0,
    0x00B7CAD0, 0x00C8DAE0, 0x00CCDDE4, 0x00C8DBE1, 0x00CEE0E7, 0x00CBDDE4, 0x00BCCED3, 0x00C3D5DA, 0x00CFDFE3,
    0x00D3E1E5, 0x00CDDFE3, 0x00CEDDE1, 0x00CADBE1, 0x00D0DEE1, 0x00CFDDE1, 0x00CEDDDF, 0x00D5E2E5, 0x00D1DEE1,
    0x00D2DEDF, 0x00CDDADB, 0x00D4DFE1, 0x00CFDDE0, 0x00CFDDDE, 0x00CCD9DA, 0x00C9D8DA, 0x00CEDAD8, 0x00CCD8D8,
    0x00CCD8D8, 0x00CCD7D7, 0x00C6D3D4, 0x00BCCACE, 0x00C7D5D7, 0x00D1DCDC, 0x00CFDADB, 0x00CDD8D8, 0x00CEDADB,
    0x00CED9D9, 0x00CBD5D4, 0x00C6CECD, 0x00C5CECD, 0x00C8D3D3, 0x00CAD5D5, 0x00CCD7D7, 0x00D2DCDD, 0x00D1DADA,
    0x00CFD9D8, 0x00CBD6D4, 0x00D0DADA, 0x00D3DDDF, 0x00CED8D8, 0x00CFD9D9, 0x00D2DBDC, 0x00D1DBDC, 0x00D1DBDD,
    0x00D3DDDF, 0x00D0DBDC, 0x00C9D5D6, 0x00C9D5D5, 0x00CBD8D9, 0x00CCD7DA, 0x00CAD9D9, 0x00C9D6D8, 0x00CCD7D9,
    0x00C8D4D4, 0x00CBD7D8, 0x00CDD9DA, 0x00CDD8DA, 0x00C9D4D5, 0x00C9D5D4, 0x00C7D1D1, 0x00C8D1D3, 0x00CAD4D4,
    0x00CAD4D5, 0x00C9D2D3, 0x00C7D0D0, 0x00CAD4D5, 0x00C7D0D2, 0x00C5D0D2, 0x00C6D1D3, 0x00C6D2D3, 0x00C5D1D3,
    0x00C6D3D6, 0x00C5D2D5, 0x00C7D4D6, 0x00CAD6D9, 0x00C5D3D6, 0x00CCDADC, 0x00CFDADD, 0x00CEDADC, 0x00CFDBDF,
    0x00D2DEE0, 0x00D6E2E6, 0x00D8E4E8, 0x00D7E3E8, 0x00D6E2E4, 0x00D3E1E4, 0x00D2DFE3, 0x00D2DFE1, 0x00CCD8DA,
    0x00CEDADD, 0x00CEDCDF, 0x00CEDBDD, 0x00D0DBDE, 0x00D0DBDE, 0x00CEDADC, 0x00CFDBDE, 0x00D0DBDE, 0x00CCD9DC,
    0x00CFDCDF, 0x00D0DBDF, 0x00D1DDE1, 0x00D1DDE0, 0x00CFDBE0, 0x00D0DDE0, 0x00D0DCDF, 0x00D7E3E8, 0x00D5E3E9,
    0x00D4E2E7, 0x00D5E4E8, 0x00D7E6EA, 0x00D7E6EC, 0x00D6E5EA, 0x00D8E5EA, 0x00D7E5EA, 0x00DAE6EB, 0x00DAE6EA,
    0x00DCE8ED, 0x00DEEAEE, 0x00E1EFF4, 0x00DEEEF4, 0x00E0F1F7, 0x00E0EFF4, 0x00E3F2F7, 0x00DFF1F6, 0x00DEEFF5,
    0x00E3F0F5, 0x00E3F2F8, 0x00E1F1F7, 0x00E5F2F7, 0x00E5F3F8, 0x00E4F3F9, 0x00E0F2F6, 0x00E2F1F7, 0x00E4F3F9,
    0x00D7ECF3, 0x00E5F2F8, 0x00E2F1F7, 0x00DAEEF5, 0x00DCEEF4, 0x00E4F3F6, 0x00E4F2F8, 0x00E1F2F6, 0x00E0F0F6,
    0x00E1F0F6, 0x00E3F0F6, 0x00E3F1F7, 0x00E0F0F7, 0x00E2F1F7, 0x00DFEEF4, 0x00E1F0F5, 0x00E2F0F6, 0x00E3F1F7,
    0x00E0EFF6, 0x00DEEFF5, 0x00DEF0F6, 0x00E0F0F6, 0x00E4F2F6, 0x00E2F0F6, 0x00DEEEF5, 0x00E3F1F6, 0x00E5F2F8,
    0x00E1F1F7, 0x00E2F1F8, 0x00E3F2F7, 0x00E4F3F9, 0x00E5F4F9, 0x00E6F4FA, 0x00E4F2F9, 0x00E6F4FA, 0x00E7F4FA,
    0x00E5F4F9, 0x00E8F5FA, 0x00E7F4F9, 0x00E1F1F7, 0x00E3F2F9, 0x00E3F3F8, 0x00DFF1F7, 0x00E1F1F8, 0x00E3F3F9,
    0x00E6F4FA, 0x00E1F1F7, 0x00E1F2F7, 0x00E3F3F9, 0x00E5F4FA, 0x00E0F1F7, 0x00E3F2F9, 0x00E1F1F7, 0x00E2F1F8,
    0x00DEF1F8, 0x00DEF0F7, 0x00DBEDF3, 0x00E0F0F6, 0x00E1F0F5, 0x00E2F0F6, 0x00E0F0F6, 0x00E0F0F6, 0x00DFEFF5,
    0x00DBEDF2, 0x00DFEFF5, 0x00DEEEF4, 0x00DBECF1, 0x00D9EAF0, 0x00D8E9EF, 0x00DCEDF3, 0x00D9EBF1, 0x00DBECF2,
    0x00D9EAF1, 0x00D9EAF1, 0x00DAECF2, 0x00DAEBF1, 0x00D8EAF0, 0x00D7E8EF, 0x00D8EAF1, 0x00D8E9EF, 0x00D2E4EE,
    0x00C8DDE9, 0x00A6C0DA, 0x00A4BFDB, 0x00AFC9E1, 0x00B3CBE2, 0x00BFD6E7, 0x00C0D7E7, 0x00C2D7E8, 0x00C2D7E8,
    0x00C1D7E7, 0x00C2D7E8, 0x00C2D7E7, 0x00BFD6E6, 0x00C1D8E8, 0x00B8D1E7, 0x009CB9D9, 0x00A7C0D9, 0x00D1E4EC,
    0x00D5E7ED, 0x00D7E8EF, 0x00D6E8EE, 0x00D3E6EC, 0x00D5E6ED, 0x00D1E4EA, 0x00D0E3E9, 0x00D4E7EE, 0x00D0E4EA,
    0x00D1E4EA, 0x00D4E6EE, 0x00D0E5EC, 0x00D2E5EB, 0x00C9DEE4, 0x00CFE1E8, 0x00D2E6EB, 0x00D3E6EC, 0x00D1E3EA,
    0x00D0E3EA, 0x00CFE2E9, 0x00D1E4EB, 0x00D3E5EC, 0x00D2E5EB, 0x00D1E4EA, 0x00D3E5EB, 0x00D4E6ED, 0x00D3E6EB,
    0x00D1E5ED, 0x00D5E7ED, 0x00D0E4EB, 0x00D2E5EB, 0x00D4E6ED, 0x00D3E6ED, 0x00D1E5EB, 0x00D1E5EC, 0x00D3E7EE,
    0x00D4E7EE, 0x00D3E6EC, 0x00D3E6ED, 0x00D3E6EC, 0x00D5E8EE, 0x00D0E4EB, 0x00D0E5EB, 0x00D2E6EC, 0x00D5E8EE,
    0x00D3E7EE, 0x00D5E8EF, 0x00CADEE7, 0x00C1D7E2, 0x00C9DCE6, 0x00C1D7E3, 0x00C0D6E3, 0x00D0E2E9, 0x00CDE1E7,
    0x00D0E3EA, 0x00CCDEE6, 0x00C5D8DF, 0x00B7C9D3, 0x00B1C5D0, 0x00C2D6DE, 0x00D2E2E8, 0x00D1E2E8, 0x00C8DBE1,
    0x00C2D7DC, 0x00CADCE2, 0x00CFE0E7, 0x00C8DCE3, 0x00BBCED6, 0x00C4D8DF, 0x00CADDE3, 0x00CCDFE6, 0x00C7DBE2,
    0x00CEE1E7, 0x00CFE1E8, 0x00CFE3E9, 0x00D1E4EA, 0x00BED1D7, 0x00B3C6CD, 0x00C8DAE1, 0x00C9DBE2, 0x00CDE0E6,
    0x00CEE0E5, 0x00CCDEE4, 0x00CCDEE5, 0x00BFD1D6, 0x00CADBE0, 0x00CDDEE3, 0x00CCDEE3, 0x00CEDFE5, 0x00CADDE2,
    0x00CFDFE3, 0x00D2E1E4, 0x00D0DFE3, 0x00D3E1E6, 0x00D2E0E3, 0x00CFDFE2, 0x00D2E1E4, 0x00D2E0E2, 0x00D1DFE1,
    0x00CFDBDD, 0x00CEDCDD, 0x00CEDADB, 0x00CCD9D9, 0x00CBD7D7, 0x00C9D5D6, 0x00C8D4D4, 0x00C7D3D3, 0x00C3CFD1,
    0x00C6D3D5, 0x00C7D4D5, 0x00C8D6D7, 0x00D1DDDE, 0x00CFDBDC, 0x00CFDADC, 0x00CCD8DA, 0x00CAD6D7, 0x00C5D0CF,
    0x00C9D4D5, 0x00C9D5D6, 0x00CCD7D8, 0x00D0DBDC, 0x00D2DCDE, 0x00D0DBDB, 0x00D0DBDC, 0x00D1DDDE, 0x00D3DEE0,
    0x00D2DEDF, 0x00D3DFE1, 0x00D5E0E3, 0x00D2DEE0, 0x00CDD9D9, 0x00D0DBDB, 0x00D3DEE0, 0x00D1DCDE, 0x00CFDADB,
    0x00CCD9DA, 0x00CBD7D9, 0x00C9D7DA, 0x00C9D6D9, 0x00CCD9DB, 0x00CFDBDC, 0x00CFDBDD, 0x00CBD7D7, 0x00CED9DB,
    0x00CCD8DA, 0x00C9D5D6, 0x00C8D3D3, 0x00C9D4D6, 0x00CCD7D9, 0x00CCD8DA, 0x00CBD4D6, 0x00CAD5D6, 0x00C7D2D2,
    0x00C9D3D4, 0x00C9D4D6, 0x00CDD7D9, 0x00C8D4D6, 0x00CAD4D8, 0x00C8D5D8, 0x00CAD6D9, 0x00C8D4D5, 0x00C8D3D6,
    0x00C8D3D4, 0x00C9D4D7, 0x00CDD9DA, 0x00CDD9DB, 0x00CED9DC, 0x00CFDADC, 0x00D3DFE2, 0x00D1DCE0, 0x00D0DCDF,
    0x00CFDBDE, 0x00CFDBDD, 0x00CEDADD, 0x00CCD8DA, 0x00CDDADD, 0x00CDD9DB, 0x00CED9DD, 0x00D0DCDE, 0x00CFDBDE,
    0x00CEDADC, 0x00CDD9DB, 0x00CFDBDE, 0x00D2DBDF, 0x00D2DDE0, 0x00D0DCDE, 0x00D1DDE1, 0x00CFDCDF, 0x00D0DDE0,
    0x00D1DEE1, 0x00D1DEE2, 0x00D2E0E3, 0x00D6E3E8, 0x00D7E3E7, 0x00D5E1E6, 0x00D1DEE2, 0x00D4E2E5, 0x00D5E3E8,
    0x00D7E4E8, 0x00D5E2E7, 0x00D6E4E9, 0x00D8E4E8, 0x00D8E5EA, 0x00DAE7EB, 0x00DBE8ED, 0x00DCE9EF, 0x00DCE9EE,
    0x00DFECF2, 0x00DCECF2, 0x00E1EFF4, 0x00DEEFF4, 0x00DDEEF4, 0x00E2EFF6, 0x00E0F0F7, 0x00E2F1F6, 0x00E4F2F8,
    0x00E0F1F7, 0x00E2F2F8, 0x00E5F4F9, 0x00E2F2F8, 0x00E2F2F8, 0x00DEF0F6, 0x00E1F1F7, 0x00DEEFF4, 0x00DEEFF4,
    0x00DFF0F5, 0x00E5F3F8, 0x00E2F1F7, 0x00DFF1F6, 0x00DEEFF5, 0x00E1F1F7, 0x00E4F2F7, 0x00E4F1F7, 0x00E2F1F5,
    0x00E1F0F6, 0x00E0F0F6, 0x00E3F2F7, 0x00E1F0F7, 0x00E2F1F7, 0x00DCEEF4, 0x00E2F1F6, 0x00E1F0F6, 0x00E0F1F6,
    0x00DEEFF5, 0x00E0EFF5, 0x00E3F1F6, 0x00E2F1F7, 0x00E2F1F8, 0x00E1F0F6, 0x00E0F1F7, 0x00E3F2F8, 0x00E4F2F9,
    0x00E2F1F7, 0x00E5F3F9, 0x00E5F3F9, 0x00E2F2F8, 0x00E4F3F9, 0x00E6F4FA, 0x00E9F5FA, 0x00E3F2F7, 0x00E2F1F8,
    0x00E2F1F8, 0x00E1F0F7, 0x00E0F1F7, 0x00DFF0F7, 0x00E1F1F7, 0x00E1F0F7, 0x00E1F1F8, 0x00E3F2F8, 0x00DEEFF6,
    0x00E1F1F8, 0x00E1F1F8, 0x00E3F1F7, 0x00E3F2F8, 0x00DEEFF6, 0x00DEF0F6, 0x00E0F2F9, 0x00E0F0F7, 0x00DEEFF5,
    0x00E2F1F7, 0x00DDEFF5, 0x00E3F2F8, 0x00E0F0F6, 0x00E1F0F6, 0x00DFF0F5, 0x00E0F0F6, 0x00D9EBF2, 0x00DFEFF6,
    0x00DBEDF3, 0x00D9ECF3, 0x00DBECF3, 0x00D7EAF0, 0x00D8EAF1, 0x00DAECF2, 0x00D9ECF2, 0x00DAEBF3, 0x00D9EAF2,
    0x00D7EAF0, 0x00D9ECF1, 0x00D7E8EF, 0x00D9EAF1, 0x00AAC4DB, 0x009EBBDA, 0x00AAC6E0, 0x00B8D1E6, 0x00C5DBEC,
    0x00C3D9E9, 0x00C0D7E7, 0x00C0D6E6, 0x00C1D6E7, 0x00BFD3E3, 0x00BED5E4, 0x00BFD3E3, 0x00BED4E5, 0x00BBD3E3,
    0x00C2D8E8, 0x00C5DAEB, 0x00BDD4E7, 0x009AB6D6, 0x00C1D6E6, 0x00D6E8EE, 0x00D5E7EE, 0x00D6E7EE, 0x00D7E9EF,
    0x00D4E6ED, 0x00D4E7ED, 0x00D4E8ED, 0x00D5E6EE, 0x00D2E5EB, 0x00D3E6ED, 0x00D6E7EE, 0x00D3E6ED, 0x00C8DCE2,
    0x00D0E3EA, 0x00D4E6EC, 0x00D3E6EC, 0x00D5E6ED, 0x00CCE1E7, 0x00D0E4EA, 0x00D1E4EA, 0x00D1E3EA, 0x00D5E7ED,
    0x00D3E6EC, 0x00D3E5EC, 0x00D2E4EB, 0x00D3E5EC, 0x00D3E6ED, 0x00D2E6ED, 0x00D5E8ED, 0x00D4E6EC, 0x00D2E6EB,
    0x00D3E6ED, 0x00D4E6ED, 0x00D2E6ED, 0x00CFE4EB, 0x00D3E5EE, 0x00D2E6ED, 0x00D3E5EC, 0x00D0E5EC, 0x00D4E7EE,
    0x00D3E6ED, 0x00D6E8EF, 0x00D5E7EE, 0x00D4E8EE, 0x00D7E9F0, 0x00D6EAF0, 0x00D5E8EF, 0x00D2E6ED, 0x00CADEE6,
    0x00CADDE7, 0x00CADFE7, 0x00C4D9E6, 0x00CCDFE9, 0x00CDE1E9, 0x00CBDFE7, 0x00C8DCE5, 0x00CFE2EA, 0x00CEE1E8,
    0x00B9CED7, 0x00B9CED6, 0x00D2E3E9, 0x00D2E3E9, 0x00CFE1E8, 0x00BBCFD6, 0x00C5D8DE, 0x00C4D9E0, 0x00D1E4EA,
    0x00BCD0D8, 0x00C1D5DD, 0x00C8DCE3, 0x00CBDDE4, 0x00C8DCE4, 0x00CBDFE6, 0x00CEE1E7, 0x00C3D7DE, 0x00D1E4EB,
    0x00C8DAE1, 0x00BFD2D9, 0x00CFE2E9, 0x00CADDE3, 0x00CEE0E7, 0x00CDDFE6, 0x00C6DAE1, 0x00CBDDE4, 0x00CADDE3,
    0x00BCCFD4, 0x00CCDEE4, 0x00CDDEE3, 0x00CEE0E7, 0x00CCDEE4, 0x00CEDFE5, 0x00D1DFE3, 0x00D0DEE2, 0x00D2E1E5,
    0x00CFDEE2, 0x00D0DFE2, 0x00D3E1E4, 0x00D2E0E2, 0x00D2DFE1, 0x00D0DEDD, 0x00CDDADA, 0x00CEDBDD, 0x00CBD6D7,
    0x00CBD8DA, 0x00CBD8D9, 0x00CBD8D8, 0x00CBD8DA, 0x00C7D4D4, 0x00C9D5D7, 0x00C6D3D6, 0x00C8D5D6, 0x00CDDADD,
    0x00CFDBDD, 0x00CFDBDE, 0x00CFDBDE, 0x00CBD8DC, 0x00CCD8DB, 0x00C7D4D7, 0x00CAD5D5, 0x00CCD9DB, 0x00CFDBDC,
    0x00CEDBDE, 0x00D1DDDF, 0x00D3E0E2, 0x00D4E0E2, 0x00D4E1E3, 0x00D4E0E2, 0x00D3E1E2, 0x00D5E3E6, 0x00D3E1E3,
    0x00CDDADB, 0x00D2DFE0, 0x00D4E1E4, 0x00D3E1E3, 0x00D3DFE0, 0x00D4E1E3, 0x00CFDBDD, 0x00CCDADC, 0x00D1DEE1,
    0x00D0DDDF, 0x00CFDCDF, 0x00D2DEE2, 0x00D2DFE1, 0x00D1DDDF, 0x00CEDADC, 0x00D0DCDE, 0x00D1DEE0, 0x00CFDBDD,
    0x00CEDADC, 0x00CEDADC, 0x00CDD9DB, 0x00CEDADC, 0x00CDD9DA, 0x00C8D3D4, 0x00CBD6D7, 0x00D1DBDE, 0x00CEDADD,
    0x00CDDADD, 0x00D2DEE1, 0x00D2DDE0, 0x00CBD8DA, 0x00CDD9DC, 0x00CDD9DC, 0x00CDD9DC, 0x00CFDBDC, 0x00CFDBDE,
    0x00D1DDDF, 0x00D0DBDE, 0x00D3DDE0, 0x00D2DEE0, 0x00D1DDDE, 0x00D1DCE0, 0x00CEDADD, 0x00CFDBDE, 0x00CEDADC,
    0x00CDD9DC, 0x00CDD8DC, 0x00C8D6D9, 0x00CCD8DB, 0x00CCD9DB, 0x00CEDBDD, 0x00CFDBDE, 0x00CFDBDE, 0x00D0DCDE,
    0x00D3DFE2, 0x00D2DFE2, 0x00D0DCE0, 0x00D3DFE2, 0x00D1DCE0, 0x00D1DEE2, 0x00D1DEE2, 0x00D4E0E4, 0x00D2E0E4,
    0x00D7E3E7, 0x00D4E0E5, 0x00D6E2E6, 0x00D5E3E6, 0x00D7E3E7, 0x00D7E4E9, 0x00D6E3E7, 0x00D7E4E8, 0x00D7E3E7,
    0x00D8E5E9, 0x00D5E3E6, 0x00DBE7EC, 0x00DBE7EB, 0x00DCE9ED, 0x00DFEBF0, 0x00DEECF0, 0x00E1ECF2, 0x00DDEAF1,
    0x00DEEDF3, 0x00D7E8EF, 0x00DFEEF4, 0x00E1F0F7, 0x00E2F1F7, 0x00E1F0F6, 0x00E5F4F8, 0x00E5F3F9, 0x00E1F1F7,
    0x00E0F1F9, 0x00DFEFF7, 0x00E2F1F7, 0x00DFEFF6, 0x00DFF0F6, 0x00E2F2F8, 0x00E1F0F5, 0x00E4F3F6, 0x00E4F2F8,
    0x00E2F2F7, 0x00E4F3F7, 0x00E5F2F7, 0x00E1F1F7, 0x00E1F0F5, 0x00E2F1F7, 0x00E0EFF5, 0x00E0F0F7, 0x00E2F1F8,
    0x00DFF0F6, 0x00E1F0F7, 0x00DEEEF5, 0x00E1F1F7, 0x00E3F2F7, 0x00E0EFF6, 0x00DFEFF5, 0x00E2EFF6, 0x00E3F2F8,
    0x00E3F1F8, 0x00E6F2F8, 0x00E3F1F7, 0x00E3F2F7, 0x00E4F3F9, 0x00E3F2F6, 0x00E5F3F9, 0x00E4F2F8, 0x00E5F3F8,
    0x00E5F3F9, 0x00E6F4F9, 0x00E6F3F9, 0x00E2F2F7, 0x00E2F0F7, 0x00E3F2F7, 0x00E0F1F7, 0x00DFEFF5, 0x00E2F1F7,
    0x00DFEFF6, 0x00E3F2F8, 0x00E2F2F8, 0x00E4F2F8, 0x00DFF0F7, 0x00E1F0F7, 0x00E4F3F9, 0x00E4F3F9, 0x00E4F3FA,
    0x00E3F3F8, 0x00E0F1F7, 0x00E0F3F9, 0x00E1F1F8, 0x00E3F2F7, 0x00E5F2F8, 0x00DFF0F5, 0x00E1F1F7, 0x00E0F1F7,
    0x00DFF0F5, 0x00DFEFF6, 0x00DBEDF4, 0x00DCEFF5, 0x00DFEFF6, 0x00DDF0F7, 0x00DDEFF6, 0x00DDEEF5, 0x00DAEDF3,
    0x00DFEFF6, 0x00DCEEF4, 0x00DCEEF4, 0x00DBECF3, 0x00D8ECF2, 0x00D8EBF1, 0x00DBECF2, 0x00D0E3EE, 0x00BDD4E5,
    0x009FBDDA, 0x00ACC8E1, 0x00BED7E9, 0x00BFD7E8, 0x00BDD5E6, 0x00C0D7E7, 0x00C3D7E8, 0x00BCD2E2, 0x00BFD4E5,
    0x00C0D4E4, 0x00BFD4E4, 0x00BFD3E3, 0x00BFD5E5, 0x00BFD6E6, 0x00C4D8E9, 0x00C0D7E7, 0x00C5D9E8, 0x00BED5E7,
    0x00A5BFD9, 0x00BCD3E2, 0x00D6E8EE, 0x00D4E7EE, 0x00D1E5EC, 0x00D4E7ED, 0x00D5E8EE, 0x00D5E8EE, 0x00D3E6ED,
    0x00CFE2E9, 0x00D4E6EC, 0x00D3E6ED, 0x00D0E1E9, 0x00D1E4EA, 0x00D0E3E9, 0x00D2E5EB, 0x00D3E5EC, 0x00D1E4EB,
    0x00D2E5EC, 0x00D1E4EB, 0x00D1E4EB, 0x00D4E5EC, 0x00D5E7EE, 0x00D3E5EC, 0x00D3E5EB, 0x00D0E3E9, 0x00D4E6ED,
    0x00D3E5EB, 0x00D3E5EC, 0x00D3E5EB, 0x00D3E5EC, 0x00D5E7ED, 0x00D4E6ED, 0x00D3E5EC, 0x00D4E7EE, 0x00D1E5EB,
    0x00D1E4EC, 0x00D0E5EC, 0x00D6E8EF, 0x00D1E6EC, 0x00D2E5ED, 0x00D2E5ED, 0x00D2E5ED, 0x00D2E5ED, 0x00D1E5EC,
    0x00D2E5ED, 0x00D0E5EC, 0x00D3E7ED, 0x00D5E6EE, 0x00D3E6ED, 0x00CCE0E8, 0x00D0E3E9, 0x00C7DDEA, 0x00C3DAE7,
    0x00CADFE7, 0x00CFE1E8, 0x00CBDFE8, 0x00D1E4EC, 0x00D1E4EC, 0x00D0E3EA, 0x00C3D6DE, 0x00C2D6DE, 0x00D0E2E8,
    0x00D2E5EB, 0x00CCDFE6, 0x00B7CCD3, 0x00C5D9E0, 0x00D1E2E9, 0x00CEE2E9, 0x00BACED6, 0x00C5D9E1, 0x00CCDEE5,
    0x00CADFE6, 0x00C7DBE2, 0x00CFE1E7, 0x00CFE2E8, 0x00D2E4EA, 0x00D0E3EA, 0x00BACDD3, 0x00CDDEE5, 0x00CCDFE6,
    0x00CEE1E8, 0x00CEE0E7, 0x00C4D8DF, 0x00CDDFE6, 0x00CEE0E7, 0x00C9DCE2, 0x00C3D6DC, 0x00CEE1E6, 0x00CFE0E7,
    0x00CDDFE6, 0x00BACED5, 0x00D3E3E9, 0x00D4E3E7, 0x00D1E0E3, 0x00D0E1E5, 0x00D0E1E6, 0x00CFDEE1, 0x00CFDFE2,
    0x00D3E0E3, 0x00D1DDDE, 0x00CFDCDD, 0x00CDDADA, 0x00CBD9D8, 0x00CBD7D8, 0x00CAD7D8, 0x00CDD9DA, 0x00C7D4D6,
    0x00C7D3D3, 0x00C7D3D5, 0x00C9D6D7, 0x00C9D6D7, 0x00C7D4D6, 0x00C9D5D6, 0x00C9D5D6, 0x00CDD9DB, 0x00CEDBDC,
    0x00CEDBDD, 0x00CAD7DA, 0x00C6D6D9, 0x00CAD9DC, 0x00CFDDDE, 0x00CFDDDF, 0x00CEDCE0, 0x00D2DEE1, 0x00D4E0E4,
    0x00D3DFE1, 0x00D7E3E5, 0x00D5E2E4, 0x00D4E1E5, 0x00D6E3E6, 0x00D7E4E6, 0x00D4E2E5, 0x00D5E3E6, 0x00D5E2E5,
    0x00D7E2E5, 0x00D8E3E7, 0x00D4E1E4, 0x00D0DDDF, 0x00D1DEE0, 0x00D0DEE1, 0x00D2DFE2, 0x00D5E2E6, 0x00D6E1E5,
    0x00D3E0E2, 0x00D2DFE1, 0x00D4E0E4, 0x00D3E0E3, 0x00D2DEE1, 0x00D3DFE2, 0x00D3E0E2, 0x00D6E2E4, 0x00D0DDDF,
    0x00CFDBDE, 0x00CFDCDE, 0x00D0DDDF, 0x00CFDCDF, 0x00D1DFE2, 0x00D3DFE2, 0x00D4E0E3, 0x00D5E1E4, 0x00D0DCE0,
    0x00D3DFE2, 0x00D1DDE0, 0x00D2DFE2, 0x00D2DDE1, 0x00D1DDE0, 0x00D1DCDF, 0x00D4DFE2, 0x00D7E1E5, 0x00D2DDE0,
    0x00D3DFE2, 0x00D1DDE0, 0x00D4DFE2, 0x00D5E1E3, 0x00D1DDE0, 0x00CEDBDE, 0x00CEDBDE, 0x00CDDBDE, 0x00CEDADE,
    0x00D2DDE0, 0x00D2DDE1, 0x00D3DFE1, 0x00CFDCDE, 0x00D1DCE0, 0x00D1DDE1, 0x00D0DCE0, 0x00D2DEE1, 0x00D1DEE2,
    0x00D5E2E5, 0x00D3E0E3, 0x00D4E0E4, 0x00D1DFE3, 0x00D3E1E4, 0x00D7E3E7, 0x00D5E1E5, 0x00D7E3E8, 0x00D3E1E5,
    0x00D5E2E7, 0x00D1DFE5, 0x00D7E5E9, 0x00D8E4E8, 0x00D6E2E7, 0x00D7E3E8, 0x00D7E4E9, 0x00DCE8EC, 0x00DAE7ED,
    0x00DBE8EC, 0x00DDEAEF, 0x00DEEBF0, 0x00DEEBF0, 0x00DFECF1, 0x00E0ECF0, 0x00E2EEF4, 0x00E4F1F4, 0x00DFEEF4,
    0x00E0EFF5, 0x00E3F1F7, 0x00E3F2F6, 0x00DFEFF6, 0x00E0F1F7, 0x00E1F1F7, 0x00DEEFF6, 0x00E2F1F7, 0x00E1F1F7,
    0x00DFEFF5, 0x00E0EFF5, 0x00E5F3F8, 0x00E3F2F8, 0x00E4F1F7, 0x00E5F3F8, 0x00E4F2F8, 0x00E6F4F8, 0x00E1F1F6,
    0x00E2F1F7, 0x00E0F0F7, 0x00E0F0F7, 0x00E1F1F7, 0x00E1F0F6, 0x00E1F0F6, 0x00E4F2F8, 0x00E2F2F8, 0x00DFF0F5,
    0x00DFF0F6, 0x00E3F2F7, 0x00E1F1F7, 0x00E3F1F7, 0x00E4F2F7, 0x00E2F2F8, 0x00E5F3F9, 0x00E2F1F7, 0x00E5F3F9,
    0x00E4F2F8, 0x00E4F2F8, 0x00E6F3FA, 0x00E4F3F9, 0x00E5F3F9, 0x00E5F3F9, 0x00E3F3F7, 0x00E8F5F9, 0x00E3F1F7,
    0x00E0F0F7, 0x00E4F2F8, 0x00E4F2F8, 0x00E0F1F7, 0x00E1F1F6, 0x00E2F1F6, 0x00E2F1F7, 0x00DEEFF4, 0x00E1F0F5,
    0x00DEEFF5, 0x00E0F0F6, 0x00DFF0F7, 0x00DEEFF6, 0x00DEEFF6, 0x00E1F1F7, 0x00E4F3F8, 0x00E0F2F8, 0x00DDEFF5,
    0x00E1F0F6, 0x00DFEFF6, 0x00DEF0F7, 0x00DDEFF6, 0x00DDEFF5, 0x00DAECF3, 0x00DDEFF5, 0x00DCEFF4, 0x00DBEEF5,
    0x00DDEEF5, 0x00D7E9EF, 0x00DAEBF2, 0x00D2E1E7, 0x00D9EBF2, 0x00E0EFF5, 0x00DEF0F6, 0x00DEF0F5, 0x00DCEDF3,
    0x00DAECF3, 0x00DBECF2, 0x00CBE0EC, 0x00A8C4E0, 0x009CBADA, 0x00ADC8E1, 0x00C1D9E9, 0x00C4DAEA, 0x00C3D9E9,
    0x00C0D8E8, 0x00C1D7E8, 0x00C1D7E8, 0x00C4DAE9, 0x00C1D6E6, 0x00C0D4E4, 0x00BFD4E5, 0x00B7CDDD, 0x00B9CEDF,
    0x00BCD2E2, 0x00BBD2E2, 0x00C0D5E4, 0x00C2D6E7, 0x00C2D7E6, 0x00BAD2E5, 0x00A5BED8, 0x00C3D8E7, 0x00D1E5EB,
    0x00D2E4EB, 0x00D2E5EC, 0x00D2E5EC, 0x00D3E5EC, 0x00D0E4EB, 0x00D1E4EB, 0x00D2E4EA, 0x00CFE1E8, 0x00D3E4EB,
    0x00D0E2E9, 0x00CFE2E9, 0x00D2E5EB, 0x00D2E5EC, 0x00D3E6ED, 0x00D6E7EE, 0x00D2E5EB, 0x00D1E4EB, 0x00D1E4EB,
    0x00D2E4EB, 0x00D3E5EC, 0x00D4E7ED, 0x00D2E4EB, 0x00D4E7ED, 0x00D5E8EE, 0x00D5E7ED, 0x00D4E6ED, 0x00D5E7ED,
    0x00D4E5EC, 0x00D4E6ED, 0x00D3E6EC, 0x00D3E6ED, 0x00D5E7EE, 0x00D5E8EE, 0x00D6E8EF, 0x00D3E6ED, 0x00D5E8EE,
    0x00D3E6ED, 0x00D2E6EE, 0x00D1E6EC, 0x00D6E8EF, 0x00D0E5ED, 0x00CFE5ED, 0x00D3E7EE, 0x00D5E7EE, 0x00D2E6EE,
    0x00D4E6EE, 0x00CEE1E8, 0x00CBDEE6, 0x00CCE0EA, 0x00C8DDE9, 0x00C0D8E5, 0x00C8DDE7, 0x00CCE0E7, 0x00CEE3EA,
    0x00D0E4EC, 0x00D2E4EC, 0x00C9DDE6, 0x00B6CCD3, 0x00C8DCE3, 0x00D2E4EB, 0x00D2E5ED, 0x00C5DAE1, 0x00B4CAD0,
    0x00C5D9E0, 0x00CFE1E8, 0x00CBDFE6, 0x00BBD2D9, 0x00CADDE4, 0x00C9DEE5, 0x00C8DBE2, 0x00CEE1E7, 0x00CFE1E7,
    0x00D1E3E9, 0x00CCDFE6, 0x00C8DAE1, 0x00BED1D7, 0x00CFE1E8, 0x00CFE2E8, 0x00CCDFE7, 0x00BFD4DC, 0x00C7DBE1,
    0x00CCDEE5, 0x00CBDFE5, 0x00C1D5DB, 0x00C8DAE0, 0x00CEE0E7, 0x00CEE1E7, 0x00CBDEE3, 0x00CDE0E7, 0x00D2E3E9,
    0x00D1E1E5, 0x00D0DFE5, 0x00CCDEE2, 0x00CCDBDE, 0x00CDDCDF, 0x00D1DEE1, 0x00D2E0E2, 0x00D1DFE2, 0x00CFDDE0,
    0x00CDDBDC, 0x00CCD9DA, 0x00CAD7D7, 0x00CAD7D9, 0x00C8D5D6, 0x00C7D4D5, 0x00C6D3D3, 0x00C8D6D7, 0x00CBD6D8,
    0x00C9D5D8, 0x00C7D3D4, 0x00CBD7D8, 0x00C9D5D6, 0x00CCD8DB, 0x00CBD8D9, 0x00CCDBDE, 0x00CFDCDF, 0x00CDDCDF,
    0x00D0DDE1, 0x00CFDDE0, 0x00CFDDE0, 0x00D2DFE2, 0x00D3E0E2, 0x00D8E5E7, 0x00D6E2E5, 0x00D3E0E3, 0x00D7E4E6,
    0x00D9E5E9, 0x00D7E4E8, 0x00D8E5E8, 0x00D6E5E9, 0x00D5E3E6, 0x00D9E5E8, 0x00D9E5E8, 0x00D9E5E9, 0x00D9E5E8,
    0x00D8E5EA, 0x00D8E5E9, 0x00D8E5E9, 0x00D7E4E8, 0x00D5E2E5, 0x00D6E2E6, 0x00D5E1E4, 0x00D0DEE0, 0x00D7E2E6,
    0x00D4E3E6, 0x00D5E2E4, 0x00D5E2E6, 0x00D8E4E7, 0x00D6E3E6, 0x00D4E0E4, 0x00D5E1E5, 0x00D4E0E3, 0x00D7E3E7,
    0x00D5E2E5, 0x00D6E2E6, 0x00D6E2E6, 0x00D3DFE3, 0x00D4E0E3, 0x00D6E2E5, 0x00D4E1E4, 0x00D6E2E5, 0x00D6E2E6,
    0x00D3E0E1, 0x00D4E0E3, 0x00D5E1E3, 0x00D6E0E4, 0x00D4E0E3, 0x00D2DEE2, 0x00D5E1E3, 0x00D7E2E4, 0x00D4E0E3,
    0x00D2DFE1, 0x00CFDCDF, 0x00D1DCE0, 0x00D2DEE2, 0x00CEDCDF, 0x00D4E0E3, 0x00D4E0E3, 0x00CEDBDE, 0x00D2DEE2,
    0x00D3DEE1, 0x00D2DEE1, 0x00D3DFE2, 0x00D2DEE2, 0x00D5E1E5, 0x00D4E0E5, 0x00D6E2E7, 0x00D5E2E6, 0x00D5E3E8,
    0x00D6E2E6, 0x00D6E3E7, 0x00D3E0E4, 0x00D6E2E7, 0x00D5E2E6, 0x00D4E1E4, 0x00D4E1E5, 0x00D6E3E7, 0x00D7E4E8,
    0x00D9E5EA, 0x00D9E6EA, 0x00DAE6EA, 0x00DCE9EC, 0x00D9E7EB, 0x00DEEAEE, 0x00DCE9EE, 0x00DBE8ED, 0x00DCEAED,
    0x00DFEBF0, 0x00E0ECF1, 0x00DBEAF0, 0x00DDEBF1, 0x00DEECF2, 0x00DDEEF3, 0x00DFEFF5, 0x00E4F1F6, 0x00E1F0F7,
    0x00E2F1F7, 0x00E4F2F8, 0x00E3F2F8, 0x00E2F1F7, 0x00E1F1F7, 0x00DEEFF5, 0x00E3F1F7, 0x00E6F2F7, 0x00E1F1F7,
    0x00DEF0F6, 0x00E0F0F6, 0x00E2F2F8, 0x00E3F3F8, 0x00E6F4F8, 0x00E4F2F7, 0x00E5F3F9, 0x00E3F2F8, 0x00E2F1F7,
    0x00E0F1F7, 0x00E0F0F6, 0x00E1F0F6, 0x00E3F3F8, 0x00E1F0F6, 0x00E0F1F7, 0x00E5F3F8, 0x00E2F1F7, 0x00E4F3F9,
    0x00E2F1F7, 0x00E4F2F7, 0x00E5F2F8, 0x00E3F2F7, 0x00E5F2F7, 0x00E4F2F9, 0x00E1F1F6, 0x00E9F5FA, 0x00E4F3F8,
    0x00E3F2F9, 0x00E5F4F8, 0x00E3F2F8, 0x00E2F1F7, 0x00E4F3F8, 0x00E0F0F6, 0x00E3F1F8, 0x00E1F1F7, 0x00E3F2F8,
    0x00E1F1F7, 0x00E0F0F6, 0x00E3F1F7, 0x00E2F1F7, 0x00DEEFF6, 0x00E0F0F6, 0x00E1F0F7, 0x00E2F2F8, 0x00E1F1F7,
    0x00E3F3F8, 0x00E1F1F7, 0x00E2F1F8, 0x00DCEFF6, 0x00DFF1F8, 0x00DFF1F6, 0x00E0F0F6, 0x00DEF0F6, 0x00DEF0F6,
    0x00DBEEF5, 0x00DBEEF5, 0x00DCEEF5, 0x00DBEEF5, 0x00DEEFF6, 0x00D0E1E5, 0x00B8C7CA, 0x00C4D6DB, 0x00ADBBBE,
    0x00C5D4DA, 0x00E1F1F7, 0x00E0F1F7, 0x00DFEFF6, 0x00DBEDF4, 0x00D7EAEF, 0x00B8D0E4, 0x00A4C0DE, 0x00A6C2DD,
    0x00B5CFE2, 0x00C2D9EA, 0x00C5DBEA, 0x00C1D7E7, 0x00C4D9EA, 0x00BED3E3, 0x00B9CFDD, 0x00BBD3E5, 0x00BED6E7,
    0x00B3C9DB, 0x00BCD2E3, 0x00BBCFE0, 0x00A6BBCA, 0x00AEC3D2, 0x00B8CEDD, 0x00C0D6E5, 0x00C2D6E5, 0x00C1D6E6,
    0x00BFD6E5, 0x00C2D8E6, 0x00BDD5E7, 0x00A0BBD5, 0x00CEE2ED, 0x00D2E4EA, 0x00D1E5EB, 0x00D5E8EF, 0x00D4E6EE,
    0x00D1E4EB, 0x00D0E2EA, 0x00D0E2E9, 0x00D2E4EB, 0x00D0E2E9, 0x00D1E3EA, 0x00D0E2E9, 0x00D2E4EB, 0x00D3E6ED,
    0x00D3E6ED, 0x00D3E5EC, 0x00D4E7EE, 0x00D6E8EE, 0x00D3E6EC, 0x00D2E5EC, 0x00D3E6EC, 0x00D2E5EB, 0x00D4E7ED,
    0x00D3E5EC, 0x00D4E7ED, 0x00D7E8EE, 0x00D6E8EE, 0x00D6E7EE, 0x00D5E7EE, 0x00D6E8EF, 0x00D5E7EE, 0x00D7EAF1,
    0x00D5E6EE, 0x00D6E9EF, 0x00D4E6ED, 0x00D3E6ED, 0x00D0E5EB, 0x00D0E4EB, 0x00D1E5EC, 0x00D6E8EF, 0x00D7E7EF,
    0x00D3E7ED, 0x00D5E7EE, 0x00CFE5EC, 0x00D4E6EE, 0x00D0E5ED, 0x00D3E4ED, 0x00D2E5ED, 0x00C6DAE2, 0x00CCDFE7,
    0x00CCE0E9, 0x00BCD4E3, 0x00C2D8E5, 0x00C7DDE7, 0x00CDE1E8, 0x00D1E4EC, 0x00D1E4EB, 0x00D3E6ED, 0x00C7DAE2,
    0x00B7CDD5, 0x00CDE1E8, 0x00D4E5ED, 0x00D4E5EE, 0x00BBCFD6, 0x00C1D6DD, 0x00CADEE6, 0x00CDDFE8, 0x00BAD0D9,
    0x00C3D9E0, 0x00CDE0E7, 0x00CCDFE6, 0x00C7DDE3, 0x00D0E3EA, 0x00CEE1E8, 0x00CDE0E7, 0x00CEE0E7, 0x00BFD0D7,
    0x00C6D8DF, 0x00CEE0E8, 0x00CCE0E8, 0x00C6DAE1, 0x00C9DCE3, 0x00CCE0E5, 0x00CCE1E8, 0x00CEE1E7, 0x00C1D3D9,
    0x00CFE2E7, 0x00D1E2E8, 0x00D0E2E8, 0x00BBD1DB, 0x00CCE0E6, 0x00D1E2E8, 0x00D0E0E6, 0x00CCDEE2, 0x00CADCDE,
    0x00CFDFE4, 0x00D0DFE3, 0x00CEDFE2, 0x00D1E1E4, 0x00CEDCDF, 0x00CCDDE2, 0x00CBDADD, 0x00C9D6D6, 0x00C6D2D4,
    0x00C5D1D1, 0x00C7D3D5, 0x00C2CECF, 0x00C3CFD1, 0x00C9D4D6, 0x00C5D2D3, 0x00C8D3D4, 0x00C2CFD0, 0x00C7D4D5,
    0x00C8D4D6, 0x00C7D3D5, 0x00C9D6D9, 0x00CBD7DB, 0x00C9D9DE, 0x00CADADF, 0x00CEDDE0, 0x00D1DEE1, 0x00D5E0E4,
    0x00D6E3E5, 0x00DAE6E8, 0x00D3E0E3, 0x00D4E2E5, 0x00D6E3E6, 0x00D8E5E9, 0x00D8E6E9, 0x00D7E5E9, 0x00D8E6EA,
    0x00D9E8EC, 0x00DBE7EB, 0x00DDE8ED, 0x00DCE7EB, 0x00D8E6E9, 0x00D7E5E9, 0x00D8E6EC, 0x00DDEAEE, 0x00DCE8ED,
    0x00DBE8EC, 0x00D9E7EA, 0x00D9E6EA, 0x00D9E5E8, 0x00D7E4E7, 0x00D9E6EA, 0x00DAE6E9, 0x00D7E5EA, 0x00DCE8EC,
    0x00D8E4E8, 0x00D7E4E7, 0x00D6E2E6, 0x00D7E3E7, 0x00D5E3E7, 0x00D8E4E8, 0x00DAE6EA, 0x00DAE6EA, 0x00DAE6EA,
    0x00D9E4E9, 0x00D8E4E7, 0x00D9E4E8, 0x00D8E3E7, 0x00D7E3E7, 0x00D8E5E8, 0x00D6E2E5, 0x00DAE6E9, 0x00D9E5E9,
    0x00D5E1E4, 0x00D5E1E3, 0x00D4E0E2, 0x00D5E1E4, 0x00D1DEE0, 0x00D2DEE1, 0x00D1DEE0, 0x00D4E1E3, 0x00D2DEE2,
    0x00D4E1E3, 0x00D2DEE1, 0x00D4E0E3, 0x00D2DFE1, 0x00D4DFE3, 0x00D5E0E4, 0x00D1DEE1, 0x00D3E0E3, 0x00D6E1E6,
    0x00D6E1E5, 0x00D7E2E5, 0x00D7E3E7, 0x00D4E1E6, 0x00D4E0E6, 0x00D7E4E8, 0x00D2DFE3, 0x00D6E3E7, 0x00D5E1E5,
    0x00D2DFE3, 0x00D3DFE4, 0x00D4E1E6, 0x00D3E0E4, 0x00D7E3E7, 0x00D9E5E9, 0x00D9E6EA, 0x00DAE6EC, 0x00DCE9EE,
    0x00D8E7EA, 0x00DEEBEF, 0x00DBE8EC, 0x00DBE8ED, 0x00DBE8ED, 0x00DBE8EE, 0x00D9E7EC, 0x00E0EDF2, 0x00E2EEF2,
    0x00DEEBF2, 0x00DCEBF1, 0x00DEEDF3, 0x00E2EFF5, 0x00DBEDF3, 0x00E1F0F6, 0x00E1F0F6, 0x00DFEFF5, 0x00E1EFF6,
    0x00DEEEF5, 0x00DEEFF5, 0x00E1F0F7, 0x00E1F0F6, 0x00E1F1F7, 0x00E0F1F7, 0x00E1F1F7, 0x00E2F2F8, 0x00E3F3F8,
    0x00E0F1F7, 0x00E0F0F6, 0x00E2F2F8, 0x00E4F3F9, 0x00E2F2F8, 0x00E1F1F7, 0x00E0F0F7, 0x00E2F1F7, 0x00E1F1F7,
    0x00E3F1F7, 0x00E1F1F7, 0x00E2F1F7, 0x00E0F0F6, 0x00E3F2F7, 0x00E2F1F8, 0x00DFEFF5, 0x00DEEEF5, 0x00E2F1F8,
    0x00E4F2F7, 0x00E3F2F7, 0x00E1F2F7, 0x00E6F4F9, 0x00E3F2F9, 0x00E1F1F7, 0x00E3F1F8, 0x00E1F1F7, 0x00E6F4F9,
    0x00E3F1F8, 0x00E3F1F7, 0x00E2F1F7, 0x00E3F3F9, 0x00E5F3F9, 0x00E1F0F6, 0x00DEEFF5, 0x00E4F3F9, 0x00E0F0F7,
    0x00E2F1F7, 0x00E3F1F7, 0x00E3F1F7, 0x00E0F1F7, 0x00E2F1F8, 0x00E5F3F8, 0x00E4F3F8, 0x00E4F3F9, 0x00E2F3F9,
    0x00DDF0F7, 0x00DDEFF6, 0x00DFF0F6, 0x00DFF0F7, 0x00D9ECF2, 0x00DCEEF6, 0x00DAEDF4, 0x00D5E6EC, 0x00D4E7ED,
    0x00DDEEF5, 0x00D8E8EE, 0x00C7D9DE, 0x00D2E2E8, 0x00D2E1E8, 0x00CCDEE6, 0x00D8EAF1, 0x00D5E7EF, 0x00C8DCE7,
    0x00BED3E3, 0x00BBD1E1, 0x00B8D0E2, 0x00BAD2E4, 0x00C0D6E7, 0x00BED3E3, 0x00C1D6E6, 0x00C1D7E7, 0x00BCD4E4,
    0x00C0D6E7, 0x00AABFCC, 0x00A5B7C2, 0x00B1C3D0, 0x00B4C9D7, 0x00AAC3D4, 0x00A5BED1, 0x00ADC5DA, 0x00A5BDD2,
    0x00A1B9D0, 0x00A5BED4, 0x00B8CFDF, 0x00BCD0DF, 0x00BACFDE, 0x00C1D6E6, 0x00C5DAEA, 0x00C5DBE9, 0x00BAD2E4,
    0x00A7C0D9, 0x00C1D7E6, 0x00CEE1EA, 0x00D4E7ED, 0x00D1E3EB, 0x00D1E4EB, 0x00CFE2EA, 0x00D0E2EA, 0x00D0E2E9,
    0x00D0E2EA, 0x00D0E2EA, 0x00CEE2E9, 0x00D2E4EC, 0x00D2E5ED, 0x00D3E6ED, 0x00D4E7EE, 0x00D2E5EC, 0x00D3E6ED,
    0x00D1E4EA, 0x00D3E6ED, 0x00D3E5EC, 0x00D6E9EE, 0x00D6E8EE, 0x00D7E8EF, 0x00D6E8EE, 0x00D5E7ED, 0x00D6E7ED,
    0x00D7E8EF, 0x00D0E2E9, 0x00D6E9EF, 0x00D6E7EF, 0x00D4E6ED, 0x00D3E6ED, 0x00CDE3EA, 0x00D1E6EC, 0x00D4E6EE,
    0x00D4E7EE, 0x00D4E7EE, 0x00D2E6ED, 0x00D4E7EE, 0x00D3E7EE, 0x00D6E9EE, 0x00D7E8EF, 0x00D3E7EE, 0x00D0E4EC,
    0x00D3E5ED, 0x00D2E4EC, 0x00CFE4EC, 0x00CBE0E8, 0x00CADDE6, 0x00CADDE6, 0x00CEE2E9, 0x00C4DAE5, 0x00BDD4E3,
    0x00CBE0E8, 0x00D0E2EA, 0x00D1E4EC, 0x00D3E5ED, 0x00C9DDE5, 0x00BBD1D8, 0x00C3D8DF, 0x00D0E3EB, 0x00D5E7EE,
    0x00D2E5EC, 0x00BBD0D8, 0x00CCE0E7, 0x00CEE1E8, 0x00C3D9E1, 0x00C3D9E0, 0x00CFE2E9, 0x00CFE1E8, 0x00CBDEE4,
    0x00CEE1E8, 0x00D0E3EA, 0x00D1E4E9, 0x00CFE1E7, 0x00CBDDE4, 0x00BFD2D9, 0x00CEE1E8, 0x00CFE2E9, 0x00C8DCE3,
    0x00C8DBE2, 0x00CDE0E6, 0x00CEE1E7, 0x00CDE0E7, 0x00C3D7DC, 0x00CDDFE5, 0x00D0E2E8, 0x00CEE1E7, 0x00CADEE5,
    0x00C7DCE3, 0x00D2E3E9, 0x00CBDEE3, 0x00CCDEE4, 0x00CDDEE2, 0x00CDDEE2, 0x00CEDFE4, 0x00CCDDE1, 0x00CFDEE3,
    0x00CEDEE2, 0x00CCDCE0, 0x00CAD9DE, 0x00C9D8DB, 0x00CAD7D9, 0x00C6D4D5, 0x00C9D5D8, 0x00C6D3D4, 0x00C3CFD0,
    0x00C6D3D5, 0x00CAD6D7, 0x00C4D1D1, 0x00C4D0D1, 0x00C5D1D2, 0x00C6D2D4, 0x00C5D1D3, 0x00C8D5D5, 0x00C8D6D9,
    0x00C8D6D9, 0x00C9D8DB, 0x00CBDADD, 0x00D0DDE0, 0x00D3DFE3, 0x00D5E2E5, 0x00D7E4E8, 0x00D7E3E7, 0x00D6E3E6,
    0x00D4E2E5, 0x00D6E4E7, 0x00D8E5E9, 0x00D3E4E9, 0x00D7E6EB, 0x00D7E5EA, 0x00DCE9EC, 0x00DCE8EC, 0x00DBE7EB,
    0x00D8E4E8, 0x00D7E4E9, 0x00D9E7EB, 0x00DCE9ED, 0x00DAE8ED, 0x00D9E7EB, 0x00D9E7EC, 0x00DAE7EB, 0x00D8E6EA,
    0x00D9E6EA, 0x00DAE6EA, 0x00DCE8EC, 0x00D8E6EC, 0x00D9E6EB, 0x00DAE7EB, 0x00D8E6EB, 0x00D9E6E9, 0x00DCE7EC,
    0x00DAE7EC, 0x00DBE7EA, 0x00DAE7EB, 0x00DCE8EC, 0x00DCE7EB, 0x00DBE7EC, 0x00D8E5E9, 0x00D9E5E9, 0x00DAE6EA,
    0x00DAE6EA, 0x00DAE6EA, 0x00DBE7EB, 0x00D9E5E8, 0x00DBE7EA, 0x00DBE6EA, 0x00D8E4E8, 0x00D5E1E4, 0x00D4E0E4,
    0x00D3DFE2, 0x00D4E0E3, 0x00D6E2E6, 0x00D2DFE3, 0x00D2DFE3, 0x00D5E1E5, 0x00D5E1E5, 0x00D4E1E4, 0x00D6E2E5,
    0x00D4E1E4, 0x00D7E3E7, 0x00D7E3E6, 0x00D7E3E6, 0x00D5E0E4, 0x00D5E1E7, 0x00D7E4E7, 0x00D7E4E8, 0x00D6E3E7,
    0x00D4E2E5, 0x00D8E5E9, 0x00D6E3E7, 0x00D6E3E7, 0x00D6E2E6, 0x00D6E2E6, 0x00D4E1E5, 0x00D6E4E8, 0x00D6E3E6,
    0x00D6E2E6, 0x00D8E5EA, 0x00D9E6EA, 0x00DBE8EC, 0x00DBE8ED, 0x00DCE9ED, 0x00DCE8EE, 0x00DCE9EE, 0x00DBE8EE,
    0x00DCE9EE, 0x00DAE8ED, 0x00DCEAEF, 0x00DDEAEF, 0x00DCEAEF, 0x00DDEBF0, 0x00DAEBF0, 0x00DEECF1, 0x00DFEDF3,
    0x00DDEDF3, 0x00E0EFF4, 0x00E1F0F6, 0x00DFEEF4, 0x00E1EFF6, 0x00E1F0F6, 0x00DEEEF4, 0x00DEEEF4, 0x00DFEFF5,
    0x00DFEFF5, 0x00E0F0F6, 0x00E1F1F7, 0x00E2F3F9, 0x00E4F3F8, 0x00E0F1F7, 0x00E1F1F7, 0x00E4F4F8, 0x00E3F2F8,
    0x00E0F0F7, 0x00E2F2F7, 0x00DEF0F6, 0x00E1F1F7, 0x00E0F0F7, 0x00E1F1F7, 0x00DEEEF5, 0x00DFEFF5, 0x00E3F2F7,
    0x00E4F2F8, 0x00E1F0F6, 0x00DEEEF5, 0x00DDEEF4, 0x00E1F0F6, 0x00E1F0F6, 0x00E3F2F8, 0x00E1F0F7, 0x00E5F2F8,
    0x00E0F0F7, 0x00E0F0F7, 0x00DFEFF6, 0x00DEEFF6, 0x00E1F0F6, 0x00E1F1F7, 0x00E2F1F7, 0x00E2F2F8, 0x00E1F0F7,
    0x00E2F1F7, 0x00DFF0F6, 0x00E4F3F8, 0x00E5F3F8, 0x00E5F3F8, 0x00E4F2F8, 0x00E3F2F8, 0x00E3F1F8, 0x00E1F1F7,
    0x00E4F2F8, 0x00E0F0F6, 0x00E1F1F8, 0x00E1F0F7, 0x00E0F1F8, 0x00D9EDF4, 0x00DDF0F7, 0x00E0F0F7, 0x00DAE9EE,
    0x00C1CDD1, 0x00D4E5EC, 0x00DAEDF5, 0x00BAC9CF, 0x00B4C1C6, 0x00C5D6DC, 0x00D8E9F3, 0x00C7DBE5, 0x00C4D9E6,
    0x00C1D5E4, 0x00BBD1E3, 0x00C0D5E6, 0x00C2D7E6, 0x00BCD3E4, 0x00BBD3E4, 0x00C7DCEA, 0x00C8DDEB, 0x00C8DCEA,
    0x00C1D6E5, 0x00C0D5E5, 0x00C1D6E6, 0x00C4D9E8, 0x00C1D8E7, 0x00B3CAD9, 0x00ABBFCE, 0x00AABDCB, 0x00AEC2D1,
    0x00A6BBCB, 0x00A1B9CF, 0x00AEC7DE, 0x00ADC6DC, 0x00ADC7DE, 0x0091AAC4, 0x0098B3CB, 0x00B8D1E0, 0x00BACFDD,
    0x00B1C7D6, 0x00B8CEDC, 0x00C4D9E8, 0x00C2D7E6, 0x00C4DBEA, 0x00B8D0E4, 0x00A5BFD8, 0x00C4DAE5, 0x00C2D6DF,
    0x00C2D5DE, 0x00D2E5ED, 0x00D0E4EB, 0x00D1E4EB, 0x00D1E3EA, 0x00D1E3EB, 0x00D1E3EB, 0x00CFE2EA, 0x00D3E5ED,
    0x00D1E6ED, 0x00D3E7ED, 0x00D4E7EE, 0x00D3E6ED, 0x00D2E5EC, 0x00D3E6ED, 0x00D3E5EC, 0x00D3E6ED, 0x00D3E6ED,
    0x00D4E7EE, 0x00D6E8EF, 0x00D7E8EF, 0x00D6E8EF, 0x00D6E7EE, 0x00D6E8EE, 0x00D1E3EA, 0x00D5E8EE, 0x00D5E6EE,
    0x00D2E5ED, 0x00CEE4EB, 0x00D0E4EB, 0x00D3E6ED, 0x00D0E4EB, 0x00CDE3EA, 0x00D5E7EE, 0x00D6E7EF, 0x00D2E6ED,
    0x00D0E6ED, 0x00D4E6ED, 0x00D6E6EE, 0x00D4E7EE, 0x00D4E6EE, 0x00CFE4EC, 0x00D0E3EC, 0x00D1E4EC, 0x00D2E4EC,
    0x00CEE0E8, 0x00CBDFE7, 0x00CDDFE7, 0x00CCE0E9, 0x00BFD6E5, 0x00C5DCE6, 0x00CBDFEB, 0x00CFE3EA, 0x00D2E5ED,
    0x00D2E6EE, 0x00CCDEE6, 0x00BACED5, 0x00C6DBE2, 0x00D1E3EA, 0x00D4E6EE, 0x00CCDFE6, 0x00C2D6DD, 0x00CEE0E8,
    0x00C6DBE3, 0x00CBDFE6, 0x00D0E3E9, 0x00CFE1E8, 0x00CDE0E7, 0x00CDE0E7, 0x00D1E2E9, 0x00D0E3E9, 0x00CCE0E6,
    0x00C9DCE3, 0x00C8DAE0, 0x00C6D7DF, 0x00CDE0E7, 0x00CDE0E7, 0x00C2D5DD, 0x00C3D7E0, 0x00C6DAE1, 0x00CCDEE5,
    0x00C6D9DF, 0x00BED2D9, 0x00CCDEE5, 0x00CFE2E8, 0x00CDE0E6, 0x00C6DBE5, 0x00C9DFE7, 0x00CCDEE3, 0x00CEE0E5,
    0x00CBDEE2, 0x00CEDEE3, 0x00CADBE0, 0x00CBDDE1, 0x00D0E1E6, 0x00D1E0E3, 0x00D0DFE2, 0x00CADBDE, 0x00CEDDE0,
    0x00CBD9DC, 0x00CBDBDD, 0x00C9D7DA, 0x00C7D5D7, 0x00C3D2D5, 0x00C4D2D3, 0x00C6D3D7, 0x00C7D4D5, 0x00C7D3D6,
    0x00C5D2D3, 0x00C5D3D6, 0x00C2D1D1, 0x00C3D1D1, 0x00C3D0D3, 0x00CAD7D9, 0x00CCD8DA, 0x00CAD8DC, 0x00CFDCDE,
    0x00D0DEE2, 0x00D1DFE2, 0x00D6E2E6, 0x00D8E5E8, 0x00D7E4E7, 0x00D3E1E3, 0x00D9E6EA, 0x00D9E6EA, 0x00DBE9ED,
    0x00DCE8EC, 0x00D9E7EC, 0x00DCE9EC, 0x00DBE8EC, 0x00DBE7EB, 0x00DAE6E9, 0x00D9E6EB, 0x00D7E6EB, 0x00DBE7EB,
    0x00DBE9EE, 0x00D9E7EB, 0x00DDEAEE, 0x00DBE9EC, 0x00DAE9ED, 0x00DBE8ED, 0x00DDE9ED, 0x00D4E2E8, 0x00D6E5EB,
    0x00DBE7EC, 0x00D9E8ED, 0x00D7E6EC, 0x00DAE8EC, 0x00DDE9EE, 0x00DCE9EF, 0x00DCE9EC, 0x00DCE8EC, 0x00DCE8EC,
    0x00DCE8EC, 0x00DCE8EC, 0x00DAE6EA, 0x00DEE9ED, 0x00DDE8EC, 0x00DEE9ED, 0x00DBE7EB, 0x00DAE7EB, 0x00DAE7EA,
    0x00DBE7EB, 0x00DCE8EC, 0x00DAE7EC, 0x00D6E3E6, 0x00D9E5E9, 0x00D7E4E9, 0x00D7E3E7, 0x00D7E4EA, 0x00D8E4E9,
    0x00D6E3E7, 0x00D9E4EA, 0x00D8E5EA, 0x00D8E5E9, 0x00D4E2E6, 0x00D7E4E8, 0x00DBE7EB, 0x00D7E3E8, 0x00D6E3E6,
    0x00D7E2E6, 0x00D8E4E8, 0x00D8E4E8, 0x00D7E4E9, 0x00D7E5E9, 0x00D8E5EA, 0x00DBE7EC, 0x00D8E5EB, 0x00DAE6EA,
    0x00D8E4E9, 0x00D7E4E8, 0x00D8E5E9, 0x00D7E4E8, 0x00D7E5E8, 0x00D7E4E9, 0x00D8E5E9, 0x00D9E7EB, 0x00D9E7EB,
    0x00D8E6EC, 0x00DCEAEE, 0x00DCE8EE, 0x00D8E6EC, 0x00D9E6EC, 0x00DDEAEF, 0x00DEEBEF, 0x00DDEAEF, 0x00DDEAEF,
    0x00DFECF0, 0x00DCEAF0, 0x00DDEBF0, 0x00DFECF2, 0x00DEEDF2, 0x00E1EEF3, 0x00E0EFF4, 0x00DBEDF2, 0x00E0EFF5,
    0x00E0EFF4, 0x00E1F1F7, 0x00DFEFF5, 0x00DEEDF3, 0x00E2F0F6, 0x00E1F0F6, 0x00DDEEF3, 0x00E1F1F6, 0x00E2F1F7,
    0x00E3F2F8, 0x00E2F1F8, 0x00E1F1F7, 0x00E2F2F7, 0x00E4F2F7, 0x00E2F1F7, 0x00E0F0F6, 0x00E1F1F7, 0x00DFEFF6,
    0x00E0F1F7, 0x00DFEFF5, 0x00DEEEF4, 0x00E0EFF5, 0x00E1F0F6, 0x00E0EFF5, 0x00E3F1F7, 0x00E0EFF6, 0x00DFEEF5,
    0x00DFEFF5, 0x00DCEEF4, 0x00DFEFF6, 0x00E3F1F7, 0x00E4F1F7, 0x00DEEEF5, 0x00DFEFF5, 0x00DFEEF5, 0x00E0F1F6,
    0x00E1F0F6, 0x00DEEEF5, 0x00DFEFF6, 0x00DEEEF5, 0x00E2F1F7, 0x00E4F3F9, 0x00E4F3F8, 0x00E3F2F7, 0x00E5F3F8,
    0x00E3F2F8, 0x00E4F3F9, 0x00E4F3F7, 0x00E6F5F9, 0x00E3F3F8, 0x00E2F1F7, 0x00E1F0F7, 0x00E1F1F8, 0x00E2F1F8,
    0x00DFF0F8, 0x00DDEFF6, 0x00DDEFF6, 0x00DFF0F7, 0x00E0EFF5, 0x00DCEDF1, 0x00DBECF2, 0x00D3E5EC, 0x00C9DCE6,
    0x00AFC6D6, 0x00BAD1E5, 0x00BBD3E7, 0x00BCD4E9, 0x00BDD6E9, 0x00C2D8EA, 0x00C4DAEB, 0x00BED5E8, 0x00C3D9E9,
    0x00C3D9E8, 0x00C5DBE9, 0x00C6DBE9, 0x00C9DCEB, 0x00C8DCEB, 0x00C5DBE9, 0x00C2D6E5, 0x00BED4E4, 0x00BED4E5,
    0x00A7C1DA, 0x00A5C0D8, 0x00A4BBD0, 0x00A5BDD1, 0x00B6CEE0, 0x00C0D7E8, 0x00C6DEEC, 0x00C7DFEE, 0x00C9E0EE,
    0x00B7CDDF, 0x00A0B5CA, 0x0090AAC1, 0x00A6C0D4, 0x00BAD1DE, 0x00B8CFDB, 0x00B7CFDD, 0x00C1D6E6, 0x00BFD7E6,
    0x00C0D6E5, 0x00C2D9E8, 0x00BBD3E4, 0x00A9C1D6, 0x00BACFDC, 0x00B0C1C9, 0x00C6D8DF, 0x00D5E7EE, 0x00D4E5EC,
    0x00D3E5EB, 0x00D3E5EC, 0x00D2E4EC, 0x00CCDEE6, 0x00BACCD5, 0x00C6D8E0, 0x00CCDFE7, 0x00D6E8EF, 0x00D0E5ED,
    0x00D1E5ED, 0x00D0E4EB, 0x00D4E6EE, 0x00D2E8EF, 0x00D4E8EF, 0x00D6E8EF, 0x00D1E6EC, 0x00D5E8EF, 0x00D6E8EE,
    0x00D8E9F0, 0x00D6E7EE, 0x00D4E7EF, 0x00D6E7EF, 0x00D6E8EF, 0x00D7E9F0, 0x00D4E7EF, 0x00D5E7EF, 0x00D2E5ED,
    0x00D3E7EE, 0x00D4E7EF, 0x00D2E6ED, 0x00D3E8ED, 0x00D0E5EC, 0x00D0E5ED, 0x00D3E5EC, 0x00D4E7EE, 0x00D2E7EE,
    0x00D4E7EE, 0x00D2E5ED, 0x00CEE2EB, 0x00CAE2EC, 0x00CDE3EC, 0x00C9DFE8, 0x00CEE1E9, 0x00CDDFE7, 0x00C7DCE7,
    0x00C7DDE9, 0x00C5DAE7, 0x00C2D9E6, 0x00CBDFE9, 0x00CEE1EA, 0x00CCE0E9, 0x00CDE2EB, 0x00C5D9E0, 0x00B9CDD4,
    0x00D0E3EA, 0x00D0E3EA, 0x00CDE1E9, 0x00C5D9E0, 0x00C9DEE7, 0x00C9DEE6, 0x00C7DBE2, 0x00CEE2E8, 0x00D0E3E9,
    0x00CFE3EA, 0x00CFE2E9, 0x00D3E5EB, 0x00CCDFE6, 0x00D0E2E9, 0x00C9DCE3, 0x00CDDFE6, 0x00BACCD3, 0x00C5DAE1,
    0x00CBDFE6, 0x00C8DCE3, 0x00C6DAE0, 0x00C8DCE3, 0x00CBDEE5, 0x00C9DCE4, 0x00C6DAE1, 0x00CBDDE4, 0x00CFE2E8,
    0x00CFE1E7, 0x00C9DDE5, 0x00BCD4DF, 0x00C9DDE4, 0x00CEE0E3, 0x00CEDFE4, 0x00CEE0E5, 0x00CFE1E7, 0x00CDDFE4,
    0x00CFDFE4, 0x00D1E1E5, 0x00CFDFE5, 0x00CCDCDF, 0x00CEDEE2, 0x00CEDDE1, 0x00CCDBDE, 0x00CCDADD, 0x00CBD9DC,
    0x00C8D8DD, 0x00C7D6D8, 0x00C4D4D7, 0x00CAD9DB, 0x00C7D6D9, 0x00C7D5D7, 0x00C6D3D7, 0x00C2D0D2, 0x00C5D3D6,
    0x00C6D5D7, 0x00C6D3D6, 0x00C2D0D3, 0x00C7D6D9, 0x00CCD9DD, 0x00C9D9DD, 0x00D3DEE2, 0x00D6E3E6, 0x00D1E1E4,
    0x00D7E4E7, 0x00D7E5E8, 0x00D8E5E9, 0x00D9E7EA, 0x00DBE8EC, 0x00DCE9ED, 0x00DCEAEE, 0x00DCE9EE, 0x00DBE9EE,
    0x00DDEAEE, 0x00DCE8EC, 0x00DEEAEF, 0x00DCE9EE, 0x00DCE9EF, 0x00DBE9EE, 0x00DBEAEF, 0x00DEEAEF, 0x00DCE9EF,
    0x00DBEAED, 0x00DDEAEF, 0x00D9E7EB, 0x00D8E7EC, 0x00D8E7EC, 0x00DCE9EE, 0x00DDEAEF, 0x00DCEAED, 0x00E0ECF0,
    0x00E0ECF0, 0x00E0ECEF, 0x00E1EDF1, 0x00E0ECF0, 0x00E3EEF2, 0x00E0ECF0, 0x00E0ECF1, 0x00E2EEF2, 0x00E0EBEF,
    0x00E0EBF0, 0x00DFEBEF, 0x00DDEAEE, 0x00DEEAEE, 0x00DDE9EC, 0x00DFEAEE, 0x00DEEAED, 0x00DCE8EC, 0x00DAE6E9,
    0x00DCE9EE, 0x00DAE7EB, 0x00DBE7EB, 0x00D9E6EB, 0x00D8E5EB, 0x00D9E6EA, 0x00D8E7EB, 0x00D9E6EB, 0x00DBE8EE,
    0x00D9E7EA, 0x00DAE6EB, 0x00D9E6EB, 0x00DAE6EA, 0x00DBE7EB, 0x00D7E4E8, 0x00D8E5EA, 0x00D7E4E7, 0x00D8E4EA,
    0x00D7E5E9, 0x00D9E6EB, 0x00DCE7ED, 0x00DCE7EC, 0x00DBE6EB, 0x00D7E5E9, 0x00D8E5E9, 0x00D8E4E9, 0x00D5E2E8,
    0x00D6E4E9, 0x00D8E5EA, 0x00DAE8EC, 0x00DCE8ED, 0x00D8E7ED, 0x00D7E6EB, 0x00D8E6EC, 0x00DBE8EE, 0x00DCEAF0,
    0x00DEEAEE, 0x00DDE9EE, 0x00DBE9EE, 0x00DBEAEE, 0x00DBE8EE, 0x00DFEBF0, 0x00DCE9EF, 0x00DEEBF0, 0x00DBE8EF,
    0x00DEECF2, 0x00DEECF2, 0x00DEEDF3, 0x00DCEEF4, 0x00DEEDF3, 0x00E2F0F5, 0x00E0EFF5, 0x00DEEDF4, 0x00E0EFF5,
    0x00DDEDF3, 0x00E1EFF5, 0x00DEEEF4, 0x00E0EFF5, 0x00E2F1F7, 0x00E1F1F6, 0x00DEEFF5, 0x00E1F0F6, 0x00E0F0F6,
    0x00E2F1F7, 0x00DFEFF5, 0x00DFEFF5, 0x00E4F2F8, 0x00E3F2F7, 0x00DFEFF5, 0x00DCEDF3, 0x00E0EFF5, 0x00DFEFF6,
    0x00DFEEF4, 0x00DFEEF4, 0x00E1EFF5, 0x00DEEDF4, 0x00E2F0F7, 0x00E2F0F7, 0x00DFEEF5, 0x00DEEFF5, 0x00E1F0F6,
    0x00E0EFF7, 0x00E0EFF5, 0x00DCEDF4, 0x00E1F0F6, 0x00E3F0F7, 0x00DFF0F6, 0x00E1F0F7, 0x00DDEFF5, 0x00E1F0F7,
    0x00E1F1F6, 0x00E2F2F7, 0x00E5F3F8, 0x00E6F4F9, 0x00E4F2F8, 0x00E5F3F9, 0x00E1F1F7, 0x00E2F2F8, 0x00E6F4FA,
    0x00E0F1F7, 0x00E3F1F8, 0x00E3F3F9, 0x00E0F1F7, 0x00DEEFF6, 0x00D9ECF4, 0x00DAEEF5, 0x00DDEEF6, 0x00DBEDF4,
    0x00D2E3EC, 0x00D3E4EC, 0x00C0D3E1, 0x00B9D0E6, 0x00B4CDE6, 0x00B8D2E9, 0x00BBD3E9, 0x00BDD6E8, 0x00C0D8E8,
    0x00C1D8E7, 0x00BFD7E7, 0x00C6DAEA, 0x00C3D9E8, 0x00C0D6E6, 0x00C0D6E6, 0x00C2D7E7, 0x00C1D8E7, 0x00C6DBE9,
    0x00C4D8E7, 0x00C5DAE9, 0x00B3CAE1, 0x00A7C4E1, 0x00ADC8E0, 0x00B0CBE0, 0x00BAD2E5, 0x00C0D7E6, 0x00BAD2E4,
    0x00AFC9DD, 0x00ABC6DB, 0x00AAC3D9, 0x00A5C0D9, 0x00ADC9E0, 0x00C3D9EA, 0x00C9DEE9, 0x00C3D9E5, 0x00B3CBDC,
    0x00A5BED2, 0x00B2CADD, 0x00C2D8E6, 0x00C0D6E5, 0x00BFD7E5, 0x00BFD6E5, 0x00C2D8E8, 0x00C0D7E6, 0x00BBD3E2,
    0x00B1C8DB, 0x00A7BDD2, 0x00B4CADD, 0x00C6DAE3, 0x00AFC3D0, 0x00A9BDC9, 0x00AEC3CD, 0x00B5C8D4, 0x00B1C5CF,
    0x00AABECB, 0x00B4C6D3, 0x00BFD3DC, 0x00D6E8F0, 0x00D1E5EC, 0x00D1E5ED, 0x00D0E5EC, 0x00D2E6EE, 0x00D4E8EF,
    0x00D5E8F0, 0x00D6E9F0, 0x00D5E9F0, 0x00D5E8EE, 0x00D8E8EF, 0x00D7E8EF, 0x00D4E6EE, 0x00D3E7ED, 0x00D3E6EE,
    0x00D5E8EF, 0x00D4E6EF, 0x00D6E8EF, 0x00D5E7EE, 0x00D4E6ED, 0x00D5E6EE, 0x00D2E5ED, 0x00D5E7EE, 0x00D3E6EF,
    0x00D3E6EE, 0x00CDE3ED, 0x00D2E6ED, 0x00D2E6ED, 0x00D3E6EE, 0x00D7E8F0, 0x00D4E7EF, 0x00D4E5EE, 0x00CEE2EC,
    0x00CAE1EC, 0x00C7DEE9, 0x00C9DEE7, 0x00CFE2E9, 0x00C3D7E4, 0x00C6DBE6, 0x00C8DBEA, 0x00C3DAE7, 0x00C6DCE7,
    0x00C9DDE6, 0x00CBDFEA, 0x00CADFE9, 0x00CBE0E8, 0x00BED2D9, 0x00C4D7DF, 0x00CCE0E8, 0x00CFE3EB, 0x00C9DDE4,
    0x00C3D7DE, 0x00C9DEE6, 0x00CAE1E8, 0x00C8DEE6, 0x00CEE3E9, 0x00D0E3E9, 0x00CFE2E9, 0x00CBE1E8, 0x00CBDFE6,
    0x00C9DDE4, 0x00CBDFE5, 0x00CCDFE6, 0x00C0D3DA, 0x00C0D4DB, 0x00CBDDE4, 0x00CADCE4, 0x00C8DAE1, 0x00C7D9E0,
    0x00C6DADF, 0x00CADCE3, 0x00CCDFE6, 0x00CBDEE4, 0x00CEE1E6, 0x00CDDFE6, 0x00CBDFE6, 0x00C5DBE4, 0x00C1D6E1,
    0x00CBDEE4, 0x00CFE1E6, 0x00CDDEE2, 0x00CEDFE4, 0x00CDDEE3, 0x00CCDDE2, 0x00CEDFE4, 0x00D0E0E6, 0x00D1E1E5,
    0x00CFDFE3, 0x00CEDFE3, 0x00CEDEE0, 0x00CDDEE2, 0x00D1E0E5, 0x00CCDBDE, 0x00CAD9DB, 0x00CBDADC, 0x00C7D5D8,
    0x00C6D4D7, 0x00C9D7DA, 0x00C6D3D6, 0x00C4D4D7, 0x00C6D3D7, 0x00C6D5DA, 0x00C6D5DA, 0x00C2D4D9, 0x00BFD1D5,
    0x00CBD8DC, 0x00CDDCE0, 0x00CDDBDF, 0x00CFDCE0, 0x00CFDDE0, 0x00D4E1E5, 0x00D4E2E6, 0x00D7E5E9, 0x00D8E6E9,
    0x00D9E6EA, 0x00DAE7ED, 0x00DAE9ED, 0x00DBE9EE, 0x00DBE9EE, 0x00DFECF1, 0x00DEEAEE, 0x00E2EEF2, 0x00DBEAF0,
    0x00D8E8EE, 0x00DDECF1, 0x00D9E8EC, 0x00DFEBF0, 0x00DDEAF0, 0x00DCEAEE, 0x00DDEBEF, 0x00DFECEF, 0x00DEEBF0,
    0x00DEECEF, 0x00DFEDF1, 0x00E1ECF2, 0x00DFECF1, 0x00E2EDF3, 0x00E3EEF3, 0x00E0EDF3, 0x00E3EFF3, 0x00E4F0F4,
    0x00E5F0F4, 0x00E5F0F5, 0x00E3EFF4, 0x00E4EFF5, 0x00E3EFF4, 0x00E0EEF1, 0x00E1EFF3, 0x00E1EFF4, 0x00E0EDF2,
    0x00E1EEF2, 0x00E1ECF2, 0x00DFECF0, 0x00E2EDF1, 0x00DCE9ED, 0x00DEEBEF, 0x00DFEBEF, 0x00DCE9EE, 0x00DAE8EC,
    0x00DDEAF0, 0x00DCE9EE, 0x00DAE9EE, 0x00DCEAEF, 0x00DEEAEF, 0x00DCE9EE, 0x00DCE9EF, 0x00DBE9EE, 0x00DAE8EC,
    0x00DBE8EE, 0x00DCE9ED, 0x00DEEAEF, 0x00DFEBEF, 0x00DCEAEF, 0x00DDEAF0, 0x00DEEBF0, 0x00DAE8EE, 0x00D8E7ED,
    0x00DCE9EF, 0x00DDE9ED, 0x00D9E6EA, 0x00D9E5EB, 0x00D7E6EA, 0x00DAE8ED, 0x00D8E6EA, 0x00DAE8ED, 0x00DCEAEF,
    0x00D7E6EC, 0x00D7E6ED, 0x00D9E8EE, 0x00DAE8EE, 0x00D9E7ED, 0x00DDEAEF, 0x00D9E7ED, 0x00DCE9EF, 0x00DAE7EC,
    0x00DCE9EF, 0x00DEEAF0, 0x00D9E7EC, 0x00DBE8EE, 0x00DDEBF0, 0x00DCEBF0, 0x00DEEDF2, 0x00DCEBF1, 0x00E2EEF3,
    0x00DEEDF2, 0x00E3F0F4, 0x00DFEEF5, 0x00DEEDF3, 0x00DDECF3, 0x00DAE9F0, 0x00DEECF3, 0x00DCEAF0, 0x00DDEBF1,
    0x00DFEDF3, 0x00DFEEF4, 0x00DEEEF3, 0x00E1EEF4, 0x00E0EEF4, 0x00E1EFF5, 0x00DDECF2, 0x00E1EFF5, 0x00E1EFF5,
    0x00E1EFF5, 0x00DFEEF4, 0x00E1F0F5, 0x00DFEEF4, 0x00DEEEF3, 0x00E0EFF4, 0x00E1EFF5, 0x00E1F0F6, 0x00DFEFF4,
    0x00E2F0F6, 0x00E1EEF6, 0x00DFEFF6, 0x00E1EFF5, 0x00DFEEF5, 0x00DFEFF6, 0x00DFEEF5, 0x00DFEEF5, 0x00DFEEF4,
    0x00E3F1F7, 0x00DEEFF5, 0x00E0F0F6, 0x00E0F0F6, 0x00E1F0F6, 0x00E2F2F8, 0x00E2F1F7, 0x00E4F3F9, 0x00E2F1F8,
    0x00E7F5F9, 0x00E7F5F9, 0x00E4F3F9, 0x00E6F4F9, 0x00E4F2F9, 0x00E2F1F8, 0x00E0F1F8, 0x00E3F2F8, 0x00E3F2F9,
    0x00DFF1F7, 0x00DFF0F7, 0x00DDF0F7, 0x00DCEEF5, 0x00D7EAF1, 0x00BBCFE0, 0x00B7CDE2, 0x00B6CEE6, 0x00BAD4E9,
    0x00BDD6E8, 0x00BDD5E8, 0x00C1D9E9, 0x00C1D9E8, 0x00BFD8E7, 0x00C2D8E7, 0x00C1D7E7, 0x00C1D6E6, 0x00BFD5E6,
    0x00BED6E5, 0x00BFD5E5, 0x00C4D9E8, 0x00C1D6E7, 0x00ACC6E0, 0x00ACC6E2, 0x00BBD4E7, 0x00B4CEE6, 0x00B0CADF,
    0x00B9D1E5, 0x00BBD1E2, 0x00BAD2E1, 0x00BDD3E4, 0x00BBD3E3, 0x00BFD6E4, 0x00B8D1DF, 0x00C1D9E8, 0x00BFD8E7,
    0x00BAD5E5, 0x00A0BDD5, 0x00B3CEE1, 0x00C7DCE8, 0x00CDE1EA, 0x00CADFEA, 0x00A4BBD0, 0x009FB9D1, 0x00BDD4E3,
    0x00C0D7E3, 0x00C0D7E6, 0x00BFD6E5, 0x00C2D9E8, 0x00C1D7E7, 0x00BDD5E3, 0x00BFD6E4, 0x00ACC4D8, 0x00B8D0E1,
    0x00B5CCDB, 0x00AFC4D0, 0x00B1C5D5, 0x00B2C8D6, 0x00ACC2D0, 0x00BDD2E0, 0x00B8CCDD, 0x00C4D7E2, 0x00CADDE6,
    0x00D3E6ED, 0x00D4E7EF, 0x00CDE2EA, 0x00D0E4EC, 0x00D3E6EE, 0x00D4E7EF, 0x00D7EAF2, 0x00D1E7EF, 0x00CCE4ED,
    0x00CFE5ED, 0x00D1E6EC, 0x00D6E8EF, 0x00D1E4EC, 0x00D0E4EC, 0x00D3E7EE, 0x00D3E7EE, 0x00D5E7EF, 0x00D4E7ED,
    0x00D4E6EE, 0x00D5E7EE, 0x00D2E7EE, 0x00D3E6ED, 0x00D5E8ED, 0x00D4E7ED, 0x00D4E6EC, 0x00D8E8EF, 0x00D5E7ED,
    0x00D2E5ED, 0x00D3E7EE, 0x00D3E6EE, 0x00D1E5ED, 0x00D0E4EB, 0x00C7DFE8, 0x00CBE3EC, 0x00C8DDE7, 0x00CFE2EA,
    0x00C4D9E4, 0x00C4D9E6, 0x00C7DCE6, 0x00B9D0E2, 0x00C6DAE6, 0x00C3DAE5, 0x00C9DEE6, 0x00C9DEE7, 0x00D0E3EB,
    0x00CDE1E8, 0x00C3D7DF, 0x00CFE2E9, 0x00CEE1E9, 0x00D3E6ED, 0x00C0D4DC, 0x00C5D9E2, 0x00CADEE6, 0x00C8DDE6,
    0x00CBE0E7, 0x00CCE0E8, 0x00CDE2E9, 0x00C9DDE4, 0x00CDE0E7, 0x00CDE2E7, 0x00CFE1E7, 0x00D0E2E8, 0x00CFE2E9,
    0x00C5D8DF, 0x00CEE1E6, 0x00CFE2E8, 0x00CCDEE5, 0x00CFE1E8, 0x00CCDEE5, 0x00C8DAE1, 0x00C8DBE0, 0x00CDDFE5,
    0x00C9DCE2, 0x00CBDEE5, 0x00CBDEE3, 0x00C8DEE5, 0x00C5DAE2, 0x00BCD4DD, 0x00CEE0E5, 0x00CBDDE2, 0x00CBDDE2,
    0x00CBDCE1, 0x00CCDDE1, 0x00D0E2E8, 0x00D1E1E6, 0x00D1E2E6, 0x00CBDDE4, 0x00CFDEE3, 0x00CFDEE3, 0x00D0E0E4,
    0x00D2E3E7, 0x00D0DFE2, 0x00CEDDE2, 0x00CFDEE2, 0x00CDDDE0, 0x00C9D9DB, 0x00CBDADE, 0x00C7D7D9, 0x00C7D6D9,
    0x00C7D5D8, 0x00CADADF, 0x00CBDADF, 0x00CBDCE0, 0x00C8D8DC, 0x00C2D1D4, 0x00C8D6D9, 0x00CCDADD, 0x00CEDCE1,
    0x00CCDCDF, 0x00D0DFE2, 0x00D1E0E4, 0x00D6E3E7, 0x00D8E6E9, 0x00D8E6EA, 0x00DAE7EC, 0x00DEECEF, 0x00DEEBF0,
    0x00DBEAEE, 0x00DFECF0, 0x00DEECF1, 0x00E1EDF1, 0x00DBEAF0, 0x00DDECF1, 0x00DBE9EF, 0x00DEEDF1, 0x00DFECF0,
    0x00DFECF2, 0x00DEECF0, 0x00E0EDF3, 0x00E5F1F5, 0x00DFECF1, 0x00E1EEF2, 0x00E2EEF3, 0x00E1EFF3, 0x00E2F0F4,
    0x00E4F0F4, 0x00E6F1F6, 0x00E5F1F5, 0x00E4F0F4, 0x00E4F0F5, 0x00E5F2F6, 0x00E5F1F5, 0x00E2EFF3, 0x00E4F0F5,
    0x00E4F0F4, 0x00E4F0F4, 0x00E0EDF4, 0x00DFEDF5, 0x00DEEDF3, 0x00E1EEF3, 0x00DFEEF1, 0x00E1EDF1, 0x00DFECEF,
    0x00DFEDF1, 0x00E1EDF2, 0x00DDEBF1, 0x00DBE9EF, 0x00DCEAEF, 0x00DDEAEF, 0x00DEECF2, 0x00DFEDF3, 0x00DFEBF1,
    0x00DFECF1, 0x00E1EEF3, 0x00DEEDF1, 0x00E0EDF2, 0x00DEECF0, 0x00DEEBF1, 0x00E2EEF3, 0x00DEECF0, 0x00E1EEF4,
    0x00DEECF2, 0x00E1EDF2, 0x00DBEAF0, 0x00DEEBEF, 0x00DEECF0, 0x00DAE8EE, 0x00DBE9EE, 0x00DAE7ED, 0x00DBE8EE,
    0x00D7E5EB, 0x00D9E6EC, 0x00D9E7EE, 0x00D9E8ED, 0x00DBE8EE, 0x00D9E8EE, 0x00DCEAF1, 0x00DBE9F0, 0x00DDEBF0,
    0x00DEECF2, 0x00E0EDF2, 0x00DAE7ED, 0x00DCE9EF, 0x00DAE7ED, 0x00DBE8ED, 0x00DAE8EE, 0x00DBE9EE, 0x00DCE9ED,
    0x00DDEAEF, 0x00D8E8EE, 0x00DAE8EF, 0x00DAE8EF, 0x00DAE8EF, 0x00DEECF1, 0x00DBE9F0, 0x00DEECF3, 0x00DBEAF1,
    0x00DCEAF2, 0x00DCEBF1, 0x00DFEDF4, 0x00DEECF2, 0x00DEECF2, 0x00DFEDF3, 0x00E0EDF3, 0x00DCEBF1, 0x00DEECF2,
    0x00DEECF2, 0x00DEEDF3, 0x00DCECF2, 0x00DEEDF3, 0x00DDECF2, 0x00E3F0F4, 0x00E2F0F4, 0x00E2EEF4, 0x00E0EEF4,
    0x00E0EEF3, 0x00E1EFF5, 0x00E1EFF5, 0x00E2EFF5, 0x00E1EEF5, 0x00E0EFF5, 0x00E0EEF5, 0x00DCECF2, 0x00E3F0F6,
    0x00DFEEF4, 0x00DEECF2, 0x00DEEDF3, 0x00DFECF4, 0x00DFEEF4, 0x00DDECF2, 0x00DFEDF4, 0x00DFEDF3, 0x00DCEBF3,
    0x00DFEFF6, 0x00E0F0F7, 0x00DEEEF5, 0x00E2F1F7, 0x00E2F1F8, 0x00E2F2F7, 0x00E3F2F8, 0x00E3F1F7, 0x00E3F1F7,
    0x00E1F1F7, 0x00E0F1F8, 0x00E0F1F7, 0x00E1F1F7, 0x00DDEFF6, 0x00DEF0F7, 0x00DFEFF6, 0x00D5E9F2, 0x00CEE2EF,
    0x00C4DAEB, 0x00BDD5EA, 0x00BED7EB, 0x00C1DBEB, 0x00BFD7E7, 0x00C1D9E9, 0x00C1D9E9, 0x00C2D8E8, 0x00C0D6E7,
    0x00BED6E6, 0x00C3D8E7, 0x00C3D7E7, 0x00C1D5E5, 0x00BDD4E4, 0x00BFD6E5, 0x00C3D7E7, 0x00C1D7E7, 0x00ADC7DF,
    0x009DBADC, 0x00A5C2E0, 0x00AFCAE1, 0x00AEC7DD, 0x00B6CFE0, 0x00B5CCDE, 0x00B6CCE1, 0x00B1C9DD, 0x00B2CADD,
    0x00BAD2E2, 0x00BFD7E7, 0x00BDD6E4, 0x00BFD6E6, 0x00BDD4E4, 0x00C1D9E9, 0x00BED7E6, 0x00AEC7DB, 0x00B4CDDF,
    0x00C9DCE9, 0x00C7DEEA, 0x00C6DCE8, 0x00BCD4E2, 0x00A9C2D6, 0x00BBD3E3, 0x00C5DBE8, 0x00C3DBEA, 0x00BED7E6,
    0x00C1D9E8, 0x00BFD7E6, 0x00C2D7E6, 0x00C3DAE8, 0x00B9D2E3, 0x00BDD5E6, 0x00C2D7E6, 0x00C2D8E7, 0x00C3D9E8,
    0x00BFD5E5, 0x00C7DDEB, 0x00C7DBEA, 0x00BCD1E0, 0x00AFC4D4, 0x00C5D9E4, 0x00D4E7EF, 0x00D2E6EE, 0x00D0E4EC,
    0x00D3E7EE, 0x00D6E9F0, 0x00D7E9F1, 0x00D4E8EF, 0x00D2E6EF, 0x00D5E7EF, 0x00D5E7EE, 0x00D5E7EE, 0x00D1E4EC,
    0x00D3E6EC, 0x00D2E5EE, 0x00D1E5EC, 0x00D3E5ED, 0x00D0E4EC, 0x00D1E3EC, 0x00D2E4EC, 0x00D1E5EC, 0x00D4E6EE,
    0x00D6E7EE, 0x00D4E7EE, 0x00D3E5ED, 0x00D1E5EC, 0x00D1E5EC, 0x00D2E6ED, 0x00D6E8EF, 0x00CDE3EC, 0x00CCE2EA,
    0x00D2E5EE, 0x00D4E6EF, 0x00CFE3EC, 0x00CDE2EB, 0x00CCE1E9, 0x00CEE1E9, 0x00CCE1E8, 0x00CFE2E9, 0x00C5DBE7,
    0x00BDD3E2, 0x00C0D5E3, 0x00C2D7E3, 0x00CADDE7, 0x00CCE0E8, 0x00D2E4EC, 0x00C7DBE3, 0x00C8DCE3, 0x00CCE1E9,
    0x00CDE2EA, 0x00C7DCE3, 0x00C6DBE2, 0x00CBDEE6, 0x00CCDFE8, 0x00CADFE6, 0x00CDE0E8, 0x00CDE1E8, 0x00CFE3E8,
    0x00D1E3EA, 0x00CFE2E9, 0x00CFE2E9, 0x00CEE1E8, 0x00CCE0E7, 0x00C9DCE3, 0x00CFE2E8, 0x00CFE0E7, 0x00CEE0E7,
    0x00CDDFE6, 0x00CCDFE6, 0x00CDE0E5, 0x00C9DDE2, 0x00CBDDE5, 0x00CADDE2, 0x00CBDEE5, 0x00CEE0E6, 0x00CDE0E6,
    0x00C9DCE4, 0x00BCD2DE, 0x00CDE0E5, 0x00CADDE2, 0x00C9DADF, 0x00CADCE1, 0x00CCDEE3, 0x00CEDFE5, 0x00CEDFE4,
    0x00CDDEE2, 0x00CCDEE5, 0x00CEDFE3, 0x00D2E1E5, 0x00D1E0E4, 0x00D3E1E7, 0x00D0E0E4, 0x00CFDEE1, 0x00CFDFE3,
    0x00CFDFE3, 0x00CFDEE1, 0x00CEDCDF, 0x00CCDBDE, 0x00CADADE, 0x00CADADD, 0x00CCDCE0, 0x00CCDCE1, 0x00CAD9DE,
    0x00C9D7DB, 0x00C8D7DA, 0x00CAD7DB, 0x00C9D8DC, 0x00CBDBDF, 0x00CDDCE0, 0x00CCDCE0, 0x00CEDDE1, 0x00D2E0E4,
    0x00D6E3E8, 0x00D4E3E8, 0x00D8E6EB, 0x00DAE9ED, 0x00DCE9EF, 0x00DEECF0, 0x00DFECF0, 0x00DDECF0, 0x00E0EDF3,
    0x00DFEDF2, 0x00E2EFF4, 0x00E0EEF2, 0x00E0EEF3, 0x00E3EFF3, 0x00E1EFF3, 0x00E0EEF2, 0x00E3EFF3, 0x00E3EFF4,
    0x00E3F0F4, 0x00E4F0F4, 0x00E5F1F5, 0x00E2F0F4, 0x00E2F0F4, 0x00E5F1F5, 0x00E4F1F6, 0x00E3F1F5, 0x00E5F1F5,
    0x00E6F2F7, 0x00E8F3F7, 0x00E6F2F7, 0x00E5F2F6, 0x00E5F1F6, 0x00E7F3F7, 0x00E7F2F7, 0x00E2F0F5, 0x00E1F0F5,
    0x00E4F1F5, 0x00E5F0F5, 0x00E3F0F4, 0x00E4F1F6, 0x00E4F1F5, 0x00E1EFF4, 0x00E1EEF4, 0x00DEECF2, 0x00E0EDF3,
    0x00DFEEF5, 0x00DCEAF1, 0x00DCEBF2, 0x00DFEDF3, 0x00E1EEF3, 0x00E1EEF2, 0x00E3EFF5, 0x00E2EFF4, 0x00E0EEF3,
    0x00E0EEF4, 0x00E0EEF4, 0x00E2EFF6, 0x00E1EFF4, 0x00E5F1F6, 0x00E3F0F5, 0x00E0EEF3, 0x00E0EEF4, 0x00DFECF2,
    0x00E0EEF3, 0x00E0EDF2, 0x00DDEBF1, 0x00DDEBF1, 0x00DCE9EE, 0x00DCE9EE, 0x00DCE9EF, 0x00DAE9EF, 0x00DCEAF0,
    0x00DCEAF0, 0x00D8E8EE, 0x00D9E9EF, 0x00D8E8EF, 0x00DCE9F0, 0x00DCEAF0, 0x00DBE9F0, 0x00DDEAEF, 0x00DBE9EF,
    0x00DCE9EE, 0x00DBE9ED, 0x00DBE8EE, 0x00DBE8EE, 0x00DDEAEF, 0x00DDEAF0, 0x00D7E7ED, 0x00D9E7EF, 0x00DAE9EF,
    0x00DCE9EF, 0x00DCE9F0, 0x00DBE9EF, 0x00DBE9EF, 0x00DCEAF1, 0x00D9E8EE, 0x00DAE9EF, 0x00D8E7EE, 0x00D9E7ED,
    0x00D9E7EE, 0x00DCEAF0, 0x00DEEBF2, 0x00DDEBF1, 0x00DDEBF1, 0x00DCEAF1, 0x00DCEAF0, 0x00DCEBF1, 0x00DEECF1,
    0x00DCEAF0, 0x00DEECF2, 0x00E1EEF2, 0x00DFEDF3, 0x00DCEBF2, 0x00DDECF2, 0x00DFEDF2, 0x00E1EEF3, 0x00E0EEF4,
    0x00E0EEF4, 0x00E1EFF5, 0x00E0EEF4, 0x00E1EFF5, 0x00DFEEF4, 0x00DFEDF3, 0x00DFEDF3, 0x00DEECF2, 0x00DEECF2,
    0x00DDECF2, 0x00DFEDF3, 0x00DEECF3, 0x00DEEDF4, 0x00DDECF3, 0x00E0EFF6, 0x00DFEFF6, 0x00DEEEF5, 0x00E0EFF5,
    0x00E3F1F7, 0x00E1F0F6, 0x00E0EFF6, 0x00E0F0F6, 0x00DFEFF6, 0x00E1F0F6, 0x00DFEFF6, 0x00E2F0F7, 0x00DFF0F7,
    0x00E0F0F7, 0x00DFF0F7, 0x00DEF0F7, 0x00BFD8ED, 0x00C0D9ED, 0x00C2DCED, 0x00C1DAEA, 0x00C4DBEB, 0x00C3DAEA,
    0x00C4DBEA, 0x00C3DAE9, 0x00C6DBEB, 0x00BDD6E5, 0x00C2D8E8, 0x00C1D8E7, 0x00C3D8E6, 0x00C3D8E7, 0x00C1D6E6,
    0x00C6DAE7, 0x00C2D8E8, 0x00BED5E7, 0x00AFCAE2, 0x00B8D0E6, 0x00AFCAE3, 0x00BBD3E6, 0x00BDD5E4, 0x00BFD7E5,
    0x00BFD7E5, 0x00BBD2E3, 0x00BDD5E7, 0x00BDD6E5, 0x00C3DAE6, 0x00C4DBE8, 0x00C0D8E7, 0x00BDD4E4, 0x00BDD4E3,
    0x00AFC8D8, 0x00B7D0E1, 0x00C2D8E8, 0x00B9D2E4, 0x00A9C3D7, 0x00B5CEE1, 0x00C0D8E5, 0x00C5DBEB, 0x00C8DEEA,
    0x00C0D7E6, 0x00ABC4D7, 0x00ADC4D6, 0x00BFD8E8, 0x00C5DCEA, 0x00C2D9E8, 0x00BCD5E3, 0x00C0D7E6, 0x00C6DDEA,
    0x00BFD7E8, 0x00B1CBE1, 0x00C2DAEB, 0x00C5DDEB, 0x00C8DEEE, 0x00C7DDED, 0x00C7DDEC, 0x00C9DEEC, 0x00CADFEC,
    0x00BED3E1, 0x00B3C9D9, 0x00C4D8E3, 0x00D6E7EF, 0x00D3E8EF, 0x00D4E8EF, 0x00D6E8F0, 0x00D4E7EF, 0x00D6E9F0,
    0x00D0E4ED, 0x00D4E7EE, 0x00D0E3EE, 0x00D5E6EE, 0x00D5E7EE, 0x00D3E5EC, 0x00D3E6ED, 0x00D1E4EB, 0x00D3E4ED,
    0x00D0E3EA, 0x00D2E5ED, 0x00D2E5EB, 0x00D3E6ED, 0x00D1E5EC, 0x00D1E4EC, 0x00D5E7EE, 0x00D4E7EF, 0x00CEE4EB,
    0x00D6E7EE, 0x00D5E7EE, 0x00D1E5ED, 0x00D0E3EC, 0x00D0E4EC, 0x00CEE2EA, 0x00CFE3EC, 0x00CAE0EA, 0x00D1E4EC,
    0x00D0E4EC, 0x00CFE3EA, 0x00CADFE8, 0x00CDE1E9, 0x00CCE0E8, 0x00C3D8E5, 0x00BED6E3, 0x00BED4E2, 0x00C0D6E3,
    0x00CCE0E7, 0x00D2E4EB, 0x00CBDFE6, 0x00C0D5DD, 0x00CEE1E9, 0x00CFE2EA, 0x00CADDE5, 0x00C4D9E0, 0x00CBDFE6,
    0x00CCDFE8, 0x00C9DDE5, 0x00CCE0E7, 0x00CEE1E8, 0x00CADFE6, 0x00CFE2E8, 0x00CEE1E8, 0x00CFE2E9, 0x00CDE1E8,
    0x00CBDEE5, 0x00C4D9E1, 0x00CBE0E6, 0x00CBDEE4, 0x00CADCE3, 0x00C6DAE0, 0x00CBDEE4, 0x00CEDFE5, 0x00C8DBE1,
    0x00CBDEE5, 0x00CDE0E6, 0x00CEDFE6, 0x00D0E2E8, 0x00CFDFE5, 0x00C8DBE3, 0x00C4D9E3, 0x00CEE0E6, 0x00CCDFE4,
    0x00CCDEE3, 0x00CBDDE3, 0x00CEE0E4, 0x00CCDFE3, 0x00CFE0E6, 0x00CDE0E4, 0x00CEDFE5, 0x00CEDEE4, 0x00CEDFE4,
    0x00D3E3E9, 0x00D4E3E7, 0x00CEE1E8, 0x00D3E2E7, 0x00D4E3E7, 0x00CBDCE1, 0x00D1E1E5, 0x00CEDDE0, 0x00C9D9DB,
    0x00C8D8DA, 0x00CBDAE0, 0x00CBDADF, 0x00CBDADE, 0x00CAD9DC, 0x00CDDDE2, 0x00CCDADD, 0x00CDDBDF, 0x00CEDCE0,
    0x00CCDBDE, 0x00D0DDE2, 0x00CADBE1, 0x00C4D6DD, 0x00CADAE1, 0x00CFE1E7, 0x00D0E0E6, 0x00D3E2E9, 0x00D7E5EB,
    0x00DDEAF0, 0x00DEEAF0, 0x00DAE7ED, 0x00DDEBEF, 0x00E2EEF3, 0x00E2EFF4, 0x00E0EEF5, 0x00E2EFF4, 0x00E2EFF3,
    0x00E3F0F4, 0x00E3EFF4, 0x00E0EFF3, 0x00E3F0F4, 0x00E3EFF3, 0x00E4F1F5, 0x00E4F1F5, 0x00E6F2F6, 0x00E5F1F5,
    0x00E2F1F4, 0x00E5F3F6, 0x00E6F2F6, 0x00E5F1F6, 0x00E6F2F6, 0x00E6F3F8, 0x00E5F1F7, 0x00E7F3F7, 0x00E6F2F6,
    0x00E7F3F7, 0x00E7F3F8, 0x00E7F4F9, 0x00E6F3F7, 0x00E3F3F6, 0x00E6F2F7, 0x00E6F2F7, 0x00E9F4F8, 0x00E5F2F6,
    0x00E4F2F7, 0x00E3F2F6, 0x00E5F2F7, 0x00E1EFF5, 0x00DFECF3, 0x00DEEDF3, 0x00DFEEF5, 0x00DEECF2, 0x00DEEDF4,
    0x00DEEDF3, 0x00E0EEF4, 0x00E3F0F5, 0x00E1EFF5, 0x00E1EFF5, 0x00DEEDF4, 0x00E2F0F6, 0x00E2EFF5, 0x00E3F0F5,
    0x00E4F0F5, 0x00E3F1F6, 0x00E0EFF4, 0x00E3F1F7, 0x00DFEDF3, 0x00E3F0F4, 0x00E3F0F5, 0x00E2F0F3, 0x00DFEDF2,
    0x00DCEBF1, 0x00DEEDF1, 0x00DAE9EF, 0x00DDECF0, 0x00DFECF1, 0x00DFECF1, 0x00DCEAF1, 0x00DBE9EF, 0x00DBEAF0,
    0x00DDEBF1, 0x00DCEAF0, 0x00DCEAEF, 0x00DCEAF0, 0x00D4E6EC, 0x00D8E9EF, 0x00D9E8EE, 0x00DDE8EF, 0x00DCEAEF,
    0x00DDEAEF, 0x00DDEAF0, 0x00DBEAF0, 0x00D9E8EE, 0x00D9E8EF, 0x00D8E7EE, 0x00D8E6ED, 0x00D9E7ED, 0x00D8E5EC,
    0x00DAE8EF, 0x00D8E6EE, 0x00DAE7EF, 0x00D6E6EC, 0x00DAE8EE, 0x00D9E7ED, 0x00D8E7EE, 0x00D9E8EE, 0x00DAE8EE,
    0x00DBE9EF, 0x00DBE9EF, 0x00DBE9EF, 0x00DDEAF0, 0x00DBE8EE, 0x00DBEAF0, 0x00DBEBF0, 0x00DFEDF0, 0x00DEEBF0,
    0x00DCEBF0, 0x00DFEDF3, 0x00DEECF1, 0x00DBEAF0, 0x00DEECF2, 0x00DFEDF3, 0x00DFEDF3, 0x00DEECF2, 0x00DEEDF3,
    0x00DFEDF3, 0x00DEECF2, 0x00DEECF3, 0x00DEECF1, 0x00DDEBF1, 0x00DEECF2, 0x00DEEBF1, 0x00DDECF2, 0x00DEEBF2,
    0x00DCEBF2, 0x00DFEDF4, 0x00E0EEF5, 0x00DFEFF5, 0x00E1EFF5, 0x00DFEEF5, 0x00E1EEF5, 0x00DFEEF4, 0x00DEEEF4,
    0x00DEEEF4, 0x00E1EFF5, 0x00DBEBF1, 0x00DFF0F6, 0x00DCEEF4, 0x00E2F1F8, 0x00E2F1F7, 0x00DCEFF6, 0x00C3DDEF,
    0x00C9E0EF, 0x00C6DCEB, 0x00C5DCEC, 0x00C2D9E8, 0x00C4DBEA, 0x00C4DBE9, 0x00C4DAE9, 0x00C1D8E7, 0x00C2D9E7,
    0x00C6DAE9, 0x00C3D9E8, 0x00C3D8E8, 0x00C3D8E6, 0x00C4D8E7, 0x00B9D1E6, 0x00B3CBE4, 0x00ACC7E2, 0x00C4DAE9,
    0x00C4DAE9, 0x00C7DDE9, 0x00C8DDEA, 0x00C9DEE9, 0x00C8DEE9, 0x00C5DBE7, 0x00C7DCE8, 0x00C5DAE7, 0x00C1D6E3,
    0x00C3D9E7, 0x00B5CAD9, 0x00AFC6D6, 0x00B9D1E0, 0x00BED6E6, 0x00BCD5E4, 0x00C1D9E8, 0x00C3D9E8, 0x00C3D9E8,
    0x00BAD3E3, 0x00A7C2D8, 0x00B8D2E3, 0x00A8C1D8, 0x00B1CADD, 0x00BFD6E5, 0x00C7DDE9, 0x00BDD3E3, 0x00ACC4D6,
    0x00B9D2E2, 0x00C0D7E8, 0x00BFD7E5, 0x00C0D7E6, 0x00BFD7E7, 0x00C0D7E7, 0x00BBD4E6, 0x00BCD5E7, 0x00C0D8EA,
    0x00C6DCEC, 0x00C7DCEC, 0x00C7DDEB, 0x00C9DEEC, 0x00CADEEC, 0x00C9DEEC, 0x00B7CCDB, 0x00BDD2DF, 0x00C6D9E4,
    0x00D7E9F1, 0x00D8EAF2, 0x00D8EAF1, 0x00D5E8F0, 0x00D5E7F0, 0x00D3E6EE, 0x00D5E7EE, 0x00D0E3ED, 0x00D3E6ED,
    0x00D7E8EF, 0x00D1E5EC, 0x00D2E5ED, 0x00D2E6EC, 0x00D1E5EC, 0x00D1E5EC, 0x00D4E4ED, 0x00D1E4EB, 0x00D5E6ED,
    0x00D2E5EC, 0x00D4E5ED, 0x00D4E7EF, 0x00D5E8EF, 0x00D3E6ED, 0x00D6E7EE, 0x00D3E5ED, 0x00D2E5EC, 0x00CDE2EB,
    0x00CEE3EC, 0x00D0E5ED, 0x00CDE4EC, 0x00CFE4ED, 0x00CEE2EB, 0x00D2E4EC, 0x00CEE2EA, 0x00CCE0E9, 0x00CCE0E8,
    0x00CEE0E9, 0x00C4D9E6, 0x00C3D8E5, 0x00C5D9E5, 0x00C6DAE6, 0x00CFE2E9, 0x00CBDFE6, 0x00CCDFE7, 0x00C3D7E0,
    0x00C9DEE5, 0x00D2E4EC, 0x00CDE0E7, 0x00CADEE5, 0x00CADEE5, 0x00CCDFE7, 0x00CCE0E7, 0x00CDE1E8, 0x00CADEE6,
    0x00CBE0E7, 0x00CBDFE7, 0x00CEE1E8, 0x00CDE0E6, 0x00CEE1E7, 0x00CDE1E8, 0x00C2D9E3, 0x00C6DBE2, 0x00CDE0E6,
    0x00D0E1E7, 0x00CDE0E6, 0x00CDDEE4, 0x00CCDDE4, 0x00CADDE3, 0x00CEDFE6, 0x00CEE0E6, 0x00D0E0E7, 0x00CDDFE6,
    0x00CDDFE5, 0x00CEDFE6, 0x00CCDFE5, 0x00CDDFE5, 0x00CFE2E7, 0x00CFE1E6, 0x00CFE1E6, 0x00CFDFE4, 0x00D0E0E5,
    0x00D2E2E8, 0x00D1E2E8, 0x00D0E1E7, 0x00D0E1E5, 0x00CFE0E5, 0x00CFE1E7, 0x00D1E1E8, 0x00D0E2E7, 0x00D1E2E6,
    0x00D0E1E6, 0x00CFE1E5, 0x00CCDDE3, 0x00D0E2E7, 0x00D0E1E6, 0x00D0DFE4, 0x00C9D9DD, 0x00CCDBE1, 0x00CDDBE0,
    0x00C9D9DB, 0x00CBD9DD, 0x00CAD9DF, 0x00CBDBE2, 0x00CEDEE3, 0x00CBDBE0, 0x00CCDCE2, 0x00CCDDE1, 0x00CEDDE3,
    0x00CDDDE3, 0x00CDDEE4, 0x00CCDCE2, 0x00CFDFE6, 0x00D4E4EA, 0x00D8E6EC, 0x00D9E8ED, 0x00DEEBEF, 0x00DEECF1,
    0x00E2EEF2, 0x00E3EFF4, 0x00DEEEF4, 0x00E4F0F5, 0x00E5F1F5, 0x00E3F1F5, 0x00E4F2F5, 0x00E3F1F4, 0x00E3F0F4,
    0x00E5F1F6, 0x00E3F1F5, 0x00E4F2F5, 0x00E5F2F6, 0x00E5F2F7, 0x00E7F3F7, 0x00E5F3F8, 0x00E6F3F7, 0x00E6F3F8,
    0x00E5F3F8, 0x00E7F4F8, 0x00E7F4F9, 0x00E7F4FA, 0x00E7F5F9, 0x00E9F6FA, 0x00E5F3F8, 0x00E3F2F8, 0x00E7F3F9,
    0x00E6F3F8, 0x00E1F2F8, 0x00E1F1F7, 0x00E5F3F8, 0x00E4F2F8, 0x00E6F2F8, 0x00E5F3F8, 0x00E4F2F7, 0x00E5F2F7,
    0x00E0EFF5, 0x00E1EFF6, 0x00DFEFF6, 0x00E3F0F5, 0x00E1F0F6, 0x00E0F0F6, 0x00E2F0F6, 0x00E4F1F6, 0x00E2F0F6,
    0x00E2F0F6, 0x00E2F0F6, 0x00E2EFF5, 0x00E4F1F6, 0x00E4F2F6, 0x00E3F1F6, 0x00E3F1F6, 0x00E5F2F7, 0x00E5F1F7,
    0x00E6F2F7, 0x00E3F0F6, 0x00E4F1F7, 0x00E5F1F6, 0x00E4F1F6, 0x00E1EEF4, 0x00E1EEF3, 0x00DDEBF1, 0x00DDECF2,
    0x00E2EFF4, 0x00E0EDF2, 0x00E1EEF4, 0x00DEECF2, 0x00E1EEF3, 0x00DBEAF0, 0x00DEECF2, 0x00DFECF0, 0x00DDEAF0,
    0x00DBEAEF, 0x00DDEAEF, 0x00DEEBEF, 0x00DEEAEF, 0x00DCEBEF, 0x00DEECF1, 0x00D9EAEF, 0x00DCEBF1, 0x00D5E5EC,
    0x00D8E6EE, 0x00D5E3EA, 0x00DAE9EF, 0x00DAE8EE, 0x00D9E8EE, 0x00DBE9EE, 0x00D7E6EC, 0x00D7E6ED, 0x00DBE8EE,
    0x00D8E6EC, 0x00DAE8EE, 0x00DAE8ED, 0x00DBEAF0, 0x00D7E5EB, 0x00DAE7EE, 0x00DAE8EE, 0x00DAE9EE, 0x00DBE8EE,
    0x00DDEAEF, 0x00D8E8ED, 0x00DBEAF0, 0x00DCEBF0, 0x00DCEAEF, 0x00DAE9EF, 0x00DEEBF0, 0x00DBE9F0, 0x00D9E8EE,
    0x00DCEAF0, 0x00DEECF2, 0x00DFEDF3, 0x00DDEBF1, 0x00DBEAF0, 0x00E0EDF3, 0x00DEECF2, 0x00DCEAF0, 0x00DAE8EE,
    0x00DCE9EF, 0x00DCE9F0, 0x00DDEAF0, 0x00DCEAF0, 0x00DEEBF2, 0x00DFEDF3, 0x00E1EEF4, 0x00DFEDF3, 0x00DEEDF2,
    0x00E1EFF6, 0x00E3F1F5, 0x00DDEDF3, 0x00DFEFF5, 0x00DFEFF4, 0x00E0EFF5, 0x00DFEEF5, 0x00DDEDF3, 0x00DFEFF6,
    0x00DDEDF4, 0x00E2F0F7, 0x00E1F0F7, 0x00DEEFF6, 0x00C7DDED, 0x00C9DEEE, 0x00C4DBEB, 0x00C2D9E9, 0x00C4DAEA,
    0x00C3D9E9, 0x00C2D8E9, 0x00C1D8E7, 0x00C3D9E8, 0x00C7DBE9, 0x00C5DAE8, 0x00BDD4E3, 0x00C1D7E4, 0x00C4D9E9,
    0x00B8D1E7, 0x00A8C4E2, 0x00BBD2E8, 0x00C9DEEA, 0x00C9DFE9, 0x00CADDE9, 0x00BED3E2, 0x00C4D9E6, 0x00C6DAE7,
    0x00BCD2E2, 0x00C1D7E6, 0x00BAD1E0, 0x00BFD5E4, 0x00C2DAE8, 0x00C5DBE9, 0x00C5DCEA, 0x00C6DDEB, 0x00C8E0EC,
    0x00C6DEEB, 0x00C0D9E8, 0x00C3DAEA, 0x00C2DAE9, 0x00C4DBE8, 0x00CADEEB, 0x00C7DDEB, 0x00C1D7E6, 0x00BED6E5,
    0x00AFC8DA, 0x00A6C0D5, 0x00A8C1D6, 0x00B8D1E3, 0x00C1D9E8, 0x00BDD3E4, 0x00B6CDDE, 0x00B7CFE1, 0x00BDD5E6,
    0x00BDD6E7, 0x00BDD6E6, 0x00C0D7E8, 0x00BFD7E9, 0x00B4CFE6, 0x00B3CEE7, 0x00B9D3E9, 0x00C3DAEA, 0x00C7DCEB,
    0x00C9DFEC, 0x00CBDEEC, 0x00CCDFEC, 0x00B8CCDB, 0x00BBCFDD, 0x00CDE1EA, 0x00D8EAF2, 0x00D6E8F2, 0x00D2E6EE,
    0x00D4E7EF, 0x00D5E6EE, 0x00D4E6EE, 0x00D3E6ED, 0x00D2E4EC, 0x00CFE3EB, 0x00D4E6ED, 0x00D1E4EC, 0x00D2E5ED,
    0x00D2E5EE, 0x00D1E4EC, 0x00D3E4ED, 0x00D0E5EC, 0x00D4E6ED, 0x00D5E7EE, 0x00D5E5EC, 0x00D3E5EC, 0x00D4E6ED,
    0x00D5E5EC, 0x00D6E6ED, 0x00D6E6ED, 0x00D3E4EC, 0x00D1E3EB, 0x00D3E4EB, 0x00D0E3EB, 0x00D2E5EC, 0x00D2E4EB,
    0x00D0E2EB, 0x00CDE1E8, 0x00CEE2EA, 0x00D0E2EA, 0x00CBDEE7, 0x00D2E3EB, 0x00CCE0E8, 0x00C9DDE5, 0x00CEE0E7,
    0x00CDDFE6, 0x00D0E2EA, 0x00C9DEE6, 0x00CCDFE6, 0x00C9DDE5, 0x00C5DAE1, 0x00D2E5EC, 0x00D4E4EC, 0x00CBDEE5,
    0x00C8DBE3, 0x00CCE0E7, 0x00CBDFE7, 0x00CEE1E8, 0x00CBDEE6, 0x00C5DBE6, 0x00CDE1E9, 0x00CFE2EA, 0x00CDE0E7,
    0x00C9DFE8, 0x00CDE0E7, 0x00CDE0E7, 0x00CADDE5, 0x00CCDFE5, 0x00D2E2E9, 0x00D1E2E9, 0x00CEE1E7, 0x00CFE1E8,
    0x00D6E4EA, 0x00D5E5EB, 0x00D8E6EC, 0x00D4E5EB, 0x00D5E5EB, 0x00D3E4EA, 0x00D0E2E8, 0x00CFE1E5, 0x00D3E3E9,
    0x00D3E3E9, 0x00D2E3E8, 0x00D4E5EA, 0x00D5E4EA, 0x00D4E4EA, 0x00D5E5EB, 0x00D5E5EB, 0x00D5E5EA, 0x00D1E3E7,
    0x00D5E5EB, 0x00D1E2E7, 0x00D3E3E9, 0x00D1E3E8, 0x00D4E4EB, 0x00D5E4EA, 0x00D1E2E8, 0x00CEE1E6, 0x00CFE1E6,
    0x00D3E2E8, 0x00D3E2EA, 0x00CEE0E3, 0x00D0DFE4, 0x00D0E0E5, 0x00CCDFE4, 0x00CFDDE2, 0x00CDDCDF, 0x00CCDBDF,
    0x00CDDCE0, 0x00CEDDE2, 0x00CFDFE4, 0x00D1DFE5, 0x00D0DFE5, 0x00CDDDE3, 0x00CEDEE5, 0x00D1E0E6, 0x00D0E0E6,
    0x00D2E2E8, 0x00D4E3E9, 0x00D8E6EC, 0x00DAE8EE, 0x00DCEAEF, 0x00DCEAF0, 0x00E0EDF2, 0x00E0EEF3, 0x00E1EFF4,
    0x00E2F0F6, 0x00E4F1F6, 0x00E5F1F7, 0x00E5F2F6, 0x00E7F3F7, 0x00E8F4F8, 0x00E5F3F7, 0x00E5F1F7, 0x00E3F1F7,
    0x00E6F3F7, 0x00E6F3F8, 0x00E5F3F8, 0x00E7F3F8, 0x00E6F3F9, 0x00E6F3F9, 0x00E6F3F9, 0x00E6F4F8, 0x00E7F4F9,
    0x00E7F4FA, 0x00E7F5FA, 0x00E4F3F9, 0x00E6F4FA, 0x00E5F3F9, 0x00E7F3F9, 0x00E6F4F9, 0x00E4F3F9, 0x00E3F3F8,
    0x00E6F3F8, 0x00E3F1F7, 0x00E6F3F8, 0x00E3F2F8, 0x00E5F3F9, 0x00E5F2F8, 0x00E4F2F8, 0x00E2F1F7, 0x00E5F2F8,
    0x00E1F0F5, 0x00E1F0F7, 0x00E1EFF6, 0x00E2F1F7, 0x00E1F0F6, 0x00E2F1F8, 0x00E5F1F8, 0x00E2F1F7, 0x00E1EFF6,
    0x00E4F1F7, 0x00E2F0F6, 0x00E3F0F5, 0x00E3F1F7, 0x00E3F0F6, 0x00E0F0F6, 0x00E1F0F6, 0x00E3F1F7, 0x00E5F2F8,
    0x00DCEAF0, 0x00E4F0F5, 0x00E2EEF4, 0x00DEEDF3, 0x00DFEDF3, 0x00E5F1F5, 0x00E3F0F4, 0x00E2F0F4, 0x00E0EEF3,
    0x00E2EFF4, 0x00E2EFF4, 0x00DDEBF1, 0x00E0EDF2, 0x00DDEBEF, 0x00DEECF1, 0x00DDEBF0, 0x00DEEBF0, 0x00DEEBF1,
    0x00DEECF0, 0x00E0ECF3, 0x00DDECF2, 0x00DCEBF0, 0x00DFEBF1, 0x00DCEAEF, 0x00DAE8EE, 0x00DBE8EE, 0x00DAE8EE,
    0x00DCEAED, 0x00DCE9EE, 0x00DAE8EE, 0x00D8E7ED, 0x00D9E6EE, 0x00D7E6EC, 0x00D9E8EE, 0x00DAE8EE, 0x00DAE7ED,
    0x00D6E5EB, 0x00D7E6EC, 0x00D8E6ED, 0x00DAE8EE, 0x00DAE8ED, 0x00DEEAEF, 0x00DBE8ED, 0x00DDEAEF, 0x00DDE9EF,
    0x00DDEAF0, 0x00DCEAF0, 0x00DEEBEF, 0x00DBEAEF, 0x00DDEBEE, 0x00DAE9F0, 0x00DAE9EF, 0x00DEECF1, 0x00DCEAF0,
    0x00DDEBF1, 0x00DFECF1, 0x00DDEAEF, 0x00DEEAF0, 0x00DAE8EE, 0x00DEEBF1, 0x00DCEAEF, 0x00DBE9EF, 0x00DEECF1,
    0x00DFECF2, 0x00DDEBF1, 0x00DEECF2, 0x00E0EDF3, 0x00E0EEF4, 0x00E1EFF5, 0x00E1F0F6, 0x00E0EEF4, 0x00E2EFF4,
    0x00E1F0F6, 0x00DFEEF4, 0x00DDEDF3, 0x00DFEEF4, 0x00DBECF3, 0x00DBEDF3, 0x00DEEEF4, 0x00DDECF4, 0x00DDEDF4,
    0x00BFD7E8, 0x00C5DBEB, 0x00C6DCEA, 0x00C3D9E9, 0x00C6DCEB, 0x00C6DCEB, 0x00C3DAE9, 0x00C1D8E7, 0x00BFD6E6,
    0x00C1D6E6, 0x00BCD4E2, 0x00C3D8E5, 0x00C5DAE9, 0x00B8D1E7, 0x00B7CFE4, 0x00C5DBEA, 0x00C5DBE8, 0x00CADEEA,
    0x00C6DAE6, 0x00C1D6E4, 0x00C2D7E6, 0x00BFD5E4, 0x00C6DBE8, 0x00C8DEEA, 0x00C9DFEA, 0x00CAE1EC, 0x00C9DEEA,
    0x00C5DDE8, 0x00C5DCE8, 0x00C7DFEC, 0x00CCE0ED, 0x00CADFEB, 0x00C8DDEB, 0x00C1D9E7, 0x00C1D9E7, 0x00C0D6E6,
    0x00C6DCE8, 0x00C7DBEA, 0x00C4D9E8, 0x00C8DDE9, 0x00C2D8E7, 0x00ABC3D7, 0x00B3CDDF, 0x00A7C1D5, 0x00A8C3D8,
    0x00B5CEE1, 0x00BFD7E7, 0x00C3DAE8, 0x00B1C8DB, 0x00B2CBDF, 0x00B6CFE3, 0x00BBD3E5, 0x00BBD3E4, 0x00BCD4E6,
    0x00BCD5E7, 0x00B9D4E7, 0x00B6D0E7, 0x00B0CCE7, 0x00B8D3E7, 0x00C6DAE8, 0x00C7DEEB, 0x00CEE2EF, 0x00C7DBE9,
    0x00C1D7E4, 0x00C9DCE7, 0x00D4E6EF, 0x00D5E8F1, 0x00D2E6EF, 0x00D4E7EF, 0x00D3E5EE, 0x00D2E5ED, 0x00D3E5EE,
    0x00D3E5ED, 0x00CFE4EC, 0x00CFE3EC, 0x00D1E5ED, 0x00D2E6ED, 0x00D3E5ED, 0x00D3E5EE, 0x00D1E5ED, 0x00D4E6EF,
    0x00D2E4EC, 0x00D6E7EE, 0x00D5E6ED, 0x00D4E6EC, 0x00D3E5EC, 0x00CFE3E9, 0x00D2E3EA, 0x00D1E3EB, 0x00D1E3EB,
    0x00D0E2EA, 0x00CFE1E9, 0x00CFE2E9, 0x00D1E4EB, 0x00CEE1E8, 0x00D0E2EA, 0x00CCDFE7, 0x00D0E2EA, 0x00D0E1EA,
    0x00C7DCE4, 0x00CEE1E9, 0x00CFE1E8, 0x00CADEE6, 0x00C9DDE5, 0x00CFE1E9, 0x00CDE0E8, 0x00CCE0E7, 0x00CEE0E8,
    0x00CFE2E9, 0x00CBDFE6, 0x00CFE2E9, 0x00CFE1E9, 0x00CDE0E7, 0x00CDE0E6, 0x00CDDFE6, 0x00CBE0E7, 0x00CCE0E7,
    0x00CEE1E8, 0x00CDE1E8, 0x00CDE1E7, 0x00CDE0E6, 0x00D2E2EA, 0x00D3E3E9, 0x00D4E3EA, 0x00D1E2E9, 0x00D1E2E9,
    0x00D3E4EA, 0x00D4E5EB, 0x00D4E5EC, 0x00D3E4EB, 0x00D1E4EA, 0x00DEEAEF, 0x00DCE9EE, 0x00D9E6EC, 0x00D5E4EA,
    0x00DDEAF0, 0x00DDEAF0, 0x00D9E8ED, 0x00D6E7EC, 0x00D7E7ED, 0x00D7E6EC, 0x00DAE9EE, 0x00DCEAEE, 0x00E1EDF3,
    0x00DDEAF0, 0x00DBEAF0, 0x00D9E8EC, 0x00D8E8EE, 0x00D6E7EB, 0x00D8E7ED, 0x00D9E8ED, 0x00D1E3E8, 0x00D4E5EB,
    0x00D7E6ED, 0x00D2E3EA, 0x00D3E4EA, 0x00D5E5EC, 0x00D4E4EA, 0x00D6E5EB, 0x00D5E5EC, 0x00D4E4EA, 0x00D0E2E7,
    0x00D3E2E8, 0x00D0E0E4, 0x00D2E1E7, 0x00D0E0E7, 0x00CFDFE4, 0x00CFDEE4, 0x00D1E1E7, 0x00CEDEE4, 0x00D5E3E8,
    0x00D1E2E7, 0x00D0E1E5, 0x00CCDDE3, 0x00CFDFE5, 0x00D5E4EA, 0x00D6E5EA, 0x00D4E3E9, 0x00D7E5EB, 0x00D7E5EC,
    0x00D9E7ED, 0x00DCEAF0, 0x00DEEBF1, 0x00DEECF2, 0x00E0EFF3, 0x00E3F1F6, 0x00E5F1F6, 0x00E2F0F6, 0x00E4F2F7,
    0x00E6F4F8, 0x00E4F3F8, 0x00E7F3F8, 0x00E5F2F7, 0x00E2F2F7, 0x00E3F2F7, 0x00E5F4F9, 0x00E6F3F9, 0x00E7F4F9,
    0x00E7F5FA, 0x00E4F3F9, 0x00E7F4F9, 0x00E6F3F9, 0x00E5F3F9, 0x00E4F2F8, 0x00E6F4FA, 0x00E9F5F9, 0x00E8F6FA,
    0x00E8F4FA, 0x00E7F4F9, 0x00E1F2F8, 0x00E1F2F8, 0x00E2F2F7, 0x00E5F3F9, 0x00E5F3F9, 0x00E5F3F9, 0x00E3F1F8,
    0x00E3F2F8, 0x00E2F1F7, 0x00E1F1F7, 0x00E4F2F8, 0x00E4F2F8, 0x00E3F1F7, 0x00E4F2F8, 0x00E4F2F7, 0x00E1F1F6,
    0x00E7F3F8, 0x00E3F1F6, 0x00E4F1F7, 0x00E3F1F7, 0x00E5F2F8, 0x00E3F0F6, 0x00DDEDF3, 0x00DFEEF5, 0x00DEEEF4,
    0x00E0F0F7, 0x00E0F0F6, 0x00E3F1F7, 0x00E5F2F7, 0x00E6F2F8, 0x00E6F2F6, 0x00E4F0F4, 0x00E6F2F6, 0x00E4F1F4,
    0x00E0EEF4, 0x00E4F1F5, 0x00E2EFF4, 0x00E1EFF5, 0x00E0EEF3, 0x00E2F1F6, 0x00E3F0F5, 0x00DEECF2, 0x00E1EEF4,
    0x00E2EEF2, 0x00DFECF1, 0x00DFEDF0, 0x00E2EEF3, 0x00E1EEF4, 0x00E1EDF2, 0x00E0EDF2, 0x00DCEBF0, 0x00CEE3EE,
    0x00DDEBEE, 0x00DEECF0, 0x00DBE9EE, 0x00D9E8ED, 0x00DAE7EE, 0x00DAE8ED, 0x00DBE9EF, 0x00D9E6EC, 0x00D8E6EC,
    0x00D7E5EC, 0x00DAE8EE, 0x00D8E6EC, 0x00D9E7ED, 0x00D9E6EC, 0x00D8E6ED, 0x00D6E4EA, 0x00D6E5EB, 0x00D8E6EC,
    0x00D7E6EC, 0x00D9E7EE, 0x00DAE8ED, 0x00D9E6EC, 0x00DDEAEF, 0x00DBE9EF, 0x00DDE9EF, 0x00DDEAF0, 0x00D9E7ED,
    0x00DEEAF0, 0x00DCEAF0, 0x00DCE9EE, 0x00DBE9EF, 0x00DBE9F0, 0x00DEEBF1, 0x00E0ECF2, 0x00DEEBF0, 0x00DFEBF1,
    0x00DDEAEF, 0x00DFEBF0, 0x00D9E7EC, 0x00DBE9EF, 0x00DCEAEF, 0x00DEEBF2, 0x00DDEBF1, 0x00DDEBF1, 0x00DEECF2,
    0x00E0EEF3, 0x00E0EDF3, 0x00DEECF3, 0x00E0EEF4, 0x00E0EEF4, 0x00E1F0F5, 0x00DDECF3, 0x00DEEEF4, 0x00DEEEF4,
    0x00DDEDF4, 0x00DEEDF4, 0x00DCECF3, 0x00D2E5EC, 0x00D8EBF2, 0x00CBE0ED, 0x00C7DDEA, 0x00C9DEEC, 0x00C7DDEB,
    0x00C7DEEB, 0x00C6DBEA, 0x00C5DCEB, 0x00C4DAE9, 0x00C2D9E8, 0x00C2D8E6, 0x00C5DBE9, 0x00C1D8E8, 0x00C1D7E9,
    0x00C0D8E7, 0x00CADFEA, 0x00CADFEA, 0x00CBE0EB, 0x00CDE0EA, 0x00C7DCE8, 0x00C8DDE8, 0x00C7DBE7, 0x00C6DCE7,
    0x00C9DEE9, 0x00CCE0EB, 0x00CCE0EC, 0x00CDE2ED, 0x00CCE0EC, 0x00C9DFEB, 0x00CBE0EB, 0x00C7DEE9, 0x00C6DBE8,
    0x00BBD2E4, 0x00BDD4E5, 0x00BAD3E5, 0x00B8D0E2, 0x00BCD4E2, 0x00BBD2E1, 0x00BCD3E2, 0x00BDD4E4, 0x00CADFEA,
    0x00CCE0ED, 0x00C6DCEA, 0x00B2CADC, 0x00A7C1D5, 0x009FB8CF, 0x00ADC8DD, 0x00B8D1E3, 0x00C8DDEB, 0x00C7DEEB,
    0x00BED5E5, 0x00BBD3E5, 0x00B9D1E3, 0x00BBD3E5, 0x00C1D9EA, 0x00BFD8E9, 0x00C1D9E9, 0x00BCD6E8, 0x00B5D0E6,
    0x00B2CCE6, 0x00B7D1E6, 0x00C6DDEB, 0x00CCE0ED, 0x00CCE2EF, 0x00C3D8E7, 0x00C5D9E6, 0x00C8DCE7, 0x00D2E6ED,
    0x00D1E5EE, 0x00CFE4ED, 0x00D1E5EF, 0x00D1E5ED, 0x00D3E4ED, 0x00D0E3EC, 0x00CFE4EC, 0x00D0E4ED, 0x00D0E4EC,
    0x00D2E6EE, 0x00D4E7EF, 0x00D4E7EF, 0x00D2E5ED, 0x00D2E6EE, 0x00CFE4EB, 0x00D2E5EC, 0x00D1E5EC, 0x00D2E4EC,
    0x00D2E4EB, 0x00CEE1E8, 0x00CCDFE7, 0x00CCDFE7, 0x00D0E2EA, 0x00D1E3EA, 0x00D0E2EA, 0x00CEE0E8, 0x00CDDFE6,
    0x00CDDFE6, 0x00D0E1E9, 0x00CFE1E8, 0x00D0E2E9, 0x00D0E2E9, 0x00CDE0E7, 0x00CCDFE6, 0x00CEE1E9, 0x00CCE0E8,
    0x00CADEE5, 0x00CEE0E8, 0x00C9DDE5, 0x00CADFE6, 0x00CDE0E7, 0x00D1E3E9, 0x00D0E3EA, 0x00CBDEE5, 0x00D1E3EA,
    0x00CFE2E8, 0x00CEE1E7, 0x00CEE0E8, 0x00CEE1E8, 0x00D0E3E9, 0x00CEE1E8, 0x00CEE0E7, 0x00D0E1E8, 0x00D2E3E9,
    0x00D6E5EB, 0x00D6E5EC, 0x00D6E5EC, 0x00D9E7EE, 0x00D8E7ED, 0x00DAE8EE, 0x00DBE8EE, 0x00DEEAF0, 0x00E1EDF3,
    0x00E0EDF2, 0x00E3EEF3, 0x00E4EEF4, 0x00E3EEF3, 0x00E4F0F4, 0x00E6F1F5, 0x00E0ECF1, 0x00E0ECF1, 0x00D9E9EE,
    0x00DFECF0, 0x00DFECF2, 0x00D8E8EE, 0x00DFECF1, 0x00E3EEF4, 0x00E1EEF3, 0x00E0EDF2, 0x00E0ECF1, 0x00DFECF2,
    0x00E1EEF3, 0x00DAE9EF, 0x00DCEAF0, 0x00D4E6EB, 0x00D4E5EB, 0x00D7E6ED, 0x00D4E5EB, 0x00D3E3EA, 0x00D3E4EB,
    0x00D6E6ED, 0x00D2E4EA, 0x00D3E5EA, 0x00D6E5EC, 0x00D4E5EA, 0x00D5E5EB, 0x00D6E5EA, 0x00D3E3E9, 0x00D3E2E8,
    0x00D0E0E5, 0x00D0DFE5, 0x00D0E1E6, 0x00CFE0E4, 0x00D2E1E6, 0x00D5E3E9, 0x00D5E3E9, 0x00D0E1E7, 0x00CEDFE5,
    0x00CEDFE5, 0x00D6E4EA, 0x00D5E4EA, 0x00D6E4EA, 0x00D7E5EB, 0x00D7E5EA, 0x00D9E7ED, 0x00DCEAEF, 0x00DDEBF1,
    0x00DFEDF3, 0x00E0EEF4, 0x00E2EFF5, 0x00E1EFF5, 0x00E5F2F8, 0x00E5F3F9, 0x00E2F3F8, 0x00E3F3F8, 0x00E6F4F9,
    0x00E7F5F9, 0x00E8F5FA, 0x00E8F5FA, 0x00E8F5FA, 0x00E7F5FA, 0x00E8F4FA, 0x00E8F5FA, 0x00E8F5FB, 0x00E8F5FA,
    0x00E9F5FA, 0x00E8F5FA, 0x00E8F4FA, 0x00E8F5FA, 0x00E6F4FA, 0x00E3F3F9, 0x00E3F2F9, 0x00E2F2F8, 0x00E4F3F9,
    0x00E5F3F9, 0x00E2F2F8, 0x00E3F2F8, 0x00E4F3F9, 0x00E6F3F9, 0x00E6F3F9, 0x00E3F1F8, 0x00E2F1F7, 0x00E2F1F8,
    0x00E5F2F8, 0x00E4F2F8, 0x00E5F2F8, 0x00E8F4F9, 0x00E8F4F9, 0x00E6F2F7, 0x00E0F0F6, 0x00E4F1F7, 0x00E2F0F6,
    0x00E4F1F7, 0x00E2F0F6, 0x00E2F0F6, 0x00E1EFF6, 0x00E3F1F7, 0x00E3F1F7, 0x00E3F1F7, 0x00E6F2F7, 0x00E6F2F6,
    0x00E7F3F8, 0x00E6F2F6, 0x00E7F2F7, 0x00E6F2F7, 0x00E6F2F7, 0x00E5F1F6, 0x00E5F1F5, 0x00E5F1F6, 0x00E3F0F6,
    0x00E1EFF5, 0x00E2F0F4, 0x00E2EFF4, 0x00E2EFF5, 0x00DFEDF3, 0x00E0EEF4, 0x00E3EFF4, 0x00E2EFF3, 0x00E2EFF3,
    0x00E2EFF4, 0x00DEECF2, 0x00DAEBF1, 0x00DAEAF2, 0x00DDEBF0, 0x00DEECEF, 0x00DFECF0, 0x00DDEBF0, 0x00DCEAEF,
    0x00DCE9EE, 0x00D9E7ED, 0x00DCE9EF, 0x00DAE8EC, 0x00DCE9EE, 0x00DAE7ED, 0x00DAE8EE, 0x00DBE8EE, 0x00DCE8EE,
    0x00DAE7ED, 0x00DAE8EE, 0x00D8E6EC, 0x00D7E6ED, 0x00D9E8EE, 0x00D9E7ED, 0x00D9E8ED, 0x00DCEAEF, 0x00DCE9EF,
    0x00DBE9ED, 0x00DCE9EF, 0x00DCE8EF, 0x00DBE8EE, 0x00DAE8EE, 0x00DBE9EF, 0x00DCE9EF, 0x00DAE8EE, 0x00DBE9EF,
    0x00DDEAF0, 0x00DEEBF1, 0x00DBEAF0, 0x00DDEAF0, 0x00DFEBF1, 0x00DFEBF0, 0x00DEEAEF, 0x00DDEAEF, 0x00DEEBF0,
    0x00DEECF0, 0x00DFECF1, 0x00DDEBF0, 0x00DEEBF1, 0x00DEEBF1, 0x00DEECF2, 0x00DEECF3, 0x00DEEDF3, 0x00E0EEF3,
    0x00DDEDF3, 0x00E0EEF4, 0x00DEEDF3, 0x00DEEEF4, 0x00DEEDF4, 0x00DBECF3, 0x00DCEBF2, 0x00DAEAF1, 0x00D6E8EF,
    0x00D8EAF1, 0x00C8DFED, 0x00CBE0EC, 0x00C8DDEB, 0x00C8DEEC, 0x00C6DBEA, 0x00C4DAE8, 0x00C3D9E9, 0x00C3DAE9,
    0x00C8DCEA, 0x00C6DDEA, 0x00C2D9EB, 0x00C6DCEB, 0x00CAE0EC, 0x00C9DEEA, 0x00CCE0EB, 0x00CBE0EB, 0x00CEE1EC,
    0x00CEE1EC, 0x00CCE0EA, 0x00CBDFE9, 0x00CDE2EB, 0x00C8DDE8, 0x00C9DFEA, 0x00CBDFEA, 0x00CFE3ED, 0x00C9DFEA,
    0x00CBE1EC, 0x00C7DDE9, 0x00CADFEB, 0x00CADFEA, 0x00BED6E8, 0x00BED7EA, 0x00C5DBE9, 0x00C5DCEB, 0x00A9C4DF,
    0x00C3DBE9, 0x00CADFEB, 0x00C8DEEB, 0x00C2D9E8, 0x00AEC5D9, 0x00C2D8E7, 0x00CDE2ED, 0x00CAE0EC, 0x00C5DBE8,
    0x00B3CBDD, 0x00B3CDE4, 0x00B1CCE1, 0x00B7CEE2, 0x00C3DCEA, 0x00C6DEEA, 0x00B9D0E1, 0x00C9DEEC, 0x00C2D9E9,
    0x00BCD5E6, 0x00C5DCEC, 0x00C5DCEC, 0x00C4DCEB, 0x00C4DCEB, 0x00C2D9EA, 0x00B2CBE5, 0x00BCD7E9, 0x00CBDFEC,
    0x00C8DEED, 0x00C7DFEE, 0x00BED3E3, 0x00C0D5E3, 0x00CADEE7, 0x00D1E4EE, 0x00CFE4EC, 0x00D2E5EE, 0x00CFE3EC,
    0x00D3E5ED, 0x00CFE3EB, 0x00CEE3EB, 0x00D2E4EC, 0x00D2E6ED, 0x00D6E7EF, 0x00D5E7EF, 0x00D6E8F1, 0x00D2E6EE,
    0x00D3E6EE, 0x00D0E4EC, 0x00D4E6ED, 0x00D3E5EC, 0x00D3E4EB, 0x00D2E1EB, 0x00CFE1EC, 0x00CDDFEA, 0x00CEE1EA,
    0x00D3E5EB, 0x00CFE1E8, 0x00D0E2E9, 0x00CFE1E8, 0x00CDDFE6, 0x00CDE0E7, 0x00D1E1E9, 0x00CEDFE6, 0x00CADFE8,
    0x00CDE0E8, 0x00CFE1E8, 0x00CCDFE6, 0x00CAE0E9, 0x00CDE0E7, 0x00C9DDE4, 0x00CCE0E7, 0x00CBDEE5, 0x00CDDFE6,
    0x00CDDFE6, 0x00CEE1E7, 0x00D1E2EA, 0x00CDE0E6, 0x00CEE0E8, 0x00CDE0E7, 0x00CEE1E7, 0x00CCE0E7, 0x00CFE2E9,
    0x00CDE2E8, 0x00CCE0E7, 0x00CDE0E6, 0x00D4E3EA, 0x00D2E3E9, 0x00D1E3EA, 0x00D7E6EC, 0x00D6E6ED, 0x00D6E5ED,
    0x00D6E7EE, 0x00DEEBF1, 0x00E1EDF2, 0x00E0ECF1, 0x00E2EEF4, 0x00E5F0F4, 0x00E4EFF3, 0x00E2EEF3, 0x00E6F1F6,
    0x00E9F3F7, 0x00E9F3F7, 0x00E6F1F5, 0x00E5F0F5, 0x00E4EFF4, 0x00E2EDF1, 0x00E5F0F4, 0x00DFECF2, 0x00DDECF0,
    0x00E2EEF3, 0x00E4F0F4, 0x00E4F0F4, 0x00E3F0F5, 0x00E4EFF4, 0x00E3F0F6, 0x00DFEDF2, 0x00E1EEF4, 0x00DDECF1,
    0x00DAE9EF, 0x00DCEAF0, 0x00D9E8EF, 0x00D7E8EE, 0x00D4E5EB, 0x00D9E8EF, 0x00D6E7EC, 0x00D7E8EE, 0x00D9E8EF,
    0x00DDEBF0, 0x00D9E7ED, 0x00D8E7EE, 0x00D8E7ED, 0x00D3E3EA, 0x00CFDFE4, 0x00D3E3EA, 0x00D4E5EB, 0x00D3E3E9,
    0x00D3E2E8, 0x00D5E3E9, 0x00D2E2E8, 0x00D2E2E8, 0x00D4E3E9, 0x00D0E0E6, 0x00D4E3E9, 0x00D1E2E8, 0x00D6E5EB,
    0x00D7E5EB, 0x00D8E6EC, 0x00D6E5EA, 0x00DAE7EE, 0x00D8E6EC, 0x00DDEBF1, 0x00DDECF2, 0x00DDECF2, 0x00E4F0F6,
    0x00E5F1F5, 0x00E7F2F9, 0x00E4F3F7, 0x00E5F2F8, 0x00E7F4F9, 0x00E8F4FA, 0x00E9F6FA, 0x00E8F5FB, 0x00E8F6FB,
    0x00E6F4FA, 0x00E9F5FA, 0x00E7F5FA, 0x00E7F5FB, 0x00E8F5FB, 0x00E9F5FB, 0x00E5F4FA, 0x00E7F4FA, 0x00E8F5FB,
    0x00E8F5FB, 0x00E3F3F9, 0x00E3F2F9, 0x00E3F2F9, 0x00E9F5FA, 0x00E5F4FA, 0x00E3F3F8, 0x00E6F3F8, 0x00E7F5F9,
    0x00E6F3F8, 0x00E4F2F8, 0x00E2F1F7, 0x00E1F1F8, 0x00E3F2F8, 0x00E2F1F7, 0x00E5F2F9, 0x00E2F1F7, 0x00E3F2F7,
    0x00E6F3F9, 0x00E5F1F7, 0x00DFEFF5, 0x00E5F2F7, 0x00E4F0F6, 0x00E3F0F7, 0x00DFEFF5, 0x00E4F1F7, 0x00E2F0F6,
    0x00E1EFF5, 0x00E2F1F7, 0x00E1F0F6, 0x00E6F2F7, 0x00E6F2F7, 0x00E5F1F7, 0x00E3F2F6, 0x00E4F2F7, 0x00E5F1F6,
    0x00E7F3F8, 0x00E7F3F7, 0x00E7F2F7, 0x00E4F1F5, 0x00E7F3F7, 0x00E5F2F7, 0x00E7F3F7, 0x00E5F1F6, 0x00E1F0F4,
    0x00E0EFF5, 0x00DFEEF4, 0x00E1EFF5, 0x00E3EFF5, 0x00E1EEF4, 0x00E3F0F4, 0x00E3EFF4, 0x00DEECF1, 0x00DFEBEF,
    0x00DCEAEE, 0x00DFEBF0, 0x00DEEBF0, 0x00D9E7ED, 0x00DCE9EF, 0x00D9E7ED, 0x00DCEAEF, 0x00DAE8EE, 0x00D9E7EC,
    0x00DBE7ED, 0x00D9E8EC, 0x00DCE8EE, 0x00DCE8EC, 0x00DCE8ED, 0x00DBE9EF, 0x00DAE8EE, 0x00D8E6EC, 0x00DAE8EF,
    0x00DAE8EF, 0x00DAE7ED, 0x00DAE8EE, 0x00DBE8EE, 0x00DDE9EF, 0x00DCE8EC, 0x00DEEAEF, 0x00DBE8EE, 0x00DAE8EE,
    0x00DBE8EE, 0x00D9E7ED, 0x00DAE8EE, 0x00DBE9EF, 0x00DCE9EF, 0x00DEEBF1, 0x00DDEAF0, 0x00DCEAF0, 0x00DBE9EF,
    0x00DBEAEF, 0x00DCEAEF, 0x00DFECF0, 0x00DDEAEF, 0x00DEEBF0, 0x00E0EDF1, 0x00E0EDF1, 0x00DFEDF2, 0x00DFEDF2,
    0x00DEEDF2, 0x00DFEEF3, 0x00DEECF3, 0x00DFEEF2, 0x00E1EEF4, 0x00DDECF2, 0x00DFEDF4, 0x00DEEDF3, 0x00DEEEF4,
    0x00DEEDF4, 0x00DEEEF4, 0x00DAEAF1, 0x00D9EAF1, 0x00D6E9F0, 0x00D7E9F1, 0x00C5DDEC, 0x00C6DDEB, 0x00C9DFEC,
    0x00CAE0EB, 0x00C8DDEB, 0x00C6DCE9, 0x00C5DBE9, 0x00C5DCE9, 0x00C6DCEB, 0x00C4DBEB, 0x00C1D9E9, 0x00C9DEEA,
    0x00CADFEA, 0x00CCE0EA, 0x00D0E4ED, 0x00CFE3ED, 0x00CEE3EC, 0x00D1E5ED, 0x00CDE1EC, 0x00C9E0E9, 0x00CCE1EB,
    0x00CCE2EC, 0x00C7DDE8, 0x00C7DDE8, 0x00C8DEE9, 0x00C9DEEA, 0x00C9DEEB, 0x00CAE0EB, 0x00CAE0EB, 0x00C9DFEA,
    0x00BDD7E8, 0x00C5DDEB, 0x00D1E2EB, 0x00CDE1EB, 0x00CAE0EB, 0x00C1D8E6, 0x00B4CCDC, 0x00C1D6E6, 0x00C6DCEB,
    0x00C0D8E7, 0x00B9D1E3, 0x00B8D0E2, 0x00C1D7E7, 0x00CDE2ED, 0x00CCE1ED, 0x00BFD6E7, 0x00B7D0E4, 0x00BDD5E7,
    0x00B7D1E2, 0x00B1CBE1, 0x00ABC5DB, 0x00C2D9E9, 0x00C8DEEB, 0x00CAE0ED, 0x00C4DBEA, 0x00BFD8E8, 0x00C2D9E8,
    0x00C3DAEA, 0x00C4DBEA, 0x00C3DAEB, 0x00B7D1E7, 0x00C3DBEB, 0x00C9DFED, 0x00C9DEEE, 0x00C8DEED, 0x00B7CCDC,
    0x00C5DAE8, 0x00CDDFEA, 0x00D2E4EE, 0x00D1E4ED, 0x00CFE3EB, 0x00D1E3ED, 0x00D3E5ED, 0x00D2E3ED, 0x00D1E4ED,
    0x00D2E5ED, 0x00D5E7EF, 0x00D3E7EE, 0x00D5E7EF, 0x00D5E8EF, 0x00D4E6EE, 0x00D0E3EE, 0x00D2E5ED, 0x00D1E4EB,
    0x00D3E5EB, 0x00D1E3EA, 0x00D3E4EB, 0x00CFE2E9, 0x00CDE0E8, 0x00D1E1E9, 0x00D1E3EA, 0x00D1E1E9, 0x00CEE0E8,
    0x00CCDEE5, 0x00CEE0E7, 0x00CFE0E8, 0x00CDDFE6, 0x00CEDFE7, 0x00CCDFE6, 0x00CEE0E7, 0x00CDDFE6, 0x00CBDEE6,
    0x00CFE1E8, 0x00CDE0E7, 0x00CADDE4, 0x00CFE0E8, 0x00CFE0E7, 0x00D0E2E8, 0x00D2E3EA, 0x00D4E3EA, 0x00D5E5EB,
    0x00CEE0E7, 0x00CDE1E8, 0x00D2E3EA, 0x00D5E4EB, 0x00D4E4EB, 0x00D3E4EA, 0x00D4E5EB, 0x00D3E5EA, 0x00D9E7EC,
    0x00DBE8EE, 0x00DAE9EE, 0x00DDEAF0, 0x00D7E8ED, 0x00DBE9F0, 0x00DCEAF0, 0x00DEECF2, 0x00E0EDF2, 0x00E1EEF2,
    0x00E6F1F5, 0x00E8F3F7, 0x00E7F2F7, 0x00E9F3F7, 0x00EBF4F9, 0x00E9F3F7, 0x00E6F2F6, 0x00E7F2F6, 0x00E7F1F6,
    0x00EBF4F8, 0x00E6F1F5, 0x00E5EFF5, 0x00E4F0F5, 0x00E5F1F5, 0x00E7F2F6, 0x00E6F1F6, 0x00E6F1F5, 0x00E4F0F6,
    0x00E2EFF4, 0x00DFECF2, 0x00E2EFF5, 0x00E4EFF5, 0x00E3EFF5, 0x00E3EEF4, 0x00E1EDF3, 0x00DFECF2, 0x00DAE9EF,
    0x00D9EAF0, 0x00DCEAF1, 0x00DDEBF1, 0x00D6E7EE, 0x00D8E8EE, 0x00D9E7EE, 0x00D8E8EE, 0x00D8E8EE, 0x00D7E7EE,
    0x00D4E5EC, 0x00D5E6EC, 0x00D4E4EB, 0x00D4E4EB, 0x00D4E5EB, 0x00D4E5EB, 0x00D2E3E9, 0x00D6E6EC, 0x00D5E5EB,
    0x00D5E5EC, 0x00D6E5EB, 0x00D3E4EA, 0x00D1E2E8, 0x00D3E4EA, 0x00D5E5EB, 0x00D9E7ED, 0x00D9E7EC, 0x00DAE8EE,
    0x00D7E5EB, 0x00DBE8EF, 0x00DAE8EF, 0x00D9E7ED, 0x00DFECF3, 0x00E1EEF4, 0x00E7F3F9, 0x00E5F4F9, 0x00E7F3F9,
    0x00E7F4F9, 0x00E7F4F9, 0x00E8F5FA, 0x00E8F5FB, 0x00E9F6FB, 0x00E8F6FB, 0x00E8F5FB, 0x00EAF7FA, 0x00EAF7FB,
    0x00E8F6FB, 0x00EAF6FC, 0x00E4F3F9, 0x00E7F4FA, 0x00E5F4FA, 0x00E3F4FA, 0x00E6F4FA, 0x00E5F3F9, 0x00E8F5FA,
    0x00E6F4FA, 0x00E6F3F9, 0x00E1F2F8, 0x00E6F4FA, 0x00E4F2F8, 0x00E5F3F8, 0x00E6F4FA, 0x00E5F3F8, 0x00E5F3F8,
    0x00E7F3F8, 0x00E5F3F8, 0x00E2F1F7, 0x00E7F4F9, 0x00E8F5F9, 0x00E9F4F9, 0x00E8F4F9, 0x00E7F3F8, 0x00E8F3F8,
    0x00E8F3F8, 0x00E7F2F7, 0x00E7F2F9, 0x00E4F1F7, 0x00E4F1F6, 0x00E4F1F7, 0x00E5F1F7, 0x00E3F0F5, 0x00E4F0F6,
    0x00E6F2F6, 0x00E5F1F6, 0x00E4F1F6, 0x00E6F2F7, 0x00E7F3F7, 0x00E5F2F7, 0x00E6F2F7, 0x00E5F1F5, 0x00E6F2F6,
    0x00E5F2F6, 0x00E6F2F7, 0x00E6F2F8, 0x00E4F1F5, 0x00E3F0F5, 0x00E1EEF3, 0x00DFEEF4, 0x00DAEBF1, 0x00E0EFF4,
    0x00E0EEF4, 0x00E2EFF4, 0x00E0EEF4, 0x00DEECF2, 0x00DCEBF0, 0x00DDEAEF, 0x00DCEAEE, 0x00DDE9EF, 0x00D9E7ED,
    0x00DBE8EE, 0x00DBE9EF, 0x00D8E7ED, 0x00DAE8EE, 0x00D9E8EE, 0x00DAE8EE, 0x00DDE9EE, 0x00DCE8EE, 0x00DBE8ED,
    0x00DBE9EF, 0x00DAE8EE, 0x00DBE8EE, 0x00DBE9EE, 0x00DBE9EF, 0x00D9E7ED, 0x00DBE9EF, 0x00DBE8EE, 0x00DBE7EE,
    0x00DCE8EF, 0x00DDE9ED, 0x00DDEAF0, 0x00DAE8EE, 0x00D9E7ED, 0x00DCE9EF, 0x00DBE9EF, 0x00DAE8EE, 0x00DDEAF0,
    0x00DCE9EF, 0x00DEEBF1, 0x00DDEAF0, 0x00DDEAF0, 0x00DBE9EE, 0x00DBEAEF, 0x00DDEAEF, 0x00DCE9EF, 0x00DBE9EF,
    0x00DEEAEF, 0x00DFEBF1, 0x00DEECF2, 0x00DDEBF1, 0x00DEECF3, 0x00E1EEF3, 0x00DFEEF3, 0x00E1EEF3, 0x00DFEDF3,
    0x00E2EEF3, 0x00E0EEF3, 0x00E2EFF4, 0x00DEEDF3, 0x00DCECF3, 0x00DEEDF4, 0x00DEEDF4, 0x00DAEBF2, 0x00DCECF2,
    0x00D8E9F1, 0x00D6E9F0, 0x00CDE3F1, 0x00CADFEE, 0x00C9DFEC, 0x00CEE1ED, 0x00C3D9E9, 0x00C8DFEB, 0x00C9DFEB,
    0x00CAE0EC, 0x00C4DAEA, 0x00C5DBEB, 0x00C8DFEA, 0x00C7DDE8, 0x00C9DEE9, 0x00CEE1EB, 0x00CBDFEA, 0x00CDE2EC,
    0x00CDE1EC, 0x00CAE0EB, 0x00CBE0EB, 0x00C9DEE9, 0x00CADFEB, 0x00CADFEB, 0x00C9DEE9, 0x00C6DCE7, 0x00CBDFEB,
    0x00C5DCEA, 0x00C1D9E9, 0x00C1D8EA, 0x00BCD6EB, 0x00B9D4E9, 0x00C2DAE9, 0x00C6DEEB, 0x00C4DBEA, 0x00C7DEEC,
    0x00CBE0ED, 0x00CAE0EC, 0x00CADFEC, 0x00C2DAE8, 0x00B8D0E1, 0x00C3DAEB, 0x00C5DBEB, 0x00C7DDEC, 0x00BCD4E6,
    0x00B5CEE2, 0x00C6DCEA, 0x00CDE2EC, 0x00CBE0ED, 0x00B8D1E3, 0x00B3CDE2, 0x00C6DEEB, 0x00BDD6E6, 0x00B4CEE2,
    0x00B9D1E3, 0x00C7DCEC, 0x00C4DBE9, 0x00BCD5E6, 0x00C0D7E7, 0x00BBD3E5, 0x00BFD6E7, 0x00C4DAE9, 0x00C2DAEB,
    0x00B6CFE7, 0x00C1D8EB, 0x00C3DBEB, 0x00C5DEED, 0x00C9DEED, 0x00BED4E3, 0x00C0D6E4, 0x00CEE1EC, 0x00CEE1EC,
    0x00CFE3EB, 0x00D0E3ED, 0x00D2E5EE, 0x00D2E5ED, 0x00CFE4EC, 0x00D4E6EE, 0x00D2E6EE, 0x00D2E6ED, 0x00D6E6EF,
    0x00D4E6EF, 0x00D4E7EF, 0x00D2E6ED, 0x00D4E6EE, 0x00CEE3EB, 0x00D1E2EB, 0x00D1E4EB, 0x00D3E3E9, 0x00D0E2E9,
    0x00CDE0E6, 0x00D2E2EA, 0x00CDE0E6, 0x00D0E2E9, 0x00D0E2EA, 0x00CEDFE7, 0x00CBDDE4, 0x00CDE0E6, 0x00CBDEE4,
    0x00CFE0E7, 0x00CEE0E7, 0x00CFE0E7, 0x00CDDFE5, 0x00CEE1E7, 0x00D0E1E9, 0x00D0E2E9, 0x00CFE1E8, 0x00D0E2E8,
    0x00D8E8EE, 0x00D9E7EE, 0x00D5E6EC, 0x00D6E5EC, 0x00D3E5EC, 0x00D5E5EB, 0x00D3E5EA, 0x00D5E6EC, 0x00DAE7ED,
    0x00DCE8EE, 0x00DCE8ED, 0x00DFEAF0, 0x00DFEBF0, 0x00DFEAF0, 0x00E1ECF3, 0x00E0EDF3, 0x00DFECF2, 0x00E1ECF3,
    0x00E2EDF3, 0x00E3EFF5, 0x00E1EFF4, 0x00E3EFF5, 0x00E6F2F6, 0x00E8F3F8, 0x00E8F3F7, 0x00E8F4F8, 0x00E7F2F7,
    0x00EAF5F9, 0x00E8F3F8, 0x00E8F3F7, 0x00E7F2F7, 0x00E9F3F8, 0x00E8F3F8, 0x00E5F1F6, 0x00EAF4F8, 0x00E5F0F5,
    0x00E6F1F6, 0x00E8F3F8, 0x00E8F3F8, 0x00E4F1F5, 0x00E5F1F5, 0x00E6F2F6, 0x00E7F2F6, 0x00E8F2F8, 0x00E5F1F5,
    0x00E6F2F7, 0x00E5F1F6, 0x00E5F1F6, 0x00E4EFF6, 0x00E0EDF3, 0x00DDEBF2, 0x00DCEAF1, 0x00DCEAF1, 0x00D6E8ED,
    0x00DCEBF1, 0x00DAE9EF, 0x00D8E7ED, 0x00D8E7EE, 0x00D5E6EC, 0x00DBEAF0, 0x00D7E7EE, 0x00D6E6ED, 0x00D7E7EE,
    0x00D9E9EF, 0x00D6E7ED, 0x00D4E7EB, 0x00D7E7ED, 0x00D7E7ED, 0x00D5E7EC, 0x00D7E8EE, 0x00D8E9EE, 0x00D6E6ED,
    0x00D1E4E9, 0x00D3E4EA, 0x00D7E7EE, 0x00D9E8EE, 0x00D9E8EE, 0x00D8E8EE, 0x00D7E6EC, 0x00DAE8EE, 0x00DAE9EF,
    0x00DCEAF1, 0x00DEECF2, 0x00DEECF2, 0x00E0EFF5, 0x00E3F1F7, 0x00E3F2F7, 0x00E2F2F8, 0x00E6F4FA, 0x00E6F4FA,
    0x00E8F5FA, 0x00E8F5FB, 0x00E7F5FB, 0x00EAF6FC, 0x00EAF7FC, 0x00EAF7FB, 0x00EAF6FB, 0x00EBF7FC, 0x00E9F6FA,
    0x00E8F6FB, 0x00E4F3F8, 0x00E8F5FA, 0x00E9F6FC, 0x00E5F4FA, 0x00E4F4FA, 0x00E3F3FA, 0x00E4F3F9, 0x00E7F4FA,
    0x00E8F4F9, 0x00E6F3F9, 0x00E4F2F8, 0x00E6F3F8, 0x00E6F2F7, 0x00E3F1F7, 0x00E5F2F7, 0x00E7F5F9, 0x00E7F4F8,
    0x00EAF5F9, 0x00E7F3F8, 0x00E7F3F8, 0x00E7F3FA, 0x00E7F3F8, 0x00E6F2F8, 0x00E7F2F8, 0x00E7F3F9, 0x00E6F2F7,
    0x00E5F1F7, 0x00E6F2F7, 0x00E6F2F6, 0x00E5F1F6, 0x00E3F1F7, 0x00E5F1F6, 0x00E6F1F6, 0x00E7F3F6, 0x00E6F2F7,
    0x00E5F1F7, 0x00E5F2F6, 0x00E4F0F6, 0x00E5F1F7, 0x00E5F1F6, 0x00E2EFF4, 0x00E3F0F5, 0x00E2F0F5, 0x00E2EFF4,
    0x00E1EEF4, 0x00E0EEF5, 0x00DFEDF3, 0x00DFEDF3, 0x00E2EFF4, 0x00E0EEF4, 0x00DCECF2, 0x00DEEDF3, 0x00DDEBF1,
    0x00DDEAF0, 0x00DDEAF0, 0x00DBE9EE, 0x00DEEAEF, 0x00DDEAEF, 0x00DBE8EE, 0x00DBE8EE, 0x00DCEAF0, 0x00DCE9EF,
    0x00DBE8EE, 0x00DCE9EE, 0x00DCEAEF, 0x00DCE9ED, 0x00DDE9EE, 0x00DAE8EE, 0x00DAE8ED, 0x00DAE8EE, 0x00DAE7ED,
    0x00D9E7ED, 0x00DAE8EE, 0x00DAE8EE, 0x00DBE8EE, 0x00D9E7EB, 0x00DAE7ED, 0x00DCE9EF, 0x00DAE8ED, 0x00DEEAF0,
    0x00DBE8EE, 0x00DEEAEF, 0x00DDE9EF, 0x00DEEAF0, 0x00DBE9EF, 0x00DDEBF0, 0x00DEEAF0, 0x00DAE8EE, 0x00DEEBF1,
    0x00DDE9EF, 0x00D9E7ED, 0x00DDE9EF, 0x00DBE9EF, 0x00DAE8EE, 0x00DEEBF0, 0x00DFECF0, 0x00DEECF1, 0x00DFECF2,
    0x00E0ECF1, 0x00DDECF0, 0x00E1EDF1, 0x00E0EDF2, 0x00DEECF1, 0x00DFEDF3, 0x00DEECF2, 0x00E1EFF3, 0x00E0EEF4,
    0x00DDEDF3, 0x00E0EEF4, 0x00E0EFF4, 0x00DBEBF2, 0x00DDEBF2, 0x00DCEBF2, 0x00DEEDF4, 0x00CCE2EF, 0x00D2E6EF,
    0x00C8DEEA, 0x00CCE1ED, 0x00CCE1ED, 0x00CCE2EC, 0x00CDE2ED, 0x00CCE1ED, 0x00CADFEA, 0x00CDE1EC, 0x00CADEE9,
    0x00CBE1EC, 0x00CBDFE9, 0x00CCE0EB, 0x00C8DEE9, 0x00CADFEA, 0x00CFE3ED, 0x00CBE1EB, 0x00C7DDE9, 0x00C9DFEA,
    0x00CBE1EB, 0x00C4DBE9, 0x00BBD5E9, 0x00B7D0E3, 0x00C2D9E8, 0x00BAD5E7, 0x00C2DBEB, 0x00CDE3EC, 0x00CBE2EA,
    0x00CBE1EB, 0x00C5DCE9, 0x00BCD6E6, 0x00B6D0E4, 0x00AFCAE1, 0x00ADC9DE, 0x00BAD1E3, 0x00C0D8E7, 0x00C6DDEB,
    0x00C0D9E9, 0x00BFD7E8, 0x00C3DBEB, 0x00C8DDED, 0x00C6DDED, 0x00C0D7EA, 0x00B7D0E1, 0x00C7DCEA, 0x00CBE0EC,
    0x00CCE1ED, 0x00BAD3E4, 0x00C1D9E7, 0x00C8E0EC, 0x00C7DEEB, 0x00BCD5E5, 0x00BAD2E4, 0x00CADFEB, 0x00C4DAE9,
    0x00C0D6E6, 0x00BED5E6, 0x00BAD3E3, 0x00BED6E7, 0x00C5DCEA, 0x00C2D8EA, 0x00BFD8E9, 0x00C0D9E9, 0x00C2DAEB,
    0x00C8DEED, 0x00CBE0ED, 0x00BAD1E1, 0x00BCD4E3, 0x00CBDFEA, 0x00D1E3EC, 0x00D1E5ED, 0x00D2E5EE, 0x00D4E6F0,
    0x00D4E6EE, 0x00D4E7EF, 0x00D6E8EF, 0x00D7E9F0, 0x00D4E6EE, 0x00D4E6ED, 0x00D5E8F0, 0x00D3E7EE, 0x00D6E7EF,
    0x00D5E7EE, 0x00D3E5EC, 0x00D0E2EA, 0x00D1E2EA, 0x00CFE1E9, 0x00CFE1E8, 0x00D1E3EA, 0x00CFE2E9, 0x00CDE0E7,
    0x00CEE0E7, 0x00CCDFE6, 0x00CBDDE4, 0x00CCDEE6, 0x00CCDFE5, 0x00CEE0E8, 0x00CCDEE5, 0x00CFE1E7, 0x00D3E4EB,
    0x00CFE1E8, 0x00D3E3EA, 0x00D1E1E8, 0x00D6E6ED, 0x00D7E7ED, 0x00DBE9EE, 0x00D8E6ED, 0x00D7E6ED, 0x00D8E8EE,
    0x00D6E6ED, 0x00D8E6ED, 0x00D6E5EC, 0x00DEE9F0, 0x00E0EBF2, 0x00DCE9EF, 0x00DEECF1, 0x00E2EEF4, 0x00DEEBF1,
    0x00DDEBF2, 0x00DCEAF1, 0x00DEEBF1, 0x00DFECF2, 0x00E0EDF4, 0x00E9F3F8, 0x00E7F2F6, 0x00E9F4FA, 0x00E8F3F9,
    0x00EBF5F9, 0x00EAF5FA, 0x00E9F4F8, 0x00EBF5F9, 0x00EAF5F9, 0x00EBF6FA, 0x00EBF6FA, 0x00EBF5F9, 0x00EBF5F9,
    0x00EAF4F8, 0x00ECF5F9, 0x00E8F2F8, 0x00E8F3F8, 0x00E9F5F8, 0x00E5F2F5, 0x00E7F2F6, 0x00E9F4F8, 0x00E8F3F7,
    0x00E8F4F8, 0x00EDF7FB, 0x00EFF8FB, 0x00EAF6F9, 0x00EBF6FA, 0x00EBF5FA, 0x00E8F3F8, 0x00E9F4F8, 0x00E4F0F5,
    0x00DEECF2, 0x00E1EEF3, 0x00E2EEF4, 0x00E0EEF3, 0x00DAEAF0, 0x00DCEAF1, 0x00DDEBF2, 0x00D7E7ED, 0x00D6E6ED,
    0x00D5E6EC, 0x00DAE9EF, 0x00D9E9F0, 0x00D9E9F0, 0x00DCEBF1, 0x00DAEAF0, 0x00D6E7ED, 0x00D8E8EE, 0x00D9E8EF,
    0x00D7E7EE, 0x00D4E6EB, 0x00DAE9EF, 0x00DBEAF0, 0x00D8E8EE, 0x00D4E7EC, 0x00D4E6EC, 0x00D1E4EA, 0x00D6E6ED,
    0x00DAE9EF, 0x00D9E8EF, 0x00D9E9EE, 0x00D9E8ED, 0x00D9E7ED, 0x00DBEAF0, 0x00DAE9EF, 0x00DFEEF3, 0x00E1EFF5,
    0x00DEEEF5, 0x00E1F1F7, 0x00E2F1F8, 0x00E6F4F9, 0x00E6F4F8, 0x00E9F5FB, 0x00E8F5FA, 0x00E9F6FA, 0x00EAF6FC,
    0x00E8F6FA, 0x00E9F6FB, 0x00E9F6FA, 0x00EBF6FB, 0x00EAF6FB, 0x00E8F6FA, 0x00E8F4FA, 0x00E9F6FB, 0x00E9F6FA,
    0x00E9F6FA, 0x00E9F5FA, 0x00E4F3F9, 0x00E7F4F8, 0x00E6F3F9, 0x00E6F3F9, 0x00E6F3F9, 0x00E4F2F7, 0x00E6F2F7,
    0x00E7F3F8, 0x00E7F3F8, 0x00E8F3F8, 0x00E8F3F8, 0x00E6F2F6, 0x00E8F3F9, 0x00E7F3F8, 0x00E7F2F6, 0x00E7F2F8,
    0x00E8F3F8, 0x00E7F3F8, 0x00E8F4F8, 0x00E5F1F6, 0x00E6F1F7, 0x00E4F1F6, 0x00E7F2F7, 0x00E8F3F7, 0x00E6F2F6,
    0x00E5F1F6, 0x00E5F1F6, 0x00E7F2F7, 0x00E5F1F6, 0x00E4F0F4, 0x00E6F2F6, 0x00E3F0F4, 0x00E5F1F5, 0x00E3F0F5,
    0x00E5F2F7, 0x00E2F0F4, 0x00E4F0F5, 0x00E2EFF4, 0x00E3EFF4, 0x00E3EFF5, 0x00E3F0F4, 0x00E1F0F4, 0x00E4F0F4,
    0x00E0EEF4, 0x00E0EEF4, 0x00E0EEF2, 0x00DEECF2, 0x00DEECF0, 0x00DDEAF0, 0x00E0ECF1, 0x00DFEDF0, 0x00DEEBEF,
    0x00DEEBEF, 0x00DDEAEE, 0x00DBE8ED, 0x00DEEAF0, 0x00DDEAF0, 0x00DAE7ED, 0x00DCE9EE, 0x00DBE8EE, 0x00DEEAEF,
    0x00DBE8ED, 0x00DBEAED, 0x00DCE9ED, 0x00DAE8ED, 0x00DBE8EE, 0x00DBE8ED, 0x00DAE7EE, 0x00D9E6EC, 0x00DBE7ED,
    0x00DAE6ED, 0x00DBE8EE, 0x00D9E7ED, 0x00DBE9EF, 0x00DEEBF0, 0x00DCE9EF, 0x00DCE9EF, 0x00DBE9EE, 0x00DBE8EE,
    0x00DBE9EF, 0x00DFEBF1, 0x00DDEAF0, 0x00DAE8EE, 0x00DEEBF1, 0x00DDEAF0, 0x00DAE8EE, 0x00DCEAEF, 0x00DDEAF0,
    0x00DCEAEE, 0x00E0ECF1, 0x00DEEBF0, 0x00DDEAEF, 0x00E0ECF1, 0x00E0ECF1, 0x00DFEEF1, 0x00E0ECF2, 0x00E1EDF3,
    0x00E1EEF2, 0x00E0EDF2, 0x00E0EEF4, 0x00E1EEF2, 0x00E0EDF3, 0x00E0EEF4, 0x00DEEDF3, 0x00DFEDF3, 0x00DCEBF2,
    0x00DDECF2, 0x00DAEAF1, 0x00DDECF3, 0x00CEE4EF, 0x00D0E4EF, 0x00CFE4EE, 0x00D0E4EF, 0x00CEE3ED, 0x00CEE3ED,
    0x00CDE1ED, 0x00CAE0EB, 0x00CDE2EC, 0x00CEE2EC, 0x00CEE1EC, 0x00C8DEE8, 0x00CEE2EB, 0x00CBE0EA, 0x00CAE0EA,
    0x00CBE1EB, 0x00D2E5ED, 0x00CDE2EC, 0x00C6DDE9, 0x00C9DEEA, 0x00C6DDE9, 0x00C0D9E9, 0x00C2DAE8, 0x00C7DEE9,
    0x00CAE1EB, 0x00CBE1EB, 0x00C7E0E9, 0x00CDE3EC, 0x00CDE2EC, 0x00C7DFE9, 0x00C8DFE9, 0x00CBE1EC, 0x00CAE1EB,
    0x00C9E0EB, 0x00C2DBE9, 0x00B9D2E2, 0x00B6CEDF, 0x00B9D1E3, 0x00C3DCE9, 0x00BCD4E4, 0x00B0C9DD, 0x00BED6E6,
    0x00C4DCEA, 0x00C5DAEA, 0x00B5CFE2, 0x00B2CBE0, 0x00C7DCE9, 0x00CADFEB, 0x00CAE0EC, 0x00C1D9E7, 0x00C1DAE9,
    0x00C7DEEB, 0x00C5DDEA, 0x00BFD8E7, 0x00BED5E5, 0x00C5DCE8, 0x00C3DAE7, 0x00C2D8E6, 0x00B5CEE1, 0x00B4CDE2,
    0x00C4DBEA, 0x00C1D9E9, 0x00BFD7E9, 0x00BFD8E9, 0x00BFD8E9, 0x00C3DBEA, 0x00CBDFEC, 0x00C7DDEB, 0x00C1D8E6,
    0x00C1D7E6, 0x00CFE1EC, 0x00D4E6EE, 0x00D2E6EE, 0x00D5E7EF, 0x00D5E8F0, 0x00CFE4EC, 0x00D3E5EE, 0x00D4E7EE,
    0x00D4E7EE, 0x00D5E8EF, 0x00D5E7EF, 0x00D2E6ED, 0x00D4E5ED, 0x00D2E5EC, 0x00D0E3EB, 0x00CFE2EB, 0x00CEE2E9,
    0x00CEE0E8, 0x00CEE0E9, 0x00D0E1EA, 0x00CEE1E8, 0x00CEE0E9, 0x00CDE0E7, 0x00CBDEE5, 0x00CCDFE6, 0x00CDDFE6,
    0x00D1E2E9, 0x00D0E1E9, 0x00D1E2E9, 0x00D1E3EA, 0x00D4E4EB, 0x00D1E3EA, 0x00D1E3EA, 0x00D3E3EA, 0x00D8E8EE,
    0x00DAE8EF, 0x00D9E8EF, 0x00D8E7EE, 0x00D6E6ED, 0x00D8E7ED, 0x00D8E7ED, 0x00DAE8EE, 0x00DAE8EE, 0x00DEEAF0,
    0x00DDEBF1, 0x00E1EDF2, 0x00E2EEF3, 0x00E2F0F5, 0x00E0EEF3, 0x00E3F0F6, 0x00DFEEF3, 0x00E4F0F6, 0x00E5F1F6,
    0x00E7F2F7, 0x00E8F3F7, 0x00E9F4F9, 0x00EBF6FA, 0x00ECF6FA, 0x00EBF5FA, 0x00EAF5F9, 0x00ECF6F9, 0x00EDF6FA,
    0x00EEF7FB, 0x00ECF6FA, 0x00EDF7FA, 0x00EBF5F9, 0x00EAF4F8, 0x00EBF6F9, 0x00E9F3F8, 0x00EAF4F9, 0x00E8F3F8,
    0x00E8F3F8, 0x00E7F3F6, 0x00EAF5F8, 0x00EDF6F9, 0x00EBF4F8, 0x00E6F2F5, 0x00EDF7FB, 0x00EEF7FB, 0x00EAF6FA,
    0x00EAF5F9, 0x00EAF5FA, 0x00E9F5F9, 0x00EAF4FA, 0x00E8F3F8, 0x00E5F1F6, 0x00E7F2F7, 0x00E2EEF4, 0x00DCEBF1,
    0x00DEECF1, 0x00DDEBF1, 0x00E2EEF3, 0x00DDECF2, 0x00D7E8EE, 0x00DAE9F0, 0x00D8E8EE, 0x00D9E9F0, 0x00DAE9EF,
    0x00DBEAF0, 0x00DAEAF0, 0x00D9EAF0, 0x00DCEAF0, 0x00DAE9F0, 0x00D8E8EF, 0x00D7E9EE, 0x00DBEBF1, 0x00DAEAF0,
    0x00DCEBF1, 0x00D7E8EF, 0x00D7E8ED, 0x00D8E8EE, 0x00D3E5EB, 0x00D9E8EF, 0x00D9E9EF, 0x00DDEBF1, 0x00DBEBF1,
    0x00D9E9EF, 0x00DAEAF0, 0x00DBE9EF, 0x00DDEBF1, 0x00E0EEF5, 0x00DFEEF4, 0x00E1EFF5, 0x00E2F0F7, 0x00E1F1F8,
    0x00E5F3F8, 0x00E8F4FA, 0x00E8F4FA, 0x00E9F6FA, 0x00E9F6FB, 0x00E9F6FB, 0x00E9F6FC, 0x00E9F6FB, 0x00EAF6FB,
    0x00E8F5FA, 0x00E8F6FB, 0x00EAF6FB, 0x00EAF6FA, 0x00EBF6FB, 0x00ECF6FB, 0x00E8F4FA, 0x00E6F4F8, 0x00E6F3F8,
    0x00E6F4F8, 0x00E7F3F8, 0x00E5F2F7, 0x00E5F3F7, 0x00E6F2F6, 0x00E6F2F7, 0x00E5F1F6, 0x00E6F1F6, 0x00E5F1F7,
    0x00E4F1F6, 0x00E7F2F8, 0x00E6F2F8, 0x00E6F2F7, 0x00E7F3F8, 0x00E5F1F6, 0x00E5F1F6, 0x00E4F0F5, 0x00E5F1F7,
    0x00E5F1F7, 0x00E4F0F5, 0x00E5F0F7, 0x00E5F0F7, 0x00E5F1F6, 0x00E5F1F6, 0x00E5F1F6, 0x00E6F2F6, 0x00E4F0F5,
    0x00E6F0F6, 0x00E3F0F4, 0x00E2EFF3, 0x00E4F0F6, 0x00E4F0F5, 0x00E4F0F5, 0x00E0EDF2, 0x00E0EEF3, 0x00DFEEF4,
    0x00E0EEF3, 0x00E2EEF4, 0x00E1EEF3, 0x00E0EEF2, 0x00E2EEF4, 0x00DFEDF3, 0x00E1EEF4, 0x00DFEDF2, 0x00E1EDF3,
    0x00DFECF1, 0x00DEEBEF, 0x00DFEBF0, 0x00DEEBF1, 0x00DEEBF0, 0x00DAE9EF, 0x00DCEAEF, 0x00DDEAEF, 0x00DDEBF0,
    0x00DCE9EF, 0x00DEEAF0, 0x00DCE9EE, 0x00DAE8EE, 0x00DDE9EF, 0x00DDE9EF, 0x00DDE8ED, 0x00DBE8EE, 0x00D8E7ED,
    0x00DBE8EE, 0x00D9E7EE, 0x00D8E7ED, 0x00D7E5EB, 0x00D9E7ED, 0x00D6E7EC, 0x00D9E7EE, 0x00D8E7ED, 0x00DAE8EE,
    0x00DBE8EE, 0x00DAE8EE, 0x00DBE9EE, 0x00DBE9EF, 0x00DBE8ED, 0x00DEEAEF, 0x00DDEAEF, 0x00DDEAEF, 0x00DCEAF0,
    0x00DEEAF0, 0x00DDEAEF, 0x00DCE8EE, 0x00DDEAEF, 0x00DDEAEF, 0x00DCE9EE, 0x00DBE9EF, 0x00DDEBF0, 0x00DCEAEE,
    0x00E0EDF1, 0x00DFECF1, 0x00DEEBF0, 0x00DFECF1, 0x00DFECF1, 0x00E0EDF1, 0x00DFECF2, 0x00DFECF2, 0x00DDEBF1,
    0x00DFECF2, 0x00E0ECF2, 0x00DBEBF1, 0x00DDECF3, 0x00DBEBF2, 0x00DFEDF3, 0x00E0EEF4, 0x00DAEBF1, 0x00CCE4EF,
    0x00D1E5F1, 0x00D1E5F0, 0x00D3E6F1, 0x00CBE1ED, 0x00C9DFEA, 0x00CFE2ED, 0x00CFE2EC, 0x00CDE1EC, 0x00CCE0EB,
    0x00CADEE9, 0x00C8DDE8, 0x00D0E3EC, 0x00CCE1EB, 0x00CCE2EA, 0x00D0E4ED, 0x00D0E5EF, 0x00C6DDEB, 0x00C5DCEA,
    0x00CCE2EB, 0x00CEE3EC, 0x00D0E4ED, 0x00CEE3EE, 0x00CDE3EE, 0x00C9E1EB, 0x00C7DFEA, 0x00C5DDE8, 0x00CCE3EB,
    0x00CFE3EE, 0x00C9E0EA, 0x00CAE1EB, 0x00C7DFE9, 0x00CEE3EC, 0x00CDE1EC, 0x00CFE4EF, 0x00D0E5EF, 0x00C6DDE9,
    0x00B1CADC, 0x00BED7E7, 0x00BED7E7, 0x00B3CDDE, 0x00ADC8E1, 0x00B9D3E5, 0x00C9DFEB, 0x00C1D9E6, 0x00B1CBE0,
    0x00BCD4E3, 0x00C3D9E7, 0x00CADFEB, 0x00C9DFEB, 0x00C0D8E7, 0x00C4DCEA, 0x00C7DEEC, 0x00C6DEEB, 0x00B8D0E3,
    0x00C3DBE8, 0x00C6DBE9, 0x00C2DAE6, 0x00C3D9E8, 0x00B6CDE3, 0x00BDD4E6, 0x00C1D8E8, 0x00C0D8E9, 0x00BFD7E7,
    0x00C2DAEA, 0x00C0D7E8, 0x00C6DCED, 0x00CCE0ED, 0x00CCDFED, 0x00C0D6E5, 0x00B9D1E0, 0x00CDE0EC, 0x00D2E5ED,
    0x00D7E8F0, 0x00D7E8F0, 0x00D2E5EE, 0x00CADFEB, 0x00D3E7EE, 0x00D6E8EF, 0x00D6E9F0, 0x00D2E4EC, 0x00D2E5ED,
    0x00D1E4EC, 0x00D3E6ED, 0x00D2E3EB, 0x00CDE1E8, 0x00CFE1E9, 0x00CEE0E8, 0x00CEE0E7, 0x00CEE0E8, 0x00D0E2E9,
    0x00CEE0E8, 0x00CCDFE6, 0x00CADEE6, 0x00CEE1E8, 0x00CFE2E9, 0x00D1E3EB, 0x00D0E3E9, 0x00D1E3E9, 0x00D3E4EB,
    0x00D3E4EA, 0x00D2E4EA, 0x00D3E4EA, 0x00D8E7EE, 0x00D8E7ED, 0x00DBE9EE, 0x00D9E7EE, 0x00D3E4EB, 0x00D3E4EB,
    0x00D9E7EC, 0x00DFEBF1, 0x00E0ECF1, 0x00DFECF2, 0x00DFECF1, 0x00E2EEF3, 0x00E7F0F7, 0x00E8F2F6, 0x00E5F0F6,
    0x00E5F0F6, 0x00E5F1F7, 0x00E4F2F6, 0x00E8F2F7, 0x00E7F2F7, 0x00ECF5F9, 0x00E6F2F7, 0x00EAF5FA, 0x00EBF7FA,
    0x00EEF7FB, 0x00F0F8FC, 0x00F0F8FB, 0x00EDF6FA, 0x00EDF7FB, 0x00EFF8FB, 0x00EBF6F9, 0x00EDF7FA, 0x00ECF7FA,
    0x00E9F5F8, 0x00EAF5F9, 0x00E8F3F7, 0x00EAF5F8, 0x00EAF5F9, 0x00EAF4F9, 0x00E9F3F7, 0x00ECF6FA, 0x00EDF6FA,
    0x00EEF7F9, 0x00EBF4F6, 0x00EEF7FA, 0x00EBF4F9, 0x00EDF6FA, 0x00EDF8FB, 0x00EAF4F8, 0x00EAF6F9, 0x00E9F5F9,
    0x00E9F5FA, 0x00E6F2F6, 0x00E8F3F7, 0x00E2EFF3, 0x00DFEDF2, 0x00DEEBF1, 0x00E1EEF3, 0x00EBF4F9, 0x00E7F2F7,
    0x00E0EDF2, 0x00E1EDF4, 0x00DBEBF1, 0x00DBEAF1, 0x00DBEBF1, 0x00DBEBF1, 0x00DAEAF0, 0x00DEECF2, 0x00DDECF1,
    0x00D6E9EF, 0x00D5E7EE, 0x00D8E9EE, 0x00DCECF2, 0x00D9E9EF, 0x00D7E9EF, 0x00D4E7ED, 0x00D9E9EF, 0x00DAE9EF,
    0x00DBEAF0, 0x00D9E8EE, 0x00D6E7EC, 0x00DBEAF0, 0x00D8E8EE, 0x00D8E8EE, 0x00D9E8EF, 0x00DAE8EE, 0x00DBEAF1,
    0x00DCEBF2, 0x00DFEEF4, 0x00E2EFF5, 0x00DEEEF4, 0x00DCEEF4, 0x00E2F0F6, 0x00E5F2F9, 0x00E8F5F9, 0x00E9F5F9,
    0x00E9F5FA, 0x00E8F6FA, 0x00E8F5FB, 0x00E8F5FA, 0x00EBF7FB, 0x00E9F5F9, 0x00EBF6FB, 0x00EBF6FC, 0x00E8F4F8,
    0x00E9F4F9, 0x00EAF5FA, 0x00E8F4FA, 0x00E3F2F7, 0x00E5F3F7, 0x00E8F4F8, 0x00E6F2F7, 0x00E5F1F7, 0x00E5F1F5,
    0x00E2EFF4, 0x00E1EDF2, 0x00E1EEF4, 0x00E3EEF3, 0x00E3EFF4, 0x00E1EEF4, 0x00E2EFF5, 0x00E0EEF3, 0x00E5F1F5,
    0x00E4F0F6, 0x00E2EEF4, 0x00E0EDF3, 0x00E1EEF3, 0x00E5F0F7, 0x00E4F0F5, 0x00E2EFF4, 0x00E3EFF5, 0x00E1EEF4,
    0x00E3F0F5, 0x00E4F0F4, 0x00E5F1F6, 0x00E5F0F4, 0x00E3F0F4, 0x00E3EEF4, 0x00E1EEF3, 0x00E1EFF2, 0x00E3EFF4,
    0x00E2EEF4, 0x00E1EDF3, 0x00E3EFF4, 0x00E2EEF3, 0x00E1EEF2, 0x00E1EDF2, 0x00E1EEF3, 0x00E0EDF1, 0x00E1EEF2,
    0x00E0EDF2, 0x00E1EEF2, 0x00E0ECF2, 0x00DFECF2, 0x00E1EDF3, 0x00E0ECF2, 0x00DFEAF0, 0x00DEEBF0, 0x00E1EDF2,
    0x00DFEBF1, 0x00DCE9EF, 0x00DCEAEF, 0x00DEEAF0, 0x00DCE9EF, 0x00DDEBEF, 0x00DDEAEF, 0x00DEEAEF, 0x00DAE8EC,
    0x00DCE9EF, 0x00DBE8ED, 0x00DCE8EF, 0x00DBE8EE, 0x00D7E5EB, 0x00DCE9EF, 0x00DBE7EE, 0x00D9E7ED, 0x00D8E7ED,
    0x00D8E6EC, 0x00D6E6EC, 0x00D9E7EE, 0x00DAE7EE, 0x00DAE8EE, 0x00DAE8EE, 0x00DAE8EE, 0x00DCE8EE, 0x00D7E5EB,
    0x00DDEAF0, 0x00DFEBF1, 0x00DEEAF0, 0x00DDEAEF, 0x00DEEBF0, 0x00DDEAEF, 0x00DDE9EF, 0x00DDE9EE, 0x00DEEAEF,
    0x00DEEAF0, 0x00DCEAEF, 0x00DCEAEE, 0x00DBE9EF, 0x00DDEBF0, 0x00DEEBF1, 0x00DEEBF0, 0x00DBEAEF, 0x00DCEBF0,
    0x00DFECF0, 0x00DEECF1, 0x00DDEBF1, 0x00DEECF1, 0x00DCEBF1, 0x00DEECF1, 0x00DEEBF1, 0x00DDECF2, 0x00DEECF3,
    0x00DCEBF1, 0x00DEECF2, 0x00DEEDF3, 0x00DEEDF3, 0x00CEE5F1, 0x00D0E4F0, 0x00CCE2EE, 0x00CCE3EE, 0x00CCE2ED,
    0x00CEE3EE, 0x00CEE3EE, 0x00CEE2EC, 0x00CCE1EB, 0x00C7DCE7, 0x00CDE0EB, 0x00CDE2EA, 0x00CFE2EB, 0x00CCE1EB,
    0x00D0E3ED, 0x00CEE3EC, 0x00C5DDEB, 0x00C9DFEA, 0x00CFE4EC, 0x00CDE2EB, 0x00CEE2ED, 0x00CCE3EC, 0x00CEE5EE,
    0x00CAE2EC, 0x00CDE4EE, 0x00CDE5ED, 0x00C5DFE9, 0x00C8E0EB, 0x00C9E1EC, 0x00D1E4EE, 0x00CFE4ED, 0x00CCE3EC,
    0x00CCE2EC, 0x00CDE2ED, 0x00CEE3EE, 0x00CFE4EE, 0x00CEE3EF, 0x00C1D8E5, 0x00B5CEDE, 0x00B0C9DC, 0x00BFD8E5,
    0x00B9D3E5, 0x00A5C1DA, 0x00BBD5E6, 0x00C6DDE9, 0x00C9DFEB, 0x00B9D0DF, 0x00B8CFDE, 0x00C7DCEA, 0x00C7DDEA,
    0x00C0D9E7, 0x00BDD6E5, 0x00C3DBE9, 0x00C6DEEA, 0x00C4DAE9, 0x00BCD4E5, 0x00C3DBE7, 0x00C5DBE8, 0x00C5DBE8,
    0x00C7DEEB, 0x00BAD2E4, 0x00BDD4E6, 0x00BDD6E6, 0x00C3D9EA, 0x00C2D9E9, 0x00C0D8E8, 0x00BED6E6, 0x00C6DCEB,
    0x00C9DEED, 0x00CBDEEB, 0x00C3D8E7, 0x00BCD4E3, 0x00C9DCE9, 0x00D4E5EE, 0x00D5E7EE, 0x00D4E6EF, 0x00D4E7EF,
    0x00CDE2EB, 0x00D2E5ED, 0x00D3E6ED, 0x00D4E7EE, 0x00D4E7EF, 0x00D2E5EC, 0x00D3E3EB, 0x00D1E3EB, 0x00CEE1E8,
    0x00CEE1E9, 0x00CEE0E7, 0x00CFE1E8, 0x00CEE1E9, 0x00CFE0E9, 0x00CEE0E8, 0x00CEE0E8, 0x00CADFE7, 0x00CFE1E9,
    0x00D0E3EB, 0x00D0E3EA, 0x00D3E4EB, 0x00D5E5EC, 0x00D5E6ED, 0x00D5E7EC, 0x00D4E5EC, 0x00DAE9EF, 0x00DCE9EF,
    0x00E0EDF1, 0x00DBE9EF, 0x00DAE7EF, 0x00DAE8EE, 0x00DBE8ED, 0x00DFEAF0, 0x00E0ECF1, 0x00E5F0F4, 0x00E2EEF2,
    0x00E5EFF6, 0x00E8F1F6, 0x00E8F1F6, 0x00ECF5FA, 0x00E7F3F7, 0x00E6F2F7, 0x00E8F3F8, 0x00E8F3F8, 0x00E9F4F8,
    0x00E7F3F7, 0x00ECF5F9, 0x00EAF5F9, 0x00E8F4F9, 0x00ECF6FB, 0x00EDF6FB, 0x00EDF6FB, 0x00EDF7FB, 0x00EDF7FB,
    0x00ECF6F9, 0x00EEF7FA, 0x00EFF8FB, 0x00EEF7FB, 0x00EEF8FC, 0x00EEF7FB, 0x00EDF7FA, 0x00EEF8FB, 0x00ECF6FA,
    0x00EEF7FB, 0x00EDF6FA, 0x00EBF6F9, 0x00ECF6FA, 0x00EEF7FB, 0x00EEF7FA, 0x00EEF8FB, 0x00EEF8FB, 0x00EEF8FB,
    0x00F0F8FC, 0x00EFF8FB, 0x00EDF8FC, 0x00ECF7FB, 0x00ECF7FA, 0x00EEF8FC, 0x00EFF7FB, 0x00EDF6F9, 0x00E7F2F6,
    0x00E6F1F6, 0x00E2EFF5, 0x00E2EEF4, 0x00E2EFF3, 0x00E5F0F5, 0x00E3EFF4, 0x00E9F3F7, 0x00E1EFF4, 0x00DDECF3,
    0x00DCEBF1, 0x00D9E8EE, 0x00DBEAF0, 0x00DBEAF0, 0x00DDEBF1, 0x00D8E9EF, 0x00D7E9EE, 0x00DAEAF0, 0x00DDECF1,
    0x00D7E9EF, 0x00D7E8EF, 0x00D7E7EE, 0x00DAE9F0, 0x00D9E9EF, 0x00DCE9F0, 0x00DAEAF0, 0x00D7E8EE, 0x00D9E9EF,
    0x00D8E9EF, 0x00D8E9EF, 0x00D9E9EF, 0x00DAE9EF, 0x00D8E9EF, 0x00DBEBF1, 0x00DCEBF2, 0x00E0EEF4, 0x00DCEDF3,
    0x00DEEFF5, 0x00E3F1F5, 0x00E4F1F7, 0x00E6F3F9, 0x00E5F3F8, 0x00E7F3F8, 0x00E6F3F9, 0x00E6F4F8, 0x00E5F3F7,
    0x00E6F5F8, 0x00E8F5F9, 0x00EAF5FA, 0x00E8F5FA, 0x00E8F4F8, 0x00E7F3F9, 0x00E5F2F8, 0x00E7F3F8, 0x00E8F3F7,
    0x00E5F2F6, 0x00E4F1F7, 0x00E5F2F7, 0x00E4F1F5, 0x00E1EFF3, 0x00E3EFF4, 0x00E0EEF4, 0x00DDEBF0, 0x00E3EFF3,
    0x00E1EDF2, 0x00E0ECF1, 0x00DEECF2, 0x00DDECF2, 0x00E1EDF3, 0x00DEECF2, 0x00DEECF1, 0x00E0EDF2, 0x00DFECF2,
    0x00E2EEF4, 0x00DFEDF2, 0x00DEECF2, 0x00DDEBF1, 0x00E1EDF3, 0x00DCEBF1, 0x00E3F0F5, 0x00E5F0F6, 0x00E5F0F6,
    0x00E1EEF2, 0x00E0EDF2, 0x00E1EDF3, 0x00E0ECF1, 0x00E0EDF3, 0x00E0EDF3, 0x00E1EDF3, 0x00E1EDF3, 0x00E0ECF2,
    0x00DFEDF2, 0x00E0EDF2, 0x00DEECF1, 0x00E1EDF2, 0x00E0EDF3, 0x00DFEDF1, 0x00DDEBF1, 0x00E0EDF2, 0x00E1EDF2,
    0x00E0ECF0, 0x00DEECF0, 0x00DFECF1, 0x00DEEBF0, 0x00DFEBF0, 0x00DEEAF0, 0x00DEEAEF, 0x00DDEAEF, 0x00DEEAF0,
    0x00DCEAED, 0x00DDEAEF, 0x00DBE8ED, 0x00DDE9EF, 0x00DDEAEF, 0x00DBE7ED, 0x00DBE7EC, 0x00DCE8EE, 0x00DBE9ED,
    0x00D9E7ED, 0x00D9E7EB, 0x00D9E7ED, 0x00D9E7ED, 0x00DAE7EE, 0x00DBE8EE, 0x00DCE8EE, 0x00DCE8EE, 0x00DAE7ED,
    0x00DCE9EF, 0x00DBE8EE, 0x00DBE7ED, 0x00DCE8EE, 0x00DAE8EE, 0x00DEEBF0, 0x00DDEAF0, 0x00DEEAEF, 0x00DEEAEF,
    0x00DEE9ED, 0x00DAE8EE, 0x00D9E7ED, 0x00DCE8ED, 0x00DCE8EE, 0x00D8E6EC, 0x00DBE9EF, 0x00DBE9EF, 0x00DAE8EE,
    0x00DCE9EF, 0x00DCEAF0, 0x00DFEBF1, 0x00DDEBF0, 0x00DDEBEF, 0x00DEEAF0, 0x00DCEAF0, 0x00DDEBF0, 0x00DDEAF0,
    0x00DFECF1, 0x00DFECF0, 0x00DCEBF2, 0x00DBEBF0, 0x00DDEBF2, 0x00D8EAF0, 0x00DDEBF1, 0x00DBEBF1, 0x00DCEBF2,
    0x00CEE5F0, 0x00C8E0EC, 0x00CCE2EE, 0x00CCE2EE, 0x00CFE3EE, 0x00CFE3EE, 0x00CCE1ED, 0x00CCE0EA, 0x00CEE2EC,
    0x00C9DEE9, 0x00D0E3EC, 0x00CBE1EC, 0x00CADFEA, 0x00CCE0ED, 0x00CAE0EB, 0x00CFE2ED, 0x00D0E4EC, 0x00CDE2EB,
    0x00CCE1EC, 0x00CBE0EB, 0x00CDE2ED, 0x00CCE2EC, 0x00CCE2ED, 0x00D2E7EF, 0x00CDE3ED, 0x00CEE4EE, 0x00CBE1EB,
    0x00D0E4ED, 0x00D2E6EE, 0x00CDE2EC, 0x00CDE2EC, 0x00CEE2EC, 0x00CCE2EB, 0x00D1E5EE, 0x00CEE2EE, 0x00CAE1EC,
    0x00CAE0EC, 0x00CAE0EB, 0x00CCE1ED, 0x00CAE0EB, 0x00B7CFE0, 0x00BBD2E1, 0x00B5CFE2, 0x00A4C2DB, 0x00BDD8E8,
    0x00CAE0EB, 0x00CEE3EF, 0x00C7DCE9, 0x00B8CEDE, 0x00BBD3E1, 0x00C7DDEA, 0x00C0D9E7, 0x00C2DAE8, 0x00C8DEEB,
    0x00C6DDEA, 0x00C4DCE9, 0x00C7DDE9, 0x00C6DCE9, 0x00C6DDE9, 0x00CBE0EB, 0x00C6DCEB, 0x00B5CEE2, 0x00BDD5E6,
    0x00BDD5E6, 0x00BED6E6, 0x00C0D7E7, 0x00C4DAE9, 0x00C5DBEA, 0x00C9DEEB, 0x00CADDEB, 0x00C8DCEA, 0x00C5DAE8,
    0x00C1D7E6, 0x00C3D9E6, 0x00CCE0EA, 0x00D4E6EE, 0x00D3E5EF, 0x00D3E6ED, 0x00D2E5ED, 0x00D1E5EE, 0x00D8E9EF,
    0x00D4E7EE, 0x00D3E7EE, 0x00D3E5ED, 0x00CFE2E9, 0x00CEDFE7, 0x00C8DAE2, 0x00CEE1E9, 0x00CDE1E9, 0x00D3E4EC,
    0x00D1E4EB, 0x00D4E5EC, 0x00CEE2E9, 0x00CFE3EA, 0x00D3E5EC, 0x00D1E3EA, 0x00D1E3EA, 0x00D4E5EC, 0x00D3E5EC,
    0x00D4E6EC, 0x00D3E5EC, 0x00D7E6ED, 0x00DBE9F0, 0x00DEEAF0, 0x00DEEBF1, 0x00DEECF1, 0x00DEEAF1, 0x00DBE9EF,
    0x00DAE9F0, 0x00E0ECF2, 0x00E2EEF2, 0x00E2EEF3, 0x00E5F0F4, 0x00E5EFF5, 0x00E8F2F6, 0x00ECF5F9, 0x00EAF4F8,
    0x00E9F5F8, 0x00EAF6F9, 0x00E9F5F9, 0x00EAF5F9, 0x00EAF5F9, 0x00E8F3F7, 0x00EAF4F8, 0x00E9F4F7, 0x00EBF6FA,
    0x00EBF5FA, 0x00ECF7FA, 0x00EDF7FB, 0x00EFF8FC, 0x00EEF8FC, 0x00F0FAFD, 0x00EEF8FB, 0x00ECF7FB, 0x00EEF8FB,
    0x00EEF8FC, 0x00EDF7FB, 0x00F0F9FC, 0x00F2FAFC, 0x00EDF7FA, 0x00EEF7FA, 0x00EBF4FA, 0x00EAF4F9, 0x00EAF5F9,
    0x00EEF9FC, 0x00ECF7FB, 0x00ECF7FB, 0x00EFF9FC, 0x00F0F9FC, 0x00F1F9FC, 0x00EEF8FC, 0x00EDF8FB, 0x00EDF8FB,
    0x00EEF9FC, 0x00EEF8FB, 0x00ECF6FB, 0x00EBF7FA, 0x00EBF5F9, 0x00E8F3F8, 0x00E9F3F8, 0x00E7F2F6, 0x00E7F2F6,
    0x00E5F1F5, 0x00E3EFF3, 0x00E6F1F6, 0x00EBF4F8, 0x00E3F0F4, 0x00DFEDF2, 0x00DCEBF1, 0x00DDEBF0, 0x00DDEBF1,
    0x00DAE9F0, 0x00DAE9EF, 0x00D8E9EF, 0x00D8E8EE, 0x00D9E8EF, 0x00D8E7ED, 0x00D8E7EE, 0x00D6E6EC, 0x00D8E8EE,
    0x00D9E9EF, 0x00DDEBF1, 0x00DEECF2, 0x00DEECF2, 0x00DBEAF0, 0x00D9E9EE, 0x00D8E8EE, 0x00D8E7EE, 0x00D9E9EF,
    0x00DBE9EF, 0x00DFEDF2, 0x00DEECF2, 0x00E0EFF5, 0x00E1EFF5, 0x00E2F0F4, 0x00E2F0F4, 0x00E3F1F6, 0x00E4F1F5,
    0x00E2F0F5, 0x00E6F3F8, 0x00E6F3F7, 0x00E7F3F7, 0x00E8F5F8, 0x00E7F4F8, 0x00E9F5F9, 0x00E5F3F8, 0x00E1F1F6,
    0x00E4F1F7, 0x00E3F0F6, 0x00DDEDF3, 0x00DFEFF5, 0x00E4F1F6, 0x00E5F1F7, 0x00E3F1F6, 0x00E3EFF5, 0x00E3EFF4,
    0x00E3EFF3, 0x00DEECF2, 0x00DCEBF0, 0x00DEEBF1, 0x00DBEAF0, 0x00DBEAF0, 0x00DEEBF1, 0x00DBEAF0, 0x00DBEAF1,
    0x00DBEBF0, 0x00DAE9EF, 0x00DDEBF0, 0x00DCEAF0, 0x00D9E9EF, 0x00DAEAF0, 0x00DEEBF1, 0x00DEEBF1, 0x00DEEBF1,
    0x00DEECF2, 0x00DEEBF1, 0x00E2EEF4, 0x00E2EEF3, 0x00E1EDF3, 0x00DEEBF1, 0x00DEEBF0, 0x00DEECF2, 0x00DDEAF0,
    0x00DBE9EF, 0x00E0EDF2, 0x00DFECF2, 0x00DFEDF2, 0x00E0EDF2, 0x00DDEBEF, 0x00E0ECF2, 0x00E1EDF2, 0x00DDEBF0,
    0x00DEEBF0, 0x00DEEBF0, 0x00DFECF0, 0x00DEECF1, 0x00DEEBF0, 0x00DEECF1, 0x00DEEAF0, 0x00DFEBF0, 0x00E0ECF1,
    0x00DFEBF1, 0x00DFEBF1, 0x00DFEBF0, 0x00DDEAEE, 0x00DDEAF0, 0x00DCEBEE, 0x00DCE9EF, 0x00DEEAEF, 0x00DDE9EE,
    0x00DDE9EF, 0x00D9E6EC, 0x00DAE7EC, 0x00DBE7EC, 0x00DBE7EC, 0x00D9E7ED, 0x00DCE9EF, 0x00DBE8EE, 0x00DBE8EE,
    0x00D7E5EC, 0x00DAE8EE, 0x00D9E7ED, 0x00DAE7EE, 0x00DBE9EF, 0x00DAE8EE, 0x00DDE9EF, 0x00DCE8EE, 0x00DCE9EF,
    0x00DCE8EE, 0x00DEEAF0, 0x00DCEAF0, 0x00DEEAEF, 0x00DAE7EC, 0x00DBE8ED, 0x00DDE9EE, 0x00D9E8EB, 0x00D9E8EC,
    0x00DBE7ED, 0x00D7E6EC, 0x00DBE8ED, 0x00DBE9EE, 0x00D9E8EE, 0x00DDEAEF, 0x00DBE9EF, 0x00DDEBF0, 0x00DCEAF0,
    0x00DCEAF0, 0x00DBE9EF, 0x00D9E9EF, 0x00DFEAEF, 0x00DDECF1, 0x00DDEAF0, 0x00DFECF2, 0x00DFECF1, 0x00DEECF1,
    0x00DDEBF0, 0x00DCEAF1, 0x00DCEBF1, 0x00DBEAF1, 0x00D8E8EF, 0x00CCE3EF, 0x00C8E0EB, 0x00CDE3EE, 0x00CEE4EF,
    0x00D1E5EF, 0x00CBE1EB, 0x00CCE2EB, 0x00CDE1EB, 0x00CCE1EC, 0x00CDE1EC, 0x00CADFEA, 0x00CAE0EA, 0x00CBE0EB,
    0x00D0E4EC, 0x00CFE5ED, 0x00CFE3EC, 0x00CCE1EC, 0x00CCE1EC, 0x00CDE3EC, 0x00CEE2EC, 0x00CEE1EC, 0x00CCE3ED,
    0x00CBE1EB, 0x00CCE2EB, 0x00CEE3ED, 0x00CDE3ED, 0x00CCE2EC, 0x00CFE4EE, 0x00D1E5EC, 0x00CFE3EC, 0x00CFE4EF,
    0x00D1E5EE, 0x00D0E4ED, 0x00D0E4EC, 0x00CBE2ED, 0x00CAE2EC, 0x00CEE2ED, 0x00CDE2ED, 0x00CCE2EC, 0x00CDE2ED,
    0x00C9E0EC, 0x00C8DFEC, 0x00C4DBE8, 0x00BDD5E5, 0x00B0CBE0, 0x00C4DCEA, 0x00C7DCEB, 0x00CBE0ED, 0x00CAE1EE,
    0x00B8D0DF, 0x00BAD2E0, 0x00C5DBEA, 0x00C3DBE9, 0x00C8DEEB, 0x00C7DDEA, 0x00CAE0EB, 0x00C9DDEA, 0x00C8DEEB,
    0x00C8DEE9, 0x00C6DCE9, 0x00D0E2EC, 0x00C3D9E8, 0x00B8D0E3, 0x00C0D6E7, 0x00C0D7E6, 0x00C3DAE9, 0x00C0D6E6,
    0x00C0D8E7, 0x00C6DCEA, 0x00CADEED, 0x00C6DCEA, 0x00C8DCEB, 0x00C6DAE8, 0x00BCD3E3, 0x00C7DCE8, 0x00D2E5EC,
    0x00CEE1EC, 0x00D1E4ED, 0x00D2E4EE, 0x00CBDFEA, 0x00D5E7EE, 0x00D6E8EF, 0x00D6E8EE, 0x00D3E5ED, 0x00D3E6ED,
    0x00D4E6ED, 0x00D0E3EA, 0x00CEE1EA, 0x00CFE2E9, 0x00D1E2EA, 0x00D1E4EB, 0x00D3E5ED, 0x00D6E7ED, 0x00D2E2E9,
    0x00D2E3EA, 0x00D0E2E9, 0x00D4E5EC, 0x00D1E3EA, 0x00D1E3EA, 0x00D5E5EC, 0x00D4E7EC, 0x00D6E7EE, 0x00DAE9EF,
    0x00E1EDF3, 0x00E2EEF4, 0x00E2EDF3, 0x00DFECF3, 0x00DFECF2, 0x00DDEBF0, 0x00E3EEF3, 0x00E3EEF3, 0x00E4EFF4,
    0x00E5F0F5, 0x00E8F2F8, 0x00E9F3F8, 0x00EAF4F8, 0x00E8F3F7, 0x00E9F3F8, 0x00E9F3F9, 0x00E9F4F7, 0x00ECF6FA,
    0x00EBF6FA, 0x00ECF6FA, 0x00EAF5F9, 0x00EAF5FA, 0x00ECF6FA, 0x00EEF8FC, 0x00ECF7FB, 0x00EDF8FB, 0x00F0F9FC,
    0x00F1FAFD, 0x00ECF7FB, 0x00ECF7FB, 0x00EAF6F9, 0x00EDF7FA, 0x00EDF7FA, 0x00EEF8FB, 0x00F0F9FC, 0x00EFF8FB,
    0x00EFF8FB, 0x00EFF7FB, 0x00E8F3F7, 0x00ECF6FA, 0x00EDF7FB, 0x00EDF7FB, 0x00EDF7FB, 0x00EFF8FC, 0x00F0F9FC,
    0x00F0F8FC, 0x00EFF8FC, 0x00EFF9FC, 0x00EEF8FA, 0x00EDF8FC, 0x00EDF7FB, 0x00EFF8FB, 0x00EEF7FB, 0x00ECF7FA,
    0x00ECF6FA, 0x00EAF4FA, 0x00E9F4F8, 0x00EBF4F8, 0x00E8F3F7, 0x00E8F3F7, 0x00E9F2F6, 0x00EAF3F8, 0x00E9F3F8,
    0x00E9F2F7, 0x00E9F3F7, 0x00E0EEF2, 0x00DBE9EF, 0x00DCE9EF, 0x00DAEAF0, 0x00D7E6EE, 0x00D8E7EE, 0x00D8E9EF,
    0x00DEEBF1, 0x00D9E8EE, 0x00D9E9EF, 0x00DBE8EE, 0x00DDEBF0, 0x00DEECF2, 0x00E0ECF0, 0x00E0EDF2, 0x00DFEDF1,
    0x00E0EDF3, 0x00DEECF1, 0x00DFEDF2, 0x00DBE9EF, 0x00DCEAF0, 0x00DDECF1, 0x00E0EEF3, 0x00DDECF2, 0x00DDECF1,
    0x00DFEEF4, 0x00E2F0F4, 0x00E4F0F5, 0x00E3F0F4, 0x00E3F0F4, 0x00E3F1F5, 0x00E4F1F6, 0x00E6F2F7, 0x00E4F3F8,
    0x00E6F4F8, 0x00E7F4F8, 0x00E7F4F7, 0x00E6F3F8, 0x00E1F2F7, 0x00E0F0F5, 0x00E3EFF5, 0x00E4EFF5, 0x00E5F0F6,
    0x00E4F0F4, 0x00E3F0F5, 0x00E2EEF4, 0x00E0EEF4, 0x00E3F0F6, 0x00E1EEF4, 0x00DFECF1, 0x00DDEAF0, 0x00DCEAF0,
    0x00DCE9EF, 0x00DFEBF1, 0x00DDEAF0, 0x00DAE9EF, 0x00DBEAF0, 0x00DEEBF2, 0x00DAEAF0, 0x00D9E8EE, 0x00D6E7ED,
    0x00DBE9EF, 0x00D8E8EF, 0x00DCE9F0, 0x00DCEAF0, 0x00DFECF1, 0x00DDEBF1, 0x00DCEAF0, 0x00DDEBF0, 0x00DCEBF0,
    0x00DDEBF0, 0x00DEEAF0, 0x00DDEBF0, 0x00DEEBEF, 0x00DCEAEE, 0x00DDEBF0, 0x00DDEAF0, 0x00E1EDF3, 0x00E1EDF1,
    0x00E0ECF1, 0x00E1EDF1, 0x00DFECF1, 0x00E0ECF2, 0x00DFEBF0, 0x00DDEAF0, 0x00DDEAF0, 0x00DDEAEF, 0x00DDEAEF,
    0x00DDE9EE, 0x00DEEAEF, 0x00DDE9EF, 0x00DEEBF1, 0x00DDEAEF, 0x00DFEBF0, 0x00DFEBF1, 0x00DFEBF0, 0x00DDEBF0,
    0x00DEEBEF, 0x00DCEAEE, 0x00DCEAEF, 0x00DBE8ED, 0x00DAE9EF, 0x00DDE9EF, 0x00DBE7EC, 0x00DBE7ED, 0x00DAE7EE,
    0x00DBE7ED, 0x00DBE7ED, 0x00DAE8EE, 0x00DBE7EE, 0x00D9E6EC, 0x00D9E7ED, 0x00DAE7ED, 0x00D8E5EC, 0x00D9E7ED,
    0x00DCE9EF, 0x00DCE8EE, 0x00DDE9EF, 0x00DAE7EE, 0x00D8E6EC, 0x00DAE8EE, 0x00DDE9EF, 0x00DAE8EE, 0x00DEEAF0,
    0x00DDE9EE, 0x00DCE9ED, 0x00DCE8EE, 0x00DDEAED, 0x00DCE7EC, 0x00DDE8EE, 0x00DBE9EF, 0x00DCE9ED, 0x00DBE8EE,
    0x00D7E6EC, 0x00DAE8EE, 0x00DDEBF0, 0x00DCE9F0, 0x00DBEAF0, 0x00DCE9EE, 0x00DBE9EF, 0x00DDEAEE, 0x00DDEBF0,
    0x00DFECF1, 0x00DCE9ED, 0x00DBE9F0, 0x00D9E9EF, 0x00DDEAF0, 0x00DDEBF1, 0x00DCEBF1, 0x00DBEAF0, 0x00DEEBF1,
    0x00E0EDF3, 0x00D0E6F1, 0x00D0E6F1, 0x00D1E6F0, 0x00D3E7F0, 0x00D0E5EE, 0x00D3E6EF, 0x00D1E5EC, 0x00CFE3EC,
    0x00CEE3ED, 0x00CEE3EC, 0x00CFE3EC, 0x00D0E3EC, 0x00CCE2EB, 0x00D0E3EC, 0x00CCE3EB, 0x00D3E5ED, 0x00D0E4ED,
    0x00CEE2EB, 0x00CEE1EA, 0x00CDE1EB, 0x00CEE2EB, 0x00C6DFE9, 0x00CCE1EC, 0x00CFE4ED, 0x00CEE3EC, 0x00CDE2ED,
    0x00CFE5EE, 0x00CFE4EE, 0x00D1E5EF, 0x00D0E5ED, 0x00D0E4EE, 0x00CFE5EE, 0x00CEE4ED, 0x00CEE4ED, 0x00CFE4EF,
    0x00CEE3EC, 0x00D0E3EE, 0x00CEE2EC, 0x00CEE2ED, 0x00CEE3ED, 0x00CCE1ED, 0x00CBE0EB, 0x00C9DEEB, 0x00C9DEEA,
    0x00BAD1E4, 0x00BED7E6, 0x00C8DEEB, 0x00CCE0ED, 0x00CAE0ED, 0x00C9DEEC, 0x00B7D0DF, 0x00C3DAE6, 0x00C6DCE9,
    0x00C7DDE9, 0x00C6DEE9, 0x00CBE0EC, 0x00CBE0EC, 0x00C8DEEA, 0x00C8DEEA, 0x00CADFEA, 0x00CDE1EC, 0x00CCE0EC,
    0x00C5DAEA, 0x00BDD5E5, 0x00BCD5E5, 0x00C2D8E8, 0x00C1D8E6, 0x00C0D7E6, 0x00C6DCEA, 0x00C4DAEA, 0x00C6DCEB,
    0x00C3DBE9, 0x00CADDEA, 0x00CADEEB, 0x00C8DCE8, 0x00C8DBE6, 0x00C4D7E3, 0x00CADDE8, 0x00CDE1EB, 0x00CEE3EC,
    0x00CFE2EB, 0x00CFE2EB, 0x00D1E3EB, 0x00CDE0EA, 0x00D0E4EB, 0x00D3E4EC, 0x00D0E3EA, 0x00CFE0E8, 0x00CEE0E7,
    0x00CFE1E9, 0x00D3E4ED, 0x00D2E5EC, 0x00D5E5ED, 0x00D2E4EA, 0x00D1E3E9, 0x00D2E4EA, 0x00D3E3EB, 0x00D2E4EA,
    0x00D4E5EB, 0x00DAE8F0, 0x00D5E6EC, 0x00D8E8EE, 0x00DDEBF1, 0x00E3EFF4, 0x00E3EEF4, 0x00E1EDF3, 0x00DFECF2,
    0x00E2EEF3, 0x00E5F0F5, 0x00E5EFF4, 0x00E5F1F5, 0x00E8F2F6, 0x00E8F2F7, 0x00E8F3F7, 0x00E7F2F8, 0x00EBF5F9,
    0x00E8F3F7, 0x00EAF5F8, 0x00ECF6FA, 0x00EBF6F9, 0x00EBF6F9, 0x00ECF6FA, 0x00EAF5FA, 0x00EAF5F9, 0x00EAF5FA,
    0x00EDF7FB, 0x00F0F8FB, 0x00EDF8FA, 0x00EEF8FB, 0x00EFF9FB, 0x00EEF8FC, 0x00EAF7FA, 0x00ECF7FB, 0x00EBF7FA,
    0x00EEF8FB, 0x00EFF9FB, 0x00EFF8FB, 0x00EFF8FC, 0x00EEF7FB, 0x00EDF7FB, 0x00ECF6FA, 0x00EBF5F9, 0x00EDF7FB,
    0x00EBF6FB, 0x00EEF8FC, 0x00EFF8FC, 0x00F0F9FC, 0x00F2FAFC, 0x00F1FAFC, 0x00F1F9FC, 0x00EEF7FB, 0x00F0F9FB,
    0x00EEF8FB, 0x00EDF7FB, 0x00EEF8FB, 0x00EDF8FC, 0x00F0F8FC, 0x00ECF7FB, 0x00EBF6FA, 0x00E9F3F8, 0x00EBF4F8,
    0x00EAF4F8, 0x00ECF5F9, 0x00E8F3F7, 0x00E8F2F6, 0x00EBF4F8, 0x00ECF5F9, 0x00EBF4F8, 0x00E9F3F6, 0x00DFEDF1,
    0x00DCEAF0, 0x00D8E8EF, 0x00D9E8EE, 0x00D9E8EF, 0x00D9E8EE, 0x00DBE9EF, 0x00D7E8EE, 0x00D8E9EE, 0x00DFEBF1,
    0x00DFEBF1, 0x00DFECF0, 0x00E2EDF3, 0x00E0EDF3, 0x00DFEEF2, 0x00E3EFF3, 0x00E3EFF4, 0x00E2EEF3, 0x00DEECF1,
    0x00DEECF1, 0x00E0EDF3, 0x00E3EFF4, 0x00E0EDF3, 0x00E0EEF3, 0x00E1EFF3, 0x00E4F0F5, 0x00DFEDF3, 0x00DBEBF1,
    0x00DCEBF1, 0x00DEEEF2, 0x00E1EFF4, 0x00E3F0F6, 0x00E3F2F7, 0x00E5F3F7, 0x00E6F3F7, 0x00E6F3F8, 0x00E3F1F6,
    0x00E4F2F7, 0x00E3F0F5, 0x00E2EEF4, 0x00E5EFF5, 0x00E0EDF3, 0x00E3EEF4, 0x00E1EEF3, 0x00E1EEF3, 0x00E2EFF4,
    0x00DFEDF2, 0x00DEECF2, 0x00DDEAF0, 0x00DDEAF0, 0x00DFEBF1, 0x00D9E8ED, 0x00DBE9EF, 0x00DDEAEF, 0x00DCEAF0,
    0x00DDE9EF, 0x00DBE9EF, 0x00DCEAEF, 0x00DCE9EF, 0x00DCEAF0, 0x00DAE8EE, 0x00DAE9EE, 0x00DBE8EE, 0x00D9E8ED,
    0x00DDEAF0, 0x00DDEAF0, 0x00DCEAEF, 0x00DCEAEF, 0x00DBE8EE, 0x00DAE9EF, 0x00DAE8EF, 0x00DAE8EE, 0x00DCE8EE,
    0x00D8E6EC, 0x00D8E7EE, 0x00DBE9EE, 0x00DFECF1, 0x00DEECF1, 0x00E0ECF1, 0x00DDEAEF, 0x00DCEAEF, 0x00DFECF1,
    0x00E0ECF0, 0x00DDEAEF, 0x00DDEAF0, 0x00DCE9EF, 0x00DEEAF0, 0x00DDE9EF, 0x00DCE9ED, 0x00DDE9EF, 0x00DBE9EE,
    0x00DEEBF0, 0x00DFEBF0, 0x00DFEBF0, 0x00DEEBF0, 0x00D7E9EF, 0x00DEEBF0, 0x00DFEBF0, 0x00DBE9EF, 0x00DBE9EF,
    0x00D8E8ED, 0x00DCE9EF, 0x00DDE9EF, 0x00DDE9EE, 0x00DBE8EE, 0x00DAE7ED, 0x00DCE8EE, 0x00D9E6EC, 0x00DBE8EE,
    0x00DBE8EE, 0x00D9E6EC, 0x00DBE8EE, 0x00D9E7ED, 0x00D8E6EC, 0x00DCE9EF, 0x00DBE8EE, 0x00DAE7ED, 0x00DDE8EF,
    0x00DBE8EE, 0x00D9E7ED, 0x00DCE9EE, 0x00DAE8EE, 0x00DCE9EF, 0x00DCE8EE, 0x00DCE8EC, 0x00DBE8EE, 0x00DBE9ED,
    0x00DEEAEE, 0x00DBE8EE, 0x00DCE9EE, 0x00DBE9EE, 0x00D8E6EE, 0x00D8E7EE, 0x00DDEAEF, 0x00DCEAEF, 0x00DDEAEF,
    0x00DBE8EE, 0x00DDE9EF, 0x00DBE9EF, 0x00DEEBF0, 0x00DFEBF0, 0x00DCEAEF, 0x00DEEBF0, 0x00DDEBF1, 0x00DAE9EF,
    0x00DEEBF1, 0x00DAEAF0, 0x00DCEAF1, 0x00DDEBF1, 0x00DAE9F0, 0x00DAE9F0, 0x00CDE5F0, 0x00CDE4EF, 0x00D2E6F1,
    0x00D1E5F0, 0x00D1E5EF, 0x00D1E4ED, 0x00D2E6EE, 0x00D0E4ED, 0x00D1E4EC, 0x00D4E6EE, 0x00D4E5ED, 0x00CEE2EA,
    0x00D1E5EC, 0x00D6E7EE, 0x00D1E5ED, 0x00D2E5EE, 0x00D1E4EE, 0x00CEE3EC, 0x00D0E3ED, 0x00CFE4EC, 0x00CEE2EC,
    0x00CBE1EB, 0x00CDE2EB, 0x00D0E4EE, 0x00D5E8F0, 0x00D0E4EE, 0x00CAE2EA, 0x00CEE4ED, 0x00D2E6EF, 0x00D1E5EF,
    0x00D1E5EE, 0x00CCE4EE, 0x00CEE4ED, 0x00D0E4ED, 0x00CDE2ED, 0x00CEE3ED, 0x00CAE0EB, 0x00CEE3EE, 0x00CDE2EC,
    0x00CCE2ED, 0x00CDE2ED, 0x00CEE2ED, 0x00CBE0EC, 0x00CCE0EC, 0x00C4DAE8, 0x00B6D0E2, 0x00BED7E5, 0x00C7DDEB,
    0x00CAE1F0, 0x00C6DDEB, 0x00C6DEEA, 0x00BDD6E3, 0x00BDD5E4, 0x00CBE0EC, 0x00CBE0EA, 0x00CBE0EB, 0x00CBDEEA,
    0x00CFE3EC, 0x00CCE1EB, 0x00CCDFEC, 0x00CEE2EC, 0x00CEE1EC, 0x00CEE1EC, 0x00CDE0EB, 0x00C9DEEA, 0x00C4DBE9,
    0x00B9D2E3, 0x00C1D8E7, 0x00C5DBEA, 0x00C6DCE9, 0x00C6DBE9, 0x00C9DDE9, 0x00C9DDEA, 0x00C9DEEA, 0x00C9DEE9,
    0x00C7DAE6, 0x00CADDE7, 0x00C7DBE4, 0x00C9DBE6, 0x00C9DCE7, 0x00CDDFE7, 0x00CADCE4, 0x00C5D8E2, 0x00C7DBE4,
    0x00C8DCE5, 0x00CEE0E8, 0x00D1E1E9, 0x00CEE0E8, 0x00CDE0E8, 0x00D0E2E9, 0x00D3E5EC, 0x00D5E6EB, 0x00D4E4EC,
    0x00D4E5EC, 0x00D2E3EA, 0x00D2E4EA, 0x00D1E3EA, 0x00D3E4EB, 0x00D8E8EE, 0x00D7E5EC, 0x00D7E8EF, 0x00DBE9EF,
    0x00E0EDF2, 0x00E2EFF3, 0x00E5F0F5, 0x00DFECF1, 0x00E3EEF4, 0x00E4EFF4, 0x00E6F1F6, 0x00EBF3F7, 0x00EAF4F8,
    0x00EAF3F7, 0x00EBF4F8, 0x00E8F2F8, 0x00E7F3F8, 0x00EAF3F9, 0x00EAF5F9, 0x00EBF5F9, 0x00EBF6FA, 0x00EBF6FA,
    0x00EBF6FA, 0x00EEF7FB, 0x00ECF6FA, 0x00EEF7FB, 0x00EDF6FB, 0x00ECF7FB, 0x00EFF7FB, 0x00EBF6FA, 0x00EDF8FB,
    0x00EEF8FC, 0x00ECF6FA, 0x00ECF7FB, 0x00EEF8FB, 0x00EDF8FC, 0x00ECF7FA, 0x00EEF8FC, 0x00EFF9FC, 0x00EDF7FA,
    0x00EEF8FB, 0x00EDF7FB, 0x00EDF7FB, 0x00EDF7FB, 0x00EEF7FB, 0x00EEF8FB, 0x00EDF7FA, 0x00EFF8FB, 0x00EEF8FC,
    0x00F2FAFD, 0x00EDF7FA, 0x00F0F8FC, 0x00EFF9FC, 0x00F1FAFD, 0x00EFF8FC, 0x00EEF8FC, 0x00EDF7FB, 0x00EEF8FC,
    0x00F0F8FC, 0x00ECF6FA, 0x00E8F4F7, 0x00ECF6FA, 0x00E5F2F6, 0x00ECF5F9, 0x00ECF5F9, 0x00E8F3F7, 0x00E8F3F7,
    0x00E9F4F8, 0x00EAF4F9, 0x00ECF6FA, 0x00EDF5F9, 0x00E7F3F6, 0x00DCECF1, 0x00D6E7ED, 0x00D8E8EF, 0x00DBE9F0,
    0x00DBEAEF, 0x00DDEAF0, 0x00D9E8EE, 0x00DEECF1, 0x00DEEAF0, 0x00DBEAF0, 0x00DEEBEF, 0x00DEECF2, 0x00DDECF1,
    0x00DFEEF4, 0x00E0EEF3, 0x00E0EDF2, 0x00E4F0F5, 0x00DEEDF3, 0x00DDEDF3, 0x00DFEEF2, 0x00E0EDF3, 0x00E2EFF4,
    0x00DCEBF0, 0x00E1EFF3, 0x00E2EEF4, 0x00DEECF1, 0x00DFEDF1, 0x00DEECF1, 0x00DDECF0, 0x00DFEEF2, 0x00E5F2F6,
    0x00E4F1F5, 0x00E3F1F5, 0x00E6F2F6, 0x00E5F2F7, 0x00E5F1F5, 0x00E3EFF5, 0x00E4F0F5, 0x00E2F0F4, 0x00E3EFF4,
    0x00E2EFF2, 0x00E1EDF1, 0x00E1EEF3, 0x00E1EEF3, 0x00E3EEF4, 0x00DEECF2, 0x00DCEAF0, 0x00DDEAF0, 0x00DCEAF0,
    0x00DDEAF0, 0x00DAE9EE, 0x00DBE8EE, 0x00DBE8EE, 0x00D9E8EE, 0x00D8E8ED, 0x00DAE8EE, 0x00D7E6ED, 0x00DAE7EE,
    0x00DCE9EF, 0x00DAE8EE, 0x00D7E6EC, 0x00DAE8EE, 0x00DCE9EE, 0x00DBE8EF, 0x00D8E8EE, 0x00DBE8EF, 0x00DBE9EF,
    0x00DAE8EE, 0x00D8E8EE, 0x00D7E6EC, 0x00D8E7ED, 0x00DBE9EF, 0x00DDE9EE, 0x00DEEAF0, 0x00DFEBEF, 0x00DEEBF0,
    0x00DEECF0, 0x00DEEBF0, 0x00DEEBEF, 0x00DEECF0, 0x00DEEAF0, 0x00DEEBF0, 0x00DDEAEF, 0x00DAE9EE, 0x00DBEAEF,
    0x00DBE8EE, 0x00DEEAEF, 0x00DCE8ED, 0x00DBE8EE, 0x00DEEAEE, 0x00DEEAEF, 0x00DFECF1, 0x00DFEBF0, 0x00DFEBEF,
    0x00DFEAEF, 0x00DEEAEF, 0x00DEEAF0, 0x00DDE9EF, 0x00DDE9EF, 0x00DCE9EF, 0x00DEEAF0, 0x00DDE9EF, 0x00DEE9F0,
    0x00DDE9EF, 0x00DDE8EF, 0x00DCE8EF, 0x00DBE8ED, 0x00DAE7ED, 0x00DBE7EE, 0x00DBE8EE, 0x00DAE8EE, 0x00DBE8EE,
    0x00D9E7ED, 0x00D8E6EC, 0x00DBE9EF, 0x00D8E6EC, 0x00DBE7ED, 0x00DAE7ED, 0x00D9E7ED, 0x00DBE8ED, 0x00DCE9EE,
    0x00DAE8ED, 0x00DDE9EF, 0x00DCE8EC, 0x00DBE8EE, 0x00DCE9EE, 0x00DDE9ED, 0x00DBE9ED, 0x00DEEAEE, 0x00DEEAEE,
    0x00DDEAEF, 0x00DBE9ED, 0x00DFEBEE, 0x00DEEAEE, 0x00DDEAEE, 0x00DCE9EE, 0x00DCE9EF, 0x00DDEAEE, 0x00DDEAEF,
    0x00DFEBF1, 0x00DDEBF1, 0x00DAE8EF, 0x00DBE9F0, 0x00DCEAF0, 0x00DDEBF1, 0x00DCEBF1, 0x00DEECF2, 0x00DDEBF1,
    0x00DBEBF1, 0x00DBEAF0, 0x00D5E8F2, 0x00D5E8F1, 0x00D2E7EF, 0x00D0E5EE, 0x00D1E5ED, 0x00D4E8F0, 0x00D4E6EE,
    0x00CFE3EB, 0x00D4E6EE, 0x00D6E7EF, 0x00D6E7EF, 0x00D1E5ED, 0x00D4E6ED, 0x00D5E6EE, 0x00D1E5ED, 0x00D4E6EE,
    0x00D4E6EE, 0x00D2E6ED, 0x00D4E6EE, 0x00D2E5EE, 0x00CFE4EC, 0x00D1E5EE, 0x00D0E5EE, 0x00CEE3EC, 0x00D6E8EF,
    0x00D4E8F0, 0x00CDE3EC, 0x00D2E6EF, 0x00D3E7EF, 0x00D0E6EE, 0x00CFE5ED, 0x00CFE5ED, 0x00CDE3EC, 0x00D3E6EE,
    0x00CDE4EC, 0x00CCE3EC, 0x00CDE3EE, 0x00CBE1EC, 0x00CDE2ED, 0x00CCE1EC, 0x00CDE2ED, 0x00CDE2ED, 0x00CBE1EC,
    0x00CCE1ED, 0x00CBE0EC, 0x00C6DEEC, 0x00BAD1E3, 0x00BBD3E4, 0x00C4DBE9, 0x00CAE0ED, 0x00C9E0EC, 0x00C9DFED,
    0x00C0D8E6, 0x00C2D9E7, 0x00C5DBE9, 0x00CAE0EA, 0x00CFE3ED, 0x00D0E3EC, 0x00CCE0EA, 0x00CFE2EC, 0x00CDE1EC,
    0x00CDE1EB, 0x00D2E4ED, 0x00CDE0EA, 0x00CDE0EB, 0x00CDDFEB, 0x00CADDE9, 0x00C7DBE9, 0x00C3D7E6, 0x00C1D7E6,
    0x00C6DBE8, 0x00C4DBE8, 0x00C4DAE9, 0x00C6DCE8, 0x00CADEEA, 0x00CADFE8, 0x00CADEE7, 0x00C9DCE7, 0x00CBDEE8,
    0x00C8DDE7, 0x00CEE0EB, 0x00CFE2EB, 0x00D0E3EA, 0x00D3E5EC, 0x00CFE1E9, 0x00CADDE4, 0x00D0E1EB, 0x00CEE1E8,
    0x00D1E2E9, 0x00D4E6EC, 0x00D4E7EC, 0x00D7E7EF, 0x00D6E7ED, 0x00D3E4EA, 0x00D3E3EB, 0x00D2E3E9, 0x00D3E4EB,
    0x00D3E4EA, 0x00D1E2E9, 0x00D4E5EC, 0x00D6E7ED, 0x00DBE9EF, 0x00E4EFF5, 0x00E3EFF4, 0x00E7F2F6, 0x00E7F2F6,
    0x00E5F0F4, 0x00E6F2F6, 0x00EBF5F8, 0x00EAF3F7, 0x00E8F3F7, 0x00ECF6FA, 0x00EBF5F9, 0x00E9F4F8, 0x00EAF4F8,
    0x00ECF6FA, 0x00EBF5F9, 0x00EBF6FA, 0x00EDF7FA, 0x00EEF7FA, 0x00EEF8FC, 0x00EEF8FC, 0x00EFF8FC, 0x00EFF7FB,
    0x00EEF8FC, 0x00E8F3F7, 0x00EBF5FA, 0x00EAF5F8, 0x00EBF6FA, 0x00ECF7FC, 0x00EFF7FB, 0x00ECF7FA, 0x00ECF6FA,
    0x00EFF8FB, 0x00EFF8FC, 0x00ECF7FA, 0x00EBF5FA, 0x00EDF7FB, 0x00EDF6FA, 0x00EDF7FB, 0x00EDF7FA, 0x00ECF6FA,
    0x00EEF7FC, 0x00EBF6FA, 0x00EDF7FC, 0x00EDF7FB, 0x00EFF9FC, 0x00F0FAFD, 0x00F0FAFC, 0x00F0F9FC, 0x00F0F9FC,
    0x00F1F9FC, 0x00F1FAFD, 0x00F1FAFC, 0x00EFF8FB, 0x00EEF8FB, 0x00ECF7FA, 0x00EEF8FB, 0x00EEF8FB, 0x00EFF7FA,
    0x00E9F4F8, 0x00E6F2F5, 0x00E9F4F8, 0x00E9F4F8, 0x00ECF5F9, 0x00EDF5F9, 0x00EAF4F8, 0x00E7F2F7, 0x00EAF5F9,
    0x00ECF5F9, 0x00E4F1F6, 0x00DEECF2, 0x00DCEBF0, 0x00DBEAF0, 0x00DBEAF1, 0x00DAE9F0, 0x00DCEBF1, 0x00DEECF2,
    0x00DFEDF2, 0x00DCEBF0, 0x00D8EAF1, 0x00D9EAF0, 0x00DFEDF3, 0x00DCEDF2, 0x00DDECF2, 0x00E2EEF4, 0x00E0EEF3,
    0x00DFEDF3, 0x00DEEDF3, 0x00DCECF2, 0x00DFEEF3, 0x00E3EFF4, 0x00DEEDF2, 0x00DFEDF2, 0x00DEECF2, 0x00DDEBF1,
    0x00DDEAF0, 0x00DEEBF1, 0x00E0EEF2, 0x00DFEEF2, 0x00DCEBF1, 0x00E1EFF5, 0x00E0EFF3, 0x00E0EEF4, 0x00E2F0F6,
    0x00E1EFF5, 0x00E3EFF5, 0x00E2EEF4, 0x00DEEDF2, 0x00DFECF2, 0x00E0EDF2, 0x00DEEBEF, 0x00DFEBF0, 0x00DEEBF1,
    0x00DDEBF0, 0x00DDEAEF, 0x00DAE8EE, 0x00D8E7EE, 0x00D6E6EC, 0x00DAE8EF, 0x00D7E6EE, 0x00D6E6EC, 0x00D8E7ED,
    0x00D8E7EE, 0x00D7E6EC, 0x00DAE7EE, 0x00D7E6ED, 0x00D7E6EC, 0x00D9E7ED, 0x00DBE8EE, 0x00DAE9ED, 0x00DBE9EE,
    0x00DBE9EE, 0x00DDEAEF, 0x00DAE8ED, 0x00D9E8EE, 0x00D8E6ED, 0x00D6E6EC, 0x00D4E4EA, 0x00D6E5EC, 0x00D8E6EC,
    0x00D9E6EE, 0x00D9E7ED, 0x00DCE9EF, 0x00DCE9EF, 0x00DCEAF0, 0x00DBE9EF, 0x00DAE9EF, 0x00DDEAF0, 0x00DDEAF0,
    0x00DEEAEE, 0x00DEEBF0, 0x00DBE9EE, 0x00DBE9EE, 0x00DBE9EE, 0x00DBE9ED, 0x00DEEAEE, 0x00DDE9EE, 0x00DBE8ED,
    0x00DBE8ED, 0x00DCE9EF, 0x00DAE8EE, 0x00DDEAEF, 0x00DEEAF0, 0x00DEEAEF, 0x00DFEBF0, 0x00DEEBEF, 0x00DEEAF0,
    0x00DDEAEF, 0x00DFEBF0, 0x00DDE9EF, 0x00DBE9EF, 0x00DAE9EE, 0x00DEE9F0, 0x00DBE8EE, 0x00D8E6EC, 0x00D7E7ED,
    0x00D8E6EC, 0x00D9E7EC, 0x00DBE8EE, 0x00DBE8EE, 0x00DCE8EE, 0x00DAE8EE, 0x00DAE8EE, 0x00DBE8EE, 0x00DBE7ED,
    0x00DBE8ED, 0x00DBE8ED, 0x00DAE8EE, 0x00DDE9EF, 0x00DBE8EE, 0x00DAE7ED, 0x00D9E6EC, 0x00DDE9EF, 0x00D9E7ED,
    0x00DAE8EE, 0x00DBE9EE, 0x00DDEAEF, 0x00DDE9EE, 0x00DEEAF0, 0x00DEEBF0, 0x00DFEBEF, 0x00DEEBF0, 0x00DFEBEF,
    0x00DFEAEF, 0x00DEEAEF, 0x00DCE8EE, 0x00DCE9EF, 0x00DBE9EF, 0x00DEEBF1, 0x00DBEAF0, 0x00DCEAF0, 0x00DDEBF0,
    0x00DEECF2, 0x00DEECF2, 0x00DFECF2, 0x00DAE9EF, 0x00DBEAF1, 0x00DCEBF2, 0x00DBEAF1, 0x00CDE3EE, 0x00D4E8F2,
    0x00D6E9F1, 0x00D2E6EE, 0x00D1E5EF, 0x00D0E4ED, 0x00D3E6EF, 0x00D1E5ED, 0x00D2E6EE, 0x00D2E5ED, 0x00D0E4EC,
    0x00CFE3EB, 0x00D3E5ED, 0x00D6E8EF, 0x00D3E5EC, 0x00D3E5EE, 0x00D2E5ED, 0x00D0E4EC, 0x00D2E5ED, 0x00D3E5EF,
    0x00D5E8EF, 0x00D9E9F1, 0x00D4E7EF, 0x00D3E7EF, 0x00D3E6EF, 0x00D6E8F0, 0x00D4E7EF, 0x00D4E7EF, 0x00D5E7F1,
    0x00D4E7F0, 0x00D0E6EE, 0x00D0E5EE, 0x00D3E6EE, 0x00CFE5ED, 0x00D3E6EE, 0x00D3E6EF, 0x00CBE2EC, 0x00CBE3ED,
    0x00D0E3ED, 0x00CDE1EC, 0x00CEE2ED, 0x00CDE1EC, 0x00CDE1EC, 0x00CDE1EC, 0x00CBE0EC, 0x00CADFEC, 0x00C7DEED,
    0x00C0D7E6, 0x00C9DFEB, 0x00CCE1ED, 0x00C7DFEB, 0x00C9E0EC, 0x00C9DFEC, 0x00CBE1EC, 0x00BFD6E5, 0x00C2D9E7,
    0x00CFE1EB, 0x00D0E3EC, 0x00CFE2EC, 0x00CDE0EA, 0x00D1E2EE, 0x00CCDFEA, 0x00CEE0EC, 0x00CBDFEB, 0x00CDE0EB,
    0x00CEE0EB, 0x00C9DDE9, 0x00CBDDE9, 0x00CEE0EA, 0x00CBDFEA, 0x00C6DAE7, 0x00C0D7E5, 0x00C1D8E6, 0x00C3D9E6,
    0x00C6D9E7, 0x00C6DAE8, 0x00C8DBE8, 0x00CADDE9, 0x00CBDFE9, 0x00CDE0E9, 0x00CCDFEA, 0x00CEE2EC, 0x00CBDFEA,
    0x00CCDFE9, 0x00CBDFEA, 0x00CFE1E9, 0x00CADBE3, 0x00CCDFE6, 0x00D3E4EB, 0x00D2E4EB, 0x00D3E5EC, 0x00D8E7EF,
    0x00D6E7EE, 0x00D5E7ED, 0x00D5E5ED, 0x00D3E4EA, 0x00D4E5ED, 0x00D3E4EB, 0x00D4E4EB, 0x00D7E7ED, 0x00DCEAF1,
    0x00DFECF2, 0x00E3EFF4, 0x00E5F1F5, 0x00E7F1F6, 0x00E7F1F7, 0x00E6F1F6, 0x00E6F1F6, 0x00E7F3F7, 0x00E8F3F7,
    0x00EBF4F8, 0x00EAF5F9, 0x00EAF5F9, 0x00ECF5F9, 0x00EEF6FA, 0x00EBF6FA, 0x00E9F5F9, 0x00EBF5F9, 0x00EDF7FB,
    0x00EFF8FC, 0x00EFF8FC, 0x00EFF8FC, 0x00EBF5F9, 0x00EFF8FB, 0x00EFF8FB, 0x00EBF6FA, 0x00EBF5FA, 0x00EBF5F9,
    0x00ECF6FA, 0x00ECF6FA, 0x00EBF6F9, 0x00ECF6FA, 0x00EDF7FB, 0x00EDF7FB, 0x00EEF7FA, 0x00EBF6F9, 0x00ECF6FA,
    0x00EBF5FA, 0x00EBF5F9, 0x00EBF5FA, 0x00EFF8FB, 0x00EDF6F9, 0x00EDF7FB, 0x00EEF8FC, 0x00EFF8FC, 0x00EEF7FA,
    0x00EFF8FB, 0x00EDF8FB, 0x00F0F9FC, 0x00F0F9FD, 0x00F2FAFD, 0x00F1FAFD, 0x00F1F9FC, 0x00F1F9FC, 0x00EFF8FC,
    0x00EFF9FC, 0x00EBF6F9, 0x00EEF7FB, 0x00ECF6FA, 0x00EBF5F9, 0x00E8F3F7, 0x00EAF5FA, 0x00EAF4F8, 0x00ECF6FA,
    0x00EAF4F8, 0x00EBF5F9, 0x00EAF5F9, 0x00EAF6F9, 0x00E9F5F9, 0x00EBF5F9, 0x00E5F2F6, 0x00E5F1F6, 0x00DFEEF4,
    0x00DCECF2, 0x00DAE9EF, 0x00DCEBF1, 0x00DCEBF1, 0x00DDEBF1, 0x00DCEBF2, 0x00DCEBF1, 0x00DEEDF2, 0x00E2EEF4,
    0x00E3F0F5, 0x00E2F0F6, 0x00E2EFF4, 0x00DFEDF3, 0x00DAEBF1, 0x00DDECF2, 0x00DFEEF4, 0x00DDECF1, 0x00DDECF2,
    0x00E0EDF2, 0x00DEECF2, 0x00DFECF2, 0x00DDEBF1, 0x00DDEAF0, 0x00DCE9EF, 0x00DCEAF0, 0x00DDEBF1, 0x00DDEBF1,
    0x00DCECF1, 0x00DDEBF1, 0x00DEECF2, 0x00DFEDF3, 0x00DCEBF1, 0x00DCECF1, 0x00DFEDF2, 0x00DBEAF0, 0x00DDECF2,
    0x00DCEAF0, 0x00DBE8EF, 0x00D9E8EE, 0x00D9E7ED, 0x00D9E8EE, 0x00D9E7ED, 0x00D9E6EE, 0x00D9E7ED, 0x00D5E4EA,
    0x00D2E2E8, 0x00D8E6EC, 0x00D7E6EC, 0x00D5E4EB, 0x00D6E4EB, 0x00D7E5EC, 0x00D7E6EC, 0x00D7E6EC, 0x00DAE7ED,
    0x00D8E6EC, 0x00D5E4EA, 0x00DAE8EE, 0x00D9E7ED, 0x00D9E7EE, 0x00D6E6EC, 0x00D9E7EC, 0x00D8E6EC, 0x00D8E7ED,
    0x00D5E4EA, 0x00D5E5EB, 0x00D5E5EB, 0x00D5E4EA, 0x00D8E6EC, 0x00DAE8EE, 0x00D8E6EC, 0x00D6E5EB, 0x00DCE9EF,
    0x00DDEAF0, 0x00DBE9EF, 0x00DBE9EF, 0x00DDEAF0, 0x00DDE9EE, 0x00DBE9EE, 0x00D9E8EE, 0x00D8E8ED, 0x00D9E7ED,
    0x00DBE8EF, 0x00D9E7ED, 0x00D8E7ED, 0x00D8E7ED, 0x00DAE7EE, 0x00D8E7ED, 0x00DCE9EE, 0x00DBE9EE, 0x00DCE9EF,
    0x00DEEAF0, 0x00DDEAEF, 0x00DDE9EF, 0x00DDE9EF, 0x00DCE9EE, 0x00DAE7ED, 0x00DDEAF0, 0x00DCE9EF, 0x00DCE8EF,
    0x00DCE8EE, 0x00D9E6EC, 0x00DAE7EE, 0x00DAE6EE, 0x00D3E2E8, 0x00D8E6EC, 0x00D8E6EB, 0x00DCE8EE, 0x00DAE7ED,
    0x00D8E6EC, 0x00DBE8EE, 0x00DCE8EE, 0x00DBE7ED, 0x00D9E6ED, 0x00D7E5EC, 0x00D9E7ED, 0x00DBE8EE, 0x00D9E7ED,
    0x00DBE8EE, 0x00DBE8EE, 0x00DBE8ED, 0x00DBE7EC, 0x00DBE8EE, 0x00DBE8ED, 0x00DBE9EE, 0x00DCE9EE, 0x00DEEAEF,
    0x00DEEBF0, 0x00DFEBF0, 0x00E0ECF0, 0x00DFEAEF, 0x00E0EBF1, 0x00DFEBEF, 0x00DEEBEF, 0x00DCEAEF, 0x00DDEAF0,
    0x00DEEBEF, 0x00DFEBF0, 0x00D9E8EF, 0x00DCEAF0, 0x00DCEBF0, 0x00DDEBF0, 0x00DEEBF1, 0x00E1EDF2, 0x00DEECF2,
    0x00DDEBF1, 0x00DAEAF1, 0x00DBEBF1, 0x00D1E7F1, 0x00D4E7F0, 0x00D5E9F2, 0x00D2E6EE, 0x00D4E8F0, 0x00CFE4EC,
    0x00D0E4EF, 0x00D0E5EE, 0x00D2E7EE, 0x00D4E6EE, 0x00D0E4EC, 0x00D0E4EC, 0x00D4E6ED, 0x00D5E7EE, 0x00D9E9F0,
    0x00D0E3EB, 0x00D2E6EE, 0x00D4E7EF, 0x00D8E9F1, 0x00D6E8F0, 0x00D7E9F1, 0x00D8E8F2, 0x00D5E8F0, 0x00D6E9F0,
    0x00D5E8F0, 0x00D5E7EF, 0x00D6E8F1, 0x00D4E8EF, 0x00D9EAF2, 0x00DCEBF2, 0x00D7EAF0, 0x00D5E8EF, 0x00D7E9F1,
    0x00D6EAF0, 0x00D8EAF1, 0x00D9EAF0, 0x00D7E9F0, 0x00D2E5EE, 0x00D4E6EF, 0x00D3E6EE, 0x00D3E5ED, 0x00D2E5EE,
    0x00CCE1EC, 0x00CBDFEC, 0x00CCE1EE, 0x00CCE0EE, 0x00CBE0ED, 0x00C5DBE9, 0x00C5DBEA, 0x00C8DEEC, 0x00CCE2ED,
    0x00CDE2EE, 0x00CAE0EC, 0x00CDE2ED, 0x00CCE0EC, 0x00C4DCE8, 0x00CADEE9, 0x00CBDEE9, 0x00CDE1EC, 0x00CBE0EA,
    0x00CEE2EC, 0x00CDE2EC, 0x00CADFE9, 0x00CFE1EC, 0x00CEE1EC, 0x00CADDE8, 0x00CCE0EB, 0x00CEE0EB, 0x00CDE0E9,
    0x00CADDE9, 0x00C8DDE8, 0x00C6DAE7, 0x00BCD4E1, 0x00C2D8E4, 0x00C5D9E6, 0x00C8DAE5, 0x00C7DBE8, 0x00C7DBE6,
    0x00C8DCE6, 0x00C9DBE8, 0x00CADFE9, 0x00CDE0E8, 0x00CEE0E9, 0x00CCDFEA, 0x00C9DDE9, 0x00CADDE8, 0x00CCE0E7,
    0x00C4D8E1, 0x00C5D8E3, 0x00D4E6EC, 0x00D6E7EE, 0x00D5E6EE, 0x00D7E8EF, 0x00D5E6ED, 0x00D2E5EC, 0x00D3E5EC,
    0x00D1E3EB, 0x00D0E2EB, 0x00D6E5ED, 0x00D7E6ED, 0x00D6E7EE, 0x00DFECF2, 0x00E1EFF3, 0x00E4F0F5, 0x00E9F3F7,
    0x00EAF3F7, 0x00E7F2F7, 0x00E7F2F5, 0x00E9F3F8, 0x00E6F1F5, 0x00E9F3F8, 0x00EAF4F9, 0x00EDF6FA, 0x00EDF6FA,
    0x00EBF4FA, 0x00E9F4F8, 0x00EAF5F9, 0x00EDF7FB, 0x00EEF7FB, 0x00EEF8FC, 0x00EDF8FC, 0x00EEF8FC, 0x00EEF8FB,
    0x00EFF8FC, 0x00EEF7FB, 0x00E9F6F9, 0x00EAF4F9, 0x00EAF4F9, 0x00E8F4F8, 0x00ECF6FA, 0x00EDF6FA, 0x00EBF5F9,
    0x00EBF5FA, 0x00ECF7FB, 0x00EDF6FB, 0x00EDF6FA, 0x00EEF8FB, 0x00EDF6FA, 0x00E9F4F8, 0x00EAF5F9, 0x00EFF9FC,
    0x00EEF8FD, 0x00EBF6FA, 0x00EFF8FB, 0x00EFF8FB, 0x00ECF7FB, 0x00EDF8FC, 0x00EFF9FC, 0x00F0F9FC, 0x00F1F9FC,
    0x00F2F9FC, 0x00F1F9FC, 0x00EFF8FB, 0x00F1FAFC, 0x00EEF8FB, 0x00EBF6FA, 0x00ECF7FA, 0x00EBF6F9, 0x00E8F4F8,
    0x00E9F4F8, 0x00E9F4F8, 0x00EBF4F9, 0x00ECF6FA, 0x00EDF7FA, 0x00EDF7FA, 0x00EFF7FB, 0x00EDF6FA, 0x00EBF5F9,
    0x00E7F3F7, 0x00EAF5F9, 0x00E7F3F7, 0x00EAF4F8, 0x00E0EFF5, 0x00D7EAF1, 0x00DEEDF4, 0x00E0EEF3, 0x00E1EEF4,
    0x00DDEDF2, 0x00DDEDF3, 0x00E5EFF6, 0x00E1EFF4, 0x00E2EFF4, 0x00E3F0F5, 0x00E2EFF4, 0x00E3F0F6, 0x00E1F0F5,
    0x00DFEFF3, 0x00DEEEF3, 0x00E0EDF3, 0x00E2EFF5, 0x00E1EDF3, 0x00E0EDF2, 0x00DCEBF0, 0x00DCE9EF, 0x00DAE9EE,
    0x00D9E7ED, 0x00D6E5EB, 0x00D8E7EE, 0x00DBE9F0, 0x00DBEAF0, 0x00DBEAF0, 0x00D4E6EB, 0x00D8E8EE, 0x00DBEAF0,
    0x00DBEBF1, 0x00D9E8EE, 0x00D7E7ED, 0x00D7E6ED, 0x00D6E6EC, 0x00D8E7ED, 0x00D5E6EC, 0x00D2E2E8, 0x00D6E4EA,
    0x00D7E4EB, 0x00D4E3E9, 0x00D5E3EA, 0x00D6E3EA, 0x00D1E1E8, 0x00D2E1E8, 0x00D3E1E8, 0x00D5E2EA, 0x00D5E4EC,
    0x00D3E4EA, 0x00D1E3EA, 0x00D6E5EC, 0x00D5E3EA, 0x00D3E3E9, 0x00D4E4EA, 0x00D6E5EB, 0x00D9E8EB, 0x00D8E5EC,
    0x00D4E4EA, 0x00D3E3E9, 0x00D4E4EB, 0x00D4E4EA, 0x00D2E3E9, 0x00D4E4EA, 0x00D2E3E9, 0x00D1E1E7, 0x00D4E3E9,
    0x00D2E3E8, 0x00D6E5EB, 0x00D6E5EB, 0x00D3E3E9, 0x00D8E7EC, 0x00D6E5EB, 0x00D9E6EC, 0x00DBE8ED, 0x00DAE8EE,
    0x00DAE8EE, 0x00D8E7EC, 0x00D9E7EC, 0x00D9E7ED, 0x00DAE8EE, 0x00D9E6EC, 0x00D7E6EC, 0x00DBE8ED, 0x00D5E5EA,
    0x00DAE8ED, 0x00DCE9EE, 0x00DDE9EF, 0x00D9E7ED, 0x00DCE9EE, 0x00DDE9EF, 0x00DDE9EF, 0x00DCE9EE, 0x00DEEAF0,
    0x00DDE9EF, 0x00DCE8EE, 0x00DCE7EE, 0x00DBE9EE, 0x00DCE8EE, 0x00DBE8EE, 0x00DCEAF0, 0x00DBE8EE, 0x00DCE9F0,
    0x00D9E7ED, 0x00D9E6ED, 0x00D8E8ED, 0x00D9E7ED, 0x00DBE7ED, 0x00D9E7ED, 0x00D9E6EE, 0x00D9E7EF, 0x00D8E6EC,
    0x00D8E5EB, 0x00D6E6EB, 0x00D8E5EC, 0x00D9E6ED, 0x00D7E7ED, 0x00DAE8EE, 0x00DAE7ED, 0x00DCE8EE, 0x00DCE8EE,
    0x00DAE7ED, 0x00D8E7EB, 0x00DFEBEF, 0x00DEEAF0, 0x00DDEAEF, 0x00DFEBF0, 0x00DDEAF0, 0x00DCE9EF, 0x00DDEAEF,
    0x00DDEAEF, 0x00DEEAEF, 0x00DDEAF0, 0x00DDEAEF, 0x00DDEAF0, 0x00DEEAF0, 0x00DBE9EE, 0x00D9E9F0, 0x00DAEAEF,
    0x00D9EAF0, 0x00D9EAF0, 0x00D9E9EF, 0x00DFEBF1, 0x00DBEAF1, 0x00DBEAF0, 0x00DAEAF0, 0x00DBECF3, 0x00D6EAF4,
    0x00D3E8F0, 0x00D5E8F2, 0x00D5E9F1, 0x00D3E7EF, 0x00D3E8F0, 0x00D1E6EF, 0x00CFE5EE, 0x00D4E8EF, 0x00D5E7F0,
    0x00D3E7EE, 0x00D5E7EF, 0x00D7E8F0, 0x00D4E7EF, 0x00D4E5EE, 0x00D2E5EC, 0x00D5E7EF, 0x00D7E8EF, 0x00D9EAF1,
    0x00D7E9F1, 0x00D7E9F0, 0x00DAEAF2, 0x00D8EAF1, 0x00D9EBF2, 0x00D7E9F1, 0x00D7E9F1, 0x00D8E9F1, 0x00DBECF2,
    0x00DCEBF3, 0x00DEECF4, 0x00D9EBF1, 0x00DAEBF1, 0x00DAEBF2, 0x00DAEBF2, 0x00DEEDF3, 0x00DCECF3, 0x00DAEAF1,
    0x00D8EAF0, 0x00DBEAF2, 0x00D6E8F0, 0x00D3E6EE, 0x00D4E6EF, 0x00D0E4ED, 0x00D2E5EE, 0x00D3E6EF, 0x00D3E7EF,
    0x00CFE4EE, 0x00CAE0EB, 0x00C2D9E8, 0x00CFE4ED, 0x00CEE2ED, 0x00CCE1EE, 0x00CCE2ED, 0x00CCE1ED, 0x00CCE1EC,
    0x00C3D9E7, 0x00CCE0EA, 0x00CADEE9, 0x00C7DDE9, 0x00CBDFEB, 0x00CEE1EC, 0x00CEE1EC, 0x00CDE1EB, 0x00CDE1EC,
    0x00CBDFEA, 0x00D1E3EC, 0x00D1E3EC, 0x00CEE1EB, 0x00CFE2EB, 0x00C9DEE9, 0x00C7DDE8, 0x00CADDE8, 0x00C7DCE6,
    0x00C3D8E4, 0x00C4D9E6, 0x00C8DBE7, 0x00C9DDE9, 0x00CBDFE8, 0x00CBDFE9, 0x00C9DDE7, 0x00CADDE7, 0x00CBDFE7,
    0x00CFE0E9, 0x00CCDFE8, 0x00CBDEE7, 0x00C6DBE5, 0x00CADFE7, 0x00CEE1E9, 0x00C7DAE3, 0x00CADDE7, 0x00D5E7EE,
    0x00D8E9EF, 0x00DBEAF1, 0x00D9EAF1, 0x00D7E8EF, 0x00D5E7EE, 0x00D1E4EB, 0x00D4E5ED, 0x00D7E6EE, 0x00DBE9F0,
    0x00DAEAF0, 0x00E0EDF3, 0x00E3EFF5, 0x00E6F2F6, 0x00EAF4F8, 0x00E8F3F7, 0x00E9F4F8, 0x00E9F4F9, 0x00E8F3F7,
    0x00EAF4F8, 0x00EAF4F8, 0x00ECF5F9, 0x00EBF5F9, 0x00E7F3F7, 0x00EBF5F9, 0x00EBF6FA, 0x00EDF7FA, 0x00EBF5FA,
    0x00EDF7FB, 0x00EAF5F9, 0x00ECF7FB, 0x00EEF8FC, 0x00EDF7FB, 0x00EDF8FC, 0x00EFF8FC, 0x00EDF7FA, 0x00EBF6FA,
    0x00E9F4F8, 0x00EAF5F9, 0x00ECF6FB, 0x00ECF6FA, 0x00EBF6FA, 0x00EEF8FB, 0x00EEF7FB, 0x00EDF7FB, 0x00EBF6F9,
    0x00EAF6F9, 0x00EBF5F9, 0x00EDF7FB, 0x00EDF7FA, 0x00EFF9FC, 0x00EFF9FC, 0x00ECF7FB, 0x00EDF7FB, 0x00EEF8FC,
    0x00EBF7FB, 0x00ECF6FC, 0x00EEF8FB, 0x00EEF7FB, 0x00EEF7FB, 0x00EFF8FB, 0x00EDF6FA, 0x00EFF7FB, 0x00EEF7FA,
    0x00EEF7FA, 0x00EAF5FA, 0x00EBF5F9, 0x00ECF6FA, 0x00EAF6FA, 0x00E9F5F9, 0x00EDF7FA, 0x00EEF6F9, 0x00ECF6F9,
    0x00EBF5F9, 0x00ECF6FA, 0x00F0F9FC, 0x00EDF7FB, 0x00EBF6F9, 0x00EBF6F9, 0x00EDF6FA, 0x00EBF6F9, 0x00ECF6FA,
    0x00E9F3F8, 0x00E6F2F6, 0x00E5F1F7, 0x00E5F1F6, 0x00E6F1F7, 0x00E1EFF4, 0x00E2EEF4, 0x00E5F0F7, 0x00E3F0F5,
    0x00E5F0F5, 0x00E5F1F5, 0x00E6F1F5, 0x00E4F1F6, 0x00E1F0F5, 0x00E2EFF4, 0x00DAEBF0, 0x00E3EFF4, 0x00E0EDF3,
    0x00E0EDF2, 0x00DFECF2, 0x00DFEDF3, 0x00DEEBF1, 0x00D8E9EF, 0x00DDEBF1, 0x00DBE9F0, 0x00DBE9EE, 0x00DAE8ED,
    0x00DAE9EF, 0x00D9E8EE, 0x00D8E8EE, 0x00DAE9EF, 0x00D7E8ED, 0x00D9E8EE, 0x00D6E5EC, 0x00D4E4EA, 0x00D2E2E9,
    0x00D1E1E7, 0x00D1E2E9, 0x00D2E2E8, 0x00D1E1E7, 0x00D3E2E8, 0x00D3E1E7, 0x00D0E0E6, 0x00D0DFE6, 0x00D1E0E7,
    0x00CDDEE5, 0x00CDDEE5, 0x00D2E2E9, 0x00D0E2E8, 0x00D0E2E9, 0x00D1E3EA, 0x00D4E4EB, 0x00D2E3E9, 0x00D4E4EA,
    0x00D1E1E7, 0x00D4E3E9, 0x00D5E3E9, 0x00DAE7EC, 0x00D5E4E9, 0x00D3E2E8, 0x00D5E4E9, 0x00D3E3E9, 0x00D6E5E9,
    0x00D2E2E9, 0x00D2E2E8, 0x00D2E2E9, 0x00D3E2E9, 0x00D2E2E8, 0x00D2E3E7, 0x00D4E4EA, 0x00D2E2E8, 0x00D4E4E9,
    0x00D7E6EB, 0x00D5E5EB, 0x00D7E5EB, 0x00D8E6EC, 0x00D8E6EC, 0x00D8E6EC, 0x00D8E6EC, 0x00D9E6EB, 0x00D7E6EC,
    0x00D9E7ED, 0x00D8E6EC, 0x00D5E5EB, 0x00DBE7ED, 0x00DAE7EC, 0x00DCE8ED, 0x00DCE8ED, 0x00DAE7ED, 0x00D9E8EE,
    0x00DDEAEF, 0x00DBE8EE, 0x00DCE9EF, 0x00DBE9EF, 0x00DEEAEF, 0x00DEEAF0, 0x00DDEAEF, 0x00DCE9EF, 0x00DBE9ED,
    0x00DDEBF0, 0x00DCEBF0, 0x00DCEBF1, 0x00DFECF2, 0x00E3EEF5, 0x00E1EEF3, 0x00E0EDF3, 0x00DBEBF0, 0x00DCEAF0,
    0x00DCE9F0, 0x00D5E6EC, 0x00D9E7EE, 0x00D9E7EE, 0x00D7E5EB, 0x00D7E6EC, 0x00D5E6EC, 0x00D7E6EC, 0x00D5E6EC,
    0x00D7E6EC, 0x00DAE7ED, 0x00DCE8EE, 0x00DBE7ED, 0x00DBE7ED, 0x00DEEAF0, 0x00DDEAF0, 0x00DCE9EE, 0x00DDEAF0,
    0x00DDE9F0, 0x00DCE9EE, 0x00DDEAF0, 0x00DEEBF0, 0x00DDEAF0, 0x00DBE9EF, 0x00DDEAF0, 0x00DDEAF0, 0x00DEEBF1,
    0x00DCEAEE, 0x00DDEBF1, 0x00DCEAEF, 0x00D9E9EF, 0x00DBEBF0, 0x00DDEBF0, 0x00DDEBF0, 0x00DBEAF0, 0x00DDEBF1,
    0x00DCEAF1, 0x00DBEAF0, 0x00DAEAF0, 0x00DBEBF2, 0x00D7EBF3, 0x00D7EAF2, 0x00D4E8F1, 0x00D1E8F0, 0x00D3E7F0,
    0x00D2E6EF, 0x00D0E6F0, 0x00D0E5EE, 0x00D5E7EF, 0x00D0E5EE, 0x00D2E8EF, 0x00D5E8EF, 0x00D6E7EE, 0x00D4E6ED,
    0x00D6E8F1, 0x00D1E5EE, 0x00DAE9F0, 0x00D8E9F0, 0x00D7E9F1, 0x00D7E8F0, 0x00DAEBF2, 0x00D9EAF1, 0x00D8EAF1,
    0x00DAEBF2, 0x00D8EAF0, 0x00D8E9F0, 0x00DAEBF3, 0x00DCECF2, 0x00DFEEF5, 0x00DDECF4, 0x00E2EFF4, 0x00DFEEF4,
    0x00DDEDF3, 0x00DFEEF5, 0x00DDECF3, 0x00E0EEF4, 0x00DDECF1, 0x00D8E9F0, 0x00DCECF3, 0x00D9E9F1, 0x00D7E9F1,
    0x00D7E9F0, 0x00DAEBF3, 0x00D9EAF1, 0x00D7EAF0, 0x00D4E7F0, 0x00D1E6F0, 0x00D1E5ED, 0x00CEE3EE, 0x00CDE1EC,
    0x00D0E4EF, 0x00C9DFEA, 0x00CCE2ED, 0x00CDE2ED, 0x00CADFEA, 0x00CBE0EB, 0x00C5DAE6, 0x00CDDFEA, 0x00CDE0E9,
    0x00CBDFEB, 0x00C8DEEA, 0x00CDE1EC, 0x00CDE0EB, 0x00CCE1EC, 0x00CDE0EA, 0x00D1E3EC, 0x00D3E4ED, 0x00CFE2EB,
    0x00CBDEE9, 0x00C9DDE8, 0x00CADEE8, 0x00C9DCE7, 0x00C8DCE7, 0x00CADDE6, 0x00C8DBE8, 0x00C2D8E5, 0x00C8DCE8,
    0x00C9DCE8, 0x00CCDFEA, 0x00CEE0E9, 0x00CBDDE6, 0x00CBDFE8, 0x00CDDFE9, 0x00CBDEE6, 0x00C8DCE5, 0x00CADEE6,
    0x00CEE0E8, 0x00CCDFE7, 0x00CEE1E8, 0x00CCDEE7, 0x00CEE0E9, 0x00D4E5ED, 0x00D8E8EF, 0x00D5E7EE, 0x00D6E6ED,
    0x00D3E4EC, 0x00D4E6ED, 0x00D4E5ED, 0x00DBEAF1, 0x00DCEBF2, 0x00E3F0F5, 0x00E1EEF4, 0x00E5F0F6, 0x00E8F3F7,
    0x00EDF6FA, 0x00ECF6F9, 0x00EBF5F9, 0x00EAF4FA, 0x00EAF4F9, 0x00EAF4F9, 0x00EDF7FB, 0x00EEF6FA, 0x00EBF5F9,
    0x00E5F2F7, 0x00E5F2F7, 0x00EBF6FA, 0x00EBF6FA, 0x00EDF7FB, 0x00EDF7FB, 0x00EEF8FC, 0x00EEF8FC, 0x00EFF8FC,
    0x00EEF8FC, 0x00EEF9FC, 0x00EDF8FC, 0x00EDF7FB, 0x00ECF7FB, 0x00ECF6FB, 0x00EFF9FC, 0x00ECF6FB, 0x00EDF6FA,
    0x00EDF7FB, 0x00EDF7FA, 0x00EBF6FA, 0x00EDF7FC, 0x00EAF5FA, 0x00EAF5F9, 0x00EAF4F9, 0x00ECF6FA, 0x00EFF8FB,
    0x00EDF7FA, 0x00EDF7FB, 0x00EDF8FB, 0x00EDF7FB, 0x00EDF7FB, 0x00EEF8FB, 0x00F1FAFB, 0x00EFF9FC, 0x00EEF8FC,
    0x00EDF7FB, 0x00EBF5F8, 0x00ECF6FA, 0x00EDF5FA, 0x00EAF5F9, 0x00EAF4F8, 0x00E6F3F7, 0x00EAF6FA, 0x00EAF5F9,
    0x00E7F2F7, 0x00E8F4F9, 0x00E9F4FA, 0x00EBF5FA, 0x00EEF7FA, 0x00EEF7FB, 0x00EEF9FB, 0x00EEF8FB, 0x00EFF8FB,
    0x00EBF7FA, 0x00EBF6FA, 0x00EFF8FB, 0x00F1F9FC, 0x00EFF9FC, 0x00ECF6FA, 0x00E8F3F7, 0x00EBF6FA, 0x00ECF6FA,
    0x00EBF6FA, 0x00E9F4F8, 0x00E6F1F5, 0x00E7F2F7, 0x00E8F3F7, 0x00E6F0F7, 0x00E2EFF4, 0x00E7F2F6, 0x00E8F3F9,
    0x00E4F0F6, 0x00E5F0F6, 0x00E2EFF3, 0x00E2EEF2, 0x00E5F2F6, 0x00E4F0F6, 0x00DFEDF1, 0x00DFECF2, 0x00DEEBF1,
    0x00DCEBF1, 0x00DCEAF0, 0x00D6E7ED, 0x00DBE9EE, 0x00D8E7EC, 0x00DAE8EF, 0x00D6E6EC, 0x00D5E6EC, 0x00D7E6ED,
    0x00D4E4EB, 0x00D2E2E9, 0x00D4E5EB, 0x00D4E4EB, 0x00D3E3E9, 0x00CFE1E5, 0x00CFE0E6, 0x00D1E0E7, 0x00CFDFE5,
    0x00CFDFE5, 0x00D2E1E8, 0x00CDDEE3, 0x00D0DFE6, 0x00CDDDE3, 0x00CDDEE5, 0x00CCDEE3, 0x00CEDDE4, 0x00C9DAE1,
    0x00D2E2E8, 0x00D1E1E8, 0x00D0E1E8, 0x00D1E1E9, 0x00D2E1E7, 0x00D3E1E7, 0x00D6E4E9, 0x00D5E4EA, 0x00D3E2E7,
    0x00D3E2E8, 0x00D3E2E8, 0x00D3E2E8, 0x00D1E2E7, 0x00D3E2E8, 0x00D2E2E8, 0x00D4E2E8, 0x00D4E3E9, 0x00D5E3E9,
    0x00D4E3E9, 0x00D4E3E8, 0x00D1E0E7, 0x00D1E1E7, 0x00D1E1E7, 0x00D6E4EA, 0x00D4E3E9, 0x00D6E4EA, 0x00D2E2E9,
    0x00D4E4EA, 0x00D6E4E9, 0x00D6E4E9, 0x00D9E6EC, 0x00D6E5EB, 0x00D5E4EB, 0x00D8E6EB, 0x00D8E6EB, 0x00D7E6EC,
    0x00D6E5EB, 0x00DAE7EC, 0x00DBE8ED, 0x00DBE8ED, 0x00DCE9EF, 0x00DDEAF0, 0x00DDE9EF, 0x00DDE9F0, 0x00DDEAEE,
    0x00DCE9EF, 0x00DDEAEF, 0x00D9E7ED, 0x00D9E7ED, 0x00DDEBF1, 0x00E0EEF4, 0x00E3EEF5, 0x00E4EFF6, 0x00E4F0F6,
    0x00E4EFF6, 0x00E6F1F7, 0x00E6F0F7, 0x00E6F1F7, 0x00E1EDF3, 0x00DEECF3, 0x00D8E7ED, 0x00D9E7ED, 0x00D9E6EE,
    0x00D7E6EC, 0x00D4E5EC, 0x00D6E5EC, 0x00D4E5EC, 0x00D2E4EB, 0x00D9E6ED, 0x00DBE7EE, 0x00DAE7ED, 0x00D9E7ED,
    0x00DBE8EE, 0x00D9E6EC, 0x00DBE8EE, 0x00D9E7EC, 0x00DCE9EE, 0x00DBE7EE, 0x00D9EAEF, 0x00DBE9EF, 0x00E0EBF2,
    0x00DBE9EF, 0x00D9E9EF, 0x00DBE9EF, 0x00DBE9EF, 0x00DEEAF0, 0x00DFEBF1, 0x00DCEAF0, 0x00DDEAF0, 0x00DFECF1,
    0x00DCEBF0, 0x00DDECF1, 0x00DDEBF1, 0x00DCEAF0, 0x00DBEAF0, 0x00DDEBF1, 0x00DCEAF1, 0x00DCEBF2, 0x00DCECF3,
    0x00D9EDF5, 0x00DCEEF6, 0x00DBEDF4, 0x00D7E9F1, 0x00D2E7F0, 0x00D2E7F0, 0x00CEE4EE, 0x00D2E6EF, 0x00D2E7EF,
    0x00D1E7EE, 0x00D3E7EF, 0x00D3E7EF, 0x00D8E9F1, 0x00DDEBF2, 0x00D6E9F1, 0x00D6E9F1, 0x00DBECF3, 0x00DAEBF2,
    0x00DBECF3, 0x00DDEDF3, 0x00DEECF3, 0x00E0EEF4, 0x00DEECF3, 0x00DFEDF4, 0x00DDEDF4, 0x00DFEEF4, 0x00DEECF2,
    0x00DCECF3, 0x00DDECF3, 0x00DFEEF4, 0x00E1EEF4, 0x00E2F1F6, 0x00E1EFF6, 0x00DFEDF4, 0x00DAEAF1, 0x00DEECF3,
    0x00DDEBF1, 0x00DFEDF3, 0x00DFEEF3, 0x00D9EBF2, 0x00DAEBF2, 0x00DCECF3, 0x00D8E9F0, 0x00DBEBF3, 0x00D9EAF1,
    0x00D7E9F0, 0x00D6E8F0, 0x00D4E7EF, 0x00D4E6F0, 0x00CDE1ED, 0x00D1E4EF, 0x00CFE3ED, 0x00CEE2EC, 0x00CDE1EB,
    0x00D1E3ED, 0x00CDE1EB, 0x00C6DCE9, 0x00C7DCE7, 0x00CADEE9, 0x00CBDEEA, 0x00C6DDE8, 0x00D0E2ED, 0x00CFE2ED,
    0x00CEE1EA, 0x00CFE2EC, 0x00CDE1EC, 0x00CEE1EA, 0x00CFE2EC, 0x00CEE2EA, 0x00CDE1EA, 0x00CCE0EA, 0x00C8DCE6,
    0x00C8DBE7, 0x00C9DDE7, 0x00C7DCE8, 0x00C6DBE7, 0x00C9DCE9, 0x00C7DBE8, 0x00C5DBE7, 0x00CEE1EA, 0x00CEE1EA,
    0x00C9DDE5, 0x00CCDEE7, 0x00CEE0E8, 0x00CADDE6, 0x00CADDE6, 0x00CDDFE8, 0x00CBDEE6, 0x00CFE0E9, 0x00D0E3EB,
    0x00CFE2EB, 0x00CADDE6, 0x00CEE0E9, 0x00D6E6EE, 0x00D6E6EE, 0x00D7E7EE, 0x00D8E8F0, 0x00DBEAF1, 0x00DCEBF1,
    0x00DFEDF3, 0x00E4F0F5, 0x00E8F3F7, 0x00E7F3F6, 0x00E8F3F8, 0x00ECF6FA, 0x00EDF7FB, 0x00EBF6FA, 0x00EDF6FA,
    0x00EDF7FB, 0x00EDF7FB, 0x00EDF6FB, 0x00EBF6FA, 0x00ECF6FA, 0x00ECF6FB, 0x00EAF6FA, 0x00ECF6FB, 0x00F0F9FB,
    0x00EEF8FC, 0x00EFF8FC, 0x00F1FAFD, 0x00EFF9FC, 0x00EDF8FB, 0x00EDF7FB, 0x00ECF7FB, 0x00ECF7FB, 0x00EDF8FC,
    0x00EBF6FA, 0x00EBF6F9, 0x00EEF7FB, 0x00ECF7FA, 0x00EDF7FB, 0x00EBF6FA, 0x00EDF7FB, 0x00EEF8FB, 0x00EDF7FB,
    0x00EBF6F9, 0x00EBF6FB, 0x00EAF5F9, 0x00EDF7FA, 0x00ECF7FB, 0x00ECF7FB, 0x00F0F9FC, 0x00EEF8FB, 0x00EEF8FC,
    0x00F0FAFD, 0x00EDF8FB, 0x00EFF8FB, 0x00EDF7FB, 0x00EEF8FB, 0x00ECF7FB, 0x00EFF8FB, 0x00EDF7FA, 0x00E7F3F7,
    0x00E9F4F9, 0x00EBF6F9, 0x00EAF5F9, 0x00EAF5F9, 0x00E8F4F9, 0x00E7F3F7, 0x00EAF6F9, 0x00EAF5F9, 0x00EEF7FB,
    0x00ECF6FA, 0x00EEF7FA, 0x00EFF8FB, 0x00ECF7FB, 0x00EDF8FC, 0x00EBF6FA, 0x00ECF6FA, 0x00EDF7FB, 0x00ECF7FB,
    0x00EEF7FB, 0x00EEF7FB, 0x00EDF8FC, 0x00EEF8FB, 0x00EDF7FA, 0x00EBF6FA, 0x00EAF5F9, 0x00EBF5F9, 0x00E7F2F6,
    0x00E7F2F7, 0x00E7F2F7, 0x00E6F2F6, 0x00E9F3F7, 0x00E7F3F8, 0x00E8F3F8, 0x00E6F1F6, 0x00E8F3F7, 0x00E8F3F7,
    0x00E5F1F5, 0x00E5F0F5, 0x00E6F1F6, 0x00E4F0F4, 0x00E1EEF3, 0x00E0EDF3, 0x00DFECF2, 0x00DEEBF1, 0x00DEEBF1,
    0x00D9E6ED, 0x00D6E6EC, 0x00D3E3E9, 0x00D2E2E9, 0x00D2E3E9, 0x00D1E1E7, 0x00CFE0E6, 0x00CFDEE5, 0x00CEDEE4,
    0x00D0E0E7, 0x00CEDEE4, 0x00CEDEE4, 0x00CEDFE5, 0x00CFDEE5, 0x00D1DFE5, 0x00CFDEE4, 0x00CFDFE5, 0x00CDDEE4,
    0x00CEDEE5, 0x00CBDCE2, 0x00CBDCE2, 0x00CBDCE2, 0x00CADBE2, 0x00CFDFE6, 0x00CDDDE4, 0x00CFDFE6, 0x00D0DFE6,
    0x00D4E2E9, 0x00D1E1E7, 0x00D2E2E8, 0x00D2E1E7, 0x00D3E2E9, 0x00D7E4EA, 0x00D2E1E7, 0x00D0E2E8, 0x00D3E3E8,
    0x00D3E2E8, 0x00D3E2E8, 0x00D4E3E9, 0x00D4E3E8, 0x00D4E2E8, 0x00D0E0E6, 0x00D4E2E8, 0x00D5E3E8, 0x00D2E1E7,
    0x00D1E1E7, 0x00D3E1E7, 0x00D5E3E9, 0x00D6E4E9, 0x00D5E4EA, 0x00D3E1E7, 0x00D2E2E8, 0x00D7E4E9, 0x00D4E2E8,
    0x00D3E2E9, 0x00D3E2E9, 0x00D7E4EA, 0x00D5E4EB, 0x00D4E3EA, 0x00D7E5EB, 0x00D8E5EB, 0x00D8E6EB, 0x00DAE7ED,
    0x00DEEAF0, 0x00DDEAF0, 0x00DCE9EF, 0x00DDEAF0, 0x00DDE9EF, 0x00D8E6EC, 0x00D7E6EC, 0x00DAEAEF, 0x00DFEEF4,
    0x00E4F0F6, 0x00E5F1F7, 0x00E7F2F8, 0x00E6F1F7, 0x00E7F2F7, 0x00E8F3F8, 0x00E7F1F7, 0x00E4F0F6, 0x00E6F0F7,
    0x00E6F0F7, 0x00E3EFF5, 0x00E3EEF4, 0x00DFECF2, 0x00DDEAF0, 0x00D7E6ED, 0x00D1E2EA, 0x00DAE8EE, 0x00DAE7EE,
    0x00D6E6ED, 0x00D8E6EC, 0x00D9E7EE, 0x00D7E7ED, 0x00D6E6EC, 0x00D7E6EC, 0x00DAE9EF, 0x00DCE9EF, 0x00DBE9EF,
    0x00DAE8EE, 0x00DBE9EF, 0x00D4E5EB, 0x00DAE9EF, 0x00DCEAF0, 0x00D8E9EF, 0x00D8E8EE, 0x00DAE8EF, 0x00D8E8EE,
    0x00DDEAF0, 0x00DCEAF0, 0x00DBEAEF, 0x00DEECF0, 0x00DCEAF0, 0x00DBEBF1, 0x00DEECF2, 0x00DEECF2, 0x00DDEBF0,
    0x00DCEBF1, 0x00D4E6ED, 0x00D8E9EF, 0x00DAEBF1, 0x00DBECF3, 0x00DAEDF5, 0x00D6EAF3, 0x00DAEDF5, 0x00D6EAF2,
    0x00D8ECF3, 0x00D5EAF2, 0x00D3E8EF, 0x00D7E9F1, 0x00D5EAF1, 0x00D5E8F0, 0x00D4E9F3, 0x00CEE5EE, 0x00D1E6EE,
    0x00D8E9F1, 0x00D7EAF2, 0x00DAEBF3, 0x00D3E7EF, 0x00DAEBF2, 0x00DAECF3, 0x00E0EEF5, 0x00E5F0F6, 0x00E4F0F6,
    0x00E1EEF5, 0x00E1EEF6, 0x00E1EEF4, 0x00E4F0F5, 0x00E5F1F6, 0x00E1EFF5, 0x00DFEEF4, 0x00E2F0F5, 0x00E3F0F5,
    0x00E2F1F6, 0x00E1EFF5, 0x00E0EEF4, 0x00DFEDF4, 0x00E0EEF4, 0x00E1EFF4, 0x00E2EFF4, 0x00E2EFF5, 0x00DDEDF3,
    0x00DCECF3, 0x00DAEAF2, 0x00DAECF2, 0x00DAEBF2, 0x00DCECF3, 0x00D9EAF0, 0x00DDECF3, 0x00DAEBF2, 0x00D5E8F0,
    0x00D1E5EF, 0x00C4DBE7, 0x00D1E4ED, 0x00CBE0E9, 0x00CEE1EC, 0x00CCDFE9, 0x00CCDFE9, 0x00C9DDE8, 0x00C9DDE8,
    0x00C9DDE8, 0x00C8DDE8, 0x00C8DDE9, 0x00CFE2EB, 0x00D1E3EC, 0x00D1E4ED, 0x00CFE3EB, 0x00CFE1EB, 0x00D0E3EB,
    0x00CFE2EB, 0x00CFE2EB, 0x00D1E3EB, 0x00CCE0E9, 0x00CBDEE9, 0x00CCDFE9, 0x00CADDE8, 0x00C9DCE9, 0x00C8DDE8,
    0x00CCDDEA, 0x00C9DDE8, 0x00C9DEE8, 0x00CDE0EA, 0x00CEE1EB, 0x00CDE0E9, 0x00CEE1E9, 0x00CBDEE7, 0x00CBDEE6,
    0x00CADDE5, 0x00CADDE6, 0x00CBDEE5, 0x00CCDFE7, 0x00D1E3EC, 0x00D1E3EB, 0x00CFE2EA, 0x00D1E3EC, 0x00CADFE9,
    0x00D0E2EC, 0x00D5E7EF, 0x00CFE3EC, 0x00DBEBF2, 0x00DBEBF2, 0x00E3EFF5, 0x00E4F0F5, 0x00E5F1F6, 0x00E5F1F6,
    0x00E7F3F7, 0x00EBF5F9, 0x00EDF7FB, 0x00ECF6FA, 0x00ECF6FA, 0x00EFF8FC, 0x00F0F8FC, 0x00ECF7FB, 0x00EAF6FA,
    0x00ECF7FB, 0x00EEF8FC, 0x00EDF7FB, 0x00EBF7FB, 0x00EFF9FC, 0x00F0F9FC, 0x00F2FBFC, 0x00F0F9FD, 0x00EEF9FD,
    0x00EDF8FC, 0x00EDF8FC, 0x00F0F9FC, 0x00EBF6FA, 0x00EDF7FC, 0x00EFF8FC, 0x00EEF7FB, 0x00EBF7FA, 0x00ECF6FA,
    0x00EDF6FA, 0x00EDF7FB, 0x00EDF7FA, 0x00EEF8FC, 0x00EEF8FA, 0x00EFF9FC, 0x00EAF6F8, 0x00ECF7FA, 0x00EBF6FA,
    0x00EDF7FB, 0x00EFF8FB, 0x00EEF8FC, 0x00ECF7FB, 0x00EFF9FB, 0x00EDF7FB, 0x00ECF7FA, 0x00EDF7FB, 0x00ECF6FA,
    0x00EAF5F9, 0x00ECF7FA, 0x00ECF5FA, 0x00EDF7FB, 0x00E8F4F9, 0x00E7F3F7, 0x00E9F4F9, 0x00E9F4F9, 0x00EAF5F9,
    0x00E8F4F8, 0x00EAF5F9, 0x00EBF6FA, 0x00ECF6FA, 0x00EEF7FB, 0x00EBF6F9, 0x00ECF7FA, 0x00ECF7FB, 0x00EDF8FB,
    0x00EDF8FB, 0x00ECF6FA, 0x00EAF5FA, 0x00E8F4F7, 0x00EFF8FB, 0x00F0F9FC, 0x00EFF8FC, 0x00EEF8FB, 0x00EDF7FA,
    0x00EEF8FB, 0x00EDF7FB, 0x00ECF6FA, 0x00E7F2F6, 0x00E6F2F6, 0x00E5F0F6, 0x00E4F0F5, 0x00E7F2F7, 0x00E8F3F8,
    0x00E5F0F6, 0x00E8F4F8, 0x00E6F1F5, 0x00E7F2F8, 0x00E5F1F5, 0x00E6F1F6, 0x00E9F3F7, 0x00E6F2F6, 0x00E5F1F5,
    0x00E2EFF4, 0x00E3F0F5, 0x00E4EFF4, 0x00E0EEF2, 0x00DFECF1, 0x00DAE8EF, 0x00D3E4EA, 0x00D2E2E9, 0x00D1E1E8,
    0x00CEDFE6, 0x00D1E1E7, 0x00CFDEE5, 0x00CDDDE4, 0x00CADCE2, 0x00CEDEE4, 0x00D1E1E7, 0x00CEDFE3, 0x00CDDEE3,
    0x00CDDFE3, 0x00CFDFE5, 0x00CFDFE5, 0x00CDDDE3, 0x00CADCE1, 0x00CDDCE3, 0x00C9DBE1, 0x00C8DAE0, 0x00CADBE2,
    0x00CBDDE4, 0x00C9DBE2, 0x00CADCE3, 0x00CADBE2, 0x00D2E1E7, 0x00D1E1E8, 0x00D2E1E7, 0x00D4E2E7, 0x00D1E0E5,
    0x00CDDFE5, 0x00D0E0E6, 0x00D2E2E8, 0x00D1E1E7, 0x00D3E2E8, 0x00D5E3E9, 0x00D3E2E8, 0x00D4E3E9, 0x00D3E2E8,
    0x00D6E5E9, 0x00D2E1E6, 0x00D1DFE5, 0x00CFDEE4, 0x00CFDEE4, 0x00D0DFE5, 0x00D4E2E8, 0x00D0E0E6, 0x00D3E1E8,
    0x00D4E2E8, 0x00D1E2E8, 0x00D0E2E7, 0x00D5E3E7, 0x00D4E2E7, 0x00D4E2E8, 0x00D4E2E8, 0x00D3E2E8, 0x00D5E3E9,
    0x00D7E4E9, 0x00D9E6EB, 0x00D6E4E9, 0x00DAE7EC, 0x00DBE8ED, 0x00DCE8ED, 0x00DDE9EF, 0x00DBE8EE, 0x00DCE9EF,
    0x00DCE9EF, 0x00DAE8EF, 0x00DFECF2, 0x00E5F1F6, 0x00E8F2F8, 0x00E7F1F7, 0x00EAF2F9, 0x00E8F3F9, 0x00E9F3F9,
    0x00E7F2F7, 0x00E6F0F6, 0x00E7F1F9, 0x00E2EEF4, 0x00E5EFF6, 0x00E5EFF6, 0x00E3EFF5, 0x00E2EEF4, 0x00E5F0F6,
    0x00E4EFF5, 0x00E3EFF5, 0x00DFECF2, 0x00DAE9EF, 0x00DBE9F0, 0x00D8E7EE, 0x00D9E8EE, 0x00DDE9F0, 0x00DAE8EE,
    0x00DBE9EF, 0x00DAE8EE, 0x00DDEAF0, 0x00DDEAF0, 0x00DCE9F0, 0x00DCE9F0, 0x00DAE7EF, 0x00DCEAF0, 0x00DCEAF0,
    0x00DDEAF1, 0x00DBEAF0, 0x00DAE9F0, 0x00DCE9F0, 0x00DCEAEF, 0x00D9E7ED, 0x00D9E8EF, 0x00D9E8EE, 0x00DDEBF1,
    0x00DCEBEF, 0x00DFECF1, 0x00DEECF1, 0x00DEECF1, 0x00DDEBF1, 0x00DDEBF2, 0x00D9E9F0, 0x00DBEAF1, 0x00DBEAF1,
    0x00DAEBF2, 0x00DFF1F7, 0x00DCF0F7, 0x00DBEEF5, 0x00DAEDF4, 0x00DDEFF6, 0x00D9ECF3, 0x00D9EBF2, 0x00DCEDF4,
    0x00D7EAF1, 0x00D7EAF2, 0x00CFE6F0, 0x00CEE6EE, 0x00D4E9F0, 0x00D9E9F2, 0x00D3E9F0, 0x00D5E8F0, 0x00D9ECF3,
    0x00DAECF3, 0x00DBEDF3, 0x00E2EFF5, 0x00E9F3F7, 0x00E7F1F6, 0x00E5F0F5, 0x00E3F0F6, 0x00E2EFF4, 0x00E4EFF6,
    0x00E5F1F6, 0x00E4F0F6, 0x00DDEDF3, 0x00E6F3F8, 0x00E4F0F4, 0x00E4F0F6, 0x00E5F1F6, 0x00E3F0F6, 0x00E0EFF5,
    0x00E5F2F7, 0x00E3EFF5, 0x00E5F0F5, 0x00E2EFF4, 0x00E4F0F5, 0x00DDEDF3, 0x00E2F0F6, 0x00E0EEF4, 0x00DDECF3,
    0x00DBEBF2, 0x00DEECF2, 0x00E1EEF3, 0x00D9E9F1, 0x00D3E7F0, 0x00CFE4ED, 0x00CCE1EC, 0x00D0E3EB, 0x00D1E3EC,
    0x00CEE1EB, 0x00D1E4ED, 0x00CCE0E9, 0x00C6DDE7, 0x00C5DAE7, 0x00C6DCE8, 0x00C8DDE8, 0x00C6DCE9, 0x00CADEE9,
    0x00D0E3EC, 0x00CEE1EB, 0x00D1E4EC, 0x00CDE1EA, 0x00D3E6ED, 0x00D5E7EF, 0x00D1E4EC, 0x00D1E3EB, 0x00CCDFEA,
    0x00CADDEA, 0x00CADEE9, 0x00C8DCE8, 0x00C9DEE8, 0x00C8DCE8, 0x00CDE0EC, 0x00CADEEA, 0x00C9DDE8, 0x00CADDE9,
    0x00CDE1EB, 0x00CEE1E9, 0x00D2E5EC, 0x00CCE1E9, 0x00CADDE6, 0x00C8DCE5, 0x00C9DBE4, 0x00CDDEE7, 0x00CBDEE5,
    0x00CDDFE7, 0x00CFE2EA, 0x00D1E3EC, 0x00D0E3EC, 0x00CBE0E9, 0x00CCDFEA, 0x00CEE2ED, 0x00D3E5F0, 0x00D5E8F1,
    0x00DAEAF2, 0x00DCEBF2, 0x00E4F0F6, 0x00E5F1F5, 0x00E0EFF4, 0x00E8F4F8, 0x00EDF6FA, 0x00E8F3F8, 0x00E3F1F5,
    0x00E5F2F7, 0x00EEF7FB, 0x00EEF8FB, 0x00EAF5F9, 0x00EAF5F9, 0x00EAF5F9, 0x00EDF7FB, 0x00EEF8FB, 0x00EDF8FC,
    0x00EDF7FB, 0x00F0F9FC, 0x00EFF9FC, 0x00ECF7FB, 0x00ECF7FB, 0x00F0F9FC, 0x00EFF9FC, 0x00F1FAFD, 0x00ECF7FA,
    0x00ECF6FB, 0x00ECF7FB, 0x00ECF7FA, 0x00E8F5F9, 0x00EEF7FB, 0x00EBF6FA, 0x00EBF6FA, 0x00EDF7FB, 0x00EEF7FB,
    0x00EDF7FB, 0x00EBF7FB, 0x00EEF7FB, 0x00ECF6FB, 0x00ECF7FB, 0x00ECF7FB, 0x00EEF8FB, 0x00EEF7FB, 0x00EFF9FC,
    0x00EEF9FB, 0x00EDF8FC, 0x00EBF6FA, 0x00ECF7FB, 0x00ECF7FB, 0x00EDF8FC, 0x00EEF7FB, 0x00E8F4F8, 0x00EAF5F9,
    0x00EAF5F9, 0x00EAF5FA, 0x00EAF6FB, 0x00E9F5F9, 0x00EBF6FA, 0x00ECF7FB, 0x00ECF8FA, 0x00ECF7FA, 0x00EBF6FA,
    0x00EAF6FA, 0x00EDF8FB, 0x00EBF7FB, 0x00EEF9FC, 0x00ECF8FB, 0x00EEF9FC, 0x00EFF8FB, 0x00EEF8FC, 0x00E9F5F8,
    0x00EEF8FB, 0x00EFF8FB, 0x00EBF7FA, 0x00E6F2F6, 0x00EEF8FB, 0x00EAF6FA, 0x00EAF5F9, 0x00EDF8FC, 0x00ECF7FA,
    0x00E7F2F6, 0x00E7F2F6, 0x00EAF5F9, 0x00E9F4F8, 0x00E9F4F8, 0x00EAF5FA, 0x00E9F4F8, 0x00EAF6F9, 0x00E9F4F9,
    0x00E7F2F6, 0x00E8F3F8, 0x00E8F2F7, 0x00E9F3F7, 0x00E8F2F8, 0x00E7F2F7, 0x00E4F0F4, 0x00E5F1F7, 0x00E3EFF5,
    0x00E3EFF4, 0x00DDEBF2, 0x00DDEAF1, 0x00D4E5EB, 0x00D2E3EA, 0x00CFE1E7, 0x00CEE0E6, 0x00CFDEE5, 0x00CADBE1,
    0x00C5D8DD, 0x00CBDCE3, 0x00CCDDE5, 0x00CDDEE4, 0x00CDDFE6, 0x00CCDCE2, 0x00CDDDE4, 0x00CFDEE4, 0x00D0DEE6,
    0x00CCDCE2, 0x00CADAE0, 0x00CADBE1, 0x00CADAE0, 0x00CADBE1, 0x00CADBE2, 0x00CCDDE3, 0x00C9DBE1, 0x00C8D9DF,
    0x00CDDDE3, 0x00CFDFE5, 0x00CDDDE3, 0x00CFDFE6, 0x00CEDEE5, 0x00D0DFE5, 0x00D2E1E7, 0x00D1E0E6, 0x00D2E1E7,
    0x00D1E0E7, 0x00D1DFE6, 0x00D4E2E8, 0x00CFDFE5, 0x00CDDDE3, 0x00D0DFE5, 0x00D0DFE5, 0x00CFDFE4, 0x00D1E0E6,
    0x00CFDFE5, 0x00D3E1E8, 0x00D3E1E7, 0x00CBDDE2, 0x00CEDFE5, 0x00D1E0E7, 0x00CFDFE6, 0x00CFDFE5, 0x00D5E2E8,
    0x00D5E2E8, 0x00D3E2E8, 0x00D2E0E6, 0x00D2E0E6, 0x00D3E2E8, 0x00D6E3E9, 0x00D5E2E8, 0x00D5E3E8, 0x00D7E4E9,
    0x00D9E6EC, 0x00DBE8ED, 0x00DAE7ED, 0x00DAE7ED, 0x00D7E6ED, 0x00DAE8EF, 0x00DBE9F0, 0x00E2EEF4, 0x00E9F2F7,
    0x00E8F2F8, 0x00E5F1F6, 0x00E5EFF5, 0x00E5F0F6, 0x00E6F0F7, 0x00E7F1F8, 0x00E6F1F8, 0x00E4EEF6, 0x00E5F0F6,
    0x00E6F1F5, 0x00E6F0F6, 0x00E1EDF4, 0x00E6F0F7, 0x00E3EFF5, 0x00E4F0F6, 0x00E4EFF6, 0x00E4EFF5, 0x00E2EFF4,
    0x00DFECF2, 0x00DAE9EE, 0x00DCEAF0, 0x00DDE9F1, 0x00DCEAF0, 0x00D9E8EE, 0x00DEEBF1, 0x00DBE9F0, 0x00DDEBF1,
    0x00DAE8EF, 0x00DAE8EF, 0x00DAE8EE, 0x00DCEAF1, 0x00DBE9F0, 0x00DEEBF1, 0x00DCEAF0, 0x00DBE9F0, 0x00DBE9EF,
    0x00DDEAF0, 0x00D9E8EE, 0x00DAE8EF, 0x00DBE9F0, 0x00DCE8EE, 0x00DAE9EF, 0x00DEEBF0, 0x00DDEBF1, 0x00DDEBF1,
    0x00D9EAF0, 0x00DBEAF1, 0x00DAEBF1, 0x00DDECF2, 0x00DDEDF3, 0x00DAECF2, 0x00E2F4F9, 0x00E3F2F9, 0x00DEEFF6,
    0x00DBEDF4, 0x00DDEEF6, 0x00E0F0F7, 0x00DBEDF4, 0x00DAECF3, 0x00DCEDF4, 0x00D4E8F0, 0x00D5E9F0, 0x00D4E9F0,
    0x00DBECF3, 0x00DCECF4, 0x00D9ECF3, 0x00D7ECF3, 0x00DEEEF5, 0x00DFEFF5, 0x00D9ECF2, 0x00DFEFF6, 0x00E8F3F7,
    0x00E2EFF4, 0x00E3EFF4, 0x00E8F2F7, 0x00E5F1F6, 0x00DFEEF4, 0x00E1EFF5, 0x00E5F1F7, 0x00E3F0F6, 0x00E6F2F7,
    0x00E4F1F5, 0x00E2EFF4, 0x00E2EFF5, 0x00E4F1F6, 0x00E4F2F6, 0x00E8F2F7, 0x00E6F2F7, 0x00E0EEF4, 0x00DFEEF4,
    0x00E4F0F6, 0x00E5F1F7, 0x00E3F1F6, 0x00E1F0F5, 0x00E2EFF5, 0x00DEEDF3, 0x00DDECF3, 0x00DEECF3, 0x00D9EAF1,
    0x00D3E6EE, 0x00D1E5EC, 0x00D1E4ED, 0x00CDE1EA, 0x00CEE2EB, 0x00CDE1E9, 0x00D2E2ED, 0x00CDE1EA, 0x00CBDFE8,
    0x00CBDEE9, 0x00C5DCE8, 0x00CCDFE9, 0x00CDE0EB, 0x00CEE2EA, 0x00D0E3ED, 0x00D3E5ED, 0x00D3E4ED, 0x00D1E4EC,
    0x00D4E6EE, 0x00D7E8EF, 0x00D7E8EF, 0x00D1E3EB, 0x00D3E5ED, 0x00CFE2EA, 0x00CEE2EB, 0x00CBDFEA, 0x00CDE1EA,
    0x00CBDFE9, 0x00CDDFEB, 0x00CCDFEB, 0x00CEE1ED, 0x00C9DCE8, 0x00CADDEA, 0x00D0E3EC, 0x00D1E4EC, 0x00CFE3EB,
    0x00CBDEE9, 0x00CEE0E9, 0x00CCDFE6, 0x00CDDEE8, 0x00CEE0E8, 0x00D4E6ED, 0x00D6E6EE, 0x00D4E5ED, 0x00D1E4EC,
    0x00D4E5EC, 0x00D3E5ED, 0x00D3E4EC, 0x00DAEAF1, 0x00E0EEF4, 0x00DEECF2, 0x00E2EFF5, 0x00E4F0F5, 0x00E5F1F6,
    0x00E7F2F6, 0x00EAF5F9, 0x00ECF5F9, 0x00EAF5F9, 0x00EEF7FB, 0x00EEF8FB, 0x00EDF7FB, 0x00ECF7FB, 0x00ECF6FA,
    0x00ECF7FA, 0x00ECF7FA, 0x00EDF7FA, 0x00EBF6FB, 0x00ECF7FB, 0x00EDF8FB, 0x00EDF8FB, 0x00EDF7FB, 0x00EDF7FC,
    0x00EEF7FC, 0x00ECF7FB, 0x00ECF7FB, 0x00EDF7FC, 0x00ECF7FB, 0x00EDF7FA, 0x00ECF8FB, 0x00EDF8FC, 0x00ECF8FB,
    0x00ECF7FB, 0x00EDF8FB, 0x00ECF7FA, 0x00ECF6FA, 0x00ECF6FA, 0x00ECF7FB, 0x00ECF7FB, 0x00EEF8FB, 0x00EDF8FC,
    0x00EEF8FB, 0x00EEF8FB, 0x00F0F9FB, 0x00EBF6FA, 0x00EFF9FC, 0x00F1F9FC, 0x00EEF8FC, 0x00EAF5F9, 0x00EDF7FB,
    0x00EEF8FC, 0x00EDF7FB, 0x00EEF7FB, 0x00EAF6FA, 0x00EAF6FA, 0x00EBF5FA, 0x00E8F4F8, 0x00EBF6FA, 0x00EAF6F9,
    0x00ECF7FB, 0x00EBF6FA, 0x00EDF7FB, 0x00EDF8FC, 0x00EBF7FB, 0x00EDF7FB, 0x00EDF7FB, 0x00EFF9FC, 0x00EEF8FC,
    0x00EEF9FC, 0x00EDF8FC, 0x00ECF7FC, 0x00ECF8FB, 0x00EDF8FC, 0x00EEF8FC, 0x00EFF9FC, 0x00ECF7FB, 0x00E8F4F9,
    0x00EBF6FA, 0x00EAF6FA, 0x00ECF7FB, 0x00EDF7FB, 0x00EDF7FB, 0x00E8F4F8, 0x00EBF5F8, 0x00EAF4F9, 0x00E9F4F8,
    0x00EAF5F9, 0x00EAF5FA, 0x00E8F4F9, 0x00ECF6FA, 0x00EAF5F9, 0x00E9F4F8, 0x00E8F3F8, 0x00E7F3F7, 0x00E9F3F8,
    0x00EAF4F8, 0x00E8F2F8, 0x00E8F2F8, 0x00E7F2F7, 0x00E3EFF5, 0x00E2EEF4, 0x00E1EDF3, 0x00DFEBF3, 0x00DBEBF1,
    0x00D7E7EE, 0x00D1E2E8, 0x00CBDDE3, 0x00CBDCE3, 0x00CADCE2, 0x00CCDDE4, 0x00CCDDE2, 0x00CBDCE2, 0x00CDDEE4,
    0x00CEDFE5, 0x00CEDFE5, 0x00CFDFE5, 0x00D0E0E6, 0x00CEDEE4, 0x00CEDDE2, 0x00CDDDE3, 0x00CBDBE1, 0x00CBDBE1,
    0x00CDDCE2, 0x00CADAE1, 0x00C9D9DF, 0x00CBDBE1, 0x00CCDCE2, 0x00CDDDE3, 0x00CDDDE3, 0x00C8DAE0, 0x00CDDEE5,
    0x00CADBE2, 0x00CADAE1, 0x00CEDEE5, 0x00CFDFE5, 0x00D1E0E6, 0x00CDDEE4, 0x00D2E1E7, 0x00D0DFE6, 0x00CFDFE5,
    0x00CEDEE4, 0x00D0E0E6, 0x00CEDFE5, 0x00D0DFE5, 0x00D3E1E7, 0x00D1E0E5, 0x00D0DFE5, 0x00D0E0E6, 0x00CFDFE5,
    0x00CEDFE4, 0x00CDDEE4, 0x00CEDFE5, 0x00D3E2E8, 0x00D1E0E6, 0x00D6E3E9, 0x00D2E1E7, 0x00D2E0E7, 0x00D2E1E7,
    0x00D2E1E7, 0x00D7E4EA, 0x00D7E4EA, 0x00D5E3E9, 0x00D4E2E8, 0x00D4E2E8, 0x00D9E6ED, 0x00D6E5EC, 0x00D8E6ED,
    0x00D8E7EE, 0x00DDEAF1, 0x00E2EDF4, 0x00E7F2F6, 0x00E8F3F7, 0x00E9F3F9, 0x00E7F2F7, 0x00E8F2F8, 0x00E7F2F7,
    0x00E7F2F7, 0x00E9F4F8, 0x00E7F2F7, 0x00E7F2F7, 0x00E8F2F8, 0x00E6F1F6, 0x00E5F0F7, 0x00E6F1F6, 0x00E7F2F7,
    0x00E6F1F7, 0x00E6F1F6, 0x00E4F0F5, 0x00E8F3F9, 0x00E7F1F8, 0x00E5F0F6, 0x00E3EFF5, 0x00E3EFF5, 0x00E4EFF5,
    0x00E0EEF4, 0x00E0ECF3, 0x00DCEBF1, 0x00DEECF2, 0x00DFEDF3, 0x00DCEAF0, 0x00DFECF3, 0x00DEEBF2, 0x00DBEAF0,
    0x00DCEAF0, 0x00DCEAF1, 0x00D9E9F0, 0x00D9E8EF, 0x00DAE8F0, 0x00DDE9F0, 0x00DBE9EF, 0x00DBE9EF, 0x00DAE8F0,
    0x00D8E7EE, 0x00D7E8EE, 0x00DAE9EF, 0x00DAEAF0, 0x00DBEAF0, 0x00DBEAF0, 0x00D9E9F0, 0x00DAEAF1, 0x00DDECF2,
    0x00DBECF2, 0x00DEEDF4, 0x00E6F6FB, 0x00E7F4F9, 0x00E2F1F7, 0x00E1F2F8, 0x00DBEDF4, 0x00DAECF3, 0x00DEEEF5,
    0x00DCEEF5, 0x00E0EEF6, 0x00D8ECF3, 0x00DBECF3, 0x00D6EAF0, 0x00DFEDF4, 0x00E2F0F4, 0x00DFEFF5, 0x00E2F1F6,
    0x00E1F0F6, 0x00E3F1F7, 0x00E0F0F6, 0x00DFEFF5, 0x00E4F1F6, 0x00E2EEF5, 0x00E4F0F5, 0x00E5F1F7, 0x00E7F2F7,
    0x00E6F2F7, 0x00E5F2F8, 0x00E5F1F8, 0x00E9F3F8, 0x00E9F4F8, 0x00E6F2F6, 0x00E1F0F6, 0x00E0F0F6, 0x00DFEFF5,
    0x00E2F0F6, 0x00E0EEF4, 0x00E2EFF4, 0x00E5F1F7, 0x00E8F3F8, 0x00E6F1F6, 0x00E7F2F7, 0x00E9F3F9, 0x00E7F2F7,
    0x00E8F2F8, 0x00E6F2F6, 0x00DDECF2, 0x00DBEBF2, 0x00D5E8EF, 0x00D7E8F0, 0x00D8E9F0, 0x00D6E7EF, 0x00CEE2E9,
    0x00D1E3EB, 0x00CFE3EA, 0x00D4E6EE, 0x00CFE2EA, 0x00D4E4EE, 0x00D1E3EB, 0x00CBE0EA, 0x00C6DCE7, 0x00CEE1EC,
    0x00CEE2EC, 0x00CEE2EB, 0x00D2E4EC, 0x00D3E5ED, 0x00D3E5EC, 0x00D7E9EF, 0x00D8E8F0, 0x00D4E6EE, 0x00D0E3EB,
    0x00D4E5ED, 0x00D2E4EC, 0x00D2E5ED, 0x00D5E6EE, 0x00D3E5ED, 0x00CFE3EC, 0x00CFE2EA, 0x00CFE2EA, 0x00CFE2EB,
    0x00CFE2EC, 0x00CDE2EB, 0x00D1E4ED, 0x00D0E3EC, 0x00D0E3EB, 0x00CFE2EB, 0x00D0E4EB, 0x00D0E3EB, 0x00CDDFE8,
    0x00D1E4EC, 0x00D5E7EE, 0x00D8E9F1, 0x00D4E6ED, 0x00D7E8EF, 0x00DFEDF4, 0x00DDEBF1, 0x00DDEBF2, 0x00DEECF3,
    0x00E1EEF4, 0x00E1EFF4, 0x00E5F2F7, 0x00E6F1F6, 0x00E7F2F7, 0x00E9F4F9, 0x00EBF6FA, 0x00EAF5F9, 0x00ECF6FA,
    0x00E9F5F8, 0x00EDF7FB, 0x00EDF7FB, 0x00EBF6FA, 0x00EBF6FA, 0x00EFF9FB, 0x00EDF7FA, 0x00ECF7FA, 0x00EFF9FC,
    0x00ECF7FB, 0x00EEF9FB, 0x00EDF8FB, 0x00EEF9FC, 0x00EAF6FA, 0x00ECF7FB, 0x00EEF7FC, 0x00EEF8FB, 0x00EEF8FC,
    0x00EEF8FB, 0x00EFF8FC, 0x00EBF7FA, 0x00ECF7FB, 0x00EDF8FB, 0x00ECF7FC, 0x00ECF7FB, 0x00EBF6FA, 0x00EBF6FA,
    0x00EBF6FA, 0x00EAF5F9, 0x00EDF8FC, 0x00EDF8FC, 0x00EEF9FC, 0x00F0F9FD, 0x00EEF8FC, 0x00ECF7FB, 0x00EBF6FA,
    0x00EDF8FC, 0x00EDF7FC, 0x00EDF8FB, 0x00ECF7FB, 0x00EEF8FC, 0x00EDF7FB, 0x00EEF8FB, 0x00EFF8FC, 0x00EBF6FA,
    0x00EAF5F9, 0x00E9F4F9, 0x00E8F4F8, 0x00EBF6FB, 0x00EBF6FA, 0x00EEF8FC, 0x00EBF7FA, 0x00EEF8FB, 0x00EFF8FC,
    0x00ECF7FB, 0x00E9F5F9, 0x00ECF8FB, 0x00EEF8FC, 0x00EDF8FC, 0x00EEF9FD, 0x00EBF7FC, 0x00EAF7FB, 0x00EAF6FA,
    0x00ECF7FB, 0x00ECF7FC, 0x00EBF7FB, 0x00EBF6FA, 0x00EAF6FB, 0x00EDF8FC, 0x00ECF7FC, 0x00EDF8FC, 0x00ECF7FB,
    0x00EBF6FA, 0x00EAF6FA, 0x00EFF8FB, 0x00EAF5FA, 0x00E9F4F9, 0x00E9F4F9, 0x00E9F4F9, 0x00E9F5FA, 0x00EBF6FA,
    0x00EAF5F9, 0x00EBF6FA, 0x00EAF5F9, 0x00E8F4F8, 0x00E9F4F9, 0x00E8F3F8, 0x00EAF5F9, 0x00E7F1F7, 0x00E6F1F6,
    0x00E5F0F6, 0x00E2EFF5, 0x00E1EEF4, 0x00E1EEF4, 0x00DCEBF1, 0x00DBEAF1, 0x00CDDFE5, 0x00CBDDE2, 0x00CADBE1,
    0x00CBDBE0, 0x00CDDEE4, 0x00CEDFE5, 0x00CCDDE1, 0x00CBDDE3, 0x00CFDFE5, 0x00D0DFE6, 0x00D1E0E6, 0x00CEDEE4,
    0x00CFDFE4, 0x00CDDDE3, 0x00CEDEE4, 0x00CDDCE2, 0x00CDDCE1, 0x00CADADF, 0x00CADAE1, 0x00CEDCE2, 0x00CBDAE0,
    0x00CADAE1, 0x00CADBE0, 0x00CCDBE1, 0x00CDDDE3, 0x00CBDAE0, 0x00C9D9DF, 0x00C9DAE0, 0x00CCDBE1, 0x00CEDDE2,
    0x00CDDCE3, 0x00CEDEE4, 0x00D0DFE6, 0x00CEDEE4, 0x00CCDCE2, 0x00CADBE1, 0x00CADAE1, 0x00CADBE1, 0x00D2E0E6,
    0x00D3E0E6, 0x00D0DFE6, 0x00D0E1E7, 0x00C7D9DF, 0x00CFDFE6, 0x00CADCE2, 0x00D1E1E7, 0x00D5E4EA, 0x00D5E3E9,
    0x00D6E5E9, 0x00D4E1E7, 0x00D3E2E8, 0x00D4E3E8, 0x00D5E3E9, 0x00D4E2E8, 0x00D5E3E9, 0x00D1E0E7, 0x00D5E3E9,
    0x00D0E0E6, 0x00D5E5EB, 0x00D9E7EE, 0x00D8E7EE, 0x00D7E6ED, 0x00D9E9EF, 0x00E0ECF3, 0x00E5F0F6, 0x00E8F2F7,
    0x00E8F3F7, 0x00E9F3F9, 0x00E6F1F7, 0x00E8F2F7, 0x00E8F2F8, 0x00E9F4FA, 0x00E7F1F7, 0x00E9F3F9, 0x00E4EFF4,
    0x00E7F1F7, 0x00E7F1F7, 0x00E7F2F7, 0x00E8F3F8, 0x00E7F1F8, 0x00E9F3F9, 0x00E7F3F8, 0x00E3F1F5, 0x00E8F2F9,
    0x00E7F2F8, 0x00E5F0F6, 0x00E6F1F8, 0x00E5F0F6, 0x00E4F0F6, 0x00E0EEF3, 0x00E3EFF5, 0x00E2EEF3, 0x00E4F0F6,
    0x00E4F0F6, 0x00E2F1F6, 0x00E2EFF4, 0x00DFECF3, 0x00DCEAF1, 0x00DDEBF1, 0x00DCEAF0, 0x00DCEAF0, 0x00DBE9F0,
    0x00DAE9F0, 0x00DBE9F0, 0x00DCE9EF, 0x00DCEAF0, 0x00D9E8EF, 0x00DCEAF0, 0x00D7E8EF, 0x00DBEAF0, 0x00DBEAF1,
    0x00D9EBF1, 0x00DBEBF1, 0x00D9E9F0, 0x00D7E8EF, 0x00DDECF3, 0x00D9EAF1, 0x00DBECF3, 0x00EBF8FB, 0x00E7F5F9,
    0x00E6F4FA, 0x00E3F1F8, 0x00E4F3F8, 0x00DBEEF5, 0x00E1F0F7, 0x00E2F1F7, 0x00DFEFF6, 0x00DFF0F5, 0x00DFEFF5,
    0x00DCEEF4, 0x00E1EFF6, 0x00E7F2F8, 0x00E3F0F5, 0x00E8F3F7, 0x00E7F3F7, 0x00E7F3F8, 0x00E2F0F5, 0x00E4F2F6,
    0x00E8F2F8, 0x00E5F0F4, 0x00E5F1F5, 0x00E4F0F5, 0x00E9F4F9, 0x00EBF5F8, 0x00E8F4F8, 0x00E6F2F7, 0x00E5F2F7,
    0x00E7F3F8, 0x00E8F3F8, 0x00E5F1F7, 0x00E7F2F7, 0x00E8F2F6, 0x00E7F1F6, 0x00E7F2F7, 0x00E6F2F6, 0x00E9F4F8,
    0x00EAF4F7, 0x00E9F4F9, 0x00E9F4F8, 0x00E7F1F6, 0x00E5F1F6, 0x00E7F2F8, 0x00E6F1F6, 0x00DEEEF4, 0x00DBEDF3,
    0x00DCECF3, 0x00DAEAF1, 0x00D5E8EF, 0x00D9EAF1, 0x00D7E9F0, 0x00D6E8F0, 0x00D5E6EE, 0x00D3E6EE, 0x00D2E5EC,
    0x00DBE9F0, 0x00D9E9F0, 0x00D7E7EF, 0x00D1E4ED, 0x00D3E4ED, 0x00CDE2EB, 0x00D2E4ED, 0x00D5E5EE, 0x00D3E4ED,
    0x00D7E7EF, 0x00D4E6EE, 0x00D4E6EE, 0x00D8E8F0, 0x00D5E7EE, 0x00D8E8F0, 0x00D8E9F0, 0x00D3E5ED, 0x00D3E5EC,
    0x00D6E7F0, 0x00D2E5ED, 0x00D3E6EE, 0x00D4E6EE, 0x00D0E4EC, 0x00D2E5EF, 0x00D3E5EE, 0x00CEE2EA, 0x00D1E4ED,
    0x00D4E7EE, 0x00D5E7EF, 0x00D5E8EE, 0x00D4E6EE, 0x00D6E8EF, 0x00D6E7EE, 0x00D9EAF1, 0x00D7E9F0, 0x00DCECF3,
    0x00DDECF3, 0x00DFEDF3, 0x00E0EEF5, 0x00E0EEF4, 0x00E1EEF4, 0x00E5F1F6, 0x00E5F2F6, 0x00E6F2F7, 0x00E8F4F9,
    0x00EAF4F8, 0x00EDF6FA, 0x00EBF6F9, 0x00EDF7FB, 0x00EDF8FC, 0x00EAF5F9, 0x00ECF7FB, 0x00EDF7FB, 0x00EEF8FC,
    0x00ECF7FB, 0x00ECF7FA, 0x00EDF7FB, 0x00EDF8FB, 0x00ECF7FB, 0x00EDF8FB, 0x00ECF7FB, 0x00ECF7FC, 0x00ECF7FB,
    0x00EEF8FC, 0x00EFF8FC, 0x00EEF7FB, 0x00EDF8FB, 0x00ECF7FA, 0x00EDF7FC, 0x00E7F5FA, 0x00E9F6FA, 0x00EBF7FA,
    0x00EBF7FA, 0x00EBF6FA, 0x00EBF7FB, 0x00EAF6FA, 0x00EBF7FB, 0x00ECF7FB, 0x00ECF8FC, 0x00EDF8FC, 0x00EDF9FC,
    0x00EEF9FD, 0x00EEF8FC, 0x00EEF9FC, 0x00ECF7FB, 0x00EDF8FB, 0x00EDF8FB, 0x00EDF8FC, 0x00EDF8FC, 0x00EDF8FB,
    0x00EDF8FB, 0x00EEF8FB, 0x00EEF8FB, 0x00F0F8FC, 0x00EDF7FB, 0x00E9F5F9, 0x00E8F4F8, 0x00EAF5F9, 0x00EBF7FB,
    0x00EDF7FC, 0x00ECF6FB, 0x00EAF6FA, 0x00ECF7FB, 0x00EDF8FB, 0x00EEF9FC, 0x00EBF7FB, 0x00ECF7FB, 0x00EFF9FC,
    0x00F0FAFC, 0x00EDF8FC, 0x00EBF7FB, 0x00ECF7FB, 0x00EAF6FA, 0x00ECF8FC, 0x00EAF6FA, 0x00ECF6FB, 0x00EAF5FA,
    0x00E9F4FA, 0x00EBF6FC, 0x00EAF6FA, 0x00EBF6FB, 0x00EBF7FB, 0x00ECF7FB, 0x00EBF7FB, 0x00ECF7FB, 0x00ECF6FB,
    0x00ECF6FB, 0x00EFF8FC, 0x00EAF5F9, 0x00ECF6FA, 0x00ECF6FA, 0x00ECF7FB, 0x00EAF5F9, 0x00ECF6FB, 0x00EBF7FB,
    0x00EAF5F9, 0x00EAF5F9, 0x00EBF5F9, 0x00E7F2F7, 0x00E7F3F7, 0x00E6F1F7, 0x00DFEDF2, 0x00E0EDF3, 0x00E3F0F5,
    0x00E1EDF4, 0x00DFECF4, 0x00D7E7EE, 0x00D0E1E7, 0x00CEDEE5, 0x00CBDDE2, 0x00CBDBE1, 0x00CBDCE2, 0x00CFDFE5,
    0x00CDDFE4, 0x00CFDEE4, 0x00CEDDE4, 0x00CFDEE4, 0x00CEDEE3, 0x00D1DFE4, 0x00CEDDE2, 0x00CDDCE1, 0x00CCDBE0,
    0x00CBDBE1, 0x00CBDBE1, 0x00C5D5DB, 0x00C7D6DD, 0x00CAD9E0, 0x00C9D9DF, 0x00C8D9DF, 0x00C9D8DE, 0x00C9D8DF,
    0x00C9D7DE, 0x00C7D7DD, 0x00CCDAE1, 0x00CADAE0, 0x00C7D9DF, 0x00CCDCE2, 0x00D2E0E6, 0x00CBDCE2, 0x00CFDEE5,
    0x00CDDDE3, 0x00CADCE1, 0x00CDDCE3, 0x00CFDFE5, 0x00CFDEE4, 0x00CDDFE5, 0x00CBDDE3, 0x00D0E1E7, 0x00D1E2E8,
    0x00D2E2E9, 0x00D4E4EA, 0x00D5E4EB, 0x00D4E3EA, 0x00D6E3EA, 0x00D5E4E9, 0x00D3E3E9, 0x00D4E3E9, 0x00D5E3E9,
    0x00D4E3E9, 0x00D4E2E8, 0x00D0E0E6, 0x00D1E1E8, 0x00D4E3EA, 0x00DAE8EE, 0x00D6E7EE, 0x00D6E7ED, 0x00D6E5ED,
    0x00D5E6ED, 0x00DDEBF1, 0x00E0ECF2, 0x00E7F1F7, 0x00E7F2F7, 0x00E8F3F8, 0x00E9F3F9, 0x00E7F3F8, 0x00E8F3F7,
    0x00E8F2F7, 0x00E7F2F7, 0x00E7F2F7, 0x00E9F3F8, 0x00E5F0F5, 0x00E9F3F8, 0x00E8F3F8, 0x00E8F2F8, 0x00ECF5FA,
    0x00E8F3F8, 0x00EBF5FA, 0x00E9F4F9, 0x00E6F2F7, 0x00E7F2F8, 0x00E7F1F8, 0x00E7F2F8, 0x00E5F0F7, 0x00E7F2F8,
    0x00E5F0F6, 0x00E6F2F7, 0x00E5F1F6, 0x00E7F2F8, 0x00E5F1F6, 0x00E7F2F8, 0x00E7F2F8, 0x00E4F0F6, 0x00E0EDF3,
    0x00E1EEF4, 0x00E0EDF3, 0x00DEECF1, 0x00DDEBF0, 0x00DEEBF1, 0x00DDEBF1, 0x00DDEBF2, 0x00DDEAF0, 0x00D9E8EF,
    0x00D9E9EF, 0x00DBE9EF, 0x00DCEAF1, 0x00DCEAF0, 0x00DAEAF1, 0x00DAEAF1, 0x00DCEBF2, 0x00DDECF3, 0x00D9EBF1,
    0x00DCEBF3, 0x00DDEDF3, 0x00D7EAF1, 0x00E9F6FB, 0x00EAF7FB, 0x00E7F5F9, 0x00E6F5F9, 0x00E8F5FB, 0x00E2F2F8,
    0x00E6F3F8, 0x00E4F2F8, 0x00E5F3F9, 0x00DFF1F6, 0x00E0F0F6, 0x00DEEEF4, 0x00E0EFF5, 0x00E9F4F8, 0x00E8F4F8,
    0x00E7F3F7, 0x00E9F4F9, 0x00E8F4F8, 0x00E8F4F7, 0x00E7F3F7, 0x00EAF4F9, 0x00E8F4F8, 0x00E7F3F8, 0x00E8F3F8,
    0x00EAF5F9, 0x00E9F4F8, 0x00E4F2F7, 0x00E5F2F7, 0x00E7F3F8, 0x00EAF4F9, 0x00E5F1F6, 0x00E7F3F8, 0x00E6F1F7,
    0x00E5F1F6, 0x00E8F3F8, 0x00E6F1F7, 0x00E8F3F7, 0x00E9F3F8, 0x00EBF5F9, 0x00E8F4F9, 0x00E7F2F7, 0x00E6F2F6,
    0x00E8F3F7, 0x00E8F2F8, 0x00E5F0F6, 0x00E5F2F7, 0x00E1EFF4, 0x00E2EEF5, 0x00DDECF3, 0x00DBECF3, 0x00DDECF2,
    0x00DDEBF2, 0x00D9EAF1, 0x00D6E8EF, 0x00D9E9F0, 0x00DAEAF1, 0x00DCEAF0, 0x00E0EDF3, 0x00E0ECF3, 0x00D8E9F0,
    0x00D6E7EF, 0x00D4E6EE, 0x00D3E5ED, 0x00D4E6EE, 0x00D5E6ED, 0x00D5E6ED, 0x00D5E6ED, 0x00D9E9F0, 0x00DDEBF2,
    0x00DEECF2, 0x00DAE9F0, 0x00D4E7EE, 0x00D4E6EE, 0x00D6E8EF, 0x00D3E7EE, 0x00D7E9F0, 0x00D7E8EF, 0x00D8EAF1,
    0x00D6E9F0, 0x00D5E8EF, 0x00D6E8F0, 0x00D2E6ED, 0x00D4E7EF, 0x00D2E5ED, 0x00D3E5EE, 0x00D2E5ED, 0x00D1E6ED,
    0x00D5E7EF, 0x00D5E7EE, 0x00D7E9F1, 0x00D7EAF1, 0x00DCECF3, 0x00E3F0F6, 0x00E5F2F6, 0x00E5F1F7, 0x00E6F2F7,
    0x00E9F4F8, 0x00E9F4F9, 0x00E7F3F8, 0x00EBF6FA, 0x00EBF6FA, 0x00E9F5F8, 0x00EBF6FA, 0x00EBF6FA, 0x00EEF8FB,
    0x00EDF7FC, 0x00EDF8FC, 0x00ECF7FB, 0x00EFF9FC, 0x00ECF8FB, 0x00EDF8FB, 0x00EDF8FB, 0x00EDF8FC, 0x00EBF7FB,
    0x00ECF7FB, 0x00EDF8FB, 0x00EDF8FC, 0x00ECF7FB, 0x00EDF8FB, 0x00EDF7FC, 0x00EEF8FC, 0x00ECF6FA, 0x00EDF7FB,
    0x00EEF7FB, 0x00E9F5FA, 0x00E6F4F9, 0x00ECF6FB, 0x00EBF6FB, 0x00EAF6FB, 0x00EEF9FC, 0x00EDF8FC, 0x00EBF7FB,
    0x00ECF7FB, 0x00EFF9FC, 0x00EDF8FC, 0x00EDF8FC, 0x00EDF8FC, 0x00ECF7FC, 0x00ECF7FB, 0x00EDF8FC, 0x00ECF7FB,
    0x00ECF7FC, 0x00EDF8FC, 0x00ECF7FA, 0x00EDF8FB, 0x00EDF8FC, 0x00EDF8FC, 0x00EEF8FC, 0x00EDF8FB, 0x00ECF7FC,
    0x00E9F6F9, 0x00ECF7FB, 0x00EBF6FB, 0x00EBF6FB, 0x00EBF7FB, 0x00ECF7FB, 0x00ECF7FB, 0x00EDF7FB, 0x00EBF7FA,
    0x00EDF7FB, 0x00ECF7FA, 0x00ECF8FB, 0x00EEF8FC, 0x00ECF8FC, 0x00EAF7FA, 0x00EEF9FC, 0x00ECF7FB, 0x00ECF7FB,
    0x00EBF6FB, 0x00EAF6FB, 0x00ECF7FB, 0x00EAF5F9, 0x00EAF5FA, 0x00E7F4F9, 0x00EBF6FB, 0x00EAF6F9, 0x00ECF7FB,
    0x00ECF7FB, 0x00ECF7FC, 0x00ECF8FC, 0x00ECF6FC, 0x00EBF6FA, 0x00EDF7FB, 0x00EBF6FB, 0x00EAF5FA, 0x00EAF5F9,
    0x00E8F5FA, 0x00EAF6FA, 0x00EDF8FB, 0x00ECF8FA, 0x00ECF7FB, 0x00EAF5F9, 0x00EBF6FA, 0x00EAF5FB, 0x00E9F4F8,
    0x00E8F3F8, 0x00E8F3F7, 0x00E6F2F7, 0x00E0EEF4, 0x00E0EDF3, 0x00DEEDF4, 0x00DAEBF1, 0x00DBEAF1, 0x00D3E3E9,
    0x00D0E0E7, 0x00CFDFE4, 0x00CCDDE3, 0x00CBDCE2, 0x00D1E0E7, 0x00CDDEE4, 0x00CDDCE3, 0x00CADADF, 0x00D1DFE4,
    0x00CEDCE2, 0x00CADBE1, 0x00CBDCE1, 0x00CDDBE1, 0x00CCDCE2, 0x00CADBE1, 0x00CDDBE1, 0x00CADAE0, 0x00C7D7DD,
    0x00CDDBE1, 0x00CCDAE1, 0x00C8D9DF, 0x00C4D5DB, 0x00C2D4DA, 0x00C5D6DC, 0x00C2D6DB, 0x00C5D6DC, 0x00C4D7DC,
    0x00C9D9DF, 0x00CCDCE1, 0x00CDDCE2, 0x00CADBE1, 0x00CADBE1, 0x00CCDCE3, 0x00CFDEE4, 0x00D1DFE6, 0x00CDDEE4,
    0x00CBDEE3, 0x00CDDFE4, 0x00D2E3E9, 0x00D4E4EA, 0x00D5E5EC, 0x00D7E6EC, 0x00D7E6EC, 0x00D7E5EC, 0x00D6E4EB,
    0x00D7E5EB, 0x00D7E5EB, 0x00D5E4EA, 0x00D7E6EC, 0x00DBE8EE, 0x00DCE9EF, 0x00DDEAEF, 0x00D6E4EA, 0x00D5E5EB,
    0x00D9E8EE, 0x00DAE8F0, 0x00DAEAF0, 0x00DBEAF0, 0x00DAEAF1, 0x00DAEAF0, 0x00E2EEF4, 0x00E6F1F6, 0x00E8F3F8,
    0x00E8F3F9, 0x00EBF5FA, 0x00EAF5FA, 0x00EAF5F9, 0x00EAF5F9, 0x00E8F3F8, 0x00E9F4F8, 0x00EBF6F9, 0x00EBF5F9,
    0x00E9F4F8, 0x00EAF4F8, 0x00E8F3F7, 0x00EBF5F9, 0x00ECF6FA, 0x00EBF6FA, 0x00ECF6FA, 0x00EAF5F9, 0x00EDF6FB,
    0x00EBF4F9, 0x00EAF3F9, 0x00E8F2F7, 0x00E8F2F7, 0x00E7F2F8, 0x00E7F2F7, 0x00E8F2F8, 0x00E6F2F8, 0x00E8F3F8,
    0x00E3F0F5, 0x00E7F2F8, 0x00E7F2F6, 0x00E6F2F7, 0x00E5F1F7, 0x00E4F0F5, 0x00E4EFF6, 0x00E5F0F6, 0x00DDECF2,
    0x00DCEBF1, 0x00E0EDF3, 0x00DFECF3, 0x00DFECF2, 0x00DEEBF2, 0x00DFECF2, 0x00DBEAF1, 0x00DAE9F1, 0x00DAEAF0,
    0x00DBEBF1, 0x00DAEAF1, 0x00D9EAF1, 0x00DBECF3, 0x00DCEDF3, 0x00DFEDF4, 0x00DDECF3, 0x00DEEEF5, 0x00E9F7FC,
    0x00EBF6FC, 0x00EDF7FC, 0x00EDF8FC, 0x00EAF6FA, 0x00EAF5FA, 0x00EAF6FB, 0x00E7F5FA, 0x00E5F3F8, 0x00E6F4F9,
    0x00DFEFF6, 0x00E6F2F8, 0x00E5F2F7, 0x00EAF4F9, 0x00E9F5F9, 0x00E7F4F8, 0x00E6F3F8, 0x00E7F4F8, 0x00E9F4F9,
    0x00E9F4F9, 0x00E7F2F8, 0x00E6F2F7, 0x00E8F3F8, 0x00E9F4F9, 0x00EAF5F9, 0x00EAF5F9, 0x00E9F4F8, 0x00E7F3F8,
    0x00E8F3F8, 0x00E9F3F9, 0x00E8F3F7, 0x00E7F2F7, 0x00E7F2F7, 0x00E9F4F8, 0x00E6F1F6, 0x00E8F4F8, 0x00E7F2F8,
    0x00EBF6F9, 0x00ECF5FA, 0x00E9F4F8, 0x00EBF6FA, 0x00E9F4F8, 0x00E6F2F7, 0x00E6F2F7, 0x00E7F2F8, 0x00E6F1F7,
    0x00E3EFF5, 0x00E4F0F6, 0x00E1EFF5, 0x00E3F0F5, 0x00E2EEF4, 0x00E1EEF4, 0x00E0EDF4, 0x00DCEBF2, 0x00E1EEF5,
    0x00DDECF2, 0x00E1EFF5, 0x00E1EEF4, 0x00DFEEF4, 0x00DDECF2, 0x00D6E8F0, 0x00D4E7EF, 0x00D5E7EF, 0x00D9E9F1,
    0x00D7E7EF, 0x00D9E8F0, 0x00DCEBF2, 0x00E0EDF2, 0x00DFEDF3, 0x00DFECF3, 0x00E3F0F5, 0x00E0EEF5, 0x00DEECF3,
    0x00D9EAF1, 0x00D9EAF1, 0x00DDECF2, 0x00DFEEF5, 0x00DAEBF2, 0x00D9EAF3, 0x00D4E8F0, 0x00D9EAF2, 0x00D6E8F0,
    0x00D4E7F0, 0x00D2E5EE, 0x00D3E5ED, 0x00D4E7EF, 0x00D5E8EF, 0x00D8EAF1, 0x00D3E8EF, 0x00D7E9F1, 0x00DBECF3,
    0x00E2EFF5, 0x00E6F2F7, 0x00E6F2F8, 0x00E3F0F6, 0x00E8F4F9, 0x00E9F4F9, 0x00EAF5F9, 0x00EAF5FA, 0x00E9F5FA,
    0x00EAF6FB, 0x00EBF7FB, 0x00EBF6FA, 0x00EDF7FB, 0x00EEF7FB, 0x00EEF7FC, 0x00ECF7FB, 0x00E7F3F6, 0x00EEF9FC,
    0x00ECF8FB, 0x00EDF8FC, 0x00E9F6FA, 0x00EAF5FA, 0x00EDF8FC, 0x00ECF6FB, 0x00ECF7FB, 0x00EEF8FC, 0x00EEF8FC,
    0x00EEF8FB, 0x00EEF8FC, 0x00EDF7FB, 0x00EEF8FB, 0x00EEF8FC, 0x00E8F5F9, 0x00EAF5FA, 0x00E9F5F9, 0x00EDF7FC,
    0x00EAF6FA, 0x00EAF6FA, 0x00ECF8FC, 0x00EDF8FD, 0x00EAF7FA, 0x00ECF8FC, 0x00EBF7FA, 0x00EDF8FB, 0x00EDF8FC,
    0x00EDF8FC, 0x00EDF8FC, 0x00ECF7FB, 0x00E9F5F9, 0x00EDF8FC, 0x00ECF7FC, 0x00EEF8FC, 0x00EDF8FD, 0x00EDF8FC,
    0x00EAF7FA, 0x00EFF9FD, 0x00EFF9FC, 0x00ECF8FB, 0x00EDF7FA, 0x00E9F6FA, 0x00ECF8FC, 0x00EDF8FB, 0x00ECF7FB,
    0x00EEF9FC, 0x00EDF8FB, 0x00EDF8FC, 0x00EDF7FB, 0x00EAF6FA, 0x00F0F9FC, 0x00ECF7FB, 0x00ECF6FA, 0x00EDF8FC,
    0x00EEF9FD, 0x00ECF8FB, 0x00F0F9FC, 0x00E8F4F8, 0x00EDF8FB, 0x00EDF8FC, 0x00EEF9FD, 0x00EBF7FA, 0x00EBF6FB,
    0x00E5F3F8, 0x00E4F4F9, 0x00EAF6FB, 0x00E7F5F9, 0x00E9F4FB, 0x00EBF7FB, 0x00EBF6FA, 0x00EBF7FB, 0x00EBF7FC,
    0x00E9F5F9, 0x00EBF6FB, 0x00EBF7FB, 0x00EAF6F9, 0x00ECF6FB, 0x00EAF5FA, 0x00EBF6FA, 0x00EBF6FA, 0x00EDF8FD,
    0x00EBF7FA, 0x00E9F5F9, 0x00EBF6FA, 0x00EAF5FA, 0x00E9F4F8, 0x00E5F1F6, 0x00E8F3F8, 0x00E6F1F6, 0x00E8F2F7,
    0x00E2EFF5, 0x00DFEDF4, 0x00DEEDF3, 0x00D9E9F0, 0x00D8E8EE, 0x00D4E2E8, 0x00D1E0E7, 0x00CFDFE5, 0x00CFDEE4,
    0x00CCDDE3, 0x00CEDEE5, 0x00CFDFE5, 0x00C9DBE2, 0x00CADBE2, 0x00CCDCE1, 0x00CADCE1, 0x00C9DADF, 0x00CDDCE1,
    0x00C7D8DE, 0x00CADBE1, 0x00CAD9E0, 0x00C9D9DF, 0x00C8D8DE, 0x00CBD9DF, 0x00C9D9DF, 0x00C4D6DD, 0x00C8D9DF,
    0x00C6D9DE, 0x00C9DAE0, 0x00C8DBE0, 0x00CCDCE2, 0x00C7DBDF, 0x00CCDCE2, 0x00D0DFE6, 0x00CFE0E6, 0x00CFDFE4,
    0x00CADBE1, 0x00D4E2E8, 0x00D7E4EA, 0x00CCDEE3, 0x00D0E0E6, 0x00CFE1E6, 0x00DAE8EE, 0x00DAE7EE, 0x00DDEAF0,
    0x00DFEBF2, 0x00DFEBF1, 0x00DEEAF0, 0x00E1ECF2, 0x00E2EEF4, 0x00D9E7ED, 0x00D9E7ED, 0x00D9E7ED, 0x00DAE8EE,
    0x00DCE9EF, 0x00E0ECF2, 0x00DFEBF1, 0x00DEEBF1, 0x00DDEAF1, 0x00DDEBF1, 0x00DEEBF1, 0x00E0EDF3, 0x00E0EDF3,
    0x00E0EEF4, 0x00E3EEF3, 0x00E8F2F7, 0x00EBF4F8, 0x00EAF5F9, 0x00EAF5F9, 0x00EAF5FA, 0x00EBF5FA, 0x00EBF6FA,
    0x00EAF5F9, 0x00E9F4F8, 0x00EBF5FA, 0x00EAF5F8, 0x00E8F3F8, 0x00EBF6FA, 0x00EBF5FA, 0x00EAF5F9, 0x00EDF7FA,
    0x00EBF5FB, 0x00ECF7FB, 0x00EEF7FB, 0x00EEF7FB, 0x00EDF6FA, 0x00EDF6FA, 0x00E5F0F5, 0x00E8F2F6, 0x00EAF3F8,
    0x00E9F3F9, 0x00E9F4F8, 0x00EBF4F9, 0x00E9F4F8, 0x00E7F2F8, 0x00E7F3F8, 0x00E8F3F7, 0x00E8F4FA, 0x00E8F3F9,
    0x00E7F3F8, 0x00E9F4F8, 0x00E7F2F8, 0x00E8F3F8, 0x00E4F0F6, 0x00E6F1F7, 0x00E3F0F6, 0x00E3EFF5, 0x00E2EEF4,
    0x00DCECF2, 0x00E1EEF4, 0x00DAEAF0, 0x00DAEAF1, 0x00DDEBF2, 0x00D8E9EF, 0x00D9EAF1, 0x00DBEBF2, 0x00DBEBF3,
    0x00DAEBF2, 0x00DCECF3, 0x00DBECF3, 0x00DCEDF4, 0x00EBF8FC, 0x00E7F5F9, 0x00EAF6FB, 0x00ECF7FC, 0x00E9F6FA,
    0x00EBF6FA, 0x00ECF7FA, 0x00EAF7FA, 0x00EAF5FA, 0x00E4F3F9, 0x00E4F3F8, 0x00E7F3F8, 0x00E7F3F7, 0x00EBF6FA,
    0x00E7F4F8, 0x00E7F4F8, 0x00E6F4F8, 0x00E9F4F9, 0x00ECF5FA, 0x00EAF4F8, 0x00E8F3F8, 0x00E9F4F8, 0x00EBF5F9,
    0x00E9F4F8, 0x00E9F4F9, 0x00E8F4F8, 0x00EBF5FA, 0x00EBF5F9, 0x00E6F2F6, 0x00E8F3F8, 0x00E8F3F8, 0x00EBF5F9,
    0x00EAF5F9, 0x00EAF4F9, 0x00EBF5F9, 0x00E9F4F8, 0x00EAF5F9, 0x00ECF6F9, 0x00EBF5F9, 0x00E9F4F8, 0x00EAF5F9,
    0x00EBF5F9, 0x00E8F3F8, 0x00E8F3F8, 0x00E8F3F7, 0x00E8F3F9, 0x00E5F1F6, 0x00E6F1F6, 0x00E3EFF5, 0x00E7F2F7,
    0x00E4EFF5, 0x00E6F1F6, 0x00E1EEF4, 0x00E1EFF4, 0x00E2EEF5, 0x00E5F1F6, 0x00E5F2F6, 0x00E3F0F5, 0x00E3F0F5,
    0x00E1EDF3, 0x00DCECF2, 0x00DAEBF2, 0x00DBEBF2, 0x00D6E9EF, 0x00D9EAF1, 0x00DDECF2, 0x00DEECF3, 0x00E4EFF6,
    0x00E1EEF4, 0x00E1EFF5, 0x00E2EFF5, 0x00E2F0F6, 0x00E2F0F5, 0x00DFEEF4, 0x00DEEEF3, 0x00E0EEF4, 0x00E2EEF5,
    0x00DEEDF4, 0x00DBEBF3, 0x00D8EAF1, 0x00D8EAF2, 0x00D8E9F1, 0x00D5E8F0, 0x00D8E9F1, 0x00DDECF2, 0x00D8E9F1,
    0x00D9EBF2, 0x00D7E9F1, 0x00D9EAF1, 0x00DEEDF4, 0x00DFEEF3, 0x00E5F1F7, 0x00E6F2F6, 0x00E8F4F8, 0x00E4F2F7,
    0x00E8F4F9, 0x00E6F3F7, 0x00E8F4F9, 0x00EBF6FA, 0x00EBF6FA, 0x00EAF6FB, 0x00EBF7FB, 0x00EBF6FB, 0x00EEF8FB,
    0x00ECF7FB, 0x00EAF6FA, 0x00EBF6FB, 0x00ECF7FC, 0x00ECF7FB, 0x00EDF8FC, 0x00EFF8FC, 0x00EBF7FA, 0x00EDF8FB,
    0x00ECF7FB, 0x00EBF7FA, 0x00EEF8FC, 0x00E9F5F9, 0x00EDF7FC, 0x00ECF6FB, 0x00E7F3F7, 0x00EDF7FB, 0x00ECF6FA,
    0x00EAF5FA, 0x00E5F2F7, 0x00EAF6FA, 0x00EAF6FA, 0x00E9F6FA, 0x00EAF7FB, 0x00EBF7FB, 0x00EAF6FB, 0x00EBF7FC,
    0x00EBF8FB, 0x00ECF8FC, 0x00EBF7FB, 0x00EBF7FB, 0x00EBF7FB, 0x00EDF8FC, 0x00EDF8FC, 0x00ECF7FB, 0x00EDF8FC,
    0x00EDF7FD, 0x00EAF6FA, 0x00EDF8FC, 0x00ECF7FC, 0x00EEF9FD, 0x00EBF7FB, 0x00ECF7FC, 0x00EBF7FB, 0x00EBF7FC,
    0x00EDF8FC, 0x00EAF6FA, 0x00ECF8FB, 0x00ECF7FC, 0x00E9F7FB, 0x00ECF8FC, 0x00EEF8FC, 0x00EEF9FC, 0x00EFF9FC,
    0x00EDF8FB, 0x00EFF8FC, 0x00EEF8FC, 0x00ECF7FB, 0x00E9F5FA, 0x00ECF7FB, 0x00EDF8FC, 0x00F0F9FC, 0x00EBF7FA,
    0x00ECF7FB, 0x00EEF9FC, 0x00ECF7FC, 0x00ECF7FB, 0x00EAF6FA, 0x00E7F5F9, 0x00E8F6F9, 0x00EAF6FB, 0x00E9F5FA,
    0x00EAF5FA, 0x00E6F4F9, 0x00E5F4F9, 0x00E7F4F9, 0x00E7F3F9, 0x00E7F4F9, 0x00EAF5FA, 0x00EBF6FB, 0x00EBF6FB,
    0x00EBF5FA, 0x00E7F3F8, 0x00E8F4F9, 0x00EBF6FB, 0x00EBF6FB, 0x00EAF6FA, 0x00EAF6FA, 0x00EAF6FA, 0x00EBF5FA,
    0x00EAF5F9, 0x00E9F5F9, 0x00E8F4F8, 0x00E6F2F7, 0x00E6F2F8, 0x00E1EFF5, 0x00E3F0F5, 0x00E1EDF4, 0x00DDEBF1,
    0x00DBEAF1, 0x00D3E2E8, 0x00D0E0E6, 0x00CEDEE4, 0x00D0DFE5, 0x00D0E0E6, 0x00CFE0E6, 0x00CFDFE4, 0x00CEDEE4,
    0x00D2DFE4, 0x00D1DEE2, 0x00CEDCE2, 0x00CFDCE1, 0x00CCDCE2, 0x00CBDAE0, 0x00CDDBE1, 0x00C9DAE0, 0x00CCDBE1,
    0x00C7D9DE, 0x00C7D7DD, 0x00C5D6DC, 0x00C9D9E0, 0x00D2E0E6, 0x00D1DFE5, 0x00D2E1E7, 0x00CCDEE4, 0x00CFDFE5,
    0x00CFE0E6, 0x00D2E2E8, 0x00D8E6EC, 0x00D6E4EB, 0x00D6E4EA, 0x00D6E6EB, 0x00D5E4EB, 0x00D5E3EA, 0x00D5E4EA,
    0x00D6E6EC, 0x00D7E7EE, 0x00E0ECF2, 0x00E2EDF4, 0x00E1ECF2, 0x00E4EFF6, 0x00E4EFF6, 0x00E4EFF5, 0x00E5F0F5,
    0x00E4EFF5, 0x00E3EFF4, 0x00E2EEF3, 0x00E2EEF3, 0x00DEEBF0, 0x00DDEAF0, 0x00DCEAF0, 0x00E2EEF4, 0x00E1ECF2,
    0x00DCEAF1, 0x00DFEDF3, 0x00E0EEF4, 0x00E2EFF5, 0x00E4EFF6, 0x00E5F1F5, 0x00E6F2F7, 0x00EAF5F9, 0x00EBF5F9,
    0x00EBF6FA, 0x00EBF5FA, 0x00EAF5FA, 0x00E9F4F8, 0x00EAF5FA, 0x00EBF6FA, 0x00EAF5F9, 0x00ECF6FA, 0x00EAF5F9,
    0x00EBF6FA, 0x00EBF6FA, 0x00EBF6FA, 0x00ECF6FB, 0x00ECF6FA, 0x00EBF5FA, 0x00ECF6FA, 0x00EDF7FB, 0x00EEF8FB,
    0x00EDF6FA, 0x00ECF6FB, 0x00EAF4F8, 0x00E9F4F8, 0x00EAF3F8, 0x00E9F3F7, 0x00EBF5FA, 0x00E8F3F8, 0x00EBF5F9,
    0x00E6F2F8, 0x00E3F0F8, 0x00E8F3F8, 0x00EAF5FA, 0x00EAF4FA, 0x00E8F4F9, 0x00E9F4FA, 0x00E9F4F9, 0x00E9F4FA,
    0x00E8F3F8, 0x00E7F1F8, 0x00E5F1F7, 0x00E5F1F7, 0x00E5F0F6, 0x00E4F1F7, 0x00E4F0F6, 0x00E1EEF4, 0x00DCECF2,
    0x00E0EEF4, 0x00DEEEF4, 0x00DCEDF3, 0x00DBECF2, 0x00DBEBF2, 0x00DAEBF2, 0x00DCECF3, 0x00DCECF2, 0x00DFEFF5,
    0x00E9F6FA, 0x00EDF8FC, 0x00E6F5FA, 0x00EAF5FA, 0x00EEF8FB, 0x00EEF8FC, 0x00EDF7FA, 0x00ECF6FB, 0x00EAF5FA,
    0x00E6F3F9, 0x00ECF6FB, 0x00E7F4F8, 0x00EAF5FA, 0x00EBF6FA, 0x00E9F6F9, 0x00E8F5F9, 0x00EBF6FA, 0x00E9F5F9,
    0x00EAF6FB, 0x00ECF6FA, 0x00EAF5F9, 0x00EBF5F9, 0x00ECF5FB, 0x00EBF5FA, 0x00E6F2F6, 0x00E6F1F5, 0x00EBF6FA,
    0x00EBF5FA, 0x00EAF4F8, 0x00EBF4F8, 0x00E7F2F6, 0x00EAF4F8, 0x00EDF6FA, 0x00EEF7FB, 0x00EBF5F9, 0x00E9F4F8,
    0x00EAF4F8, 0x00EDF6FB, 0x00EBF5F9, 0x00EAF5F9, 0x00E8F4F8, 0x00EAF5F9, 0x00EAF5FA, 0x00EAF5FB, 0x00EBF5FB,
    0x00EAF5FA, 0x00E6F2F7, 0x00E8F3F8, 0x00E9F4F8, 0x00E5F0F5, 0x00E7F2F7, 0x00E8F2F7, 0x00E6F1F7, 0x00E4EFF5,
    0x00E2EFF5, 0x00E7F2F8, 0x00E7F2F8, 0x00E8F3F7, 0x00E8F2F7, 0x00E5F1F6, 0x00E5EFF6, 0x00E2EFF5, 0x00E0EEF5,
    0x00E1EFF5, 0x00E3EFF5, 0x00E4F1F7, 0x00E5F1F6, 0x00E4F1F6, 0x00E3F0F5, 0x00E6F2F7, 0x00E5F2F6, 0x00E5F1F6,
    0x00E5F0F6, 0x00E5F1F7, 0x00E2F0F6, 0x00E4F1F6, 0x00E2EFF6, 0x00DFEEF4, 0x00E1EFF5, 0x00E0EFF6, 0x00DBEBF3,
    0x00DBEBF3, 0x00DCECF3, 0x00DDECF3, 0x00E0EEF4, 0x00DDEDF4, 0x00D7E9EF, 0x00DEEDF3, 0x00E4F1F7, 0x00E5F1F6,
    0x00E7F3F7, 0x00E7F3F8, 0x00EAF5FA, 0x00EBF6FA, 0x00EAF5FA, 0x00E9F5FA, 0x00E6F3F8, 0x00EBF7FB, 0x00EBF6FA,
    0x00EDF8FB, 0x00EBF7FB, 0x00ECF7FB, 0x00ECF7FB, 0x00EDF8FC, 0x00EDF7FC, 0x00E9F5F9, 0x00EDF8FC, 0x00ECF7FB,
    0x00EEF9FC, 0x00EDF8FC, 0x00EDF7FB, 0x00EBF7FA, 0x00ECF8FB, 0x00E9F5FA, 0x00ECF8FB, 0x00EEF8FC, 0x00EBF6FA,
    0x00ECF7FB, 0x00ECF7FB, 0x00EBF6FA, 0x00EAF5F9, 0x00EEF8FB, 0x00EBF6FA, 0x00EAF6FA, 0x00EAF6FA, 0x00EBF6FA,
    0x00E8F5F8, 0x00ECF7FB, 0x00EBF7FB, 0x00E9F7FA, 0x00EAF7FC, 0x00EAF7FB, 0x00ECF8FC, 0x00EDF8FD, 0x00EBF7FB,
    0x00ECF7FB, 0x00ECF7FC, 0x00EAF6FB, 0x00EAF6F9, 0x00EDF8FC, 0x00EBF7FB, 0x00EAF8FB, 0x00EBF8FB, 0x00ECF7FB,
    0x00EBF7FB, 0x00EAF7FB, 0x00EAF6FB, 0x00EAF7FB, 0x00ECF8FC, 0x00ECF7FC, 0x00ECF7FB, 0x00EEF9FC, 0x00EBF7FB,
    0x00EBF7FA, 0x00ECF8FB, 0x00ECF8FB, 0x00ECF8FB, 0x00EDF8FC, 0x00EDF8FC, 0x00EDF8FB, 0x00EDF8FC, 0x00EBF7FB,
    0x00ECF7FB, 0x00EAF6FA, 0x00EDF8FC, 0x00EEF8FB, 0x00EBF7FB, 0x00EFF9FC, 0x00EEF9FB, 0x00ECF8FC, 0x00EBF6FA,
    0x00E8F5F9, 0x00E8F5FB, 0x00E8F5F9, 0x00ECF6FB, 0x00EAF5F9, 0x00E8F4FA, 0x00E8F4F9, 0x00E4F4F8, 0x00E6F3F9,
    0x00E8F4FA, 0x00E4F3F7, 0x00E9F5FA, 0x00EAF6FA, 0x00EAF4FA, 0x00E7F4F8, 0x00E9F5F9, 0x00E9F5F9, 0x00E5F1F7,
    0x00EAF5F9, 0x00EAF6FA, 0x00EBF5FB, 0x00EAF6FB, 0x00E9F5FB, 0x00E7F4F9, 0x00E7F3F8, 0x00E9F4F8, 0x00E7F3F7,
    0x00E4F0F5, 0x00E7F2F7, 0x00E2EFF5, 0x00DDEBF1, 0x00D9E8EF, 0x00D9E8EF, 0x00D3E3E9, 0x00D2E2E8, 0x00CEE0E5,
    0x00D1E0E5, 0x00CFDEE4, 0x00D1E1E5, 0x00D4E0E6, 0x00D0DFE5, 0x00CEDDE3, 0x00D1E0E4, 0x00D1E0E6, 0x00CFDEE2,
    0x00CFDFE5, 0x00CADAE0, 0x00CBDBE2, 0x00C8DBE0, 0x00CBDAE1, 0x00C9D9E0, 0x00CBDBE1, 0x00D0DFE5, 0x00D4E1E8,
    0x00D6E4EA, 0x00D3E1E7, 0x00D8E5EC, 0x00D6E4EA, 0x00D7E5EB, 0x00D5E5EB, 0x00D9E7EE, 0x00DCE8EF, 0x00D6E5EC,
    0x00D6E6EC, 0x00DBE8EE, 0x00D9E7EE, 0x00D4E4EB, 0x00D4E5EB, 0x00D6E7ED, 0x00DAEAF1, 0x00E3EEF5, 0x00E0ECF1,
    0x00E5F1F6, 0x00E5F0F6, 0x00E7F3F8, 0x00E7F2F6, 0x00EAF4F8, 0x00E9F4F9, 0x00E7F2F8, 0x00E7F1F8, 0x00E8F2F8,
    0x00E5F1F5, 0x00E2EFF3, 0x00DEEDF2, 0x00E1EDF3, 0x00E1EEF4, 0x00E0EEF3, 0x00E1EEF4, 0x00E4F1F6, 0x00E5F2F7,
    0x00E6F1F8, 0x00EAF4F8, 0x00EAF4F8, 0x00EDF6FB, 0x00EBF6FB, 0x00EBF5F9, 0x00EAF4F9, 0x00EBF6FA, 0x00ECF7FA,
    0x00ECF7FB, 0x00EEF7FB, 0x00EBF6FA, 0x00EBF5F9, 0x00EBF5FA, 0x00EBF6FA, 0x00ECF7FB, 0x00EBF6FA, 0x00EBF6FA,
    0x00ECF6FA, 0x00ECF6FB, 0x00EAF5F9, 0x00EBF6FA, 0x00ECF6FA, 0x00EDF6FA, 0x00EDF6FB, 0x00EBF5F9, 0x00EBF4FA,
    0x00EDF6FA, 0x00E9F3F8, 0x00ECF6F9, 0x00EBF4F8, 0x00EBF6FA, 0x00EBF5F9, 0x00E9F5FA, 0x00E8F3F8, 0x00EAF5FA,
    0x00EAF5FA, 0x00EBF6FA, 0x00E9F4F9, 0x00EAF4FA, 0x00EAF4FA, 0x00EAF4FA, 0x00EAF4FB, 0x00E6F2F8, 0x00E8F3F9,
    0x00E7F2F8, 0x00E7F2F8, 0x00E8F2F8, 0x00E5F1F8, 0x00E1EFF6, 0x00E6F1F7, 0x00E5F1F7, 0x00E1F0F5, 0x00E4F1F6,
    0x00E2F0F5, 0x00E4F1F5, 0x00E5F1F6, 0x00E2F1F5, 0x00E0EFF4, 0x00EDF9FC, 0x00EEF8FC, 0x00EDF7FB, 0x00EDF7FB,
    0x00EBF7FB, 0x00EFF8FB, 0x00EFF8FB, 0x00ECF7FB, 0x00ECF7FB, 0x00EAF6FA, 0x00EBF6FB, 0x00E8F6FA, 0x00E8F5F9,
    0x00E9F5FA, 0x00E8F5FA, 0x00EAF6F9, 0x00EAF6FA, 0x00EBF7FB, 0x00ECF7FB, 0x00EBF5FA, 0x00E9F4F8, 0x00ECF6FA,
    0x00EBF6F9, 0x00EDF6FA, 0x00EBF6F9, 0x00EBF5F9, 0x00ECF6F9, 0x00EAF4F9, 0x00EAF5F9, 0x00E9F4F8, 0x00EBF5FA,
    0x00EAF5F9, 0x00EBF6FA, 0x00ECF6FB, 0x00ECF7FB, 0x00EBF7FA, 0x00EBF5FA, 0x00ECF6FA, 0x00EBF6FA, 0x00EBF5F9,
    0x00EBF5F9, 0x00EDF7FA, 0x00E9F5F9, 0x00E9F5F9, 0x00EBF6FA, 0x00ECF7FB, 0x00EBF6FA, 0x00EAF5FA, 0x00EBF5FA,
    0x00E8F4F8, 0x00E9F4F8, 0x00EAF5F9, 0x00E8F4F8, 0x00E7F2F8, 0x00E7F2F8, 0x00E9F4F9, 0x00E7F3F7, 0x00E8F4F8,
    0x00E9F3F9, 0x00E8F4F9, 0x00E5F1F6, 0x00E6F2F7, 0x00E3F0F6, 0x00E3EFF6, 0x00E5F1F7, 0x00E5F1F7, 0x00E4F0F6,
    0x00E5F1F7, 0x00E5F2F7, 0x00E7F3F8, 0x00E6F2F6, 0x00E7F3F7, 0x00E4F0F5, 0x00E5F2F7, 0x00E6F2F8, 0x00E6F1F7,
    0x00E1EEF5, 0x00E0EFF5, 0x00E3F0F6, 0x00E4F0F6, 0x00DDEDF3, 0x00D9EBF1, 0x00DFEEF5, 0x00E0EEF5, 0x00E1EFF5,
    0x00E1EFF5, 0x00DDECF3, 0x00E3F0F5, 0x00E6F0F7, 0x00E8F3F8, 0x00EAF4FA, 0x00EBF6FA, 0x00EAF6FA, 0x00EBF6FA,
    0x00EBF6FB, 0x00EBF6FC, 0x00E9F5F9, 0x00EBF6FA, 0x00EAF6FA, 0x00EDF8FC, 0x00EDF7FB, 0x00ECF7FB, 0x00EDF7FC,
    0x00ECF7FB, 0x00EFF9FD, 0x00EFF9FD, 0x00EDF8FC, 0x00EBF6FA, 0x00ECF7FB, 0x00EDF8FB, 0x00F0F9FC, 0x00EFF9FC,
    0x00ECF7FB, 0x00EBF6FA, 0x00ECF8FB, 0x00EDF7FB, 0x00EDF8FB, 0x00ECF7FB, 0x00EEF7FB, 0x00EBF6FC, 0x00E7F4F8,
    0x00EBF6FB, 0x00EAF6FA, 0x00EAF6F9, 0x00EDF8FB, 0x00ECF8FB, 0x00EBF7FA, 0x00EBF7FA, 0x00EDF8FC, 0x00ECF8FC,
    0x00EAF6FB, 0x00EAF7FB, 0x00EBF6FC, 0x00EBF7FC, 0x00E9F7FB, 0x00ECF7FB, 0x00EAF7FB, 0x00E8F6FB, 0x00E7F6FB,
    0x00EDF8FC, 0x00EDF8FC, 0x00ECF7FB, 0x00EDF8FB, 0x00ECF8FC, 0x00EBF8FC, 0x00EAF7FC, 0x00EBF7FB, 0x00EBF8FC,
    0x00EDF9FC, 0x00ECF8FB, 0x00ECF7FB, 0x00EDF9FC, 0x00EDF8FB, 0x00EDF8FB, 0x00EDF8FB, 0x00EDF8FC, 0x00ECF7FB,
    0x00EEF8FC, 0x00EDF8FC, 0x00EDF8FC, 0x00EFF9FC, 0x00ECF7FB, 0x00EEF8FC, 0x00ECF7FA, 0x00ECF7FB, 0x00ECF6FA,
    0x00E8F3F8, 0x00ECF7FB, 0x00EDF8FB, 0x00EDF8FC, 0x00EDF8FB, 0x00EDF8FB, 0x00ECF8FB, 0x00EBF7FB, 0x00ECF7FB,
    0x00EAF6FA, 0x00EAF5FB, 0x00E9F4F9, 0x00ECF5FB, 0x00E9F4F9, 0x00E5F4FA, 0x00E7F5FB, 0x00E6F5FA, 0x00E7F4F9,
    0x00EAF6FB, 0x00E8F4FA, 0x00EBF6FC, 0x00EAF5FA, 0x00EAF5F9, 0x00EAF4F9, 0x00EBF6FA, 0x00E9F4FA, 0x00EAF6FA,
    0x00EAF5FA, 0x00E9F4F8, 0x00E9F5F8, 0x00E8F2F8, 0x00EAF4F9, 0x00E5F1F6, 0x00E3F0F5, 0x00E2EDF4, 0x00DBEAF0,
    0x00D8E7ED, 0x00D6E4EB, 0x00D2E2E8, 0x00D2E1E7, 0x00D1E0E6, 0x00CFDEE4, 0x00CFDEE5, 0x00CEDCE2, 0x00CFDDE4,
    0x00CDDCE2, 0x00C9DAE0, 0x00CCDCE2, 0x00CCDDE3, 0x00D0DFE5, 0x00CCDCE2, 0x00C9DAE0, 0x00CBDCE3, 0x00CBDBE2,
    0x00CFDFE5, 0x00CFDFE5, 0x00D0DFE6, 0x00D7E4EB, 0x00D8E5EB, 0x00D8E6EC, 0x00D8E8EE, 0x00DAE8EE, 0x00DBE9EF,
    0x00DEEBF1, 0x00D9E8EE, 0x00DBE9EF, 0x00DBE9EF, 0x00DCEAF0, 0x00D8E6EC, 0x00D9E7ED, 0x00D5E5EB, 0x00D5E5EC,
    0x00D6E7ED, 0x00DCEAF1, 0x00DEECF2, 0x00E0ECF2, 0x00E2EEF4, 0x00E7F1F7, 0x00E9F3F9, 0x00E8F3F9, 0x00E9F3F8,
    0x00EBF5F9, 0x00ECF5F9, 0x00E6F2F8, 0x00E8F2F8, 0x00E7F1F7, 0x00EAF4F9, 0x00E8F2F8, 0x00E4F0F6, 0x00E4F1F5,
    0x00E8F3F9, 0x00E8F2F7, 0x00E7F3F7, 0x00E6F2F7, 0x00E9F3F8, 0x00E9F4F9, 0x00E9F4F9, 0x00E9F4F8, 0x00EAF4F9,
    0x00ECF6FA, 0x00ECF6FA, 0x00EDF7FA, 0x00ECF6F9, 0x00EBF6FB, 0x00ECF6FA, 0x00ECF7FB, 0x00EBF6FA, 0x00EBF6FA,
    0x00EBF6FA, 0x00EBF6FA, 0x00EBF6FA, 0x00ECF6FB, 0x00EAF5FA, 0x00EAF5F9, 0x00EEF7FB, 0x00EAF4F9, 0x00ECF6FA,
    0x00E9F4F8, 0x00ECF6FA, 0x00EDF6FA, 0x00ECF6FA, 0x00EBF5FA, 0x00ECF5FA, 0x00E9F4FA, 0x00EBF5FB, 0x00EAF5F9,
    0x00EAF4F9, 0x00EBF6FA, 0x00EAF5FA, 0x00EAF5FB, 0x00EBF5F9, 0x00EAF5FA, 0x00ECF6FB, 0x00EAF5F9, 0x00EDF6FA,
    0x00EBF5F9, 0x00E9F4FA, 0x00E9F3F9, 0x00EAF4FA, 0x00E8F3F9, 0x00EAF4FA, 0x00EAF4FA, 0x00EAF4FB, 0x00EAF4F9,
    0x00E7F2F7, 0x00E7F3F8, 0x00E8F3F8, 0x00E8F4F9, 0x00E8F4F9, 0x00E6F3F7, 0x00E5F2F6, 0x00E5F1F7, 0x00E5F1F6,
    0x00E0EEF4, 0x00EEF9FD, 0x00EDF8FC, 0x00EFF9FD, 0x00EFF9FC, 0x00EBF7FB, 0x00EDF7FB, 0x00EBF7FC, 0x00ECF7FB,
    0x00F0F9FC, 0x00F0F9FC, 0x00EAF6FA, 0x00EAF6FA, 0x00EBF6FA, 0x00EEF9FB, 0x00EEF8FB, 0x00EBF6FA, 0x00EBF6F9,
    0x00EAF6FA, 0x00ECF7FC, 0x00ECF7FB, 0x00EDF8FB, 0x00ECF6FA, 0x00E8F5F9, 0x00EBF6FB, 0x00EAF6FA, 0x00ECF7FB,
    0x00EBF6FA, 0x00EBF6FA, 0x00EAF5F9, 0x00EBF6FA, 0x00ECF6FA, 0x00EBF6FA, 0x00ECF7FA, 0x00EEF8FC, 0x00EDF7FC,
    0x00EEF7FB, 0x00EAF5FA, 0x00ECF7FB, 0x00ECF6FA, 0x00ECF7FB, 0x00E8F4F8, 0x00ECF6FB, 0x00EBF6FA, 0x00EDF7FC,
    0x00ECF7FB, 0x00EBF6FB, 0x00ECF7FB, 0x00EBF6FA, 0x00EAF5F9, 0x00EBF6FA, 0x00EBF5F9, 0x00E9F4F9, 0x00ECF6FA,
    0x00EAF5F9, 0x00EBF6FA, 0x00EBF5FB, 0x00E7F3F8, 0x00E7F3F8, 0x00E8F3F8, 0x00E9F4F8, 0x00E8F3F7, 0x00E9F4F8,
    0x00E7F1F7, 0x00E8F3F9, 0x00E7F2F7, 0x00E7F2F7, 0x00E5F1F6, 0x00E6F2F7, 0x00E7F3F7, 0x00E8F4F9, 0x00E8F4F8,
    0x00E8F4F7, 0x00E7F3F7, 0x00E6F2F6, 0x00E8F2F8, 0x00E5F1F7, 0x00E0EEF4, 0x00E3EFF5, 0x00E3F0F6, 0x00DFEFF5,
    0x00DEEDF4, 0x00DCECF3, 0x00E0EDF4, 0x00DFEFF6, 0x00DFEFF6, 0x00DFEEF5, 0x00E1EFF6, 0x00E1EFF5, 0x00E9F4F9,
    0x00E9F4F9, 0x00EAF6FA, 0x00EBF6FB, 0x00EAF6FA, 0x00ECF7FB, 0x00ECF8FB, 0x00EDF8FC, 0x00ECF7FB, 0x00EBF6FA,
    0x00ECF8FB, 0x00ECF7FC, 0x00EAF5FA, 0x00EDF7FB, 0x00EDF7FB, 0x00EEF9FD, 0x00EEF8FB, 0x00EFF9FC, 0x00EDF9FB,
    0x00EEF9FB, 0x00F0FAFD, 0x00EFF9FC, 0x00EBF6FA, 0x00EEF9FB, 0x00EDF7FB, 0x00EBF7FB, 0x00EBF6FA, 0x00EBF6FB,
    0x00EAF7FA, 0x00EBF7FB, 0x00ECF7FA, 0x00EBF6FA, 0x00EBF6F9, 0x00EFF7FB, 0x00EAF6FA, 0x00EBF7FB, 0x00ECF7FB,
    0x00ECF8FB, 0x00EDF8FC, 0x00EBF8FB, 0x00EEF8FC, 0x00ECF7FC, 0x00EAF6FA, 0x00ECF7FC, 0x00E9F6FB, 0x00E8F6FA,
    0x00EAF6FB, 0x00EDF8FC, 0x00ECF7FD, 0x00EAF6FB, 0x00E7F6FA, 0x00EAF6FA, 0x00EEF8FC, 0x00EDF8FB, 0x00EDF9FC,
    0x00EBF8FC, 0x00ECF9FC, 0x00EBF7FB, 0x00EDF8FC, 0x00E9F6FB, 0x00EAF6FB, 0x00E9F6FB, 0x00EAF6FA, 0x00E9F6FB,
    0x00EDF8FC, 0x00ECF8FD, 0x00EDF9FD, 0x00EEF9FC, 0x00EEF8FC, 0x00EDF7FC, 0x00EDF8FC, 0x00EDF8FC, 0x00EBF6FB,
    0x00EBF6FA, 0x00EDF7FC, 0x00EDF7FB, 0x00ECF6FB, 0x00ECF7FB, 0x00EDF8FC, 0x00EDF8FB, 0x00EDF8FB, 0x00EBF6FA,
    0x00EDF8FB, 0x00EDF8FC, 0x00ECF8FB, 0x00ECF8FC, 0x00E8F6F9, 0x00EBF6FA, 0x00EAF5FA, 0x00E9F5F9, 0x00EBF6FC,
    0x00E8F5FB, 0x00EAF5FA, 0x00E8F5FB, 0x00E5F5FA, 0x00E9F5FA, 0x00ECF6FB, 0x00E8F3FA, 0x00E7F3F9, 0x00E8F4FA,
    0x00ECF5FA, 0x00EAF3FA, 0x00EAF4FB, 0x00E8F3F8, 0x00E9F4F9, 0x00E9F4FA, 0x00E8F3F9, 0x00E3F1F7, 0x00E7F3F8,
    0x00E7F2F7, 0x00E3F0F5, 0x00E5EFF5, 0x00DFECF1, 0x00DAE8EE, 0x00D6E5EB, 0x00D2E2E9, 0x00CEDFE4, 0x00D0E0E6,
    0x00CEDCE2, 0x00CEDCE2, 0x00CBDAE0, 0x00CADAE0, 0x00CEDCE2, 0x00CEDEE4, 0x00CFE0E7, 0x00CEE0E7, 0x00CFE1E7,
    0x00CFE0E7, 0x00CCDDE3, 0x00CFDFE6, 0x00D1E0E7, 0x00D0E0E6, 0x00D0E0E7, 0x00D0E1E7, 0x00D4E4EA, 0x00DAE7EE,
    0x00D8E7ED, 0x00E2EDF3, 0x00DEECF2, 0x00E0EDF2, 0x00E2EEF4, 0x00E2EDF2, 0x00DFECF1, 0x00E2EEF4, 0x00E3EEF4,
    0x00DDEAF0, 0x00DBE9EF, 0x00DCE9EF, 0x00DEEBF1, 0x00E0EBF2, 0x00DFECF2, 0x00E2EDF4, 0x00E3EEF5, 0x00E6F1F6,
    0x00E7F2F6, 0x00E8F2F8, 0x00E5F1F6, 0x00E6F1F7, 0x00E8F3F7, 0x00E5F1F6, 0x00EAF5F9, 0x00E9F3F8, 0x00EBF6FA,
    0x00E9F5F8, 0x00E9F4F9, 0x00EBF6FA, 0x00E8F4F9, 0x00E9F3F9, 0x00E6F1F7, 0x00EAF5F9, 0x00ECF6FA, 0x00EDF6FA,
    0x00EDF6FA, 0x00EBF6F9, 0x00EBF5FA, 0x00EDF7FB, 0x00EEF7FB, 0x00EEF8FB, 0x00EBF5F8, 0x00EEF7FA, 0x00ECF6F9,
    0x00EDF7FB, 0x00ECF7FA, 0x00EDF7FB, 0x00EBF6FA, 0x00EDF7FB, 0x00EDF7FA, 0x00ECF6FB, 0x00E8F4F8, 0x00EBF5F9,
    0x00E6F2F7, 0x00E8F3F9, 0x00ECF5FB, 0x00EAF5F9, 0x00ECF6FA, 0x00ECF7FB, 0x00EDF7FB, 0x00EBF5FB, 0x00E7F2F8,
    0x00EBF5FA, 0x00ECF5FA, 0x00E9F5FA, 0x00E9F4FA, 0x00EBF5F9, 0x00EBF5F9, 0x00EDF6FA, 0x00ECF6FA, 0x00E9F4F9,
    0x00EBF5FA, 0x00EBF5F9, 0x00EAF3F9, 0x00EBF6FA, 0x00E8F4F9, 0x00EAF5F9, 0x00E9F4F8, 0x00EAF4FA, 0x00EAF5F9,
    0x00ECF7FA, 0x00EAF5F9, 0x00ECF6FB, 0x00EDF7FB, 0x00EAF5FA, 0x00EBF4F9, 0x00E8F4F8, 0x00E8F4F9, 0x00EAF4FB,
    0x00EAF5FA, 0x00E8F4F8, 0x00E6F3F7, 0x00E7F3F7, 0x00E6F2F6, 0x00E3F1F6, 0x00EDF9FB, 0x00EEF9FD, 0x00F0F9FC,
    0x00EFF9FC, 0x00ECF8FB, 0x00EDF7FC, 0x00ECF7FB, 0x00EEF8FB, 0x00ECF7FB, 0x00EFF8FC, 0x00EAF5FA, 0x00ECF7FA,
    0x00ECF7FB, 0x00EBF6FB, 0x00ECF7FC, 0x00ECF7FB, 0x00EEF8FC, 0x00ECF6FA, 0x00EDF8FC, 0x00EEF8FC, 0x00EAF6FB,
    0x00EBF6FA, 0x00EBF6FA, 0x00EBF6FB, 0x00EFF9FC, 0x00EDF8FB, 0x00EBF6FA, 0x00EDF8FC, 0x00EFF8FC, 0x00EEF8FC,
    0x00EBF6FA, 0x00EDF7FA, 0x00ECF7FA, 0x00EBF6FA, 0x00EBF6FA, 0x00EDF7FC, 0x00EAF5FA, 0x00EBF6FA, 0x00EDF7FB,
    0x00ECF7FB, 0x00EBF6FA, 0x00EBF6FB, 0x00E9F5F9, 0x00ECF8FB, 0x00EAF6FB, 0x00ECF7FB, 0x00EBF6FB, 0x00EDF8FB,
    0x00EEF8FC, 0x00EDF7FA, 0x00EAF5F9, 0x00E9F5F9, 0x00ECF7FB, 0x00EDF7FB, 0x00EBF6FA, 0x00EAF5FA, 0x00EAF6FA,
    0x00EAF5F9, 0x00E8F3F7, 0x00E8F3F9, 0x00E9F3F9, 0x00E5F0F6, 0x00E8F2F7, 0x00E7F3F9, 0x00E8F3F9, 0x00E8F2F8,
    0x00E5F2F7, 0x00E6F1F8, 0x00E6F2F8, 0x00E6F2F8, 0x00E9F4F8, 0x00E9F4F9, 0x00E5F1F6, 0x00E7F2F7, 0x00E8F3F8,
    0x00E6F2F8, 0x00E4F1F7, 0x00E3EFF6, 0x00E5F1F7, 0x00DEEFF5, 0x00E1EFF6, 0x00E2F0F6, 0x00E4F2F7, 0x00E3F1F7,
    0x00E4F1F7, 0x00E4F2F8, 0x00E7F3F9, 0x00E3F2F8, 0x00E4F2F6, 0x00ECF7FB, 0x00EBF6FA, 0x00EBF6FA, 0x00EBF6F9,
    0x00EEF7FB, 0x00EBF6FA, 0x00ECF6FA, 0x00ECF7FC, 0x00EBF6FA, 0x00EAF5F9, 0x00ECF7FB, 0x00EDF7FB, 0x00EEF8FC,
    0x00ECF7FB, 0x00EDF8FC, 0x00EEF8FC, 0x00EFF9FC, 0x00EEF9FC, 0x00EEF8FC, 0x00EDF8FB, 0x00ECF7FC, 0x00EFF9FC,
    0x00EFF8FC, 0x00ECF6FA, 0x00E6F3F8, 0x00EBF6FB, 0x00ECF7FA, 0x00EAF7FB, 0x00EBF7FA, 0x00EBF7FB, 0x00EEF7FB,
    0x00EAF6FA, 0x00EBF7FA, 0x00EBF7FB, 0x00ECF8FA, 0x00EBF7FA, 0x00ECF7FB, 0x00ECF7FB, 0x00ECF8FC, 0x00EBF7FB,
    0x00E9F6FB, 0x00ECF8FB, 0x00ECF7FB, 0x00EBF6FA, 0x00E4F3F8, 0x00E9F5FA, 0x00ECF8FC, 0x00EBF7FC, 0x00E7F5FA,
    0x00E9F6FA, 0x00EAF7FA, 0x00ECF7FB, 0x00ECF8FB, 0x00EAF8FC, 0x00EAF8FB, 0x00EBF7FB, 0x00EAF7FB, 0x00EAF7FB,
    0x00E9F6FB, 0x00EAF7FC, 0x00EAF7FB, 0x00EAF6FB, 0x00E8F6FA, 0x00ECF8FC, 0x00ECF8FB, 0x00EBF6FA, 0x00EFFAFC,
    0x00ECF8FB, 0x00ECF8FB, 0x00ECF7FB, 0x00EDF8FC, 0x00EBF6FA, 0x00EBF6FA, 0x00EAF5FA, 0x00EBF6FA, 0x00EAF6FA,
    0x00EAF6FB, 0x00E9F5FB, 0x00ECF7FB, 0x00EBF6FA, 0x00EDF7FB, 0x00EAF6FA, 0x00EAF5FA, 0x00EBF6FC, 0x00EBF7FB,
    0x00EDF8FB, 0x00EBF6FA, 0x00EBF7FB, 0x00EDF8FB, 0x00EFF8FC, 0x00ECF7FB, 0x00EBF6FB, 0x00E8F4F9, 0x00EAF6FB,
    0x00EBF6FB, 0x00ECF6FB, 0x00E7F3F8, 0x00E5F2F8, 0x00E6F2F8, 0x00E7F3F8, 0x00E9F4F9, 0x00E8F3F8, 0x00EAF5FA,
    0x00EAF5F9, 0x00E8F3F7, 0x00E7F2F8, 0x00E9F3F8, 0x00E7F3F8, 0x00E6F1F7, 0x00E4EFF4, 0x00E1EDF3, 0x00DBE8F0,
    0x00D5E5EB, 0x00D3E3E9, 0x00D3E3E9, 0x00CEDFE4, 0x00CCDDE4, 0x00CCDAE0, 0x00CBD9DE, 0x00CAD9DF, 0x00CCDBE0,
    0x00CCDCE2, 0x00D0DFE5, 0x00D2E2E9, 0x00D2E2E9, 0x00D2E2E9, 0x00D3E4EB, 0x00D1E3E8, 0x00D1E1E8, 0x00D3E2E9,
    0x00D1E1E7, 0x00D1E1E8, 0x00D6E4EB, 0x00D7E6EC, 0x00DBE9EF, 0x00E2EEF4, 0x00E5F0F6, 0x00E4F0F6, 0x00E4EFF6,
    0x00E3EFF5, 0x00E4F0F4, 0x00E2EFF2, 0x00E4EFF4, 0x00E3EFF5, 0x00E1EEF3, 0x00E3EFF5, 0x00DFECF2, 0x00E1EDF3,
    0x00E7F0F6, 0x00E9F2F7, 0x00E9F2F7, 0x00E6F0F7, 0x00E7F1F7, 0x00E9F3F7, 0x00E9F3F9, 0x00E7F2F7, 0x00E9F3F9,
    0x00E9F3F9, 0x00EBF4F9, 0x00EBF5FA, 0x00EAF3F8, 0x00EBF5FC, 0x00EBF5F9, 0x00E9F4F8, 0x00E9F4FA, 0x00E8F2F8,
    0x00E9F4F8, 0x00E9F4F9, 0x00ECF6FA, 0x00EBF5F9, 0x00EDF6FA, 0x00EDF6FA, 0x00ECF7FA, 0x00EDF7FA, 0x00EEF7FA,
    0x00EBF5FA, 0x00EEF7FB, 0x00EDF6FA, 0x00EEF7FB, 0x00EBF6F9, 0x00EEF7FB, 0x00EFF8FB, 0x00ECF6FB, 0x00ECF7FB,
    0x00EAF5F9, 0x00EDF7FB, 0x00E9F4F8, 0x00E9F5F9, 0x00EAF5F9, 0x00E9F4FA, 0x00E9F4F8, 0x00EBF6FB, 0x00E9F4F8,
    0x00ECF6FA, 0x00EEF7FB, 0x00EDF6FA, 0x00EBF5FA, 0x00EAF4FB, 0x00EBF5FA, 0x00EBF5FB, 0x00E9F4F9, 0x00E8F3F9,
    0x00E8F2F9, 0x00E8F3F9, 0x00EAF3F8, 0x00E8F2F7, 0x00ECF5F9, 0x00EBF5F9, 0x00EAF4FA, 0x00EBF5FA, 0x00EBF5FA,
    0x00EAF5FB, 0x00EAF5FA, 0x00EBF6FB, 0x00EAF5FA, 0x00EAF4F9, 0x00ECF6FC, 0x00E7F3F8, 0x00ECF6FB, 0x00E8F3F8,
    0x00EBF5FA, 0x00E7F2F9, 0x00E7F2F8, 0x00E7F3F8, 0x00E8F3F9, 0x00E7F4F9, 0x00E8F5F8, 0x00E6F4F8, 0x00E8F4F9,
    0x00E8F3F8, 0x00E4F2F7, 0x00ECF8FD, 0x00ECF8FC, 0x00ECF8FC, 0x00EEF8FC, 0x00EDF8FC, 0x00EFF8FC, 0x00F0F8FC,
    0x00EDF7FB, 0x00ECF8FB, 0x00EFF8FC, 0x00EDF8FC, 0x00EDF8FB, 0x00EAF6FA, 0x00ECF7FB, 0x00ECF7FC, 0x00ECF7FB,
    0x00ECF7FB, 0x00EDF8FB, 0x00EFF9FC, 0x00EEF8FD, 0x00EDF8FC, 0x00EEF8FB, 0x00EBF7FB, 0x00ECF7FB, 0x00EDF8FC,
    0x00EFF9FD, 0x00EFF9FC, 0x00EDF8FC, 0x00EEF8FC, 0x00EEF8FC, 0x00EDF7FA, 0x00EEF8FB, 0x00EDF7FB, 0x00ECF7FB,
    0x00EBF6FA, 0x00EBF6FA, 0x00ECF7FB, 0x00ECF7FB, 0x00EDF7FB, 0x00ECF7FC, 0x00EBF6FA, 0x00EBF7FB, 0x00ECF7FB,
    0x00EDF8FC, 0x00ECF8FC, 0x00ECF7FB, 0x00EDF8FC, 0x00EEF9FC, 0x00EEF8FC, 0x00ECF7FB, 0x00EBF6FA, 0x00EBF6FA,
    0x00EDF7FB, 0x00EBF6FA, 0x00EBF6FA, 0x00EBF6FA, 0x00EBF5FB, 0x00EAF4FA, 0x00E8F3F7, 0x00E9F3FA, 0x00E9F4F9,
    0x00E8F4F8, 0x00E7F3F8, 0x00E5F2F7, 0x00E5F1F7, 0x00E7F2F8, 0x00E7F3F8, 0x00E7F3F8, 0x00E8F4F8, 0x00E7F2F8,
    0x00E8F3F9, 0x00E5F1F8, 0x00E4F1F6, 0x00E8F4F8, 0x00E8F3F8, 0x00E5F1F7, 0x00E6F3F8, 0x00E6F3F7, 0x00E4F1F6,
    0x00E3F1F7, 0x00E4F1F7, 0x00E7F3F7, 0x00E5F2F7, 0x00E8F4F9, 0x00EAF5FA, 0x00EAF5FA, 0x00EAF6FB, 0x00E9F5F9,
    0x00EBF7FB, 0x00EDF7FC, 0x00EBF7FB, 0x00EBF7FB, 0x00ECF7FB, 0x00ECF7FB, 0x00ECF8FB, 0x00EBF6FB, 0x00EAF5FB,
    0x00EBF6FA, 0x00EAF5F9, 0x00EBF6FB, 0x00EAF6FA, 0x00ECF7FB, 0x00ECF7FB, 0x00EBF7FB, 0x00EBF6FB, 0x00EEF9FC,
    0x00EDF8FC, 0x00ECF8FB, 0x00EBF7FB, 0x00EBF6FB, 0x00EBF7FB, 0x00EAF6FA, 0x00EBF6FA, 0x00E7F5FA, 0x00E6F4F9,
    0x00EBF7FB, 0x00EBF7FB, 0x00EDF8FC, 0x00EDF8FB, 0x00EEF8FB, 0x00EFF9FC, 0x00EEF8FB, 0x00EDF8FB, 0x00EDF9FC,
    0x00ECF7FB, 0x00EBF6FA, 0x00ECF6FC, 0x00EAF6FB, 0x00EBF7FB, 0x00ECF8FC, 0x00EAF7FB, 0x00ECF7FB, 0x00ECF7FB,
    0x00E9F6FB, 0x00EAF7FB, 0x00ECF7FB, 0x00ECF7FB, 0x00E7F5FB, 0x00E7F5FB, 0x00EAF5FB, 0x00EAF7FA, 0x00EBF7FC,
    0x00E9F7FC, 0x00EBF7FC, 0x00EBF8FC, 0x00E9F7FB, 0x00E8F6FB, 0x00E9F6FB, 0x00EAF6FC, 0x00E9F6FB, 0x00EBF7FB,
    0x00EBF7FB, 0x00EBF7FB, 0x00EDF8FC, 0x00EBF8FA, 0x00EEF9FC, 0x00EDF8FC, 0x00EDF9FB, 0x00EEF9FC, 0x00ECF7FB,
    0x00EAF6F9, 0x00EBF5FA, 0x00EAF5F9, 0x00EAF5FB, 0x00EBF6FA, 0x00EAF6FB, 0x00EAF5FB, 0x00EAF5FA, 0x00EBF7FB,
    0x00ECF7FB, 0x00E9F5F9, 0x00EBF6FA, 0x00EAF6FB, 0x00EBF7FB, 0x00EDF7FB, 0x00EAF7FA, 0x00EBF7FA, 0x00EEF9FC,
    0x00F1FAFD, 0x00EFF8FC, 0x00EEF8FC, 0x00EBF7FA, 0x00ECF7FB, 0x00EBF6FA, 0x00EAF5F9, 0x00E8F4F9, 0x00E8F2F9,
    0x00E9F3F9, 0x00E6F3F7, 0x00E4F2F6, 0x00E6F2F6, 0x00E7F2F8, 0x00E8F3F8, 0x00E9F4F8, 0x00EBF5F9, 0x00E9F3F8,
    0x00E4F0F4, 0x00E3EFF5, 0x00E9F3F7, 0x00E1EDF2, 0x00DCEAF0, 0x00D8E7ED, 0x00D9E7ED, 0x00D8E6EC, 0x00D5E3EA,
    0x00D0DFE5, 0x00D0DEE4, 0x00CFDDE3, 0x00CDDCE2, 0x00CDDCE2, 0x00CBDBE1, 0x00D0DFE5, 0x00D2E2E8, 0x00D0E0E7,
    0x00D3E3E9, 0x00D2E3E9, 0x00D1E1E7, 0x00D4E4EA, 0x00D6E4EB, 0x00D1E1E8, 0x00D1E3E8, 0x00D6E6EC, 0x00D7E8ED,
    0x00DAE9EF, 0x00E6F2F8, 0x00E9F3F8, 0x00E9F4F9, 0x00E9F3F8, 0x00E8F3F7, 0x00E7F2F7, 0x00E7F2F6, 0x00E9F3F6,
    0x00E5F0F4, 0x00E8F2F7, 0x00E6F1F6, 0x00E6F1F6, 0x00E5F0F6, 0x00E3F0F6, 0x00E3F0F6, 0x00E7F0F6, 0x00E7F1F7,
    0x00E5F0F6, 0x00E6F1F6, 0x00E7F2F8, 0x00E5F1F6, 0x00E8F3F8, 0x00E7F1F8, 0x00E5F0F6, 0x00E1EFF6, 0x00E8F3F9,
    0x00EAF4F9, 0x00EAF4F9, 0x00E9F3F8, 0x00EBF5FB, 0x00E9F4F8, 0x00E9F4F8, 0x00E9F5F9, 0x00EDF7FA, 0x00EDF7FB,
    0x00E9F4F9, 0x00EDF7FB, 0x00EDF7FB, 0x00EDF7FB, 0x00EEF7FB, 0x00EBF6F9, 0x00EEF7FB, 0x00EFF8FB, 0x00EEF7FB,
    0x00EEF7FB, 0x00EEF7FB, 0x00EEF7FB, 0x00EBF7FB, 0x00EBF5FA, 0x00EAF5F9, 0x00EBF5FB, 0x00E8F2F7, 0x00E9F4F9,
    0x00EBF5FA, 0x00E9F4F9, 0x00EAF4F9, 0x00EAF5F9, 0x00EBF5F9, 0x00EBF5FB, 0x00ECF6FA, 0x00EAF4F9, 0x00E9F4FA,
    0x00E8F3F8, 0x00E9F3FA, 0x00E9F4F9, 0x00E8F3F9, 0x00E9F4F9, 0x00E8F4F9, 0x00E8F3F9, 0x00EAF4FA, 0x00E9F4FA,
    0x00E9F3F9, 0x00E9F4F8, 0x00E9F4F9, 0x00EAF5FB, 0x00EAF6FB, 0x00EEF7FB, 0x00EAF5FA, 0x00EAF5FA, 0x00EBF5FB,
    0x00ECF6FB, 0x00ECF6FA, 0x00EBF5F9, 0x00EAF4FA, 0x00EBF6FB, 0x00E9F3F9, 0x00E7F3F9, 0x00E6F3F8, 0x00E8F4F9,
    0x00E8F4F9, 0x00E8F4F9, 0x00E8F4F9, 0x00E9F4F9, 0x00E7F3F9, 0x00E6F3F9, 0x00E5F3F9, 0x00EBF8FD, 0x00EEF9FC,
    0x00EDF8FC, 0x00EEF9FC, 0x00EDF8FC, 0x00F0F9FC, 0x00F0F8FC, 0x00EEF9FC, 0x00EFF9FC, 0x00EEF8FC, 0x00F1FAFD,
    0x00F1F9FD, 0x00EDF8FB, 0x00EDF7FB, 0x00ECF7FC, 0x00ECF8FC, 0x00EDF8FC, 0x00EEF9FC, 0x00EFF9FC, 0x00EDF8FD,
    0x00EFF9FC, 0x00EFF8FC, 0x00ECF8FC, 0x00EDF9FC, 0x00EEF9FC, 0x00EEF7FC, 0x00EFF8FC, 0x00EDF8FC, 0x00EDF7FB,
    0x00F0F9FC, 0x00F0F9FC, 0x00EFF8FC, 0x00EFF8FB, 0x00EFF9FC, 0x00EBF6FA, 0x00E9F5F9, 0x00E6F1F6, 0x00ECF8FB,
    0x00ECF7FC, 0x00EDF7FB, 0x00EBF6FA, 0x00ECF7FB, 0x00ECF7FB, 0x00ECF7FC, 0x00ECF7FC, 0x00ECF8FC, 0x00EDF9FD,
    0x00EEF8FC, 0x00EDF8FC, 0x00ECF7FB, 0x00EDF8FC, 0x00EDF8FB, 0x00EBF6FB, 0x00E7F4F9, 0x00EAF6FA, 0x00EAF5FB,
    0x00EDF6FB, 0x00E8F3F9, 0x00E6F2F6, 0x00E9F3F9, 0x00EAF5F9, 0x00EAF3F9, 0x00E6F3F8, 0x00E7F4F8, 0x00E7F3F9,
    0x00E7F3F8, 0x00EBF6FA, 0x00EBF5FA, 0x00EAF4F9, 0x00E9F5F9, 0x00E6F2F8, 0x00E9F4FA, 0x00E9F4F9, 0x00EBF6FB,
    0x00EAF5F9, 0x00E8F4F8, 0x00E8F3F7, 0x00E9F5FA, 0x00E7F3F8, 0x00E9F5F9, 0x00E6F2F7, 0x00E6F3F8, 0x00E9F4F8,
    0x00ECF6FA, 0x00EBF5FA, 0x00EBF6FA, 0x00EBF5FA, 0x00EBF6FB, 0x00ECF7FC, 0x00EFF9FC, 0x00EBF7FA, 0x00ECF7FB,
    0x00EDF8FC, 0x00EBF7FB, 0x00E9F5F9, 0x00EDF7FB, 0x00EAF5F9, 0x00EAF5F9, 0x00EBF6FA, 0x00EBF6FB, 0x00EAF6FA,
    0x00ECF7FC, 0x00ECF6FB, 0x00EAF6FA, 0x00ECF8FB, 0x00EBF6FC, 0x00EDF8FC, 0x00EBF7FB, 0x00ECF8FB, 0x00EEF8FC,
    0x00E9F5F8, 0x00EBF7FA, 0x00E8F4F9, 0x00E9F4FA, 0x00EBF6FB, 0x00EEF9FC, 0x00ECF8FB, 0x00EEF9FC, 0x00EDF8FB,
    0x00EEF9FD, 0x00EFF9FC, 0x00EBF7FB, 0x00EDF8FC, 0x00ECF8FC, 0x00EDF8FC, 0x00ECF8FB, 0x00EBF6FB, 0x00EAF6FB,
    0x00ECF7FB, 0x00EBF7FC, 0x00EBF6FA, 0x00ECF7FB, 0x00EDF7FB, 0x00EDF8FC, 0x00ECF7FB, 0x00EBF7FB, 0x00ECF7FC,
    0x00EBF6FB, 0x00E8F6FB, 0x00ECF7FB, 0x00EBF7FB, 0x00EBF7FB, 0x00EBF7FB, 0x00EBF7FD, 0x00EAF7FC, 0x00EAF7FC,
    0x00EBF7FC, 0x00EBF7FB, 0x00ECF8FC, 0x00EAF7FA, 0x00EBF7FC, 0x00EBF7FC, 0x00ECF8FC, 0x00EBF7FB, 0x00EEF9FC,
    0x00EDF8FB, 0x00EDF8FC, 0x00EEF9FD, 0x00ECF8FB, 0x00EDF8FC, 0x00ECF7FB, 0x00EBF6FB, 0x00EBF6FA, 0x00EBF7FB,
    0x00EBF5FA, 0x00ECF7FB, 0x00EBF6FA, 0x00EAF6FA, 0x00EBF6FA, 0x00ECF7FB, 0x00ECF7FB, 0x00EAF5FA, 0x00EBF7FA,
    0x00ECF7FB, 0x00EDF7FB, 0x00ECF7FB, 0x00ECF8FB, 0x00EFF9FC, 0x00F0F9FD, 0x00EFFAFD, 0x00EEF9FC, 0x00EEF8FC,
    0x00EDF7FB, 0x00E9F6FA, 0x00E9F5F9, 0x00EBF5F9, 0x00E9F3F8, 0x00EAF4FA, 0x00EAF4F8, 0x00E9F4F8, 0x00E3F1F5,
    0x00E5F1F6, 0x00E9F3F7, 0x00E9F4F8, 0x00E9F4F8, 0x00E9F3F8, 0x00E6F2F6, 0x00E7F2F7, 0x00E8F2F8, 0x00E6F1F6,
    0x00E0ECF2, 0x00E2EEF4, 0x00E2EDF3, 0x00E0ECF2, 0x00D8E6ED, 0x00D8E6EC, 0x00D4E3E9, 0x00D1E1E8, 0x00D1E0E6,
    0x00D1E1E8, 0x00D0E0E6, 0x00CFDFE5, 0x00D1E0E7, 0x00D4E3E9, 0x00D4E4EA, 0x00D3E4EA, 0x00D2E2E9, 0x00D5E4EB,
    0x00D7E6ED, 0x00D6E6EC, 0x00D5E6EB, 0x00D8E7ED, 0x00DBEBF1, 0x00DEEDF2, 0x00E5F0F7, 0x00EAF5FA, 0x00E9F4F8,
    0x00ECF6FA, 0x00EFF7FB, 0x00F0F8FB, 0x00EBF4F8, 0x00ECF6F9, 0x00EDF6FA, 0x00EEF7FA, 0x00EBF5F8, 0x00E9F3F8,
    0x00E9F4F9, 0x00E8F3F8, 0x00E7F1F8, 0x00EAF3F9, 0x00E6F2F8, 0x00E1EEF4, 0x00E6F2F8, 0x00E9F3FA, 0x00E6F1F7,
    0x00E7F1F7, 0x00E9F4F8, 0x00E6F1F7, 0x00E6F2F9, 0x00E9F3F9, 0x00EAF3F8, 0x00E4F0F5, 0x00EDF5FA, 0x00EDF6FA,
    0x00E8F4F9, 0x00EBF6FA, 0x00ECF6FB, 0x00ECF7FA, 0x00EDF7FB, 0x00E9F5F9, 0x00ECF7FB, 0x00EEF9FC, 0x00EBF6FA,
    0x00EEF7FB, 0x00ECF6FA, 0x00EDF6FA, 0x00EFF7FB, 0x00ECF6FA, 0x00EEF8FC, 0x00EDF7FB, 0x00EEF7FB, 0x00ECF7FB,
    0x00ECF6FA, 0x00EAF5F9, 0x00E9F3F8, 0x00E9F4F9, 0x00EAF4F9, 0x00EAF4F9, 0x00E9F5F9, 0x00EAF5F9, 0x00EAF6F9,
    0x00EBF6FA, 0x00EBF6FB, 0x00EAF5F9, 0x00E8F3F7, 0x00E8F3FA, 0x00E7F3F9, 0x00EAF4F9, 0x00E7F2F8, 0x00E8F3F9,
    0x00E7F3F9, 0x00E9F4F9, 0x00E9F4F9, 0x00EDF7FB, 0x00EBF5FA, 0x00EDF5FA, 0x00E8F4F9, 0x00E8F4F9, 0x00E8F5F9,
    0x00EBF6FB, 0x00EEF8FC, 0x00EAF6FB, 0x00EAF4FA, 0x00E9F4F8, 0x00EBF4FB, 0x00ECF6FB, 0x00EBF6FB, 0x00EBF6FA,
    0x00EAF4F9, 0x00EAF4F9, 0x00E9F4FA, 0x00E8F3F8, 0x00E8F4FA, 0x00E6F4FA, 0x00E8F4F8, 0x00E8F4FA, 0x00EAF4F9,
    0x00E6F3F8, 0x00E6F2F7, 0x00E7F4FA, 0x00ECF8FC, 0x00F1F9FD, 0x00F0F9FD, 0x00F1F9FD, 0x00EBF6FB, 0x00EEF7FB,
    0x00F3FAFD, 0x00F0F9FC, 0x00EEF9FC, 0x00F0FAFC, 0x00F0F9FD, 0x00F0F9FD, 0x00EFF9FD, 0x00EFF9FD, 0x00EEF8FD,
    0x00ECF7FB, 0x00EEF8FD, 0x00ECF8FC, 0x00EDF8FC, 0x00EFF8FC, 0x00F0FAFD, 0x00EEF8FD, 0x00EEF9FC, 0x00EFF9FC,
    0x00EEF9FD, 0x00EDF7FC, 0x00EFF9FC, 0x00EFF9FC, 0x00EDF7FB, 0x00EFF9FC, 0x00EDF8FB, 0x00EDF7FB, 0x00ECF7FB,
    0x00ECF8FC, 0x00ECF7FC, 0x00EAF6FB, 0x00ECF7FB, 0x00ECF7FB, 0x00EBF6FB, 0x00ECF6FB, 0x00ECF7FB, 0x00ECF6FC,
    0x00ECF6FC, 0x00EBF6FB, 0x00EBF6FB, 0x00EDF7FD, 0x00EBF7FC, 0x00EDF8FB, 0x00EDF8FC, 0x00ECF8FC, 0x00EEF8FC,
    0x00ECF8FC, 0x00ECF7FC, 0x00ECF6FB, 0x00EBF6FB, 0x00EBF6FA, 0x00ECF7FB, 0x00E9F5F9, 0x00E7F3F8, 0x00EBF6FA,
    0x00E9F4F9, 0x00E8F4FA, 0x00E8F4F9, 0x00ECF5F9, 0x00E9F5F9, 0x00EBF6FA, 0x00EBF5F9, 0x00EAF5F9, 0x00EBF6FA,
    0x00EBF6FB, 0x00E9F6FA, 0x00EBF6FB, 0x00EAF6FA, 0x00EAF6FB, 0x00E9F5FA, 0x00E9F5FA, 0x00E9F4F9, 0x00E9F4F9,
    0x00E9F4FA, 0x00E9F5F9, 0x00E9F5F9, 0x00EAF5F9, 0x00E9F5F9, 0x00EAF6FA, 0x00EBF5FA, 0x00EBF7FB, 0x00EEF8FB,
    0x00EDF8FB, 0x00EDF8FB, 0x00EFF9FD, 0x00EEF8FC, 0x00EEF9FC, 0x00EBF6FA, 0x00ECF7FA, 0x00EBF6FA, 0x00ECF6FA,
    0x00ECF7FB, 0x00E8F4F9, 0x00E9F5F9, 0x00ECF7FB, 0x00ECF7FB, 0x00EAF5FB, 0x00E8F4FA, 0x00EAF6FA, 0x00E9F5FA,
    0x00EBF7FB, 0x00EAF6FB, 0x00EBF7FA, 0x00EBF7FB, 0x00ECF8FC, 0x00EDF8FC, 0x00ECF8FB, 0x00EBF7FA, 0x00ECF8FB,
    0x00EDF8FB, 0x00F0F8FB, 0x00EDF9FC, 0x00EEF8FB, 0x00EEF8FB, 0x00EDF8FC, 0x00EEF9FC, 0x00EEF9FC, 0x00EFF9FC,
    0x00EBF7FB, 0x00EDF8FC, 0x00EEF9FC, 0x00EFF8FC, 0x00ECF7FB, 0x00ECF6FA, 0x00ECF7FB, 0x00EBF7FB, 0x00EBF6F9,
    0x00EAF7FA, 0x00EBF7FB, 0x00ECF7FC, 0x00E8F6FA, 0x00EAF6FB, 0x00EAF6FB, 0x00EAF6FA, 0x00EDF7FC, 0x00ECF8FB,
    0x00EDF8FC, 0x00ECF8FC, 0x00ECF8FD, 0x00EBF7FB, 0x00E9F6FA, 0x00EAF6FB, 0x00EBF7FC, 0x00EBF7FB, 0x00E9F6FA,
    0x00E9F6FB, 0x00EBF6FB, 0x00EAF6FA, 0x00EBF6FB, 0x00EEF9FC, 0x00ECF7FB, 0x00EDF8FB, 0x00EDF8FC, 0x00EEF8FB,
    0x00ECF7FB, 0x00ECF7FB, 0x00EBF6FA, 0x00EBF6FB, 0x00ECF7FB, 0x00E9F5F9, 0x00ECF7FB, 0x00ECF7FB, 0x00EBF6FA,
    0x00EEF8FB, 0x00ECF6FA, 0x00EAF6FA, 0x00EAF6F9, 0x00ECF6FA, 0x00EBF6FA, 0x00EBF6FB, 0x00ECF7FB, 0x00EEFAFC,
    0x00EEF9FC, 0x00EFFAFD, 0x00F0FAFC, 0x00F0FAFD, 0x00F0F9FC, 0x00EDF7FC, 0x00ECF6FA, 0x00EBF5FA, 0x00EBF5F9,
    0x00EAF5F9, 0x00ECF5FA, 0x00EDF6FB, 0x00E9F3F9, 0x00E8F3F8, 0x00E7F1F7, 0x00E9F3F8, 0x00E8F4F8, 0x00E8F3F7,
    0x00E7F1F7, 0x00E6F2F8, 0x00E6F2F6, 0x00E6F1F6, 0x00E3EFF5, 0x00E2EEF3, 0x00E3EEF3, 0x00E4EEF4, 0x00DFEBF0,
    0x00DCEAEF, 0x00DEEBF0, 0x00D5E5EB, 0x00D5E3EA, 0x00D0E0E7, 0x00D1E0E7, 0x00D5E3EA, 0x00D1E1E7, 0x00D0DFE6,
    0x00D2E1E7, 0x00D4E2E8, 0x00D5E4EB, 0x00D5E5EC, 0x00D5E5EC, 0x00D8E7EE, 0x00DEECF2, 0x00E1EEF4, 0x00E1EFF5,
    0x00E5F1F7, 0x00E7F3F8, 0x00EAF5F9, 0x00EDF7FB, 0x00EDF8FB, 0x00EEF8FC, 0x00F0F8FC, 0x00EDF6FB, 0x00E9F4F8,
    0x00EBF5F9, 0x00EEF7FB, 0x00EDF6FA, 0x00EBF5F9, 0x00ECF5FA, 0x00ECF5FA, 0x00EAF4FA, 0x00EAF5FA, 0x00E8F3F8,
    0x00E9F3F9, 0x00E9F3F9, 0x00E9F4F8, 0x00E9F4FA, 0x00E9F4F9, 0x00EAF5F9, 0x00EBF4FA, 0x00EBF5FA, 0x00E6F2F8,
    0x00EBF5F9, 0x00EAF4F9, 0x00EAF5F9, 0x00EAF5F9, 0x00ECF6FA, 0x00E4F1F7, 0x00E5F2F7, 0x00EAF5FA, 0x00ECF7FB,
    0x00ECF7FC, 0x00EBF7FB, 0x00EEF8FC, 0x00ECF6FB, 0x00EDF7FA, 0x00EDF7FB, 0x00F0F8FB, 0x00EEF7FB, 0x00EDF7FB,
    0x00EEF7FA, 0x00ECF6FB, 0x00EEF7FB, 0x00EDF7FB, 0x00ECF7FA, 0x00EBF6FA, 0x00EAF5FA, 0x00EAF4F8, 0x00E8F3F7,
    0x00E9F4F9, 0x00E9F4F9, 0x00EBF5F9, 0x00EAF5F9, 0x00EBF6FA, 0x00EBF5F9, 0x00EBF5F9, 0x00EAF4F9, 0x00E8F3F8,
    0x00E8F3F8, 0x00E9F4F9, 0x00E8F3F9, 0x00E5F1F7, 0x00EAF4F9, 0x00E8F3F9, 0x00E8F3F8, 0x00ECF5FA, 0x00EAF4F9,
    0x00ECF5F9, 0x00EBF5FA, 0x00F0F7FC, 0x00EDF6FB, 0x00ECF6FC, 0x00ECF7FA, 0x00EEF7FC, 0x00ECF7FB, 0x00ECF6FA,
    0x00EBF6FA, 0x00ECF6FA, 0x00ECF6FA, 0x00EAF5FB, 0x00EDF7FB, 0x00EDF7FB, 0x00E8F4F9, 0x00E9F4F9, 0x00EBF5FA,
    0x00E9F4F9, 0x00E9F4FB, 0x00E3F1F8, 0x00E7F3F9, 0x00E5F3F7, 0x00E6F4F8, 0x00E7F4F8, 0x00E4F4F9, 0x00EBF8FC,
    0x00EFF8FD, 0x00EDF8FC, 0x00EDF7FB, 0x00F0F9FD, 0x00EEF9FC, 0x00F3FBFD, 0x00F2FBFD, 0x00F0F9FC, 0x00EFFAFD,
    0x00EFF9FC, 0x00EEF9FC, 0x00EEF9FD, 0x00EEF8FD, 0x00EEF9FD, 0x00EDF8FC, 0x00EEF8FD, 0x00EEF9FD, 0x00F0FAFD,
    0x00F1FAFD, 0x00EEF9FC, 0x00EFFAFD, 0x00EFF9FC, 0x00EFFAFD, 0x00EFF9FD, 0x00EEF9FC, 0x00EFF9FD, 0x00EFF8FC,
    0x00EDF7FB, 0x00EAF5FA, 0x00EBF6FC, 0x00EEF8FC, 0x00EDF8FC, 0x00EDF8FD, 0x00EDF8FC, 0x00EBF7FB, 0x00ECF7FB,
    0x00ECF7FB, 0x00ECF7FB, 0x00ECF7FA, 0x00EAF6FA, 0x00EAF6FB, 0x00EBF6FA, 0x00ECF7FB, 0x00EAF5FB, 0x00EDF7FD,
    0x00ECF7FB, 0x00EDF8FC, 0x00EEF8FC, 0x00EEF8FD, 0x00EEF8FC, 0x00EDF8FC, 0x00ECF8FC, 0x00ECF7FB, 0x00EDF7FB,
    0x00EDF7FB, 0x00ECF7FB, 0x00EAF6FA, 0x00EBF6FA, 0x00EBF5FB, 0x00EBF6FA, 0x00EAF5FA, 0x00E9F4F9, 0x00EBF5F9,
    0x00ECF5FA, 0x00ECF6FA, 0x00EAF5FB, 0x00E8F5F9, 0x00EDF7FB, 0x00EBF6FA, 0x00ECF8FB, 0x00EBF7FB, 0x00ECF7FB,
    0x00ECF7FB, 0x00EAF6FA, 0x00ECF7FC, 0x00EBF7FB, 0x00EAF6FA, 0x00EBF6FB, 0x00E9F5FA, 0x00E8F4F8, 0x00EAF5FB,
    0x00E9F5FA, 0x00E8F5FA, 0x00EDF8FC, 0x00EAF5F9, 0x00EBF7FB, 0x00ECF7FB, 0x00EBF7FB, 0x00ECF7FB, 0x00EBF7FB,
    0x00EFF9FC, 0x00ECF8FB, 0x00ECF7FB, 0x00ECF7FB, 0x00EAF5F9, 0x00EDF7FB, 0x00E8F5F9, 0x00EAF5F9, 0x00EAF5FA,
    0x00EAF5F9, 0x00EAF5F9, 0x00E7F4F8, 0x00E9F5FA, 0x00EBF7FA, 0x00EBF7FB, 0x00EBF6FB, 0x00E8F5F9, 0x00E8F5FA,
    0x00ECF7FB, 0x00ECF7FB, 0x00EBF7FB, 0x00EDF7FB, 0x00ECF7FA, 0x00EBF7FB, 0x00ECF7FB, 0x00EDF8FC, 0x00EEF8FB,
    0x00EDF8FB, 0x00ECF8FC, 0x00ECF7FB, 0x00EFF9FC, 0x00EFF9FC, 0x00ECF8FB, 0x00ECF8FA, 0x00EBF7FB, 0x00EDF7FB,
    0x00EBF7FA, 0x00EEF9FC, 0x00E8F6FA, 0x00E8F5F9, 0x00EBF7FB, 0x00EAF6FB, 0x00EBF7FB, 0x00E8F5FA, 0x00E6F4FA,
    0x00EAF6FA, 0x00E9F6FB, 0x00EBF7FB, 0x00ECF7FC, 0x00EBF7FB, 0x00ECF7FB, 0x00EBF7FC, 0x00E9F6FA, 0x00E9F6FB,
    0x00EBF7FC, 0x00E9F7FA, 0x00EAF7FB, 0x00EBF6FB, 0x00ECF7FB, 0x00ECF7FB, 0x00EAF6FB, 0x00E9F5FA, 0x00E9F6FA,
    0x00EBF7FC, 0x00EDF8FC, 0x00EBF7FC, 0x00ECF7FC, 0x00ECF7FB, 0x00ECF7FB, 0x00ECF7FB, 0x00ECF7FB, 0x00ECF7FA,
    0x00ECF6FA, 0x00ECF8FA, 0x00EAF5FA, 0x00E9F5FA, 0x00EAF6FA, 0x00ECF6FB, 0x00E9F5F9, 0x00EAF5F9, 0x00ECF7FA,
    0x00EBF6FA, 0x00EBF6FB, 0x00EAF5FA, 0x00EAF5F9, 0x00ECF7FA, 0x00EDF8FB, 0x00EBF7FB, 0x00EEF9FD, 0x00EEF9FC,
    0x00EDF8FC, 0x00ECF7FB, 0x00ECF7FB, 0x00ECF6FB, 0x00E9F6FA, 0x00E9F5F9, 0x00EEF7FB, 0x00F0F7FB, 0x00EFF8FC,
    0x00ECF6FA, 0x00EAF5F8, 0x00EAF4F9, 0x00E9F4F9, 0x00E9F3F7, 0x00E9F4F8, 0x00E8F4F8, 0x00E8F4F8, 0x00E7F3F7,
    0x00EAF4F8, 0x00E9F4F8, 0x00E5F1F5, 0x00E3EFF4, 0x00E0EEF2, 0x00E1EEF3, 0x00DCEAF0, 0x00D6E6EC, 0x00D6E5EC,
    0x00D3E3E9, 0x00D5E4EA, 0x00D7E5EC, 0x00D3E3E9, 0x00D2E1E8, 0x00D2E1E7, 0x00D9E6EC, 0x00D9E7ED, 0x00D9E8EE,
    0x00DEEAF1, 0x00E4F0F5, 0x00E7F2F8, 0x00E9F4FA, 0x00EAF5FA, 0x00ECF6FA, 0x00EDF6FA, 0x00ECF7FB, 0x00EEF7FC,
    0x00EDF7FB, 0x00EDF7FB, 0x00ECF6FA, 0x00F0F8FB, 0x00EFF8FB, 0x00EBF5F9, 0x00ECF6FB, 0x00EDF7FB, 0x00EDF6FA,
    0x00EAF4F9, 0x00ECF7FA, 0x00ECF6FB, 0x00ECF6FB, 0x00EBF5FA, 0x00EDF7FB, 0x00EDF6FA, 0x00EDF7FB, 0x00ECF5FB,
    0x00EBF6FA, 0x00ECF5F9, 0x00F0F9FC, 0x00E9F4F8, 0x00EAF5FA, 0x00EEF7FB, 0x00ECF6FB, 0x00EDF7FB, 0x00EDF7FB,
    0x00EEF7FB, 0x00ECF6FB, 0x00EBF5F9, 0x00EBF5FA, 0x00EEF8FB, 0x00EBF5FA, 0x00EBF7FC, 0x00EDF7FB, 0x00ECF7FB,
    0x00ECF7FA, 0x00ECF7FA, 0x00ECF5FB, 0x00ECF6FA, 0x00EDF6FB, 0x00EDF6FB, 0x00EEF7FB, 0x00EDF6FB, 0x00EBF6FB,
    0x00EDF7FC, 0x00EBF6FA, 0x00E9F4F8, 0x00E8F3F9, 0x00E6F3F8, 0x00EBF6FA, 0x00E9F5F9, 0x00E9F5F9, 0x00EBF6FA,
    0x00EBF6FA, 0x00E9F4FA, 0x00E8F3F9, 0x00E9F4F9, 0x00E9F3F9, 0x00E9F3F8, 0x00EAF3F9, 0x00E8F2F9, 0x00E8F3F8,
    0x00E9F3F9, 0x00E9F4FA, 0x00E9F4F9, 0x00E6F2F7, 0x00E8F4F8, 0x00EBF6FB, 0x00EBF6FA, 0x00EDF7FA, 0x00ECF7FB,
    0x00ECF7FC, 0x00EDF7FC, 0x00ECF7FC, 0x00ECF7FB, 0x00EEF8FC, 0x00EFF8FC, 0x00EBF5FA, 0x00ECF6FA, 0x00ECF6FB,
    0x00ECF6FB, 0x00E9F4F9, 0x00EAF5FA, 0x00E9F5FA, 0x00E9F5FA, 0x00E6F4F9, 0x00EAF5F9, 0x00E9F5F9, 0x00E6F3F8,
    0x00E7F3F8, 0x00E8F4F8, 0x00E8F5F9, 0x00E8F5F9, 0x00EBF7FC, 0x00ECF7FB, 0x00E6F5FA, 0x00EEF9FD, 0x00EFF9FC,
    0x00F0FAFD, 0x00F3FBFE, 0x00F1FAFD, 0x00F1FAFD, 0x00F4FBFD, 0x00EFF9FC, 0x00EFF9FC, 0x00ECF7FB, 0x00EFF9FD,
    0x00EDF8FC, 0x00EEF9FD, 0x00EFF9FD, 0x00EEF8FC, 0x00EFF8FC, 0x00EEF8FC, 0x00EDF8FC, 0x00EFFAFC, 0x00EEF8FC,
    0x00EEF8FC, 0x00EDF8FD, 0x00EDF8FC, 0x00EDF7FD, 0x00EDF7FC, 0x00EEF9FD, 0x00EAF6FB, 0x00EDF8FD, 0x00ECF7FC,
    0x00EBF7FB, 0x00EDF8FC, 0x00EDF8FC, 0x00EEF8FC, 0x00EBF7FB, 0x00EBF6FB, 0x00EDF8FD, 0x00EBF6FA, 0x00EAF5F9,
    0x00EAF6FA, 0x00ECF7FB, 0x00EBF7FC, 0x00EBF7FB, 0x00ECF7FC, 0x00EDF8FC, 0x00EDF8FB, 0x00EEF8FC, 0x00EDF8FC,
    0x00ECF7FB, 0x00EFF8FC, 0x00EDF7FB, 0x00EDF7FD, 0x00EDF7FA, 0x00ECF7FB, 0x00ECF7FC, 0x00ECF7FB, 0x00ECF5F9,
    0x00E9F3F9, 0x00EAF5FA, 0x00E9F4FA, 0x00EAF6FA, 0x00ECF7FB, 0x00EBF6FA, 0x00E8F3F8, 0x00EBF6FA, 0x00EBF7FB,
    0x00EBF6FB, 0x00EBF6FB, 0x00EBF6FB, 0x00EBF8FC, 0x00EAF6FB, 0x00EBF7FC, 0x00EBF7FB, 0x00EDF8FC, 0x00EDF8FC,
    0x00EDF8FC, 0x00EBF7FB, 0x00EAF6FB, 0x00EBF6FA, 0x00ECF7FB, 0x00E9F5F9, 0x00E9F5F9, 0x00ECF7FB, 0x00ECF8FB,
    0x00ECF8FB, 0x00ECF7FB, 0x00ECF7FB, 0x00EBF7FB, 0x00EAF6FA, 0x00ECF8FC, 0x00ECF8FC, 0x00ECF7FB, 0x00ECF7FB,
    0x00EBF6FA, 0x00ECF6FB, 0x00E9F5F9, 0x00EAF5F9, 0x00EAF5FB, 0x00EAF5F9, 0x00E9F4FB, 0x00E6F3F8, 0x00E8F4F9,
    0x00EBF6FA, 0x00ECF6FB, 0x00EAF5FA, 0x00E8F5FA, 0x00E9F5FA, 0x00EAF6FB, 0x00EAF6FA, 0x00ECF7FA, 0x00ECF7FA,
    0x00EAF5F9, 0x00ECF7FA, 0x00ECF7FB, 0x00ECF8FC, 0x00EDF7FA, 0x00EAF6F9, 0x00EBF6FA, 0x00EEF8FB, 0x00F0F9FC,
    0x00EBF7FA, 0x00EEF7FB, 0x00EEF8FC, 0x00ECF7FA, 0x00EBF6FB, 0x00E8F5FA, 0x00EAF5FB, 0x00EAF6FA, 0x00EBF6FA,
    0x00ECF7FB, 0x00E6F5F9, 0x00E8F5FA, 0x00E9F6FA, 0x00E3F4F9, 0x00E8F6FB, 0x00E9F6FA, 0x00EBF7FA, 0x00ECF7FC,
    0x00ECF9FB, 0x00EBF7FA, 0x00EBF7FB, 0x00EBF7FB, 0x00E9F7FB, 0x00EAF6FA, 0x00EBF7FC, 0x00EAF6FA, 0x00ECF8FC,
    0x00EBF7FB, 0x00EDF8FC, 0x00E9F5F9, 0x00EAF5FB, 0x00ECF6FB, 0x00EDF8FB, 0x00EDF8FB, 0x00EBF7FB, 0x00ECF7FB,
    0x00EEF7FB, 0x00EDF8FB, 0x00ECF6FB, 0x00EBF6FC, 0x00EAF5F9, 0x00EAF5F9, 0x00EAF6FB, 0x00EAF6FA, 0x00EAF6FB,
    0x00EAF5FB, 0x00EAF6FA, 0x00EAF6FA, 0x00ECF7FB, 0x00EBF6FA, 0x00ECF6FA, 0x00ECF7FB, 0x00EEF8FC, 0x00EEF8FC,
    0x00EBF6FA, 0x00ECF6FA, 0x00EDF8FB, 0x00EDF8FB, 0x00EDF8FC, 0x00ECF7FC, 0x00EDF8FC, 0x00ECF8FC, 0x00EDF8FB,
    0x00F0F8FC, 0x00ECF7FB, 0x00EAF6FA, 0x00EDF7FB, 0x00EEF8FC, 0x00EDF5FA, 0x00EBF5FA, 0x00E8F3F8, 0x00EBF5F9,
    0x00ECF5F9, 0x00EDF6FA, 0x00ECF6FA, 0x00E9F4F9, 0x00E9F4F8, 0x00ECF6FA, 0x00EDF6FB, 0x00E8F2F8, 0x00E5F1F6,
    0x00E1F0F4, 0x00E5F1F6, 0x00E3F0F3, 0x00D9E8ED, 0x00D7E7ED, 0x00D7E7EE, 0x00DCEBF1, 0x00DAE8EF, 0x00D5E5EB,
    0x00D3E2E9, 0x00D5E4EA, 0x00DDEAEF, 0x00DCE9EE, 0x00E0EDF2, 0x00E5F0F6, 0x00E9F3F9, 0x00EBF6FA, 0x00EBF5FB,
    0x00ECF6FB, 0x00EDF6FB, 0x00EDF8FC, 0x00EBF6FB, 0x00ECF6FB, 0x00ECF6FB, 0x00EBF5F9, 0x00EBF6F9, 0x00ECF7FA,
    0x00EEF7FB, 0x00EAF5F9, 0x00ECF6FA, 0x00EAF4F8, 0x00EDF5FB, 0x00E6F1F5, 0x00EAF4F8, 0x00EAF5FA, 0x00EBF6FB,
    0x00EDF8FB, 0x00EDF7FB, 0x00EFF8FC, 0x00EDF6FA, 0x00EEF7FB, 0x00EEF8FB, 0x00EFF8FC, 0x00EEF8FC, 0x00ECF6FA,
    0x00EDF6FA, 0x00EDF7FB, 0x00EEF8FC, 0x00EFF8FC, 0x00EBF5F9, 0x00EDF6F9, 0x00ECF6FA, 0x00ECF6FA, 0x00EDF7FB,
    0x00EBF5FA, 0x00ECF7FB, 0x00EAF5F9, 0x00EAF5FA, 0x00EAF5F9, 0x00EBF6FA, 0x00F0F7FB, 0x00EAF5F8, 0x00E6F3F7,
    0x00EBF6FA, 0x00ECF6FA, 0x00EDF6FA, 0x00EAF6F9, 0x00EAF6FA, 0x00EDF6FA, 0x00ECF6FA, 0x00E9F5F9, 0x00E8F4F8,
    0x00E4F2F8, 0x00EAF4F9, 0x00E8F3F9, 0x00E9F3F9, 0x00EBF6FB, 0x00E9F5F9, 0x00E6F2F7, 0x00E7F3F9, 0x00E9F3F9,
    0x00E9F4F8, 0x00E8F4F9, 0x00E6F2F7, 0x00E8F2F8, 0x00E9F3F8, 0x00E8F2F8, 0x00EBF4FB, 0x00EAF5FB, 0x00E9F3F9,
    0x00E9F4F9, 0x00EAF5FA, 0x00EBF6FB, 0x00EBF6FA, 0x00ECF7FD, 0x00EBF7FC, 0x00EDF6FC, 0x00EBF6FB, 0x00EAF6FA,
    0x00EFF9FC, 0x00EDF7FB, 0x00EBF5F9, 0x00EAF5F9, 0x00EAF5FB, 0x00EBF5FB, 0x00EAF5FB, 0x00EBF6FB, 0x00E7F4FA,
    0x00E9F4FA, 0x00E7F4F9, 0x00E6F2F8, 0x00E5F2F8, 0x00E6F3F8, 0x00E8F4F8, 0x00E6F3F9, 0x00E8F4F9, 0x00E7F4FA,
    0x00EAF7FC, 0x00EBF7FB, 0x00E8F6FA, 0x00ECF8FC, 0x00ECF8FC, 0x00EFFAFC, 0x00F2FAFD, 0x00EFF9FC, 0x00F0F9FD,
    0x00EFF9FD, 0x00EFF9FC, 0x00EFF9FD, 0x00EDF8FC, 0x00EDF7FC, 0x00EDF8FC, 0x00EDF8FC, 0x00F0F9FD, 0x00EEF8FC,
    0x00ECF7FB, 0x00EFF8FC, 0x00EEF8FC, 0x00EAF5FA, 0x00E9F5FB, 0x00EEF9FC, 0x00EDF8FC, 0x00EEF9FC, 0x00F0F9FD,
    0x00EFF9FC, 0x00EDF8FC, 0x00ECF7FB, 0x00EDF8FC, 0x00ECF7FC, 0x00EDF8FC, 0x00EDF8FC, 0x00EDF8FC, 0x00EDF8FC,
    0x00ECF7FC, 0x00EBF6FA, 0x00ECF7FB, 0x00EBF6FB, 0x00EBF6FB, 0x00EBF6FA, 0x00EBF7FB, 0x00ECF7FC, 0x00EDF7FB,
    0x00EDF7FC, 0x00ECF7FC, 0x00EBF7FA, 0x00ECF7FB, 0x00EDF9FC, 0x00ECF8FC, 0x00E9F4F8, 0x00ECF7FB, 0x00EBF6FC,
    0x00EBF6FA, 0x00EBF6FB, 0x00EEF7FB, 0x00ECF6FA, 0x00ECF6FB, 0x00EAF5F9, 0x00EBF6FA, 0x00ECF6FB, 0x00EBF6FA,
    0x00EBF6FA, 0x00ECF6FB, 0x00EDF7FB, 0x00EBF7FB, 0x00EBF7FB, 0x00ECF7FC, 0x00EBF6FA, 0x00ECF7FC, 0x00EBF7FC,
    0x00EBF7FB, 0x00EDF8FC, 0x00ECF8FC, 0x00EDF8FC, 0x00EEF9FD, 0x00EDF8FD, 0x00EDF9FD, 0x00ECF7FB, 0x00EAF6FA,
    0x00EDF8FC, 0x00EBF6FB, 0x00EAF6FA, 0x00ECF7FB, 0x00EDF7FC, 0x00EDF7FB, 0x00ECF7FB, 0x00ECF8FB, 0x00ECF7FB,
    0x00EBF7FB, 0x00EAF6FA, 0x00EBF7FB, 0x00EBF6FB, 0x00EBF6FA, 0x00EBF6FA, 0x00EBF6FB, 0x00EBF5FA, 0x00EAF4F8,
    0x00EAF5FA, 0x00E9F5FA, 0x00E7F4F9, 0x00E8F5F9, 0x00E9F5F9, 0x00E9F5F9, 0x00EAF6FB, 0x00EAF6FA, 0x00EAF6FA,
    0x00EAF6F9, 0x00ECF7FB, 0x00ECF7FB, 0x00ECF7FB, 0x00ECF6FB, 0x00EAF6FA, 0x00EDF7FA, 0x00ECF7FB, 0x00EAF6FA,
    0x00ECF7FA, 0x00EDF7FB, 0x00EAF5F9, 0x00EBF6FA, 0x00EBF6FB, 0x00ECF7FA, 0x00EAF5F9, 0x00EAF5FA, 0x00EBF6FA,
    0x00EAF5F9, 0x00EBF6FA, 0x00ECF6FB, 0x00ECF7FA, 0x00EDF7FB, 0x00E9F6FA, 0x00E8F5F9, 0x00E9F6F9, 0x00E8F5FA,
    0x00E8F5F9, 0x00E7F5F9, 0x00E8F5FA, 0x00E7F5F9, 0x00EBF6FA, 0x00EAF6FA, 0x00E9F5FA, 0x00E9F6F9, 0x00EDF8FC,
    0x00ECF7FB, 0x00ECF7FB, 0x00E9F6FA, 0x00EAF6FA, 0x00ECF7FB, 0x00ECF7FB, 0x00EBF7FB, 0x00EAF6FB, 0x00E9F5FB,
    0x00E9F6FA, 0x00EAF6FA, 0x00EBF6FC, 0x00EBF6FC, 0x00EAF6FA, 0x00EBF7FB, 0x00EBF7FB, 0x00ECF7FB, 0x00EBF6FB,
    0x00EAF6FA, 0x00EAF6FA, 0x00E9F4FA, 0x00EAF6FA, 0x00EBF6FB, 0x00EAF5FA, 0x00EAF6FA, 0x00EAF5F9, 0x00ECF6FB,
    0x00ECF6FA, 0x00EDF7FB, 0x00EBF6FB, 0x00EAF6FA, 0x00EDF8FB, 0x00ECF7FB, 0x00EDF8FB, 0x00EDF8FC, 0x00ECF8FB,
    0x00EEF9FD, 0x00EFF8FC, 0x00EEF9FC, 0x00F0F9FC, 0x00EDF8FB, 0x00EEF8FB, 0x00EFF8FB, 0x00EDF7FA, 0x00ECF6FA,
    0x00EBF6FA, 0x00E8F4F8, 0x00EAF5FA, 0x00E8F4F8, 0x00E9F4F8, 0x00E9F4F8, 0x00EBF6FA, 0x00EBF5FA, 0x00EAF5F8,
    0x00EBF5FA, 0x00EBF5FA, 0x00EBF5FA, 0x00E7F3F7, 0x00E8F3F7, 0x00E8F3F7, 0x00E9F3F7, 0x00E5F1F6, 0x00E1EEF3,
    0x00E1EDF3, 0x00E1EEF4, 0x00E0EDF3, 0x00E0EDF3, 0x00DBEAEF, 0x00DBE8EE, 0x00DCE9EF, 0x00E1EDF2, 0x00E3EEF3,
    0x00E6F1F7, 0x00E7F2F7, 0x00E9F3F9, 0x00EDF7FB, 0x00ECF7FB, 0x00EDF8FC, 0x00EFF8FC, 0x00EFF9FC, 0x00EDF8FB,
    0x00ECF7FB, 0x00EBF6FA, 0x00EDF6FB, 0x00EDF7FB, 0x00ECF7FB, 0x00EDF6FB, 0x00EAF4F9, 0x00EDF7FB, 0x00EBF4F8,
    0x00EBF5F9, 0x00EAF4F8, 0x00EDF6FA, 0x00EBF6FB, 0x00EBF6FA, 0x00ECF6FC, 0x00EDF7FB, 0x00ECF6FB, 0x00EDF7FB,
    0x00EFF8FC, 0x00EEF7FB, 0x00EEF7FC, 0x00EFF8FC, 0x00EDF7FB, 0x00ECF7FA, 0x00EFF8FC, 0x00EEF8FC, 0x00EEF8FC,
    0x00EDF7FB, 0x00ECF6FB, 0x00EDF7FB, 0x00EAF5F9, 0x00EAF5F9, 0x00EBF6FA, 0x00ECF6FA, 0x00EBF5FA, 0x00ECF6FA,
    0x00ECF6FA, 0x00EAF5F9, 0x00EAF5F9, 0x00ECF6FA, 0x00EBF6FA, 0x00EDF7FB, 0x00ECF7FB, 0x00EAF6FA, 0x00EDF7FB,
    0x00EBF6FA, 0x00EDF7FB, 0x00EEF7FB, 0x00ECF6FB, 0x00EAF5F9, 0x00E9F5F9, 0x00E9F4F8, 0x00E9F4F9, 0x00E9F5FA,
    0x00E9F4F9, 0x00E7F3F9, 0x00E6F1F7, 0x00E8F3F8, 0x00E6F2F7, 0x00E8F4F9, 0x00E8F2F9, 0x00EAF4F9, 0x00E9F3F8,
    0x00EAF3F8, 0x00EAF4F9, 0x00EAF5F9, 0x00EAF4F9, 0x00EAF4F9, 0x00E7F3F7, 0x00EAF5FB, 0x00EBF5FB, 0x00EBF6FA,
    0x00EEF7FB, 0x00EBF6FA, 0x00EAF5FB, 0x00EBF6FB, 0x00EBF7FB, 0x00ECF6FA, 0x00ECF7FA, 0x00EAF5FA, 0x00E9F4F9,
    0x00EAF5FA, 0x00E9F4FA, 0x00E9F5FA, 0x00EBF6FB, 0x00E8F5FA, 0x00E8F4FA, 0x00EAF5FB, 0x00E9F4FA, 0x00E7F4F8,
    0x00E6F2F8, 0x00E1F0F7, 0x00E5F2F8, 0x00E6F4F9, 0x00E6F3F9, 0x00EEF9FD, 0x00EDF8FC, 0x00ECF8FC, 0x00EBF7FB,
    0x00EDF8FD, 0x00F0F9FC, 0x00EFF9FC, 0x00EDF8FB, 0x00EFF9FC, 0x00F1F9FD, 0x00F0F9FD, 0x00ECF8FC, 0x00ECF8FC,
    0x00EEF9FD, 0x00ECF7FB, 0x00EDF8FC, 0x00EFF8FC, 0x00EFF8FC, 0x00EEF8FC, 0x00EDF8FC, 0x00F1FAFC, 0x00EDF8FC,
    0x00E9F6FB, 0x00EDF8FB, 0x00ECF7FD, 0x00EDF8FC, 0x00EDF8FC, 0x00EEF9FD, 0x00EEF9FD, 0x00EFF8FC, 0x00EDF7FC,
    0x00ECF8FC, 0x00EFF9FD, 0x00EDF7FB, 0x00EEF8FC, 0x00EDF7FB, 0x00E9F5F9, 0x00ECF7FB, 0x00EBF6FA, 0x00EFF9FC,
    0x00ECF7FB, 0x00E9F5F9, 0x00ECF7FB, 0x00EBF6FC, 0x00ECF7FB, 0x00ECF6FB, 0x00EBF6FC, 0x00ECF8FC, 0x00ECF7FB,
    0x00EDF9FC, 0x00ECF7FC, 0x00EDF8FC, 0x00EDF7FC, 0x00EBF6FB, 0x00EBF6FA, 0x00EBF6FA, 0x00EDF6FC, 0x00ECF6FB,
    0x00EDF6FB, 0x00ECF7FB, 0x00ECF6FA, 0x00EDF5FC, 0x00ECF6FB, 0x00ECF6FC, 0x00EBF6FA, 0x00EDF7FB, 0x00EDF7FC,
    0x00EDF8FC, 0x00EFF8FD, 0x00EBF6FA, 0x00EDF7FC, 0x00EBF7FB, 0x00EBF7FB, 0x00ECF8FC, 0x00EDF8FC, 0x00ECF7FB,
    0x00EDF8FC, 0x00EEF8FD, 0x00EEFAFD, 0x00EDF8FC, 0x00ECF7FB, 0x00EBF6FC, 0x00EAF6FB, 0x00E9F5F9, 0x00ECF7FB,
    0x00EAF7FA, 0x00EAF7FB, 0x00EBF7FB, 0x00EDF8FC, 0x00EDF8FD, 0x00EBF7FB, 0x00EBF7FB, 0x00EBF6FC, 0x00EBF6FB,
    0x00EBF7FB, 0x00ECF7FB, 0x00ECF6FA, 0x00E9F5FA, 0x00E8F4F8, 0x00ECF7FB, 0x00EAF5FA, 0x00EAF5FA, 0x00EAF5F9,
    0x00EBF6FA, 0x00EAF6FA, 0x00EBF6FA, 0x00EBF6FA, 0x00EAF5F9, 0x00ECF7FB, 0x00ECF7FC, 0x00EBF6FB, 0x00EBF7FB,
    0x00ECF7FB, 0x00ECF6FB, 0x00EBF6FA, 0x00EAF6FA, 0x00EBF6FA, 0x00EAF5F8, 0x00EDF6FC, 0x00ECF6FA, 0x00E9F6F9,
    0x00EAF5FA, 0x00EAF5F9, 0x00EAF5F8, 0x00E8F5F8, 0x00EAF5F9, 0x00E9F5F9, 0x00EAF5FA, 0x00EEF8FC, 0x00EAF7FA,
    0x00EDF8FC, 0x00EAF6FB, 0x00EAF6FA, 0x00EAF6FA, 0x00EBF7FA, 0x00E9F6F9, 0x00E8F5F9, 0x00E8F5FA, 0x00E4F3F8,
    0x00EBF5F9, 0x00ECF7FA, 0x00EAF6F9, 0x00EAF6F9, 0x00EAF6FA, 0x00EAF7FA, 0x00ECF7FB, 0x00ECF7FC, 0x00EDF8FB,
    0x00E9F5FA, 0x00E9F6FA, 0x00EAF6FB, 0x00EBF7FB, 0x00E7F5F9, 0x00E5F5FA, 0x00E4F4FA, 0x00EBF6FB, 0x00E6F3F8,
    0x00E9F6FA, 0x00EAF6FC, 0x00E8F6FA, 0x00EBF6FA, 0x00EBF6FA, 0x00EBF6FA, 0x00ECF7FC, 0x00E9F5F9, 0x00EAF6FB,
    0x00EBF6FA, 0x00EAF5FA, 0x00E8F4F8, 0x00EAF6FA, 0x00E6F4F8, 0x00E7F5F9, 0x00E9F5FA, 0x00E8F5F9, 0x00E9F6FA,
    0x00ECF7FB, 0x00ECF8FC, 0x00EEF9FD, 0x00EBF7FB, 0x00EEF9FC, 0x00EDF8FC, 0x00EFF9FD, 0x00EFF9FD, 0x00EFF9FD,
    0x00EEF9FC, 0x00ECF8FC, 0x00EBF6F9, 0x00ECF7FB, 0x00ECF7FA, 0x00EBF5F9, 0x00EDF7FB, 0x00EBF5F9, 0x00EAF4F8,
    0x00E9F4F8, 0x00EAF5F9, 0x00EDF6FA, 0x00ECF6FA, 0x00E8F4F7, 0x00EBF6F9, 0x00EAF6F9, 0x00EBF6FA, 0x00EAF5F9,
    0x00E8F4F8, 0x00EBF5F9, 0x00ECF5FA, 0x00E7F3F8, 0x00E7F2F6, 0x00E5F0F6, 0x00DFEDF2, 0x00DFEEF4, 0x00E4F0F6,
    0x00E5F0F6, 0x00E7F2F7, 0x00E8F2F8, 0x00E3EFF5, 0x00E5F1F6, 0x00E8F2F8, 0x00EAF5F9, 0x00EBF6FA, 0x00EEF8FC,
    0x00F0FAFD, 0x00F1FBFD, 0x00F1FAFD, 0x00F1FBFD, 0x00EFF9FD, 0x00EBF6FA, 0x00ECF7FB, 0x00EDF7FB, 0x00EBF6FC,
    0x00EDF8FB, 0x00EDF6FA, 0x00EAF5F9, 0x00EBF6FC, 0x00EBF5FA, 0x00EBF6FA, 0x00EBF5FA, 0x00EDF7FB, 0x00EBF6FA,
    0x00EBF5F9, 0x00EDF6FB, 0x00ECF6FA, 0x00EDF8FC, 0x00ECF7FB, 0x00EEF7FB, 0x00ECF7FC, 0x00EDF7FC, 0x00EFF8FC,
    0x00EEF8FB, 0x00EEF7FC, 0x00ECF5F9, 0x00EFF8FB, 0x00EAF4F9, 0x00ECF6FA, 0x00ECF6FA, 0x00EAF4FA, 0x00EAF5F9,
    0x00E9F4F8, 0x00EAF5FB, 0x00EBF6FA, 0x00ECF6FA, 0x00EDF7FA, 0x00EDF6FA, 0x00E9F4F8, 0x00E9F5F9, 0x00EFF7FC,
    0x00EEF7FB, 0x00EBF6F9, 0x00ECF7FB, 0x00EDF8FB, 0x00EDF8FC, 0x00EEF7FB, 0x00ECF7FA, 0x00EDF8FB, 0x00EDF7FB,
    0x00EBF6FA, 0x00EAF6FA, 0x00EBF6FA, 0x00EBF6FA, 0x00EAF6FA, 0x00EAF4FA, 0x00E9F4FA, 0x00E5F2F8, 0x00E8F3F9,
    0x00E9F4F8, 0x00E5F2F6, 0x00E8F2F9, 0x00EAF4FA, 0x00E6F2F7, 0x00E5F2F6, 0x00E9F3F8, 0x00E9F4F9, 0x00EAF5FA,
    0x00E9F4F9, 0x00E9F5F9, 0x00E9F5FA, 0x00E9F5F9, 0x00ECF6FB, 0x00EAF5FB, 0x00E9F5FB, 0x00EBF6FB, 0x00ECF6FB,
    0x00E7F4F9, 0x00EBF6FA, 0x00EBF6FA, 0x00EDF7FB, 0x00ECF7FB, 0x00E9F4F9, 0x00E7F3F7, 0x00E9F4FA, 0x00EDF7FC,
    0x00E8F5F9, 0x00EBF7FB, 0x00E8F5FB, 0x00E6F3F8, 0x00E5F2F8, 0x00E2F1F7, 0x00E3F1F7, 0x00E8F4FB, 0x00E9F4FA,
    0x00E7F5FB, 0x00ECF8FC, 0x00EBF8FD, 0x00EDF8FC, 0x00EFFAFD, 0x00E9F6FA, 0x00ECF7FC, 0x00EAF7FB, 0x00ECF8FB,
    0x00EFF9FC, 0x00EEF8FC, 0x00EEF9FD, 0x00ECF7FB, 0x00ECF7FC, 0x00EFF9FD, 0x00EFF8FC, 0x00EDF7FB, 0x00EAF6FB,
    0x00EBF7FB, 0x00EDF7FC, 0x00E9F6FB, 0x00EDF8FC, 0x00EEF9FC, 0x00ECF8FC, 0x00ECF7FB, 0x00ECF7FB, 0x00ECF7FB,
    0x00E7F4F9, 0x00EDF7FD, 0x00EEF8FD, 0x00EEF8FC, 0x00E8F5FB, 0x00EAF6FB, 0x00EEF8FC, 0x00EEF8FD, 0x00EDF8FC,
    0x00EDF7FC, 0x00ECF8FB, 0x00EDF8FC, 0x00ECF7FB, 0x00EEF8FC, 0x00EEF7FC, 0x00EDF7FB, 0x00EBF6FB, 0x00E9F5FA,
    0x00EBF6FB, 0x00ECF7FB, 0x00ECF8FC, 0x00EDF8FC, 0x00EEF9FC, 0x00EDF9FC, 0x00EDF8FC, 0x00EBF6FB, 0x00EAF6FB,
    0x00ECF7FB, 0x00ECF7FC, 0x00ECF6FA, 0x00EAF5FA, 0x00EAF5FB, 0x00EAF5FB, 0x00E9F5FA, 0x00EBF6FA, 0x00ECF6FC,
    0x00E8F4FA, 0x00EBF6FB, 0x00EAF6FB, 0x00EBF6FB, 0x00EAF6FA, 0x00EBF7FB, 0x00EDF7FD, 0x00EBF7FC, 0x00ECF7FB,
    0x00EBF7FB, 0x00EDF8FC, 0x00EDF8FC, 0x00EEF8FC, 0x00EBF8FC, 0x00E3F4FA, 0x00ECF8FC, 0x00EEF8FE, 0x00EFF9FD,
    0x00ECF7FB, 0x00EAF6FB, 0x00ECF7FB, 0x00ECF7FB, 0x00ECF7FB, 0x00E8F5FA, 0x00EAF6FA, 0x00EAF6FA, 0x00ECF7FA,
    0x00EDF8FB, 0x00ECF7FB, 0x00EBF7FA, 0x00EBF7FA, 0x00EAF6FA, 0x00EBF6FA, 0x00EBF6FA, 0x00EAF6FA, 0x00E4F3F9,
    0x00E9F5F9, 0x00ECF6FB, 0x00E9F5F9, 0x00E9F5F9, 0x00EAF5FA, 0x00EAF5FA, 0x00E9F5F9, 0x00EBF6FA, 0x00EBF6FA,
    0x00EAF6FA, 0x00EAF6FA, 0x00EBF6FA, 0x00ECF7FB, 0x00EDF8FB, 0x00ECF7FA, 0x00EAF6F9, 0x00EBF6F9, 0x00EAF6FA,
    0x00E9F5F9, 0x00E9F6F9, 0x00E9F4F9, 0x00EAF6FA, 0x00EAF5FA, 0x00E9F4F8, 0x00E6F3F7, 0x00E9F4F8, 0x00EAF5F9,
    0x00E9F5F9, 0x00E8F4F9, 0x00E9F5F9, 0x00EBF6FB, 0x00EBF7FA, 0x00EDF8FB, 0x00ECF8FB, 0x00ECF7FB, 0x00EBF7FB,
    0x00EBF6FB, 0x00ECF8FB, 0x00EBF6FA, 0x00E8F4F9, 0x00E3F2F8, 0x00E7F3F8, 0x00ECF7FB, 0x00EDF8FC, 0x00EBF7FA,
    0x00ECF7FB, 0x00EBF7FB, 0x00ECF7FB, 0x00EBF7FB, 0x00EBF7FB, 0x00EBF7FA, 0x00E8F6F9, 0x00ECF7FB, 0x00EDF7FA,
    0x00E9F5FA, 0x00E7F5FA, 0x00E6F5FA, 0x00EAF5FA, 0x00EAF5F9, 0x00E9F5F9, 0x00EAF5FA, 0x00E9F6FA, 0x00EBF6FB,
    0x00EBF6FB, 0x00E9F5F9, 0x00EBF6FB, 0x00E9F5F9, 0x00E8F5F9, 0x00E7F4F8, 0x00E8F5F9, 0x00E6F3F8, 0x00E8F5FB,
    0x00E9F5F9, 0x00E8F4F8, 0x00E8F4F9, 0x00E9F5F9, 0x00EAF6FA, 0x00EBF6FB, 0x00ECF7FB, 0x00EBF6FB, 0x00EBF7FA,
    0x00ECF7FB, 0x00EEF9FD, 0x00EEF8FC, 0x00EDF8FC, 0x00F1FAFD, 0x00F0F9FC, 0x00EFF9FD, 0x00EEF8FC, 0x00ECF7FB,
    0x00EEF8FB, 0x00EAF6F9, 0x00E9F6F9, 0x00ECF7FA, 0x00ECF7FB, 0x00E9F4F9, 0x00EBF6FA, 0x00ECF7FA, 0x00EAF4F9,
    0x00EAF5F9, 0x00EEF8FB, 0x00EFF9FC, 0x00EDF7FA, 0x00EBF6F9, 0x00EBF5F9, 0x00EBF5F9, 0x00E9F4FA, 0x00EAF5F8,
    0x00E8F3F7, 0x00E8F2F7, 0x00E7F2F8, 0x00E7F2F6, 0x00E8F3F7, 0x00EBF5F9, 0x00ECF5FA, 0x00E9F4F9, 0x00E4F1F6,
    0x00E7F3F7, 0x00E9F3F9, 0x00ECF5F9, 0x00EBF5FA, 0x00ECF7FB, 0x00EFFAFD, 0x00F2FBFD, 0x00F0FAFC, 0x00EFF9FD,
    0x00F0FAFD, 0x00EFFAFC, 0x00EDF8FC, 0x00EEF8FC, 0x00EDF8FC, 0x00EDF7FA, 0x00EEF8FC, 0x00EAF6F9, 0x00EBF5FA,
    0x00EDF6FB, 0x00EAF5F9, 0x00EBF6FA, 0x00EDF7FB, 0x00EDF7FB, 0x00ECF7FB, 0x00EBF6FA, 0x00EAF5FA, 0x00ECF7FB,
    0x00EEF7FB, 0x00EDF7FB, 0x00ECF7FB, 0x00EFF8FB, 0x00F0F9FC, 0x00EEF7FB, 0x00ECF7FB, 0x00EFF8FC, 0x00EEF8FB,
    0x00ECF5F9, 0x00ECF6FB, 0x00EBF5FA, 0x00EAF5FA, 0x00E8F3F8, 0x00ECF5F9, 0x00EAF5FA, 0x00ECF6FA, 0x00ECF6FA,
    0x00EBF5F9, 0x00EEF6FB, 0x00ECF6FA, 0x00ECF7FA, 0x00ECF6FB, 0x00EDF7FC, 0x00ECF7FB, 0x00EEF8FB, 0x00EEF8FC,
    0x00EBF7FA, 0x00EEF8FC, 0x00ECF7FB, 0x00EDF7FB, 0x00EFF7FB, 0x00EBF6F9, 0x00EBF6FA, 0x00EEF8FB, 0x00EDF7FB,
    0x00EBF6FA, 0x00EBF6FB, 0x00E7F3F8, 0x00E8F4F8, 0x00E9F4FA, 0x00E9F3FA, 0x00E8F4F9, 0x00E8F3F8, 0x00E7F4F8,
    0x00E9F4F8, 0x00E6F3F7, 0x00EBF4F9, 0x00EAF5F9, 0x00EBF5FA, 0x00EAF5F9, 0x00E9F4F9, 0x00E9F4F9, 0x00E9F4FA,
    0x00EBF6FA, 0x00EAF5F9, 0x00EAF6FB, 0x00EDF7FC, 0x00ECF6FB, 0x00EBF5FC, 0x00ECF6FC, 0x00EBF6FB, 0x00EDF7FD,
    0x00EAF6FA, 0x00EAF6FA, 0x00ECF7FB, 0x00EBF7FB, 0x00EBF6FB, 0x00EBF7FC, 0x00EBF6FB, 0x00E8F5FA, 0x00E9F4F9,
    0x00E8F5FA, 0x00E6F3F8, 0x00E9F5FA, 0x00E8F4F9, 0x00E8F5F9, 0x00EAF6FB, 0x00EDF9FD, 0x00ECF9FC, 0x00EDF8FC,
    0x00ECF8FD, 0x00ECF8FC, 0x00ECF7FC, 0x00EAF7FA, 0x00EDF8FC, 0x00EAF6FA, 0x00EBF7FB, 0x00ECF8FB, 0x00EDF8FC,
    0x00ECF7FB, 0x00ECF7FC, 0x00EBF7FC, 0x00EAF6FC, 0x00EBF7FC, 0x00EEF8FC, 0x00EEF8FB, 0x00EBF8FB, 0x00EEF9FD,
    0x00EEF8FD, 0x00EBF7FB, 0x00EAF6FB, 0x00ECF7FB, 0x00ECF7FC, 0x00E7F4F9, 0x00EBF6FC, 0x00EBF6FB, 0x00ECF7FC,
    0x00EDF7FC, 0x00ECF7FB, 0x00ECF7FB, 0x00ECF7FB, 0x00ECF7FC, 0x00EBF6FA, 0x00ECF8FC, 0x00ECF7FB, 0x00EBF6FB,
    0x00EFF8FB, 0x00EBF6FB, 0x00EAF5FA, 0x00EBF6FA, 0x00ECF7FB, 0x00EBF6FA, 0x00ECF7FC, 0x00EDF8FD, 0x00EEF9FD,
    0x00F0F9FD, 0x00EEF9FC, 0x00ECF7FB, 0x00EBF7FB, 0x00EBF7FC, 0x00ECF8FC, 0x00ECF7FB, 0x00ECF6FA, 0x00EAF6FA,
    0x00EAF5FA, 0x00ECF6FA, 0x00EBF6FA, 0x00ECF7FB, 0x00E9F4FA, 0x00EBF6FB, 0x00EDF7FB, 0x00EBF7FB, 0x00EDF8FC,
    0x00EDF8FC, 0x00ECF8FC, 0x00EDF7FC, 0x00ECF7FC, 0x00EBF7FB, 0x00ECF8FB, 0x00EDF8FC, 0x00EEF9FD, 0x00EBF7FB,
    0x00ECF8FC, 0x00ECF8FC, 0x00EDF8FC, 0x00EFFAFD, 0x00EDF7FC, 0x00ECF7FC, 0x00EAF6FA, 0x00EDF8FC, 0x00ECF7FB,
    0x00EBF6FA, 0x00EAF5F9, 0x00ECF7FB, 0x00EBF6FA, 0x00EAF6FA, 0x00EBF6FB, 0x00EAF6FA, 0x00EBF7FB, 0x00ECF8FB,
    0x00EBF7FB, 0x00ECF7FB, 0x00EBF6FA, 0x00EBF6FA, 0x00EDF7FB, 0x00EAF6FA, 0x00E8F4F8, 0x00E8F5F8, 0x00E8F4F9,
    0x00E8F4FA, 0x00E8F4F9, 0x00EAF5F9, 0x00EBF7FA, 0x00EAF5FA, 0x00EAF5F9, 0x00EBF7FA, 0x00EAF6F9, 0x00EAF6FA,
    0x00EBF7FB, 0x00EAF6FA, 0x00E8F4F8, 0x00E8F5FA, 0x00E6F4F9, 0x00EAF5F9, 0x00E5F3F8, 0x00EBF5F9, 0x00EBF6FA,
    0x00EAF5FA, 0x00E5F2F6, 0x00E5F2F6, 0x00E9F4F9, 0x00E8F4F8, 0x00EAF5F9, 0x00EAF5FB, 0x00EAF6FA, 0x00EBF7FB,
    0x00EAF6FA, 0x00ECF7FB, 0x00E8F5F9, 0x00E9F5FA, 0x00E9F5F9, 0x00EBF6FA, 0x00E6F3F7, 0x00ECF6FA, 0x00E7F3F7,
    0x00E9F4F8, 0x00E8F4F8, 0x00EDF7FA, 0x00EBF6FA, 0x00ECF7FB, 0x00EEF9FC, 0x00ECF7FB, 0x00ECF8FB, 0x00EBF7FB,
    0x00EAF6FA, 0x00EBF6FA, 0x00EBF6FA, 0x00E8F4F8, 0x00EBF6FA, 0x00E9F6FA, 0x00EBF6FA, 0x00E7F5F9, 0x00E9F5F9,
    0x00E9F6FA, 0x00EAF6F9, 0x00EBF5FA, 0x00E8F4F9, 0x00EAF5FB, 0x00E7F3F8, 0x00E7F4F9, 0x00EAF5FB, 0x00E6F3F9,
    0x00E4F2F8, 0x00E7F3F8, 0x00E7F4F9, 0x00E7F4F9, 0x00E8F4F8, 0x00E9F4F9, 0x00EAF5F9, 0x00E7F4F8, 0x00E9F5FA,
    0x00EAF5FA, 0x00E9F5F9, 0x00ECF6FB, 0x00ECF7FB, 0x00ECF7FB, 0x00EBF7FB, 0x00EDF8FC, 0x00ECF7FB, 0x00EEF9FC,
    0x00EEF8FC, 0x00EEF8FC, 0x00EDF6FB, 0x00EAF6FA, 0x00EDF7FB, 0x00ECF6FB, 0x00EBF7FA, 0x00EAF6FA, 0x00EFF9FB,
    0x00EDF8FB, 0x00ECF7FB, 0x00ECF8FB, 0x00EDF7FB, 0x00ECF7FA, 0x00ECF7FB, 0x00EFF8FB, 0x00F1F8FB, 0x00EBF6FA,
    0x00EBF6F9, 0x00EBF6FA, 0x00ECF7FA, 0x00EBF5F9, 0x00EEF7FB, 0x00EEF7FA, 0x00E9F4F8, 0x00E8F3F8, 0x00E9F4F9,
    0x00E9F5F8, 0x00EDF6FA, 0x00ECF6FA, 0x00EAF5F9, 0x00E9F5F9, 0x00E8F3F8, 0x00EBF5FA, 0x00EBF5FA, 0x00EBF7FB,
    0x00ECF7FB, 0x00F0F9FD, 0x00F0FAFD, 0x00F0FAFD, 0x00EFF9FD, 0x00F1FAFD, 0x00EFFAFD, 0x00F0FAFD, 0x00EEF9FD,
    0x00EFF9FD, 0x00ECF7FC, 0x00EFF9FC, 0x00EDF7FB, 0x00EBF6FB, 0x00EBF5FA, 0x00EBF5FA, 0x00ECF7FB, 0x00EDF7FC,
    0x00EDF7FB, 0x00EEF8FC, 0x00EAF5FA, 0x00ECF6FB, 0x00ECF7FB, 0x00ECF6FC, 0x00ECF7FC, 0x00ECF7FB, 0x00EEF8FC,
    0x00EFF8FC, 0x00EDF8FB, 0x00EDF8FC, 0x00EDF7FC, 0x00EBF6FB, 0x00ECF6FB, 0x00EDF7FB, 0x00EDF6FA, 0x00EDF6FA,
    0x00EBF5F9, 0x00EAF4F8, 0x00E9F4F8, 0x00ECF5F9, 0x00EBF5FA, 0x00EBF6FA, 0x00E8F4F9, 0x00ECF6FA, 0x00EEF7FB,
    0x00E6F2F7, 0x00EAF5FA, 0x00EBF6FA, 0x00EDF7FC, 0x00ECF8FC, 0x00ECF6FC, 0x00EAF5F9, 0x00EEF8FC, 0x00EEF7FB,
    0x00E4F2F8, 0x00E8F4F9, 0x00ECF6FA, 0x00EBF6FA, 0x00ECF7FB, 0x00ECF7FB, 0x00EBF6FA, 0x00EAF5FB, 0x00EAF5F9,
    0x00EBF6FA, 0x00EAF4F9, 0x00F0F8FC, 0x00EBF5FA, 0x00E8F3F9, 0x00EBF5FA, 0x00ECF6FB, 0x00E7F3F8, 0x00EAF5FA,
    0x00E9F4F9, 0x00EBF6FB, 0x00EAF5F9, 0x00EAF5FA, 0x00E9F5FA, 0x00E8F3FA, 0x00EAF6FA, 0x00ECF7FA, 0x00EDF8FB,
    0x00ECF7FB, 0x00EEF8FB, 0x00EDF8FB, 0x00EDF9FC, 0x00EEF8FC, 0x00ECF7FC, 0x00EDF8FB, 0x00EBF7FB, 0x00ECF8FC,
    0x00ECF7FC, 0x00EBF7FB, 0x00EBF7FC, 0x00EBF7FB, 0x00ECF6FA, 0x00EBF5FB, 0x00EBF6FA, 0x00ECF6FA, 0x00EBF6FB,
    0x00EBF6FB, 0x00E9F5FA, 0x00EFFBFE, 0x00EEF9FD, 0x00EDF9FD, 0x00EDF8FD, 0x00EBF7FB, 0x00ECF7FC, 0x00EEF9FD,
    0x00ECF8FC, 0x00EBF7FB, 0x00EAF6FA, 0x00EBF7FB, 0x00ECF8FD, 0x00EDF8FC, 0x00EFF9FD, 0x00EEF9FD, 0x00F0FAFD,
    0x00EEF9FC, 0x00EFF8FC, 0x00F0F9FC, 0x00ECF8FB, 0x00ECF8FC, 0x00EDF9FD, 0x00ECF7FB, 0x00EAF6FB, 0x00E9F5FB,
    0x00EBF6FC, 0x00ECF6FA, 0x00EDF7FB, 0x00ECF8FB, 0x00ECF7FB, 0x00ECF7FD, 0x00EDF9FC, 0x00EDF7FB, 0x00ECF6FB,
    0x00E9F4FA, 0x00E9F5FA, 0x00ECF8FC, 0x00ECF8FC, 0x00EBF6FA, 0x00E8F4F9, 0x00E8F4F8, 0x00EBF6FA, 0x00ECF7FB,
    0x00ECF7FC, 0x00ECF7FB, 0x00ECF6FB, 0x00ECF7FD, 0x00EDF8FC, 0x00EBF7FB, 0x00EAF6FB, 0x00E9F4FB, 0x00EBF7FB,
    0x00ECF7FB, 0x00ECF7FC, 0x00EBF6FB, 0x00EBF5FB, 0x00EAF5FA, 0x00E9F4F9, 0x00EAF4FA, 0x00EAF6FA, 0x00EBF6FC,
    0x00ECF7FB, 0x00EAF6FB, 0x00EAF7FB, 0x00ECF8FC, 0x00ECF7FC, 0x00ECF8FC, 0x00EDF7FC, 0x00EEF8FD, 0x00EBF7FB,
    0x00ECF7FC, 0x00EEF8FC, 0x00ECF8FC, 0x00ECF7FB, 0x00ECF8FB, 0x00ECF7FC, 0x00EBF7FD, 0x00EBF7FC, 0x00EDF9FC,
    0x00EFF9FD, 0x00EBF7FB, 0x00EBF7FB, 0x00ECF7FB, 0x00ECF7FB, 0x00EBF6FB, 0x00EAF6FA, 0x00EBF6FA, 0x00ECF7FB,
    0x00ECF7FA, 0x00EAF6FA, 0x00EAF6FA, 0x00ECF6FB, 0x00EBF6FB, 0x00ECF6FB, 0x00EAF6FA, 0x00EBF6FA, 0x00EBF6FB,
    0x00EBF6FA, 0x00E6F3F7, 0x00E9F5FA, 0x00EAF5FA, 0x00E8F4F9, 0x00E9F5FA, 0x00E8F4F9, 0x00EAF5FA, 0x00E9F5FA,
    0x00E9F4FA, 0x00EAF5FA, 0x00EBF6FB, 0x00EBF6FB, 0x00E9F6FA, 0x00EAF5F9, 0x00EBF6FA, 0x00EBF6FA, 0x00E7F3F7,
    0x00EAF6FA, 0x00EAF5FA, 0x00EBF6FA, 0x00ECF7F9, 0x00EBF6FA, 0x00EBF5F9, 0x00E9F4FA, 0x00E7F3F7, 0x00E8F4F8,
    0x00E7F3F8, 0x00E8F3F8, 0x00E9F4F9, 0x00EAF5F9, 0x00E9F5FA, 0x00EAF5F9, 0x00EBF6FB, 0x00E8F5FA, 0x00EAF6FA,
    0x00EAF5FA, 0x00EAF6FA, 0x00E9F5F9, 0x00EAF5F9, 0x00E9F5F9, 0x00ECF6F9, 0x00E7F2F7, 0x00E9F5F9, 0x00EAF5F9,
    0x00EBF6FB, 0x00ECF7FB, 0x00EBF6FA, 0x00ECF7FB, 0x00ECF6FA, 0x00ECF7FB, 0x00E9F5FA, 0x00EBF6FA, 0x00E9F5F9,
    0x00ECF6FA, 0x00EDF6FA, 0x00ECF5F9, 0x00EAF5FA, 0x00E6F4F9, 0x00ECF6FA, 0x00E9F4FA, 0x00EAF4FB, 0x00E6F2F7,
    0x00EAF4F9, 0x00E8F5F9, 0x00E7F3F9, 0x00E9F5FA, 0x00E8F4F8, 0x00E7F4FA, 0x00E7F3F8, 0x00E6F3F8, 0x00E6F3F8,
    0x00E7F3F8, 0x00EAF5F8, 0x00EBF5FA, 0x00ECF7FB, 0x00ECF6FA, 0x00EBF5FA, 0x00EAF5FA, 0x00E9F5FA, 0x00E9F5F9,
    0x00EBF6FA, 0x00E9F5F9, 0x00ECF7FB, 0x00E9F4F8, 0x00EBF6FA, 0x00EEF8FC, 0x00EDF7FB, 0x00ECF7FB, 0x00EBF6FB,
    0x00ECF7FB, 0x00ECF8FB, 0x00ECF8FC, 0x00EBF6FA, 0x00EDF7FA, 0x00EBF6FA, 0x00ECF7FC, 0x00EBF7FA, 0x00ECF7FC,
    0x00ECF6FB, 0x00ECF6FA, 0x00EDF8FB, 0x00EFF8FB, 0x00ECF7FB, 0x00EEF7FA, 0x00EBF5F9, 0x00EDF5FA, 0x00ECF7FA,
    0x00ECF6FA, 0x00EDF6FA, 0x00E9F4F9, 0x00EBF6FA, 0x00ECF5F9, 0x00E9F5F9, 0x00EBF5FA, 0x00EAF5FA, 0x00EAF5F9,
    0x00E9F5F9, 0x00E9F4F9, 0x00EAF6FA, 0x00ECF7FB, 0x00EBF6FA, 0x00EDF7FB, 0x00EFF8FC, 0x00EDF9FC, 0x00EDF9FC,
    0x00EDF9FC, 0x00F1FAFC, 0x00F1FAFD, 0x00F0FAFD, 0x00F0FAFC, 0x00EFF9FC, 0x00ECF6FA, 0x00EBF6FC, 0x00EEF8FC,
    0x00EDF7FB, 0x00ECF7FB, 0x00EDF7FB, 0x00EAF6FA, 0x00EEF8FB, 0x00ECF7FB, 0x00ECF7FB, 0x00EEF9FC, 0x00ECF7FB,
    0x00EBF6FA, 0x00EEF7FC, 0x00ECF7FB, 0x00EDF7FC, 0x00EFF8FC, 0x00ECF7FB, 0x00EEF8FB, 0x00EEF7FB, 0x00EAF5FA,
    0x00EBF6FA, 0x00EFF8FC, 0x00EBF6FA, 0x00EDF7FA, 0x00ECF5F9, 0x00EAF5F8, 0x00ECF6F9, 0x00EDF6FA, 0x00ECF7FB,
    0x00EBF5FA, 0x00ECF6FA, 0x00EBF6F9, 0x00EAF5F9, 0x00EBF6FA, 0x00DFECF4, 0x00E2F1F6, 0x00EBF6FB, 0x00ECF7FC,
    0x00EDF8FB, 0x00EBF6FB, 0x00EAF5F9, 0x00EDF8FC, 0x00ECF6FB, 0x00EBF6F9, 0x00EBF6FA, 0x00EBF5FA, 0x00ECF7FB,
    0x00EDF7FC, 0x00EDF8FC, 0x00EBF6FA, 0x00EBF6FA, 0x00EBF6FA, 0x00EAF5FA, 0x00E9F5F9, 0x00EDF7FB, 0x00EAF5FA,
    0x00EBF6FB, 0x00EBF6FA, 0x00E8F3FA, 0x00E6F2F6, 0x00EAF5FA, 0x00E9F5F9, 0x00EBF6FB, 0x00EAF6FA, 0x00EBF6FA,
    0x00EBF6FA, 0x00EDF8FB, 0x00ECF7FC, 0x00ECF7FB, 0x00EEF8FC, 0x00EDF8FC, 0x00EBF5FB, 0x00ECF6FB, 0x00EFF8FC,
    0x00EDF9FC, 0x00EDF8FC, 0x00ECF8FB, 0x00ECF8FC, 0x00ECF7FC, 0x00EBF7FB, 0x00EBF6FC, 0x00EBF6FB, 0x00EBF6FC,
    0x00EAF6FB, 0x00EAF5FA, 0x00EAF6FA, 0x00E9F4F9, 0x00E5F2F9, 0x00DFF1F8, 0x00E5F4FB, 0x00EFFAFD, 0x00ECF8FB,
    0x00EEF9FC, 0x00EAF6FA, 0x00EBF7FB, 0x00EDF8FB, 0x00EFF9FD, 0x00EDF8FC, 0x00EBF6FA, 0x00EDF8FC, 0x00EEF8FC,
    0x00EEF8FC, 0x00ECF7FB, 0x00EEF8FC, 0x00EDF9FC, 0x00EFF9FC, 0x00F0FAFD, 0x00F0F9FC, 0x00EFF8FB, 0x00EEF9FC,
    0x00EDF8FC, 0x00F0FAFD, 0x00EDF8FC, 0x00EBF6FA, 0x00EBF6FB, 0x00EAF6FC, 0x00ECF7FB, 0x00EDF7FB, 0x00EEF9FD,
    0x00EEF8FC, 0x00EDF7FC, 0x00ECF7FB, 0x00EBF6FB, 0x00E9F5F9, 0x00E9F5FA, 0x00EBF6FB, 0x00ECF7FC, 0x00EBF6FA,
    0x00EBF6FA, 0x00EBF6FA, 0x00ECF7FB, 0x00ECF7FB, 0x00ECF7FB, 0x00EBF6FA, 0x00EBF7FB, 0x00ECF7FB, 0x00EBF7FC,
    0x00EBF7FB, 0x00E9F6FA, 0x00EAF6FB, 0x00E7F5F9, 0x00EBF6FB, 0x00ECF7FC, 0x00ECF7FB, 0x00EBF6FA, 0x00ECF6FA,
    0x00E9F4F9, 0x00EBF6FB, 0x00ECF7FB, 0x00EBF6FA, 0x00ECF7FB, 0x00ECF7FC, 0x00EDF8FB, 0x00EBF7FB, 0x00EDF8FC,
    0x00EBF8FC, 0x00ECF7FC, 0x00EBF7FC, 0x00EDF8FD, 0x00EDF8FC, 0x00EBF7FB, 0x00EBF6FB, 0x00ECF7FB, 0x00EDF8FC,
    0x00EBF6FA, 0x00EBF7FB, 0x00EBF7FB, 0x00EDF8FC, 0x00ECF7FB, 0x00EDF8FC, 0x00EDF8FC, 0x00EBF7FA, 0x00EBF6FA,
    0x00ECF7FB, 0x00ECF7FB, 0x00ECF7FA, 0x00EAF6F9, 0x00EAF5FA, 0x00EAF5FB, 0x00EBF7FB, 0x00EBF6FA, 0x00EBF6FA,
    0x00EBF7FA, 0x00EDF7FB, 0x00EAF6FA, 0x00EAF6FA, 0x00E6F4F9, 0x00EAF6FB, 0x00E8F4F9, 0x00ECF7FB, 0x00EAF5FA,
    0x00EBF6FA, 0x00EAF5FB, 0x00EAF5FA, 0x00EAF6FB, 0x00EBF6FA, 0x00EAF5F9, 0x00E9F5F9, 0x00EBF6FB, 0x00EAF5FA,
    0x00E9F5F9, 0x00EAF5F9, 0x00E8F4F9, 0x00E9F4F9, 0x00E8F4F9, 0x00E8F4F9, 0x00E9F5F9, 0x00EBF5FA, 0x00EBF5F9,
    0x00EBF6FA, 0x00E9F5F9, 0x00E7F3F7, 0x00E8F4F8, 0x00E7F3F7, 0x00E5F2F6, 0x00E9F4F9, 0x00E9F5FA, 0x00E9F5F9,
    0x00E9F4F9, 0x00EAF5FA, 0x00ECF7FA, 0x00EBF7FB, 0x00EBF7FB, 0x00EAF5FA, 0x00EBF6FA, 0x00ECF6FA, 0x00EBF6FA,
    0x00E7F3F8, 0x00E9F4F9, 0x00E7F3F8, 0x00E6F3F8, 0x00E9F5FA, 0x00EAF5FB, 0x00EAF5FA, 0x00ECF7FB, 0x00EBF6FA,
    0x00EBF6FB, 0x00ECF6FB, 0x00E8F4F8, 0x00E9F5FA, 0x00EAF6FA, 0x00EAF5FA, 0x00EBF6FA, 0x00E9F5F9, 0x00EBF6FB,
    0x00EBF6FA, 0x00E9F4F9, 0x00E5F2F7, 0x00E9F4FA, 0x00EAF5FA, 0x00E9F4F9, 0x00E8F4F9, 0x00E9F5F9, 0x00E8F4F8,
    0x00ECF6FA, 0x00E6F3F8, 0x00E8F4F8, 0x00E8F5F8, 0x00E8F5F9, 0x00EBF6FA, 0x00E8F4F8, 0x00EBF6FA, 0x00ECF6FA,
    0x00EBF6FA, 0x00EAF6FB, 0x00E8F5FA, 0x00EBF7FB, 0x00ECF7FB, 0x00EDF7FB, 0x00EDF8FC, 0x00EEF8FC, 0x00ECF7FB,
    0x00ECF7FC, 0x00EDF7FB, 0x00ECF7FB, 0x00EEF8FB, 0x00ECF7FA, 0x00EDF8FB, 0x00EBF7FA, 0x00ECF7FB, 0x00ECF7FB,
    0x00EDF7FB, 0x00ECF7FA, 0x00EEF8FC, 0x00ECF7FB, 0x00EDF7FC, 0x00ECF7FB, 0x00EDF7FB, 0x00EBF6FA, 0x00ECF6FA,
    0x00ECF7FA, 0x00EEF8FA, 0x00EDF8FB, 0x00EDF7FA, 0x00EDF8FB, 0x00EDF7FB, 0x00EDF6FA, 0x00ECF6F9, 0x00ECF6F9,
    0x00ECF5FA, 0x00ECF6FA, 0x00EBF5FA, 0x00ECF6FA, 0x00EAF5FA, 0x00E8F4F8, 0x00EBF6FA, 0x00EBF5FA, 0x00ECF7FB,
    0x00EBF6FA, 0x00EDF7FB, 0x00EFF9FC, 0x00EDF7FB, 0x00EEF8FC, 0x00EEF9FC, 0x00F0F9FD, 0x00F0F9FC, 0x00EFF9FC,
    0x00EEF8FC, 0x00F0F9FC, 0x00EFF9FD, 0x00EEF8FD, 0x00EDF8FC, 0x00EDF7FB, 0x00EFF8FB, 0x00EEF8FB, 0x00EDF7FB,
    0x00EDF6FA, 0x00EBF6FA, 0x00EFF9FC, 0x00EDF7FB, 0x00ECF7FB, 0x00EBF6FA, 0x00EDF7FC, 0x00ECF6FB, 0x00EEF8FC,
    0x00ECF6FB, 0x00EEF8FC, 0x00EDF7FB, 0x00EAF6FB, 0x00EBF5FA, 0x00EBF6FA, 0x00EDF8FC, 0x00EDF7FB, 0x00EBF5F9,
    0x00EBF5F9, 0x00ECF6FA, 0x00EDF7FA, 0x00ECF6FA, 0x00EAF5F9, 0x00EBF6FB, 0x00EDF6FA, 0x00EBF5F8, 0x00EBF6F9,
    0x00EBF5F9, 0x00E8F3F8, 0x00EAF5F9, 0x00ECF7FB, 0x00EBF7FB, 0x00EDF7FC, 0x00EBF7FB, 0x00ECF7FB, 0x00EEF8FC,
    0x00EAF6FB, 0x00EBF7FB, 0x00ECF7FB, 0x00ECF7FB, 0x00ECF7FB, 0x00E9F5F9, 0x00EDF8FB, 0x00EBF5FA, 0x00EAF5F9,
    0x00EAF5F9, 0x00E8F3F9, 0x00EBF5FA, 0x00EAF5FA, 0x00E8F3F7, 0x00EBF6FB, 0x00EBF5FA, 0x00E8F4FA, 0x00E8F4F8,
    0x00EBF5FA, 0x00ECF6FA, 0x00E9F4FA, 0x00ECF6FB, 0x00E9F4F9, 0x00EBF5FB, 0x00EEF8FB, 0x00EBF6FC, 0x00EBF6FB,
    0x00EDF8FB, 0x00ECF7FB, 0x00EEF8FC, 0x00ECF7FC, 0x00EDF8FB, 0x00EEF8FC, 0x00EDF7FC, 0x00EEF9FC, 0x00ECF7FB,
    0x00EDF8FC, 0x00ECF7FC, 0x00E9F5FA, 0x00E9F5FA, 0x00EBF6FA, 0x00EDF7FB, 0x00E9F4F8, 0x00E9F5FA, 0x00EAF5FB,
    0x00E8F3F9, 0x00E6F3F9, 0x00E7F5FA, 0x00EEF9FC, 0x00EDF9FC, 0x00EDF8FC, 0x00EBF7FB, 0x00EAF7FB, 0x00F0FAFD,
    0x00EDF8FC, 0x00E7F4F8, 0x00EBF6FA, 0x00EDF8FC, 0x00E6F5FA, 0x00EAF6FB, 0x00EBF6FA, 0x00EDF8FC, 0x00ECF8FB,
    0x00F1F9FC, 0x00F0F9FD, 0x00F0F9FD, 0x00EDF8FB, 0x00ECF8FB, 0x00EDF8FC, 0x00EFF9FD, 0x00EDF8FD, 0x00ECF7FC,
    0x00EBF6FB, 0x00E9F6FA, 0x00EAF6FA, 0x00ECF7FC, 0x00EDF7FD, 0x00ECF7FC, 0x00ECF7FB, 0x00ECF7FB, 0x00EAF6FA,
    0x00E9F5F9, 0x00EAF6FA, 0x00EBF6FB, 0x00EAF5F9, 0x00EBF7FB, 0x00EBF6FA, 0x00EEF8FC, 0x00ECF7FB, 0x00EDF8FC,
    0x00ECF7FB, 0x00E9F6FA, 0x00EAF6FB, 0x00EBF6FA, 0x00EDF7FC, 0x00EBF6FB, 0x00ECF7FB, 0x00EAF6FA, 0x00E9F5FA,
    0x00EBF7FB, 0x00ECF6FC, 0x00ECF7FC, 0x00E9F5F9, 0x00EDF7FB, 0x00EAF5F9, 0x00ECF6FA, 0x00ECF7FB, 0x00EBF6FB,
    0x00EBF6F9, 0x00EDF8FD, 0x00ECF7FC, 0x00EBF7FB, 0x00EDF8FD, 0x00EDF9FD, 0x00ECF7FC, 0x00ECF8FC, 0x00ECF8FC,
    0x00EDF8FC, 0x00ECF7FB, 0x00ECF8FB, 0x00ECF8FB, 0x00EDF7FB, 0x00ECF7FC, 0x00ECF7FB, 0x00EAF6FA, 0x00EBF7FB,
    0x00E8F5F9, 0x00EBF7FB, 0x00EBF7FC, 0x00ECF7FC, 0x00ECF7FB, 0x00ECF8FC, 0x00EDF8FC, 0x00EBF6FA, 0x00E9F5F9,
    0x00EAF5F9, 0x00EAF6FB, 0x00E8F4FA, 0x00E8F4F9, 0x00E9F4F8, 0x00EBF6FA, 0x00EAF5F9, 0x00EBF6FB, 0x00EAF5FA,
    0x00EBF6FA, 0x00ECF7FB, 0x00EAF5F9, 0x00EBF6FA, 0x00EBF6FA, 0x00EAF5FA, 0x00EAF5FA, 0x00EAF5F9, 0x00EBF7FB,
    0x00E9F4F9, 0x00E8F4F8, 0x00E7F3F8, 0x00EAF5F9, 0x00EBF6FA, 0x00EBF5F9, 0x00E9F4F9, 0x00EAF5FA, 0x00E9F4FA,
    0x00E6F3F7, 0x00EBF6FA, 0x00E9F5F9, 0x00ECF5F9, 0x00E9F4F9, 0x00E8F4F8, 0x00E9F4F9, 0x00EAF5F9, 0x00E9F4F8,
    0x00E3F0F5, 0x00E6F2F7, 0x00E7F2F7, 0x00E8F4F9, 0x00E8F4F9, 0x00EAF5FA, 0x00E9F5F9, 0x00EBF6FC, 0x00EDF7FB,
    0x00ECF7FB, 0x00EAF6FA, 0x00ECF7FB, 0x00EBF6FA, 0x00E8F4F9, 0x00E9F4F9, 0x00E7F3F8, 0x00E9F4F9, 0x00E9F4FA,
    0x00EBF5F9, 0x00EAF6FA, 0x00E9F5F9, 0x00EAF5F8, 0x00ECF7FB, 0x00EAF6FA, 0x00EBF5FB, 0x00E9F6F9, 0x00E6F4F9,
    0x00EAF6FA, 0x00E9F5FA, 0x00E9F5FA, 0x00EDF7FC, 0x00EBF6FB, 0x00EBF6FA, 0x00EBF6FA, 0x00E9F5F9, 0x00EAF5FA,
    0x00EBF5FA, 0x00EAF5F9, 0x00EDF7FB, 0x00EBF6FA, 0x00EAF6F9, 0x00EAF5FA, 0x00E7F4F9, 0x00E9F5F9, 0x00E9F5FA,
    0x00E8F5F9, 0x00EDF7FB, 0x00EAF6FA, 0x00ECF7FB, 0x00EBF7FB, 0x00EDF8FC, 0x00E8F5F9, 0x00EAF6FA, 0x00E9F5FA,
    0x00E9F6FA, 0x00ECF7FB, 0x00EAF7FA, 0x00EFF9FC, 0x00ECF7FB, 0x00ECF7FC, 0x00EDF8FC, 0x00E9F5FA, 0x00EEF9FC,
    0x00ECF7FB, 0x00EBF6FA, 0x00EDF8FB, 0x00EEF8FC, 0x00EDF8FB, 0x00ECF7FB, 0x00ECF6FA, 0x00EEF8FB, 0x00EBF7FA,
    0x00EFF7FB, 0x00EBF6FB, 0x00ECF6FB, 0x00EAF5F9, 0x00EBF6FA, 0x00EEF8FB, 0x00EFF8FB, 0x00EFF9FB, 0x00EFF8FC,
    0x00EEF8FB, 0x00EAF5F9, 0x00EDF7FB, 0x00EFF8FB, 0x00EDF7FB, 0x00ECF7FB, 0x00EAF5F9, 0x00F1FAFC, 0x00EDF8FB,
    0x00EDF7FB, 0x00EAF5FA, 0x00EBF6FB, 0x00EDF7FB, 0x00EEF7FB, 0x00EEF8FB, 0x00EFF8FB, 0x00EEF9FC, 0x00EEF7FB,
    0x00EEF8FC, 0x00F0F9FC, 0x00EFF9FC, 0x00F0FAFC, 0x00EDF7FB, 0x00EDF8FB, 0x00EFF8FC, 0x00F2FAFC, 0x00F1FAFD,
    0x00EDF8FC, 0x00EFF8FC, 0x00EEF8FB, 0x00F1FAFC, 0x00EFF8FC, 0x00EEF8FB, 0x00EDF7FB, 0x00F3FAFD, 0x00EDF8FB,
    0x00EBF6FA, 0x00EAF5FA, 0x00ECF6FB, 0x00EDF7FB, 0x00F0F9FC, 0x00EEF7FB, 0x00EFF7FB, 0x00EDF7FB, 0x00EBF6FA,
    0x00E9F5FB, 0x00ECF7FB, 0x00EBF5FA, 0x00EBF5FA, 0x00EBF6FB, 0x00EAF5F9, 0x00ECF6FA, 0x00EEF8FC, 0x00ECF6FA,
    0x00ECF6FA, 0x00E6F2F6, 0x00E6F2F6, 0x00E9F4F9, 0x00E1F0F6, 0x00E5F2F7, 0x00EAF5FA, 0x00ECF6FB, 0x00ECF7FC,
    0x00EAF6FA, 0x00EBF7FC, 0x00ECF7FC, 0x00EBF7FC, 0x00ECF7FC, 0x00EAF6FA, 0x00ECF8FC, 0x00ECF7FC, 0x00ECF7FB,
    0x00E8F4F8, 0x00ECF7FA, 0x00ECF7FA, 0x00ECF7FB, 0x00E9F5F9, 0x00E8F4F9, 0x00E9F4FA, 0x00E9F4F9, 0x00EAF5F9,
    0x00EAF5FA, 0x00E9F4F9, 0x00E9F4FA, 0x00E9F5FB, 0x00E9F4F8, 0x00EAF5F9, 0x00EBF5FB, 0x00E9F5FA, 0x00EAF5FB,
    0x00E9F4FA, 0x00EBF5FA, 0x00EDF7FB, 0x00ECF7FB, 0x00ECF8FC, 0x00EDF7FB, 0x00ECF6FB, 0x00EBF5FB, 0x00EBF6FB,
    0x00EDF9FC, 0x00EEF8FC, 0x00EFF9FC, 0x00EEF8FB, 0x00ECF7FA, 0x00EAF5F9, 0x00ECF7FC, 0x00E9F5FA, 0x00EBF6FA,
    0x00ECF6FB, 0x00EBF6FA, 0x00EBF6FA, 0x00E8F4F9, 0x00E5F2F8, 0x00E9F4F9, 0x00ECF6FA, 0x00E9F6FA, 0x00EFFBFD,
    0x00EFFAFD, 0x00ECF8FC, 0x00EEF9FD, 0x00EFFAFD, 0x00EFFAFD, 0x00EDF7FC, 0x00ECF8FC, 0x00ECF8FB, 0x00ECF7FB,
    0x00ECF7FB, 0x00EEF8FC, 0x00EEF8FC, 0x00EDF7FB, 0x00EDF8FC, 0x00F2FAFD, 0x00EFF8FC, 0x00EBF6FA, 0x00F0F8FC,
    0x00EEF8FC, 0x00EDF8FB, 0x00EDF8FC, 0x00EAF7FB, 0x00EDF8FC, 0x00ECF7FC, 0x00ECF7FB, 0x00EBF7FB, 0x00EDF8FC,
    0x00EBF7FB, 0x00ECF7FC, 0x00EAF5FA, 0x00ECF7FB, 0x00EBF6FB, 0x00E9F4F9, 0x00E9F5F9, 0x00EBF6FA, 0x00EBF6FB,
    0x00EAF5FA, 0x00ECF7FB, 0x00ECF7FC, 0x00ECF7FB, 0x00EDF8FC, 0x00ECF8FB, 0x00EBF7FB, 0x00EBF7FB, 0x00ECF8FB,
    0x00ECF7FB, 0x00ECF7FB, 0x00EDF8FC, 0x00ECF8FB, 0x00E9F5F9, 0x00ECF7FB, 0x00ECF7FC, 0x00EBF6FB, 0x00EAF6FA,
    0x00EDF7FB, 0x00ECF7FB, 0x00EDF6FA, 0x00EAF5F9, 0x00EAF5FA, 0x00ECF7FB, 0x00ECF7FB, 0x00ECF7FB, 0x00EDF8FC,
    0x00EDF7FC, 0x00EEF9FD, 0x00EDF8FC, 0x00ECF8FC, 0x00ECF8FC, 0x00ECF8FC, 0x00ECF8FB, 0x00EDF8FC, 0x00ECF8FB,
    0x00ECF7FB, 0x00ECF8FC, 0x00EBF6FB, 0x00EAF7FA, 0x00EAF6FA, 0x00EAF6FA, 0x00ECF7FB, 0x00ECF8FB, 0x00EBF5FA,
    0x00EBF6FB, 0x00EAF6FB, 0x00EBF6FB, 0x00ECF7FB, 0x00E9F5F9, 0x00EAF5FA, 0x00E9F4F9, 0x00E9F5FB, 0x00EAF6FA,
    0x00E9F5F9, 0x00EBF6FA, 0x00EBF7FA, 0x00EAF6F9, 0x00EAF6F9, 0x00EBF7FB, 0x00EBF6FB, 0x00E7F3F8, 0x00E8F5FA,
    0x00EAF5FA, 0x00EAF5F9, 0x00E8F4F9, 0x00EAF6FA, 0x00E9F5FA, 0x00E8F4F9, 0x00E8F3F9, 0x00E7F3F8, 0x00E9F5FA,
    0x00EAF5F9, 0x00EAF5FA, 0x00EAF5F9, 0x00E8F4F9, 0x00E8F4F9, 0x00EAF5FA, 0x00E8F4F8, 0x00ECF6FA, 0x00EBF5F9,
    0x00EAF5F9, 0x00E7F4F8, 0x00E7F3F8, 0x00E7F3F7, 0x00E8F3F8, 0x00E4F1F5, 0x00E4F1F5, 0x00EAF5FA, 0x00E8F4F8,
    0x00EAF5F9, 0x00ECF6FA, 0x00EBF6FB, 0x00E7F4F8, 0x00EDF7FC, 0x00EBF6FA, 0x00E8F3F8, 0x00EAF5F9, 0x00E9F5F9,
    0x00EAF5FA, 0x00E7F3F9, 0x00E6F3F7, 0x00E5F1F7, 0x00E4F3F8, 0x00E7F4F8, 0x00E8F4F8, 0x00EAF5F9, 0x00EBF6FA,
    0x00EAF5F9, 0x00EBF6FA, 0x00E9F5FA, 0x00EDF7FA, 0x00ECF7FB, 0x00EBF6FB, 0x00EBF6FB, 0x00ECF7FA, 0x00EBF6FB,
    0x00EBF7FB, 0x00EAF6FB, 0x00EBF6FA, 0x00E9F5FA, 0x00E8F5FA, 0x00EBF6FA, 0x00ECF6FA, 0x00EBF7FA, 0x00EAF6FA,
    0x00EBF7FB, 0x00EBF6FA, 0x00EAF6FA, 0x00E9F5FA, 0x00E9F5FA, 0x00EAF6FA, 0x00EBF6FC, 0x00ECF7FC, 0x00EBF7FB,
    0x00EBF7FC, 0x00EDF8FB, 0x00EBF6FB, 0x00EBF7FB, 0x00EBF6FB, 0x00EBF7FB, 0x00EDF8FB, 0x00EAF6FA, 0x00EBF7FB,
    0x00EDF8FC, 0x00ECF8FB, 0x00ECF8FD, 0x00ECF7FC, 0x00EEF8FC, 0x00EBF5FA, 0x00EDF7FB, 0x00EFF8FC, 0x00EAF6FA,
    0x00EAF6FA, 0x00E9F5F9, 0x00EAF5F9, 0x00EDF7FB, 0x00EBF6FA, 0x00ECF6FA, 0x00E8F5F8, 0x00EAF5F9, 0x00E9F5F9,
    0x00EDF7F9, 0x00ECF7FA, 0x00ECF7FB, 0x00EDF8FB, 0x00EEF8FC, 0x00EFF8FC, 0x00EBF6FA, 0x00EDF8FC, 0x00F0F9FD,
    0x00EFF9FD, 0x00EDF7FC, 0x00EEF8FC, 0x00EEF7FA, 0x00EDF7FB, 0x00ECF7FB, 0x00EDF7FB, 0x00EDF7FB, 0x00EFF8FB,
    0x00EFF8FB, 0x00EEF7FC, 0x00EDF7FB, 0x00EDF7FB, 0x00ECF7FB, 0x00EEF8FC, 0x00F1F9FC, 0x00EEF8FC, 0x00EFF9FC,
    0x00EFF9FC, 0x00EEF8FC, 0x00EDF7FB, 0x00EFF8FC, 0x00EEF9FC, 0x00EFF8FC, 0x00EEF8FC, 0x00F0F9FD, 0x00EEF8FB,
    0x00EFF8FC, 0x00EDF6FA, 0x00EFF8FC, 0x00EEF8FB, 0x00EFF8FC, 0x00ECF6FB, 0x00ECF7FB, 0x00ECF7FA, 0x00EEF8FB,
    0x00EAF3F7, 0x00EDF7FB, 0x00F0F9FC, 0x00EBF6FA, 0x00EAF5FA, 0x00EBF6FB, 0x00EBF6FA, 0x00EAF5F9, 0x00E9F5FA,
    0x00E8F4F9, 0x00E9F5F9, 0x00EBF6FA, 0x00EDF7FB, 0x00EDF7FB, 0x00F1FAFD, 0x00EDF8FB, 0x00EBF6FA, 0x00EBF6FA,
    0x00EBF7FB, 0x00ECF8FB, 0x00EEF7FA, 0x00ECF6FA, 0x00ECF7FA, 0x00EBF7FA, 0x00E9F5FA, 0x00ECF7FB, 0x00EBF7FB,
    0x00E9F4F9, 0x00EBF6FA, 0x00EAF5F9, 0x00EAF6FC, 0x00EAF5FB, 0x00EBF6FA, 0x00EBF6FA, 0x00EAF5FA, 0x00EBF6F9,
    0x00ECF7FB, 0x00EBF6FA, 0x00EAF5F9, 0x00EBF5F9, 0x00E9F4FA, 0x00E9F4F9, 0x00E9F4F9, 0x00E8F3F8, 0x00E8F3F9,
    0x00EAF4FA, 0x00E8F4F8, 0x00EBF6FA, 0x00EDF6FA, 0x00ECF6FA, 0x00EAF5F9, 0x00EBF5FA, 0x00ECF7FB, 0x00EAF6FA,
    0x00EAF5F9, 0x00ECF7FC, 0x00EBF6FB, 0x00EDF8FC, 0x00EDF8FB, 0x00EDF8FD, 0x00EDF7FC, 0x00EEF8FC, 0x00EBF6FB,
    0x00EBF6FB, 0x00ECF8FB, 0x00ECF7FC, 0x00EBF6FA, 0x00ECF6FB, 0x00EBF5FA, 0x00EBF5FB, 0x00ECF6F9, 0x00ECF6FA,
    0x00E9F5F9, 0x00EAF5F9, 0x00EDF6FA, 0x00E9F5F9, 0x00EEFAFD, 0x00EEFAFD, 0x00EFF9FC, 0x00ECF7FC, 0x00EDF8FB,
    0x00EEF9FC, 0x00EDF9FC, 0x00EEF9FC, 0x00EEF8FC, 0x00EAF6FB, 0x00EFF8FC, 0x00F1F9FD, 0x00EFF8FC, 0x00ECF7FB,
    0x00EEF9FC, 0x00EFF9FC, 0x00EDF8FB, 0x00E5F1F5, 0x00E6F1F4, 0x00EAF7FB, 0x00EDF8FC, 0x00EFF9FD, 0x00EEF8FC,
    0x00ECF7FB, 0x00EBF7FC, 0x00ECF8FC, 0x00EEF9FD, 0x00EDF8FC, 0x00ECF8FB, 0x00ECF7FB, 0x00ECF7FB, 0x00ECF7FB,
    0x00EAF5FA, 0x00EAF6FA, 0x00EAF5FA, 0x00EBF6FB, 0x00E9F4FA, 0x00EAF6FA, 0x00EDF7FB, 0x00ECF7FB, 0x00EBF6FB,
    0x00EBF6FC, 0x00EBF6FB, 0x00EAF6FB, 0x00EAF6FB, 0x00EBF6FB, 0x00ECF7FB, 0x00EDF7FC, 0x00EDF8FB, 0x00ECF7FB,
    0x00EBF6FB, 0x00ECF7FB, 0x00ECF7FB, 0x00ECF6FA, 0x00EDF7FA, 0x00E9F5F9, 0x00ECF6FA, 0x00ECF6FA, 0x00EAF5F9,
    0x00EAF5F9, 0x00E9F5FA, 0x00ECF7FD, 0x00ECF7FD, 0x00EDF8FC, 0x00ECF8FD, 0x00ECF7FC, 0x00EFF9FD, 0x00EBF8FC,
    0x00ECF7FC, 0x00EBF7FB, 0x00ECF7FC, 0x00EDF8FC, 0x00EBF7FB, 0x00EBF7FB, 0x00EBF7FB, 0x00ECF8FB, 0x00EAF6FA,
    0x00E9F5FA, 0x00EAF6FA, 0x00E9F5F9, 0x00EAF6FB, 0x00E9F5FA, 0x00EAF6FA, 0x00E9F5F9, 0x00ECF7FB, 0x00ECF6FB,
    0x00EBF7FB, 0x00EBF6FA, 0x00EAF5F9, 0x00EAF6FA, 0x00EAF6FA, 0x00EAF5F9, 0x00E8F4F9, 0x00EBF6FA, 0x00EBF7FB,
    0x00EAF6FA, 0x00E9F5FA, 0x00E9F5FA, 0x00E9F5F9, 0x00EAF6F9, 0x00EAF5F9, 0x00EAF5FA, 0x00E7F3F7, 0x00E8F4F9,
    0x00E7F3F8, 0x00E8F4F9, 0x00E8F4F9, 0x00E8F4F8, 0x00E9F3F9, 0x00EBF5FA, 0x00E8F4F8, 0x00EAF4F9, 0x00E8F4F9,
    0x00E7F3F8, 0x00E7F3F8, 0x00E9F4F9, 0x00E8F3F9, 0x00E8F3F8, 0x00E9F4F9, 0x00E9F4F9, 0x00E7F3F7, 0x00E3F1F7,
    0x00E7F3F8, 0x00E7F2F8, 0x00E8F4F8, 0x00EAF5FA, 0x00E9F4F9, 0x00EBF6FA, 0x00EBF6FA, 0x00ECF7FB, 0x00EAF6FA,
    0x00EBF6FB, 0x00ECF8FB, 0x00ECF7FB, 0x00EAF6F9, 0x00E8F3F7, 0x00EAF6FA, 0x00EAF5FA, 0x00E8F4F9, 0x00E6F2F7,
    0x00E5F3F8, 0x00E4F0F6, 0x00E6F2F7, 0x00E6F3F7, 0x00E8F5F9, 0x00EAF6FA, 0x00ECF7FA, 0x00EBF6FA, 0x00EBF7FB,
    0x00EBF7FC, 0x00EAF7FA, 0x00ECF7FB, 0x00EAF6FA, 0x00EAF6FB, 0x00EAF6FC, 0x00EAF6FC, 0x00EBF6FA, 0x00EAF5FA,
    0x00E9F5F9, 0x00EAF6FA, 0x00EBF5FB, 0x00E8F4F9, 0x00E8F4F9, 0x00EAF6FB, 0x00EBF6FA, 0x00EAF6FA, 0x00EBF6FA,
    0x00EAF6FA, 0x00ECF7FB, 0x00EAF6FA, 0x00E9F5FA, 0x00E9F5FA, 0x00ECF7FB, 0x00EBF6FA, 0x00ECF7FB, 0x00EDF8FB,
    0x00ECF7FB, 0x00EDF8FB, 0x00EBF7FB, 0x00E8F6F9, 0x00ECF8FC, 0x00EDF7FB, 0x00EAF7FB, 0x00EAF6FA, 0x00ECF7FB,
    0x00EAF6FB, 0x00ECF5F9, 0x00EBF6FB, 0x00ECF7FB, 0x00EBF7FB, 0x00E8F4F8, 0x00EBF6FA, 0x00EAF5F9, 0x00E8F5F9,
    0x00E6F3F7, 0x00E6F3F8, 0x00E9F5FA, 0x00E9F4F9, 0x00EAF5F9, 0x00EDF7FB, 0x00EAF6FA, 0x00EEF7FB, 0x00EDF7FB,
    0x00ECF6FA, 0x00EEF8FC, 0x00ECF7FA, 0x00EFF9FC, 0x00F0F9FC, 0x00F1FAFD, 0x00F2FAFD, 0x00EBF6F9, 0x00EEF8FB,
    0x00EEF8FB, 0x00F0F8FC, 0x00EBF6FA, 0x00EDF7FC, 0x00EDF7FB, 0x00ECF7FB, 0x00EBF5F8, 0x00ECF7FB, 0x00ECF6FB,
    0x00EBF6FA, 0x00EDF8FB, 0x00EEF7FB, 0x00EEF8FC, 0x00EFF8FC, 0x00F2FAFD, 0x00EFF8FC, 0x00EEF8FC, 0x00EEF8FC,
    0x00EEF8FB, 0x00EDF8FC, 0x00EEF8FC, 0x00EEF8FC, 0x00EFF8FC, 0x00ECF7FB, 0x00EBF6FB, 0x00EBF6FA, 0x00EAF5FA,
    0x00EBF6FB, 0x00EBF6FB, 0x00EAF5FA, 0x00E9F4F9, 0x00EBF6FB, 0x00ECF7FB, 0x00EEF7FA, 0x00E1F1F7, 0x00EAF5FA,
    0x00ECF6FB, 0x00EAF5F9, 0x00E9F4F9, 0x00EAF5FB, 0x00EAF5F9, 0x00EAF5F9, 0x00E9F4F9, 0x00EBF5F9, 0x00ECF7FB,
    0x00EFF8FC, 0x00EEF8FB, 0x00EAF6FA, 0x00ECF7FB, 0x00EBF7FB, 0x00EBF7FB, 0x00EBF7FA, 0x00EEF8FB, 0x00EDF7FB,
    0x00ECF6FA, 0x00EAF5FA, 0x00EAF5F9, 0x00E8F4F8, 0x00EBF6FA, 0x00EAF5FB, 0x00E8F4F9, 0x00E9F4F9, 0x00EBF6FA,
    0x00EBF6FB, 0x00E8F4F9, 0x00EAF5FA, 0x00ECF6FA, 0x00E9F4F9, 0x00E9F4F9, 0x00E9F4FA, 0x00E7F3F7, 0x00E8F3F8,
    0x00E8F3F8, 0x00E8F3F7, 0x00E9F4F8, 0x00E8F3F9, 0x00EAF5F9, 0x00ECF6FA, 0x00EAF5F8, 0x00EBF6FA, 0x00ECF6FA,
    0x00EEF7FB, 0x00EBF6FB, 0x00E9F5FA, 0x00E9F4FA, 0x00EAF5FA, 0x00ECF6FA, 0x00EBF7FB, 0x00ECF6FB, 0x00ECF7FC,
    0x00ECF6FB, 0x00ECF7FB, 0x00ECF7FC, 0x00EBF6FB, 0x00ECF7FB, 0x00EBF5FB, 0x00EDF7FC, 0x00EBF6FC, 0x00EBF6FB,
    0x00EAF5F9, 0x00EBF6FB, 0x00E9F4F9, 0x00EBF6FB, 0x00ECF6FB, 0x00ECF7FB, 0x00E9F5F9, 0x00EBF5F9, 0x00E7F3F8,
    0x00EEFAFC, 0x00EEF9FD, 0x00F0FAFD, 0x00E9F6FA, 0x00EDF8FB, 0x00EFF9FC, 0x00ECF8FB, 0x00EEF8FB, 0x00F0F9FC,
    0x00E8F5FA, 0x00EDF7FB, 0x00ECF7FB, 0x00EFF9FC, 0x00ECF7FA, 0x00EFF9FD, 0x00EEF8FC, 0x00F0FAFD, 0x00EFFAFD,
    0x00E3EFF2, 0x00DBE8ED, 0x00ECF8FD, 0x00EAF6FB, 0x00E9F6FA, 0x00E8F5FA, 0x00ECF8FC, 0x00EEF9FC, 0x00EEF8FC,
    0x00EDF8FC, 0x00ECF7FB, 0x00EDF7FC, 0x00EBF7FC, 0x00EBF6FB, 0x00EBF6FB, 0x00E9F5F9, 0x00EAF6FA, 0x00EBF6FB,
    0x00ECF7FB, 0x00ECF6FA, 0x00EEF8FB, 0x00EAF5FA, 0x00E8F4F8, 0x00EAF5FA, 0x00EBF5FB, 0x00EAF6FA, 0x00EAF5FA,
    0x00EDF7FB, 0x00EAF5FA, 0x00EAF6FA, 0x00EBF6FB, 0x00EDF7FC, 0x00EDF8FB, 0x00ECF7FB, 0x00ECF7FB, 0x00ECF7FB,
    0x00ECF6FA, 0x00E8F4F8, 0x00EDF6FA, 0x00EBF5F9, 0x00EAF5FA, 0x00EAF5FA, 0x00EBF6FA, 0x00ECF7FB, 0x00ECF7FD,
    0x00EBF7FB, 0x00ECF8FB, 0x00EBF7FB, 0x00ECF7FC, 0x00EAF7FB, 0x00EDF8FC, 0x00ECF7FC, 0x00EDF8FC, 0x00EBF6FA,
    0x00ECF7FB, 0x00ECF6FA, 0x00EEF7FB, 0x00EAF6FA, 0x00EDF7FC, 0x00E9F5F9, 0x00EBF7FB, 0x00EAF6FA, 0x00E9F5F9,
    0x00EBF6FA, 0x00EBF6FB, 0x00EBF5FB, 0x00EBF6FB, 0x00EBF6FA, 0x00EAF5F9, 0x00EAF6FA, 0x00E8F4F9, 0x00EAF5FA,
    0x00E7F3F7, 0x00E9F5F9, 0x00EAF5FA, 0x00E9F4F8, 0x00EBF6FA, 0x00E9F5F9, 0x00EAF5F9, 0x00EAF5FA, 0x00EBF7FB,
    0x00E9F4F8, 0x00E9F5F9, 0x00EAF6F9, 0x00E8F4F8, 0x00E8F4F8, 0x00E8F3F8, 0x00E9F4F9, 0x00E9F4F8, 0x00E9F5FA,
    0x00E8F4FA, 0x00E7F3F7, 0x00E5F3F6, 0x00E8F3F8, 0x00E8F3F9, 0x00E8F4F9, 0x00E8F3F7, 0x00E9F3F8, 0x00EBF5FA,
    0x00EBF6F9, 0x00EBF5F9, 0x00EBF6FA, 0x00E9F4F9, 0x00E5F3F7, 0x00E9F4F8, 0x00EAF5FA, 0x00EAF5FA, 0x00EBF6FA,
    0x00EAF6FA, 0x00EBF5FA, 0x00EBF6FB, 0x00EDF8FC, 0x00EAF6F9, 0x00EBF6FA, 0x00EBF6FA, 0x00EBF7FB, 0x00EBF6FA,
    0x00EAF6FA, 0x00E8F4F8, 0x00E9F4FA, 0x00E9F4F9, 0x00E9F4F9, 0x00E7F4F9, 0x00E6F4F7, 0x00E8F4F9, 0x00E8F6F9,
    0x00EAF5FA, 0x00EBF6FB, 0x00EBF7FB, 0x00ECF7FC, 0x00EBF6FA, 0x00ECF7FB, 0x00ECF8FB, 0x00EBF7FB, 0x00EDF7FB,
    0x00EBF7FA, 0x00E9F5F9, 0x00EAF6FA, 0x00E6F3F9, 0x00E7F3F9, 0x00EAF6FA, 0x00EAF5FA, 0x00EAF5FA, 0x00E9F4F8,
    0x00E9F4F9, 0x00EAF6FA, 0x00E9F5FA, 0x00EAF5FA, 0x00E9F5FA, 0x00E9F6FA, 0x00EBF6FB, 0x00EBF6FB, 0x00EBF6FA,
    0x00EBF6FA, 0x00E8F5F9, 0x00EAF6FA, 0x00ECF7FA, 0x00ECF7FB, 0x00ECF7FB, 0x00ECF7FB, 0x00ECF8FB, 0x00E9F5F9,
    0x00ECF7FB, 0x00EAF6FA, 0x00EBF7FC, 0x00ECF7FB, 0x00EBF7FB, 0x00E3F2F8, 0x00EAF5F9, 0x00E9F5F9, 0x00E9F5F9,
    0x00EBF5F9, 0x00EAF6FA, 0x00EBF6FB, 0x00EBF6FA, 0x00E8F3F8, 0x00EAF5F9, 0x00E4F1F7, 0x00EBF6FC, 0x00EDF6FA,
    0x00EAF6F9, 0x00EAF5F9, 0x00EBF6FA, 0x00EDF6FA, 0x00EDF8FC, 0x00ECF7FA, 0x00EEF8FC, 0x00EBF7FB, 0x00ECF7FB,
    0x00EDF8FC, 0x00EDF8FC, 0x00EFF9FD, 0x00EFF9FC, 0x00EDF8FB, 0x00EEF8FB, 0x00F0F9FD, 0x00E9F5F9, 0x00EBF6FA,
    0x00EBF6FB, 0x00EBF6FA, 0x00ECF6FA, 0x00EAF6F9, 0x00EBF6FA, 0x00EDF7FB, 0x00EEF8FC, 0x00ECF7FB, 0x00EEF8FB,
    0x00EFF8FC, 0x00F2F9FC, 0x00EEF8FC, 0x00EDF8FC, 0x00EEF8FC, 0x00EDF7FA, 0x00EDF8FB, 0x00EDF7FB, 0x00ECF6FB,
    0x00EDF6FA, 0x00EBF6FA, 0x00ECF6FB, 0x00EAF5F9, 0x00E9F4F8, 0x00ECF6FA, 0x00ECF6FA, 0x00ECF6FA, 0x00EDF7FB,
    0x00EAF5F9, 0x00EBF6FB, 0x00EEF8FB, 0x00EBF5FA, 0x00EAF5F9, 0x00ECF6FB, 0x00E9F5FB, 0x00EBF7FB, 0x00EBF6FB,
    0x00EAF4FA, 0x00EAF5FA, 0x00EAF5F9, 0x00EAF5F9, 0x00EDF8FC, 0x00ECF6FC, 0x00EBF6FA, 0x00EBF6FA, 0x00ECF7FB,
    0x00ECF7FB, 0x00EAF7FB, 0x00EAF6FB, 0x00EEF8FC, 0x00E7F4F7, 0x00E9F6FA, 0x00EAF5F9, 0x00EAF5F9, 0x00E8F4F9,
    0x00E9F4F8, 0x00EAF5F9, 0x00EAF5F9, 0x00EBF7FB, 0x00EBF6FA, 0x00EBF6FA, 0x00E9F5F9, 0x00E9F5F9, 0x00EBF7FB,
    0x00E8F5F9, 0x00E9F4F8, 0x00E9F3F8, 0x00EAF5F9, 0x00E8F3F9, 0x00E8F3F7, 0x00E8F3F8, 0x00E9F4F8, 0x00E8F3F8,
    0x00E8F4F8, 0x00EAF4F9, 0x00ECF6FB, 0x00ECF5F9, 0x00EBF6FA, 0x00EEF8FC, 0x00EAF5FA, 0x00EAF5FA, 0x00ECF7FB,
    0x00EAF6FA, 0x00EDF8FC, 0x00EBF7FB, 0x00ECF7FB, 0x00EBF6FB, 0x00EBF6FB, 0x00EDF7FB, 0x00EDF7FB, 0x00EDF8FB,
    0x00EEF8FC, 0x00EEF8FB, 0x00EAF6FA, 0x00ECF7FB, 0x00EDF6FA, 0x00EBF6FA, 0x00ECF7FB, 0x00EBF6FB, 0x00ECF6FB,
    0x00ECF7FB, 0x00EAF5FB, 0x00EAF5F9, 0x00E8F2F9, 0x00E6F3F9, 0x00EFFAFD, 0x00F1FBFD, 0x00F0FAFD, 0x00EDF8FB,
    0x00ECF8FC, 0x00EEF9FC, 0x00EDF9FC, 0x00EDF9FC, 0x00EDF8FC, 0x00EBF7FC, 0x00E7F5FB, 0x00EEF9FC, 0x00F1FAFD,
    0x00F0FAFD, 0x00EFF9FD, 0x00EFF9FD, 0x00EFF9FD, 0x00EEF9FC, 0x00EFFAFC, 0x00EDF7FC, 0x00EBF8FB, 0x00ECF7FC,
    0x00EBF7FC, 0x00ECF8FC, 0x00EDF8FC, 0x00ECF7FC, 0x00EDF8FC, 0x00ECF7FB, 0x00ECF7FC, 0x00EDF8FC, 0x00ECF7FC,
    0x00EFF9FD, 0x00EBF6FB, 0x00E9F5FA, 0x00EBF6FB, 0x00ECF6FB, 0x00ECF7FC, 0x00ECF7FB, 0x00EEF7FB, 0x00ECF7FC,
    0x00EBF6FB, 0x00ECF7FB, 0x00E9F5FA, 0x00EAF5F9, 0x00E7F5FA, 0x00EAF6FA, 0x00ECF6FA, 0x00EBF6FA, 0x00ECF7FB,
    0x00EBF6FB, 0x00EBF6FB, 0x00ECF7FB, 0x00ECF7FB, 0x00EAF6FA, 0x00EBF6FB, 0x00ECF7FB, 0x00ECF6FA, 0x00EBF6FA,
    0x00ECF6FA, 0x00EBF6FA, 0x00ECF7FB, 0x00EBF7FB, 0x00ECF7FC, 0x00EBF6FB, 0x00EAF6FA, 0x00EBF6FA, 0x00EBF7FB,
    0x00EBF7FB, 0x00ECF8FC, 0x00ECF7FC, 0x00DCF2FB, 0x00E8F5FA, 0x00EAF6FA, 0x00EBF7FB, 0x00ECF7FB, 0x00EBF6FB,
    0x00EBF6FB, 0x00EAF6FA, 0x00EAF6FA, 0x00EBF6FA, 0x00E8F4F9, 0x00ECF6FA, 0x00E8F4FA, 0x00E8F5FA, 0x00EBF6FA,
    0x00E9F5F8, 0x00EAF5F8, 0x00E9F5FA, 0x00E8F4F9, 0x00E9F5FA, 0x00EAF6FA, 0x00EAF5F9, 0x00EAF5FA, 0x00E9F5F9,
    0x00EBF6FA, 0x00EBF6FB, 0x00EBF6FA, 0x00E8F4F8, 0x00EBF7FB, 0x00E9F4F9, 0x00E9F4F9, 0x00E7F3F7, 0x00E9F5F9,
    0x00E9F4F9, 0x00E7F3F8, 0x00E9F4F8, 0x00EAF5F9, 0x00E9F4F9, 0x00E8F4F8, 0x00EAF4F9, 0x00E6F3F7, 0x00E8F3F8,
    0x00E8F3F9, 0x00EAF4FA, 0x00E7F3F8, 0x00E8F3F8, 0x00E9F4F9, 0x00EAF5F9, 0x00EAF5F9, 0x00EBF6FA, 0x00EAF5F9,
    0x00EAF5F9, 0x00E8F4F8, 0x00EAF5FA, 0x00EAF5F9, 0x00E8F3F8, 0x00E8F4F8, 0x00E9F4F9, 0x00EBF6F9, 0x00ECF7FC,
    0x00EDF7FB, 0x00EAF6F9, 0x00E9F5F9, 0x00ECF6FB, 0x00E9F4F9, 0x00EAF5FA, 0x00E9F5F9, 0x00E9F5F9, 0x00EBF5FA,
    0x00E9F4F9, 0x00E8F4F8, 0x00E9F5F9, 0x00EBF6FA, 0x00E9F5F9, 0x00EAF5FA, 0x00EBF6FB, 0x00E9F5F9, 0x00EAF6FA,
    0x00EAF6FA, 0x00EBF6FB, 0x00EBF7FB, 0x00ECF7FB, 0x00ECF7FB, 0x00ECF7FB, 0x00E2EFF4, 0x00ECF8FB, 0x00E9F5F9,
    0x00EAF6FA, 0x00E9F5FA, 0x00EBF6FA, 0x00E7F3F9, 0x00E9F4FA, 0x00EAF6FB, 0x00EAF5FA, 0x00EAF6FA, 0x00E9F5FA,
    0x00E9F5FA, 0x00E9F5F9, 0x00E6F3F9, 0x00EBF6FB, 0x00EBF6FA, 0x00EAF5F9, 0x00E9F5F9, 0x00EAF6FC, 0x00EBF7FB,
    0x00EAF6FA, 0x00ECF7FB, 0x00EAF5FA, 0x00E8F4F9, 0x00E8F5F9, 0x00EAF6FA, 0x00E5F3F9, 0x00E8F5FA, 0x00EBF6FB,
    0x00EBF7FB, 0x00EBF6FA, 0x00E8F5F9, 0x00E8F4F9, 0x00E8F4F8, 0x00ECF6FA, 0x00E9F5F9, 0x00E6F4F8, 0x00E9F4F9,
    0x00E9F4F8, 0x00EBF5FA, 0x00E6F4F8, 0x00E9F5FA, 0x00EBF6FA, 0x00EDF6FA, 0x00E9F6FA, 0x00ECF7FA, 0x00EAF6FA,
    0x00EBF6FA, 0x00EBF6FA, 0x00EBF6FB, 0x00EBF6FB, 0x00ECF7FB, 0x00EDF8FC, 0x00EFF8FC, 0x00EEF8FC, 0x00EFF9FC,
    0x00EFF9FC, 0x00EEF8FB, 0x00F0F9FC, 0x00EEF8FC, 0x00EDF7FB, 0x00EDF7FB, 0x00ECF6FB, 0x00E9F5F9, 0x00EAF5F9,
    0x00ECF7FB, 0x00EFF8FC, 0x00EDF7FB, 0x00EFF8FC, 0x00EEF8FC, 0x00F0F9FC, 0x00F0F9FB, 0x00ECF7FB, 0x00EBF6FA,
    0x00EFF9FD, 0x00EDF7FB, 0x00ECF7FB, 0x00EBF7FB, 0x00EBF6FB, 0x00EBF6FA, 0x00ECF6FA, 0x00EAF4F8, 0x00EAF4F8,
    0x00EBF6F9, 0x00ECF6FA, 0x00ECF7FB, 0x00EBF6FA, 0x00EDF7FB, 0x00EFF8FC, 0x00EDF7FA, 0x00EEF7FB, 0x00EEF7FB,
    0x00EEF7FB, 0x00EAF5F9, 0x00EBF6FB, 0x00EBF6FA, 0x00EAF5FA, 0x00EBF5FA, 0x00E9F4F9, 0x00E9F4F9, 0x00EBF5FA,
    0x00EAF5FA, 0x00EAF5FA, 0x00ECF7FB, 0x00ECF7FB, 0x00ECF7FB, 0x00ECF7FB, 0x00EBF6FB, 0x00EAF6FA, 0x00EDF7FB,
    0x00EAF5FA, 0x00E7F3F7, 0x00E9F5F9, 0x00EAF5FA, 0x00E7F3F8, 0x00EAF5F9, 0x00EBF6FA, 0x00E9F4F9, 0x00ECF6FB,
    0x00EBF6FA, 0x00EAF5FA, 0x00EBF6FA, 0x00EAF5FA, 0x00E8F5FA, 0x00E7F4F9, 0x00E8F3F8, 0x00E6F2F8, 0x00E7F3F8,
    0x00E6F1F7, 0x00E3F1F7, 0x00EAF4F8, 0x00E9F4F8, 0x00E9F4F8, 0x00E8F3F7, 0x00EAF5FA, 0x00E9F5F9, 0x00EDF7FB,
    0x00ECF7FA, 0x00ECF6FB, 0x00EBF6FB, 0x00EBF6FB, 0x00ECF6FB, 0x00EAF6FA, 0x00EAF5FA, 0x00E9F5FA, 0x00EBF6FC,
    0x00ECF7FB, 0x00EBF6FB, 0x00EEF8FC, 0x00ECF6FB, 0x00ECF7FC, 0x00EDF7FB, 0x00EEF8FC, 0x00ECF7FB, 0x00EDF7FB,
    0x00EBF6FB, 0x00EBF6FB, 0x00ECF7FB, 0x00ECF6FC, 0x00ECF7FB, 0x00ECF5FB, 0x00EBF5FB, 0x00EAF5F9, 0x00ECF6F9,
    0x00E7F3F8, 0x00F0FBFD, 0x00EEF9FC, 0x00EFF9FC, 0x00ECF8FB, 0x00EDF9FC, 0x00EFFAFC, 0x00EEF9FD, 0x00ECF8FC,
    0x00EEF8FC, 0x00EAF7FB, 0x00EBF6FB, 0x00EEF8FC, 0x00EEF9FC, 0x00EEF9FC, 0x00EEF9FD, 0x00EEF9FD, 0x00EDF8FC,
    0x00EEF9FD, 0x00EEF9FD, 0x00EEF8FB, 0x00EAF7FB, 0x00ECF8FC, 0x00EBF7FC, 0x00EAF7FB, 0x00EAF7FB, 0x00E7F5F9,
    0x00ECF8FC, 0x00EAF7FB, 0x00ECF7FA, 0x00EDF8FC, 0x00EAF6FA, 0x00ECF7FB, 0x00EBF6FA, 0x00ECF7FB, 0x00ECF8FC,
    0x00EDF8FC, 0x00EBF6FA, 0x00ECF7FC, 0x00ECF7FB, 0x00EDF8FC, 0x00EEF8FC, 0x00EDF6FA, 0x00EBF6FB, 0x00EAF5FA,
    0x00E9F5FB, 0x00E8F5F9, 0x00EBF6FA, 0x00ECF6FB, 0x00E9F6FA, 0x00EBF6FB, 0x00EAF6FA, 0x00EBF6FC, 0x00E9F6FB,
    0x00EAF6FA, 0x00EBF6FB, 0x00ECF7FB, 0x00EBF5FA, 0x00EBF6FA, 0x00EAF5FA, 0x00EBF6FA, 0x00EBF6FA, 0x00EBF6FA,
    0x00EEF7FB, 0x00EBF5FA, 0x00EAF6FA, 0x00ECF7FB, 0x00ECF7FB, 0x00ECF7FD, 0x00EDF8FD, 0x00ECF8FC, 0x00E2F4FB,
    0x00EAF6FA, 0x00ECF7FB, 0x00EBF7FB, 0x00EAF6FA, 0x00ECF6FC, 0x00E9F6FA, 0x00E9F5F9, 0x00ECF6FA, 0x00EAF6FA,
    0x00E9F4F9, 0x00EAF4FA, 0x00E7F3F9, 0x00E0F2F8, 0x00E9F4F9, 0x00E8F4F9, 0x00EAF5F9, 0x00E7F4F8, 0x00E5F3F8,
    0x00E9F4F9, 0x00E9F4FA, 0x00E7F3F8, 0x00E6F3F8, 0x00E7F3F7, 0x00EAF5F9, 0x00EBF6FA, 0x00EAF5F9, 0x00E3F1F6,
    0x00E8F4FA, 0x00E9F5F9, 0x00E9F5FA, 0x00E9F5F9, 0x00E9F4F8, 0x00EAF5FA, 0x00E6F2F7, 0x00E7F3F8, 0x00E9F4F8,
    0x00E6F2F7, 0x00E8F3F7, 0x00EAF5F9, 0x00EAF4F8, 0x00E7F3F7, 0x00E9F4F9, 0x00E8F3F8, 0x00E8F4F8, 0x00E9F4F9,
    0x00E9F4FA, 0x00EAF4F9, 0x00EBF6FA, 0x00EBF6FA, 0x00ECF7FA, 0x00ECF6FA, 0x00E7F3F7, 0x00EAF5FB, 0x00EAF4FA,
    0x00EAF6F9, 0x00E7F3F8, 0x00E9F5FA, 0x00EBF6FA, 0x00EAF5FC, 0x00E9F5FA, 0x00EAF5F9, 0x00EAF6F9, 0x00EEF8FB,
    0x00E6F4F9, 0x00E9F4F9, 0x00EBF6F9, 0x00E9F4F8, 0x00E9F4F8, 0x00E8F4FA, 0x00E8F5F9, 0x00EBF7FB, 0x00EAF6F9,
    0x00EAF6FA, 0x00EBF6FA, 0x00EAF5FB, 0x00EAF6FA, 0x00ECF7FB, 0x00ECF7FB, 0x00E9F5FA, 0x00EAF6FA, 0x00ECF7FA,
    0x00EDF7FB, 0x00ECF7FB, 0x00EBF7FB, 0x00EAF6FA, 0x00ECF6FC, 0x00EBF6FA, 0x00E9F6F9, 0x00EAF6FA, 0x00E9F5F9,
    0x00E6F2F7, 0x00EAF6F9, 0x00EAF5F9, 0x00E9F5F9, 0x00E8F5FA, 0x00E9F5F9, 0x00E9F4F9, 0x00DDECF3, 0x00E9F6F9,
    0x00EBF6FB, 0x00E5F3F8, 0x00EAF6F9, 0x00EBF6FA, 0x00ECF7FB, 0x00E9F5F8, 0x00EAF5F9, 0x00EAF5F9, 0x00EAF4FA,
    0x00E5F3F7, 0x00EAF5FA, 0x00E4F2F8, 0x00ECF7FA, 0x00EBF6FA, 0x00ECF7FA, 0x00ECF6FB, 0x00EAF5F9, 0x00EBF5F9,
    0x00EBF5F9, 0x00ECF6F9, 0x00E9F4FA, 0x00E1F0F5, 0x00E6F3F8, 0x00E7F4F7, 0x00E7F3F8, 0x00E8F4F8, 0x00EBF5FB,
    0x00ECF7FB, 0x00ECF6FA, 0x00ECF6FB, 0x00EEF7FB, 0x00EBF6FB, 0x00EAF5FA, 0x00E8F4F9, 0x00ECF7FB, 0x00EDF8FC,
    0x00F0F9FC, 0x00EEF7FB, 0x00ECF6FB, 0x00EBF6FA, 0x00EEF8FC, 0x00EDF8FC, 0x00EDF8FC, 0x00ECF6FA, 0x00EEF9FC,
    0x00ECF7FB, 0x00EDF8FC, 0x00EBF5FB, 0x00EBF6FA, 0x00EAF5F9, 0x00EBF5FA, 0x00ECF7FB, 0x00ECF7FB, 0x00F0F9FD,
    0x00EFF8FB, 0x00EEF7FB, 0x00EEF8FB, 0x00ECF7FC, 0x00ECF7FC, 0x00EBF7FB, 0x00EEF8FC, 0x00EFFAFC, 0x00EBF6FA,
    0x00EBF6FB, 0x00EAF5F9, 0x00EBF5F9, 0x00EBF5F9, 0x00EBF5FA, 0x00EBF5FA, 0x00EBF6FA, 0x00EBF6FA, 0x00EBF6F9,
    0x00EAF5F9, 0x00EDF8FB, 0x00EDF7FA, 0x00EEF6FA, 0x00EBF6F9, 0x00E8F3F8, 0x00ECF6FA, 0x00EBF6F9, 0x00EEF7FB,
    0x00E9F4F8, 0x00EBF5FB, 0x00E8F4F9, 0x00EAF5FB, 0x00EBF5FA, 0x00EEF8FB, 0x00ECF6FA, 0x00EFF8FC, 0x00EBF6FA,
    0x00ECF7FB, 0x00ECF7FB, 0x00ECF6FB, 0x00EBF6FA, 0x00E9F5FA, 0x00EAF5F9, 0x00EBF6FA, 0x00E8F4F8, 0x00E8F4F9,
    0x00E8F4F8, 0x00E9F4F9, 0x00E9F5F9, 0x00E9F4F8, 0x00E9F5F9, 0x00D6E7F1, 0x00D3EBF8, 0x00E9F5FA, 0x00EAF6FB,
    0x00EAF6F9, 0x00EAF5FA, 0x00E4F2F9, 0x00E4F2F7, 0x00E7F3F9, 0x00E8F4F9, 0x00E7F2F7, 0x00EBF5F9, 0x00E7F2F8,
    0x00E7F3F8, 0x00EBF5F9, 0x00EBF6FA, 0x00ECF7FA, 0x00EDF7FB, 0x00EBF6FA, 0x00EDF8FB, 0x00EAF5FA, 0x00EBF7FA,
    0x00EBF7FB, 0x00EBF6FB, 0x00E9F4FA, 0x00EAF5FA, 0x00EAF5FB, 0x00EBF6FB, 0x00EBF6FB, 0x00EDF6FC, 0x00E8F3F8,
    0x00E4EFF3, 0x00ECF7FB, 0x00EBF7FB, 0x00EEF7FC, 0x00EAF5FA, 0x00EBF5FA, 0x00ECF7FA, 0x00ECF6FA, 0x00ECF6FB,
    0x00E9F5FA, 0x00EBF6FC, 0x00E9F4F8, 0x00ECF6FA, 0x00EBF5F8, 0x00E7F4F9, 0x00EFFAFD, 0x00EEF9FC, 0x00EEF9FC,
    0x00EDF8FC, 0x00EBF7FB, 0x00ECF8FC, 0x00EDF8FC, 0x00EBF7FB, 0x00ECF7FB, 0x00ECF7FB, 0x00ECF7FC, 0x00E4F2F7,
    0x00ECF8FC, 0x00EDF8FC, 0x00F0FAFD, 0x00EEF9FD, 0x00E9F5F9, 0x00EDF8FB, 0x00ECF7FC, 0x00EBF7FB, 0x00EDF8FC,
    0x00EDF7FB, 0x00E9F6FA, 0x00ECF7FB, 0x00EEF8FC, 0x00EDF8FC, 0x00EAF7FB, 0x00EEF8FB, 0x00EDF9FC, 0x00EEF8FC,
    0x00EEF9FC, 0x00EDF8FC, 0x00ECF7FC, 0x00ECF7FB, 0x00EEF9FC, 0x00ECF7FB, 0x00EEF8FB, 0x00ECF7FB, 0x00ECF6FB,
    0x00ECF7FC, 0x00EBF6FA, 0x00ECF7FB, 0x00EAF5F9, 0x00EBF6FA, 0x00EAF6FB, 0x00ECF6FA, 0x00EBF6F9, 0x00E9F5F9,
    0x00E8F5F9, 0x00EAF5F9, 0x00EBF6FB, 0x00E9F5F9, 0x00E9F5FA, 0x00ECF6FB, 0x00EDF7FB, 0x00EBF6FA, 0x00EAF6FA,
    0x00EAF5F9, 0x00EBF5FA, 0x00EAF5FA, 0x00EBF6FA, 0x00EBF6FA, 0x00ECF7FC, 0x00EAF6FA, 0x00E9F5FA, 0x00EDF8FC,
    0x00EBF7FB, 0x00EBF7FB, 0x00EDF8FB, 0x00ECF7FB, 0x00ECF7FB, 0x00ECF7FB, 0x00ECF7FB, 0x00EBF6FA, 0x00EAF6FA,
    0x00E9F5F9, 0x00EAF6FB, 0x00EAF5F9, 0x00E9F4F9, 0x00E7F3F9, 0x00E8F4F9, 0x00E4F2F7, 0x00E6F3F7, 0x00DEF1F6,
    0x00E4F4F9, 0x00E9F4F8, 0x00E7F3F7, 0x00E6F3F8, 0x00E7F3F8, 0x00E6F2F8, 0x00E4F2F8, 0x00E2F0F7, 0x00E1F0F7,
    0x00E6F3F8, 0x00E6F2F8, 0x00EAF5F9, 0x00E8F4F9, 0x00E5F2F8, 0x00E6F2F8, 0x00E6F3F8, 0x00E9F3FA, 0x00E7F3F9,
    0x00E8F4F8, 0x00E9F5FA, 0x00E8F4F9, 0x00E7F3F8, 0x00E9F4F8, 0x00E9F5F9, 0x00E8F4F8, 0x00E8F3F8, 0x00EAF5F9,
    0x00EAF5F9, 0x00E7F3F7, 0x00E7F3F7, 0x00E7F2F8, 0x00E9F5F9, 0x00E8F4F8, 0x00ECF6FA, 0x00ECF8FA, 0x00E9F5F9,
    0x00E9F4F9, 0x00EAF5F9, 0x00EBF6FB, 0x00EBF6FA, 0x00EAF6FA, 0x00EBF6FA, 0x00E8F4F8, 0x00E8F5F8, 0x00EBF6F9,
    0x00EAF5FA, 0x00E8F4F8, 0x00EBF6FA, 0x00ECF8FB, 0x00EBF6FB, 0x00E9F5FA, 0x00E8F4F9, 0x00E4F2F9, 0x00E7F3F8,
    0x00E9F4F8, 0x00E8F3F8, 0x00E8F4F9, 0x00EAF6FA, 0x00EAF6FB, 0x00EAF6FB, 0x00EAF6FA, 0x00EAF6FA, 0x00EAF5F9,
    0x00EAF6FB, 0x00EBF6FA, 0x00EAF5F9, 0x00EBF7FB, 0x00EBF6FA, 0x00ECF7FC, 0x00EBF7FB, 0x00ECF7FB, 0x00EBF7FB,
    0x00EAF5FA, 0x00E9F4F9, 0x00EAF5FA, 0x00EAF6FA, 0x00EAF5FA, 0x00EBF6FB, 0x00EAF5FA, 0x00EAF6FA, 0x00E9F5F9,
    0x00E9F5F9, 0x00EAF6FA, 0x00E9F5F9, 0x00E5F3F9, 0x00E9F6F9, 0x00EAF6FA, 0x00EBF7FB, 0x00EAF6FA, 0x00EBF7FA,
    0x00ECF7FB, 0x00EEF8FB, 0x00E9F6F9, 0x00E8F4F8, 0x00E9F4F9, 0x00EAF6FA, 0x00EAF5FB, 0x00EBF7FC, 0x00ECF7FB,
    0x00ECF7FB, 0x00ECF6FA, 0x00EAF5F9, 0x00ECF7FA, 0x00EAF6FA, 0x00ECF5FA, 0x00ECF6FA, 0x00E7F3F7, 0x00ECF5FA,
    0x00EBF5F9, 0x00E9F5F9, 0x00E9F4F9, 0x00EBF7FB, 0x00EAF5FA, 0x00EDF7FB, 0x00ECF7FB, 0x00EDF7FB, 0x00EDF7FA,
    0x00EBF5FA, 0x00EAF4FA, 0x00E7F3F8, 0x00ECF6FA, 0x00EAF5FA, 0x00EBF5FB, 0x00EAF5F9, 0x00EBF5FA, 0x00EDF7FB,
    0x00EEF7FB, 0x00ECF7FB, 0x00EFF9FC, 0x00EEF9FC, 0x00EEF8FC, 0x00ECF7FB, 0x00EBF6FB, 0x00EAF5FA, 0x00E8F4F8,
    0x00EDF6FC, 0x00ECF7FA, 0x00EEF7FB, 0x00EEF7FC, 0x00EEF8FC, 0x00EDF7FB, 0x00EEF8FB, 0x00EDF7FB, 0x00EBF6FA,
    0x00EBF6FB, 0x00EBF6FA, 0x00ECF7FC, 0x00EDF7FC, 0x00E9F5F9, 0x00EBF6FB, 0x00ECF7FA, 0x00ECF6F9, 0x00E9F4F9,
    0x00EBF5F9, 0x00E8F4F8, 0x00E9F5F9, 0x00EBF5FA, 0x00EBF6FB, 0x00EBF6FA, 0x00EAF5F9, 0x00ECF6FA, 0x00ECF6FA,
    0x00E9F3F7, 0x00EBF6F9, 0x00EEF7FB, 0x00EFF7FA, 0x00EAF5FA, 0x00ECF6FA, 0x00EDF6FA, 0x00ECF7FA, 0x00ECF6FA,
    0x00EAF5F9, 0x00ECF6FA, 0x00EDF7FC, 0x00EEF7FB, 0x00ECF7FB, 0x00ECF6FC, 0x00EAF5F9, 0x00EBF6FA, 0x00E9F5F9,
    0x00EBF6FA, 0x00EAF5F9, 0x00E9F4F9, 0x00E9F4F8, 0x00E7F2F7, 0x00E9F4FA, 0x00E6F2F6, 0x00EAF6FA, 0x00EAF5F9,
    0x00E8F3F9, 0x00E8F4F8, 0x00E8F4F9, 0x00EAF5FA, 0x00E9F5FA, 0x00E9F5FB, 0x00E8F4F9, 0x00E8F4FA, 0x00E7F4FA,
    0x00E9F4F9, 0x00E9F4F9, 0x00E7F3F7, 0x00EBF5F9, 0x00E6F3F7, 0x00E7F3F8, 0x00EAF5F9, 0x00EAF4F9, 0x00E9F5F9,
    0x00EAF5F9, 0x00EBF7FB, 0x00ECF7FB, 0x00EBF7FB, 0x00E9F5FA, 0x00EAF5FB, 0x00EAF5FA, 0x00E9F5FA, 0x00E8F3F8,
    0x00E9F4FA, 0x00E9F5FB, 0x00EDF7FB, 0x00ECF6FA, 0x00EAF5FA, 0x00ECF7FB, 0x00EBF5FA, 0x00EDF7FB, 0x00EEF8FB,
    0x00EBF5FA, 0x00EBF6FA, 0x00E9F5FA, 0x00EBF6FB, 0x00ECF6FB, 0x00EAF5F9, 0x00ECF6FA, 0x00E8F3F8, 0x00E8F3F9,
    0x00E9F5F9, 0x00E8F4F9, 0x00EEFAFD, 0x00EDF8FC, 0x00ECF8FC, 0x00EBF7FB, 0x00ECF7FC, 0x00EDF8FC, 0x00EDF8FC,
    0x00EBF7FB, 0x00EDF8FC, 0x00EBF7FB, 0x00ECF7FC, 0x00EBF7FB, 0x00EBF7FB, 0x00EAF7FC, 0x00EBF7FC, 0x00ECF8FC,
    0x00ECF8FC, 0x00EDF8FC, 0x00E9F5FA, 0x00E4F3F8, 0x00ECF7FB, 0x00ECF7FB, 0x00ECF7FB, 0x00ECF7FB, 0x00ECF7FA,
    0x00EDF7FC, 0x00EBF7FB, 0x00EEF8FC, 0x00EDF7FB, 0x00ECF8FC, 0x00EEF8FC, 0x00EEF8FC, 0x00EDF8FC, 0x00ECF7FC,
    0x00EBF6FB, 0x00EAF6FB, 0x00EDF8FC, 0x00ECF7FB, 0x00EBF6FA, 0x00EBF6FA, 0x00ECF7FB, 0x00EBF7FB, 0x00EBF6FA,
    0x00ECF7FB, 0x00ECF7FB, 0x00ECF7FB, 0x00ECF6FB, 0x00E9F5FA, 0x00EAF5FA, 0x00EBF5FA, 0x00EAF5FA, 0x00EAF5FB,
    0x00EBF5FA, 0x00EAF4FA, 0x00E9F5FA, 0x00EAF5F9, 0x00EBF6FC, 0x00EAF6FA, 0x00ECF7FB, 0x00ECF7FC, 0x00EBF6FA,
    0x00ECF6FB, 0x00ECF7FB, 0x00ECF7FC, 0x00ECF7FB, 0x00ECF7FC, 0x00EDF7FC, 0x00ECF6FB, 0x00ECF7FC, 0x00ECF7FB,
    0x00ECF7FB, 0x00EBF6FA, 0x00EBF6FB, 0x00E9F5FA, 0x00ECF6FC, 0x00E9F5FA, 0x00E9F5FA, 0x00EBF5FA, 0x00E7F3F7,
    0x00E6F3F7, 0x00E8F3F9, 0x00E7F5F9, 0x00E8F3F8, 0x00E7F2F8, 0x00E5F2F8, 0x00EAF5F9, 0x00E9F5F9, 0x00EBF5F9,
    0x00E9F4F8, 0x00E2F1F6, 0x00E7F2F7, 0x00DCEEF4, 0x00E4F2F8, 0x00E2F2F7, 0x00E2F0F6, 0x00E7F2F7, 0x00E6F2F8,
    0x00E6F2F8, 0x00E8F3FA, 0x00E2F0F7, 0x00E5F2F7, 0x00E7F3F7, 0x00E7F3F9, 0x00EAF5FA, 0x00E8F4F8, 0x00E8F3F9,
    0x00E6F2F8, 0x00E8F3FA, 0x00E7F3F8, 0x00E8F4F8, 0x00E9F4F9, 0x00E8F4F9, 0x00E8F3F8, 0x00E8F3FA, 0x00E6F2F6,
    0x00E8F3FA, 0x00EAF5FA, 0x00E9F5FA, 0x00EAF6FB, 0x00E8F4F8, 0x00E8F4F8, 0x00EAF5F9, 0x00EBF6FA, 0x00EAF5F9,
    0x00EBF6FA, 0x00E7F3F9, 0x00EAF5F9, 0x00E9F4F8, 0x00EAF5F9, 0x00E9F5F9, 0x00E7F4F8, 0x00E9F5F9, 0x00EAF6FA,
    0x00EBF7FB, 0x00E9F5FA, 0x00E8F4F9, 0x00E9F5F9, 0x00EBF6FA, 0x00EBF6FA, 0x00EAF5F8, 0x00EAF5F9, 0x00E9F5F9,
    0x00EAF5FA, 0x00E9F5F9, 0x00EBF6FA, 0x00EBF6FA, 0x00EDF7FB, 0x00EDF7FA, 0x00EBF6FA, 0x00EBF6FA, 0x00EBF6F9,
    0x00EAF5F9, 0x00EBF7FA, 0x00EDF8FB, 0x00EDF8FB, 0x00E8F4F9, 0x00EAF6FA, 0x00EBF6FA, 0x00EBF6FB, 0x00E9F5FA,
    0x00EAF6FA, 0x00ECF7FB, 0x00EBF6FA, 0x00EBF6FA, 0x00EBF6FB, 0x00EAF6FA, 0x00EBF6FA, 0x00EAF6FB, 0x00EAF6FA,
    0x00ECF6FB, 0x00EAF6FB, 0x00EBF7FB, 0x00EDF7FB, 0x00EDF8FC, 0x00EBF7FB, 0x00ECF7FB, 0x00EAF5F9, 0x00ECF6FA,
    0x00EBF6FA, 0x00ECF7FA, 0x00ECF7FA, 0x00ECF6FA, 0x00EAF5F9, 0x00EAF5F9, 0x00ECF7FB, 0x00EEF7FB, 0x00EDF6FB,
    0x00EAF5F9, 0x00EAF5F9, 0x00E7F2F7, 0x00EAF5F9, 0x00ECF5FB, 0x00EEF6FB, 0x00EDF5FA, 0x00ECF7FA, 0x00EFF8FC,
    0x00EDF7FC, 0x00ECF7FC, 0x00EBF6FA, 0x00EEF7FC, 0x00EBF6F9, 0x00EBF6FA, 0x00EAF5F9, 0x00EAF5F9, 0x00ECF6FA,
    0x00EBF5F9, 0x00ECF6FA, 0x00ECF5FA, 0x00ECF5F9, 0x00EBF6FA, 0x00ECF7FB, 0x00EBF6FA, 0x00EBF6F9, 0x00EBF6F9,
    0x00ECF7FB, 0x00EDF7FB, 0x00ECF6FA, 0x00EFF8FB, 0x00ECF6FA, 0x00E8F4FA, 0x00E8F4FA, 0x00EBF5FB, 0x00EDF7FB,
    0x00F0F8FC, 0x00EBF7FA, 0x00ECF6FB, 0x00EBF5FA, 0x00EBF6FA, 0x00ECF7FA, 0x00EBF6FA, 0x00ECF7FB, 0x00ECF7FB,
    0x00ECF6FA, 0x00EBF6FA, 0x00EBF5F9, 0x00EBF5F9, 0x00E9F3F8, 0x00E9F4F9, 0x00E8F3F8, 0x00EBF5FA, 0x00ECF6FB,
    0x00EAF4FA, 0x00EAF5F9, 0x00ECF6FB, 0x00EDF6FA, 0x00EBF5F9, 0x00EEF7FA, 0x00EDF6FA, 0x00EEF6FA, 0x00F0F8FC,
    0x00EDF7FB, 0x00ECF6FA, 0x00EBF6FA, 0x00ECF6FA, 0x00ECF5FA, 0x00ECF6FA, 0x00ECF6FA, 0x00ECF6FA, 0x00EEF7FC,
    0x00EAF6FA, 0x00EDF7FB, 0x00EBF6FA, 0x00EAF6FA, 0x00EBF6FA, 0x00ECF6FA, 0x00E8F4F9, 0x00E7F3F8, 0x00E7F3F7,
    0x00EAF4F8, 0x00E8F4F8, 0x00E8F3F8, 0x00E9F4F8, 0x00E9F5F9, 0x00E8F4F8, 0x00E9F4F9, 0x00E9F4F8, 0x00ECF6FA,
    0x00E9F5FA, 0x00E8F4FA, 0x00E8F4F9, 0x00E8F4FA, 0x00E7F4F9, 0x00E7F3F8, 0x00E9F4F9, 0x00E7F4F9, 0x00EAF4F9,
    0x00E9F4F8, 0x00E8F4F8, 0x00E9F4F8, 0x00E9F4F8, 0x00EAF5F9, 0x00EAF6F9, 0x00EAF5F9, 0x00EBF6FB, 0x00E9F4FB,
    0x00E7F4FA, 0x00E8F4FA, 0x00E8F3F9, 0x00EBF6FB, 0x00EAF5FB, 0x00E9F5F9, 0x00E9F4FA, 0x00ECF6FB, 0x00EEF7FB,
    0x00EEF7FB, 0x00ECF6FB, 0x00EAF6FA, 0x00EEF7FC, 0x00EEF7FB, 0x00E8F4F9, 0x00ECF7FA, 0x00EBF6F8, 0x00E9F4FA,
    0x00EBF6FB, 0x00E9F4F9, 0x00E7F3F9, 0x00E7F3F9, 0x00E7F2F7, 0x00EAF4F8, 0x00E6F3F8, 0x00EDF9FD, 0x00EDF9FC,
    0x00ECF7FC, 0x00ECF7FB, 0x00E6F4F9, 0x00E9F5FA, 0x00EBF6FC, 0x00EAF6FA, 0x00EBF6FA, 0x00EBF6FA, 0x00E9F5F9,
    0x00E6F5FA, 0x00E8F5FB, 0x00E8F6FB, 0x00E9F6FC, 0x00E7F5FB, 0x00E8F5F9, 0x00EAF6FB, 0x00ECF6FA, 0x00EDF8FB,
    0x00ECF7FB, 0x00EDF7FB, 0x00EBF6FA, 0x00EBF6FA, 0x00EBF6FA, 0x00EAF6FA, 0x00ECF7FB, 0x00EAF7FB, 0x00EDF7FB,
    0x00EBF7FB, 0x00EFFAFD, 0x00EFF9FD, 0x00ECF8FC, 0x00EAF6FA, 0x00EBF7FB, 0x00EDF8FC, 0x00EBF7FB, 0x00EAF6FA,
    0x00ECF7FB, 0x00ECF7FA, 0x00EAF5FA, 0x00E6F3F9, 0x00EBF6FA, 0x00ECF6FA, 0x00EBF6FB, 0x00EBF5FA, 0x00E7F5FA,
    0x00EBF6FA, 0x00E8F5FA, 0x00E6F4F9, 0x00E7F5F9, 0x00ECF4FA, 0x00EBF5FA, 0x00EBF6F9, 0x00E5F3F9, 0x00E8F4FA,
    0x00E8F3F9, 0x00E8F5FA, 0x00EDF7FB, 0x00EDF6FC, 0x00EAF5F9, 0x00ECF5F9, 0x00EEF7FB, 0x00ECF5FA, 0x00EAF5FA,
    0x00ECF7FB, 0x00ECF6FA, 0x00E9F5FB, 0x00EBF6FC, 0x00ECF6FD, 0x00ECF6FC, 0x00EBF7FB, 0x00EBF6FA, 0x00ECF7FC,
    0x00EAF5F9, 0x00E8F4F9, 0x00E9F5F9, 0x00EBF5FA, 0x00E9F5F9, 0x00E9F5F9, 0x00E9F4F8, 0x00EBF5FA, 0x00E9F4F9,
    0x00E7F3F8, 0x00EAF5FA, 0x00E9F4F9, 0x00EBF5F9, 0x00E9F5F9, 0x00EAF5F9, 0x00E4F1F6, 0x00EAF4F9, 0x00E5F2F6,
    0x00E5F2F8, 0x00DDF0F7, 0x00DCEEF4, 0x00E6F2F7, 0x00E7F3F8, 0x00E8F4F8, 0x00E6F2F8, 0x00E7F4F8, 0x00E8F4F8,
    0x00EAF5F9, 0x00E7F3F8, 0x00E7F3F8, 0x00E7F3F8, 0x00E7F3F9, 0x00E5F1F7, 0x00E7F2F7, 0x00E9F4F9, 0x00E8F3F9,
    0x00E9F3FA, 0x00E6F2F6, 0x00E8F3F8, 0x00E9F3FA, 0x00E9F4F8, 0x00E9F5FA, 0x00EAF5FA, 0x00E9F5F9, 0x00E8F4FA,
    0x00E6F2F6, 0x00EAF5FA, 0x00E9F5F9, 0x00E9F5FA, 0x00EBF6FA, 0x00EBF5F9, 0x00E6F3F6, 0x00E8F4F8, 0x00EAF5F9,
    0x00E9F5F9, 0x00EAF5F9, 0x00E8F5FA, 0x00E8F5F9, 0x00EAF6FB, 0x00EAF5FA, 0x00E7F5FA, 0x00E3F2F7, 0x00E8F3FA,
    0x00EAF5FA, 0x00E8F4F8, 0x00E9F5F9, 0x00EBF6FA, 0x00EBF6FA, 0x00EAF5F9, 0x00EBF6FA, 0x00EBF7FB, 0x00EAF5FA,
    0x00EEF7FA, 0x00EBF5F9, 0x00EAF5F9, 0x00EBF6FA, 0x00EAF5F9, 0x00EAF6FB, 0x00EAF5FB, 0x00ECF7FC, 0x00ECF7FB,
    0x00EAF5F9, 0x00EAF6FA, 0x00EAF5FA, 0x00EBF6FA, 0x00E9F5FA, 0x00EBF6FA, 0x00EAF6FB, 0x00EAF5FA, 0x00EBF6FA,
    0x00ECF6FB, 0x00EBF7FA, 0x00EAF5F9, 0x00ECF7FB, 0x00EBF6FA, 0x00EAF6FA, 0x00EAF6FA, 0x00EBF6FA, 0x00EFF8FB,
    0x00ECF7FB, 0x00E9F5F9, 0x00EBF6FB, 0x00EDF8FC, 0x00ECF6FB, 0x00ECF7FB, 0x00EBF6FA, 0x00EAF6FA, 0x00EBF6FA,
    0x00E9F5F9, 0x00E9F5F8, 0x00EAF4F9, 0x00EDF6FA, 0x00EFF7FC, 0x00EAF5F9, 0x00EDF6FA, 0x00EBF5FB, 0x00EAF4F8,
    0x00E7F4F9, 0x00EBF6FA, 0x00EBF6F9, 0x00ECF7FB, 0x00EEF8FB, 0x00ECF7FB, 0x00ECF7FC, 0x00EDF8FB, 0x00EDF7FB,
    0x00ECF7FB, 0x00EBF5F9, 0x00EDF6FA, 0x00ECF6FB, 0x00ECF6FA, 0x00EDF6FA, 0x00ECF6FA, 0x00ECF6FA, 0x00EEF7FB,
    0x00EDF6FA, 0x00EBF4F9, 0x00EBF5FA, 0x00ECF7FA, 0x00ECF6FA, 0x00ECF6F9, 0x00F0F9FC, 0x00F0F8FB, 0x00EFF8FB,
    0x00EEF7FC, 0x00EDF7FB, 0x00EDF7FB, 0x00EAF5FA, 0x00E6F3F8, 0x00E7F4F8, 0x00EAF5F9, 0x00EAF5FA, 0x00EAF6FA,
    0x00EBF6FA, 0x00ECF6FA, 0x00EDF6FB, 0x00E9F5F9, 0x00EBF5FB, 0x00EAF5FA, 0x00EBF6FA, 0x00E9F4F8, 0x00EAF5F9,
    0x00E8F3F7, 0x00EBF6FA, 0x00EDF7FB, 0x00E9F4FA, 0x00EBF6FA, 0x00EBF6FB, 0x00EAF5F9, 0x00EAF4F9, 0x00EBF6FA,
    0x00EBF5F9, 0x00EFF6F9, 0x00EFF7FA, 0x00EBF5F9, 0x00ECF7FC, 0x00EEF7FB, 0x00EDF7FB, 0x00EDF6FA, 0x00EFF8FB,
    0x00EAF5F9, 0x00EBF6FA, 0x00EAF5F9, 0x00ECF7FB, 0x00ECF7FB, 0x00ECF7FB, 0x00ECF8FB, 0x00EBF6FB, 0x00E8F4F9,
    0x00E9F5F9, 0x00E9F4F8, 0x00EAF6FB, 0x00E8F4FA, 0x00E8F4F8, 0x00E9F3F8, 0x00EAF5F9, 0x00EAF5F9, 0x00EAF5F9,
    0x00EBF5F9, 0x00E8F3F8, 0x00E9F4F8, 0x00EAF5FB, 0x00E9F4F8, 0x00E9F4F9, 0x00E9F4F9, 0x00E8F5F9, 0x00E6F2F8,
    0x00E8F4F9, 0x00E8F3F7, 0x00EAF5F9, 0x00E7F3F8, 0x00E7F2F6, 0x00E7F3F8, 0x00E6F2F7, 0x00E7F3F9, 0x00E9F4F8,
    0x00EAF4FB, 0x00EAF5F9, 0x00E9F4F8, 0x00EAF5F9, 0x00EAF5FA, 0x00E8F4F8, 0x00E8F3F9, 0x00E7F3F8, 0x00E7F3F9,
    0x00EBF5FB, 0x00EAF5FA, 0x00E9F4FA, 0x00E9F4F9, 0x00E9F4F9, 0x00ECF7FB, 0x00EAF5F9, 0x00EBF6FA, 0x00EBF5FA,
    0x00EBF6FA, 0x00EBF7FA, 0x00EBF6FA, 0x00E9F5F9, 0x00E5F2F8, 0x00E9F4FA, 0x00EAF5FB, 0x00E3F1F7, 0x00EAF3F8,
    0x00E5F2F7, 0x00E2F1F6, 0x00E6F3F8, 0x00EEFAFD, 0x00ECF8FC, 0x00ECF7FC, 0x00EBF6FB, 0x00E6F3F8, 0x00E8F4F9,
    0x00E8F5F9, 0x00E9F4F9, 0x00EBF6FA, 0x00E6F4F9, 0x00DFF0F8, 0x00DFF2F9, 0x00E0F2F9, 0x00E9F6FA, 0x00EAF6FC,
    0x00E8F6FA, 0x00EAF6FB, 0x00E7F5FA, 0x00EBF6FA, 0x00ECF7FB, 0x00ECF6FB, 0x00EBF6FB, 0x00EBF6FA, 0x00ECF6FB,
    0x00EBF6FA, 0x00ECF6FA, 0x00E6F4FA, 0x00E5F4FA, 0x00E9F6FA, 0x00EDF8FC, 0x00EDF8FC, 0x00EDF7FC, 0x00EBF7FB,
    0x00EBF7FA, 0x00E9F6FA, 0x00EBF6FB, 0x00EBF6FA, 0x00EAF6FA, 0x00EBF6FA, 0x00ECF7FA, 0x00EAF5F9, 0x00E3F4F8,
    0x00E4F3F9, 0x00EAF5F9, 0x00E9F5FA, 0x00E9F5FA, 0x00E0F1F7, 0x00E6F4F8, 0x00EAF5FA, 0x00E8F5FA, 0x00E6F5FA,
    0x00EAF4F9, 0x00EAF5FA, 0x00EBF6FA, 0x00E9F5F9, 0x00EBF6FA, 0x00EAF5FA, 0x00E9F5F9, 0x00EDF6FA, 0x00EBF5F9,
    0x00EAF5F9, 0x00ECF6F9, 0x00ECF6FB, 0x00ECF7FA, 0x00EAF6F9, 0x00E9F5FA, 0x00EAF6FB, 0x00EBF6FB, 0x00EAF5FA,
    0x00EBF6FB, 0x00EAF5FB, 0x00E9F5FA, 0x00EAF6FA, 0x00EBF6FA, 0x00ECF6FA, 0x00E9F5F9, 0x00E9F4F8, 0x00E9F4F8,
    0x00EAF5F9, 0x00E8F4F8, 0x00EAF5F9, 0x00E9F4F8, 0x00E9F5F9, 0x00E7F3F8, 0x00E9F4F9, 0x00E8F4F9, 0x00EAF5FA,
    0x00E7F3F7, 0x00E9F4FA, 0x00E7F3F8, 0x00EBF5F9, 0x00E8F3F8, 0x00E6F3F8, 0x00E3F1F6, 0x00E2F1F7, 0x00E1F0F6,
    0x00E4F2F7, 0x00E7F3F8, 0x00E8F4F8, 0x00E7F3F9, 0x00E8F3F9, 0x00E8F4F9, 0x00E8F4F9, 0x00E6F3F8, 0x00E6F2F7,
    0x00E8F4F9, 0x00E7F3F7, 0x00E8F4F8, 0x00E9F4F9, 0x00E7F3F8, 0x00E8F4F8, 0x00E8F3F8, 0x00E7F2F7, 0x00E5F2F8,
    0x00E6F3F8, 0x00E8F4F9, 0x00E8F4F9, 0x00E7F3F9, 0x00E8F4F8, 0x00EBF5FA, 0x00E8F4F9, 0x00E7F3F7, 0x00E8F4F9,
    0x00EAF5FA, 0x00E9F4F9, 0x00E7F3F8, 0x00E8F4F9, 0x00E8F4F8, 0x00EAF5F9, 0x00E8F4F9, 0x00E7F4F8, 0x00E6F4F9,
    0x00E8F4F9, 0x00E9F4FA, 0x00E8F4F9, 0x00E3F2F8, 0x00EAF5FA, 0x00EAF5F9, 0x00EAF5F9, 0x00EBF5F9, 0x00EBF6F9,
    0x00EAF5F9, 0x00EAF6FA, 0x00EBF6FA, 0x00EAF5F9, 0x00EBF6FA, 0x00EDF6FB, 0x00EBF6FA, 0x00E7F3F7, 0x00E9F4F9,
    0x00EAF6F9, 0x00EAF6FA, 0x00EAF6FA, 0x00EAF5FA, 0x00ECF6FB, 0x00EAF6FA, 0x00E9F5F9, 0x00EAF6FA, 0x00EAF5FA,
    0x00EBF6FA, 0x00ECF7FB, 0x00EAF6FA, 0x00ECF7FB, 0x00EDF7FB, 0x00ECF7FB, 0x00E8F5F8, 0x00EBF7FA, 0x00EBF6FA,
    0x00EAF6FA, 0x00E9F6F9, 0x00ECF6FA, 0x00EBF6FA, 0x00ECF6FB, 0x00EDF7FB, 0x00EAF6FA, 0x00EDF7FB, 0x00EDF8FC,
    0x00ECF7FB, 0x00EAF6FA, 0x00EBF7FA, 0x00EBF6FA, 0x00EBF6FA, 0x00EBF6FA, 0x00EBF6FA, 0x00ECF6FB, 0x00ECF6FA,
    0x00EBF6F9, 0x00E6F2F6, 0x00EDF6FA, 0x00ECF7FA, 0x00ECF6FA, 0x00E8F5F9, 0x00EAF5FA, 0x00ECF7FB, 0x00EDF8FB,
    0x00EDF9FC, 0x00EEF8FB, 0x00ECF7FB, 0x00EBF6FA, 0x00ECF7FB, 0x00ECF7FC, 0x00EBF6FA, 0x00EAF5FA, 0x00EBF6FA,
    0x00EBF6FB, 0x00ECF6FA, 0x00EBF4F9, 0x00E9F4F8, 0x00E9F4FA, 0x00E9F4F8, 0x00EAF5F8, 0x00EBF6FA, 0x00EAF5F9,
    0x00E8F5F9, 0x00EBF6FA, 0x00EDF6FB, 0x00EDF7FA, 0x00ECF7FA, 0x00EAF5F9, 0x00EDF7FB, 0x00ECF6FB, 0x00ECF6FA,
    0x00E9F5F9, 0x00ECF6FA, 0x00EBF6FA, 0x00EAF6FB, 0x00E8F4F9, 0x00E9F5FA, 0x00EAF4FA, 0x00E9F4FA, 0x00E8F3F8,
    0x00E9F4F9, 0x00EAF5F9, 0x00ECF6FA, 0x00E9F4F9, 0x00E9F4F9, 0x00E7F2F7, 0x00EBF6FA, 0x00EBF6FA, 0x00E9F5FA,
    0x00EAF5FA, 0x00EAF5FA, 0x00EAF4FA, 0x00EBF5F9, 0x00EBF5F9, 0x00EBF5FA, 0x00EAF5FA, 0x00ECF6FA, 0x00EBF6FA,
    0x00EBF6FA, 0x00ECF6FC, 0x00EBF6FA, 0x00EDF7FB, 0x00EBF6FA, 0x00E8F4F8, 0x00EAF4F9, 0x00E9F4F8, 0x00EBF6FA,
    0x00EAF6FA, 0x00ECF7FB, 0x00EAF5FA, 0x00EBF6FA, 0x00EAF5FA, 0x00E9F5F9, 0x00EBF6FA, 0x00E9F4FA, 0x00E8F4F9,
    0x00EAF5F9, 0x00E9F4F8, 0x00EAF5FA, 0x00E9F4FA, 0x00E9F4F9, 0x00E8F4F9, 0x00E9F5F9, 0x00EAF5FA, 0x00E8F4F8,
    0x00EAF4F9, 0x00E8F3F8, 0x00E8F3F8, 0x00E7F4F9, 0x00E4F2F7, 0x00E8F4FA, 0x00E8F4F9, 0x00E9F4F8, 0x00E6F3F8,
    0x00E6F2F7, 0x00E6F2F7, 0x00E7F3F7, 0x00E9F5F9, 0x00E9F5F9, 0x00EAF5FA, 0x00EAF6F9, 0x00EAF5FA, 0x00EAF5F9,
    0x00EAF5FA, 0x00EAF5F9, 0x00EBF5FA, 0x00E8F4F8, 0x00E9F4F9, 0x00E9F4F9, 0x00EAF5F9, 0x00EBF6FB, 0x00E9F5FA,
    0x00EBF5FA, 0x00EBF6FB, 0x00EBF6FA, 0x00ECF6FB, 0x00EAF5FA, 0x00EBF5FA, 0x00EAF5FA, 0x00EBF5FA, 0x00E9F5FB,
    0x00E8F4F9, 0x00EAF6FA, 0x00EAF5FA, 0x00E7F3F8, 0x00E7F3F8, 0x00E7F3F9, 0x00E4F1F7, 0x00E6F3F9, 0x00EAF8FC,
    0x00EBF7FC, 0x00EAF6FC, 0x00E7F4FB, 0x00E5F3F8, 0x00E6F4F9, 0x00E1F2F7, 0x00E9F5F9, 0x00EBF4FA, 0x00E4F2F7,
    0x00E1F2F7, 0x00E2F1F7, 0x00E1F2F9, 0x00E9F5F9, 0x00E5F3F9, 0x00E7F5FA, 0x00E9F5FA, 0x00E8F5FA, 0x00ECF6FB,
    0x00EBF6FA, 0x00EBF6FB, 0x00EDF7FA, 0x00E9F5FA, 0x00E8F5F9, 0x00EBF5FB, 0x00E8F5F9, 0x00E6F5FA, 0x00E7F5FA,
    0x00E9F6FA, 0x00EDF7FB, 0x00ECF7FB, 0x00EDF8FD, 0x00ECF7FC, 0x00EBF6FA, 0x00EBF7FA, 0x00E8F4FA, 0x00E8F6FA,
    0x00ECF6FB, 0x00EBF6FA, 0x00E9F5F9, 0x00E9F4FA, 0x00E7F3F7, 0x00EBF5FA, 0x00E7F3F7, 0x00E7F4F8, 0x00E9F5FB,
    0x00E7F4F9, 0x00E9F5F9, 0x00E9F5FA, 0x00EAF5FB, 0x00E6F4FA, 0x00E4F3F7, 0x00E9F5F9, 0x00ECF6FB, 0x00EBF5FB,
    0x00ECF6FA, 0x00EBF6FA, 0x00ECF6FA, 0x00ECF5F9, 0x00EAF5F9, 0x00EAF5F9, 0x00EAF5FA, 0x00EAF5FA, 0x00EBF7FA,
    0x00EAF5F9, 0x00E7F4F9, 0x00EBF6FA, 0x00EBF6FC, 0x00EAF6FB, 0x00E9F5FA, 0x00E8F4F8, 0x00EAF6FA, 0x00E9F5FA,
    0x00EAF5F9, 0x00ECF6FB, 0x00EAF5F9, 0x00EBF6FA, 0x00E9F5F9, 0x00E8F5FA, 0x00E8F4F8, 0x00EAF5F9, 0x00E8F4F8,
    0x00EAF4FA, 0x00EAF4F9, 0x00EBF5FA, 0x00E8F4F8, 0x00E8F4F9, 0x00E8F4F9, 0x00E8F4F9, 0x00EAF5F8, 0x00E8F3F9,
    0x00E7F3F7, 0x00E7F3F9, 0x00E7F3F8, 0x00DFF0F6, 0x00E0F0F6, 0x00E2F0F5, 0x00E5F1F7, 0x00E1F0F5, 0x00E6F3F9,
    0x00E4F2F8, 0x00E5F3F8, 0x00E7F3F8, 0x00E7F3F8, 0x00E8F4F8, 0x00E6F2F8, 0x00E5F1F6, 0x00E7F2F8, 0x00E7F3F9,
    0x00E6F3F9, 0x00E9F4F9, 0x00E8F3F9, 0x00E7F3F8, 0x00E5F1F6, 0x00E6F3F7, 0x00E7F3F8, 0x00E9F4F8, 0x00E7F3F8,
    0x00E8F4F8, 0x00E9F3FA, 0x00E7F4F8, 0x00E9F5F9, 0x00EAF6F9, 0x00EBF6FB, 0x00EAF4F9, 0x00E9F4F8, 0x00E6F3F9,
    0x00E6F3F8, 0x00E9F3F9, 0x00E6F3F8, 0x00E3F1F7, 0x00E8F4FA, 0x00E6F3F9, 0x00E9F5F9, 0x00E7F4FA, 0x00E5F3F8,
    0x00E8F4F9, 0x00E8F4F8, 0x00E9F5F9, 0x00E9F4F8, 0x00EBF6FA, 0x00EAF5F9, 0x00EAF6FA, 0x00EBF5FA, 0x00ECF6FB,
    0x00EBF6FA, 0x00EAF5FA, 0x00EAF5FA, 0x00E8F4F9, 0x00E8F4F9, 0x00E9F5FA, 0x00E9F5F9, 0x00EBF6FB, 0x00E9F4F8,
    0x00EAF6FA, 0x00EBF6FA, 0x00EBF6FA, 0x00EBF6FB, 0x00EBF6F9, 0x00ECF7FB, 0x00ECF7FB, 0x00EBF6FA, 0x00ECF7FB,
    0x00ECF7FB, 0x00ECF7FB, 0x00E9F5F9, 0x00EBF6F9, 0x00EBF6FA, 0x00E9F5FA, 0x00EAF5F9, 0x00EDF7FB, 0x00E2F1F7,
    0x00E6F3F8, 0x00ECF6FB, 0x00ECF7FB, 0x00ECF7FB, 0x00EDF7FC, 0x00EAF5F9, 0x00EAF5F9, 0x00ECF7FA, 0x00ECF7FA,
    0x00ECF7FA, 0x00EBF6FA, 0x00EBF6FA, 0x00ECF6FA, 0x00EDF6FA, 0x00EDF7FB, 0x00EBF4F9, 0x00EAF4F9, 0x00ECF7FA,
    0x00ECF6FA, 0x00EDF7FB, 0x00EAF5FA, 0x00EAF6FA, 0x00EDF7FB, 0x00EEF8FC, 0x00ECF7FB, 0x00ECF7FB, 0x00EBF6FB,
    0x00EDF7FA, 0x00EDF7FB, 0x00EBF7FB, 0x00E9F4F8, 0x00ECF6FA, 0x00ECF6FA, 0x00ECF7FB, 0x00ECF5F9, 0x00ECF6F9,
    0x00ECF5F9, 0x00E9F4F8, 0x00EAF5F9, 0x00EAF6FA, 0x00EAF5F8, 0x00EDF5F9, 0x00EAF5F9, 0x00EBF5F9, 0x00EBF6FA,
    0x00EDF7FA, 0x00ECF7FB, 0x00EDF7FB, 0x00ECF6FB, 0x00EBF6FA, 0x00ECF6FA, 0x00EEF6FA, 0x00EEF6FA, 0x00EEF7FB,
    0x00EDF7FB, 0x00EAF5F9, 0x00E9F5FA, 0x00E7F3F7, 0x00E1EEF4, 0x00E4F1F7, 0x00E8F3F8, 0x00E8F3F8, 0x00E8F4F8,
    0x00E8F3F8, 0x00E7F3F7, 0x00EAF5F9, 0x00EBF6FA, 0x00E9F5F9, 0x00EBF5FB, 0x00EAF5F9, 0x00E9F4F9, 0x00EAF4F9,
    0x00EAF4F8, 0x00EAF5F9, 0x00E9F4F9, 0x00EAF5FA, 0x00EAF5FA, 0x00EAF5F9, 0x00EBF6FB, 0x00EAF5F9, 0x00ECF6FB,
    0x00EAF6FA, 0x00E9F4FA, 0x00E9F4FA, 0x00E9F5FA, 0x00EAF5FA, 0x00EAF5F9, 0x00EAF5FA, 0x00EDF8FC, 0x00EBF6FA,
    0x00EBF5FA, 0x00EAF5F9, 0x00ECF6FA, 0x00EAF5F8, 0x00E7F2F7, 0x00E9F4F9, 0x00E5F1F6, 0x00EAF6F9, 0x00E8F3F8,
    0x00E9F3F9, 0x00E8F4F8, 0x00E8F4F7, 0x00EBF5FA, 0x00EAF5F9, 0x00E9F3F8, 0x00EAF5F9, 0x00E7F3F7, 0x00E9F4FA,
    0x00E6F4F8, 0x00E8F3F9, 0x00E7F3F9, 0x00E9F5F9, 0x00E8F4F9, 0x00E7F2F8, 0x00E5F1F6, 0x00E8F4F9, 0x00E8F3F7,
    0x00EBF6FA, 0x00E9F4F9, 0x00ECF6FA, 0x00EBF5FA, 0x00EAF4F9, 0x00E9F4F8, 0x00EAF4F9, 0x00EAF4FA, 0x00E9F4F9,
    0x00E8F2F8, 0x00E8F3F8, 0x00E9F5FA, 0x00EAF5FA, 0x00E8F4FA, 0x00E9F5F9, 0x00EAF4FA, 0x00EBF6FA, 0x00EAF4F9,
    0x00EAF5F9, 0x00EBF5F9, 0x00EAF5F8, 0x00EAF5F9, 0x00EAF6FB, 0x00EAF6FA, 0x00EAF4FA, 0x00E8F3F8, 0x00E7F3F8,
    0x00E1F0F6, 0x00E3F1F8, 0x00E6F4F9, 0x00E2F1F7, 0x00EDF9FD, 0x00E6F6FC, 0x00E3F3FA, 0x00E8F5FA, 0x00E5F4F9,
    0x00E7F4F9, 0x00E7F4F8, 0x00E7F4F8, 0x00E6F4F9, 0x00E4F3F7, 0x00EAF5F9, 0x00E5F2F8, 0x00DDEFF7, 0x00E6F4F9,
    0x00E6F4FA, 0x00E6F4F8, 0x00EAF6FA, 0x00EAF6F9, 0x00E9F5F9, 0x00E8F5F9, 0x00ECF5FA, 0x00E9F5F9, 0x00EAF6FA,
    0x00E6F4F8, 0x00EAF6FA, 0x00EBF6FB, 0x00EDF7FB, 0x00EBF6FA, 0x00E9F5F8, 0x00ECF6FC, 0x00EAF6FA, 0x00EBF7FB,
    0x00ECF7FC, 0x00EBF7FB, 0x00EAF6FA, 0x00EAF5FA, 0x00EAF6FB, 0x00EDF6FB, 0x00EDF7FB, 0x00EAF5F9, 0x00E9F5F9,
    0x00EAF6FA, 0x00EAF5FA, 0x00E7F5F9, 0x00EBF6FB, 0x00EAF5FB, 0x00EAF5FA, 0x00E9F5F9, 0x00EAF5F8, 0x00EAF5FA,
    0x00EBF6F9, 0x00E9F4F8, 0x00E7F4F8, 0x00EAF5F9, 0x00EAF5FA, 0x00E8F4F8, 0x00EBF6FA, 0x00EAF4F9, 0x00ECF6FA,
    0x00E8F4F9, 0x00E2EFF5, 0x00E2F0F6, 0x00E8F4F8, 0x00EAF5FA, 0x00E8F4F9, 0x00EAF6FA, 0x00EBF6FA, 0x00EAF5FA,
    0x00E7F4F8, 0x00E9F5FA, 0x00E9F5FA, 0x00E9F5F9, 0x00EAF6FA, 0x00EBF6FA, 0x00EAF5F9, 0x00EBF6FA, 0x00EBF6FA,
    0x00EDF6FA, 0x00EBF6FA, 0x00EAF6F9, 0x00EBF6FB, 0x00ECF6F9, 0x00EAF5FA, 0x00EAF5F9, 0x00E5F1F6, 0x00EAF4F9,
    0x00E9F4F9, 0x00E8F3F9, 0x00E9F3F7, 0x00E7F2F8, 0x00E5F2F7, 0x00E1F0F6, 0x00E1EFF5, 0x00E5F1F8, 0x00E5F2F8,
    0x00E0EFF6, 0x00E0F0F6, 0x00E1F0F6, 0x00E2F1F7, 0x00E4F1F7, 0x00E1F1F7, 0x00E4F1F7, 0x00E7F2F8, 0x00E6F2F7,
    0x00E7F2F7, 0x00E7F3F7, 0x00E7F2F6, 0x00E8F3F8, 0x00E8F4F9, 0x00E2EFF4, 0x00E7F3F8, 0x00E6F2F7, 0x00E5F2F7,
    0x00E7F2F8, 0x00E9F4F8, 0x00E9F4F9, 0x00E8F4F8, 0x00E8F3F8, 0x00E7F3F7, 0x00E5F2F8, 0x00E9F4F8, 0x00EAF5F9,
    0x00E8F4F8, 0x00EAF3F8, 0x00E4F3F8, 0x00E3F1F6, 0x00E5F3F9, 0x00E5F3F7, 0x00E9F4F9, 0x00E9F5F8, 0x00E4F2F7,
    0x00E6F2F7, 0x00E5F2F8, 0x00E5F3F8, 0x00E6F3F8, 0x00E7F3FA, 0x00E7F3F8, 0x00E8F4F9, 0x00E9F5FA, 0x00E9F5FA,
    0x00E6F3F7, 0x00EBF6F9, 0x00EDF7FA, 0x00EAF4F9, 0x00E9F4F9, 0x00E9F4FA, 0x00EAF5F9, 0x00E9F4F8, 0x00E9F4FA,
    0x00E9F5FA, 0x00E9F4F9, 0x00E9F6F9, 0x00E7F4F9, 0x00EBF6FA, 0x00EBF7FB, 0x00EDF7FB, 0x00EBF5F9, 0x00E9F5FA,
    0x00E8F5F9, 0x00EBF7FB, 0x00EDF8FC, 0x00ECF7FB, 0x00ECF7FB, 0x00EBF6FA, 0x00EEF8FB, 0x00ECF7FB, 0x00E9F4F8,
    0x00E8F5F9, 0x00E5F3F7, 0x00EAF6FA, 0x00ECF7FB, 0x00EDF8FB, 0x00ECF7FB, 0x00EDF7FB, 0x00EBF6F9, 0x00EBF6FA,
    0x00EBF6FA, 0x00EBF6FB, 0x00ECF7FB, 0x00ECF6FB, 0x00E9F5F9, 0x00EAF5F9, 0x00EBF5F9, 0x00EDF7FB, 0x00EBF6FA,
    0x00EBF6FB, 0x00EDF7FB, 0x00EEF7FB, 0x00EBF6FA, 0x00EDF7FB, 0x00ECF6FB, 0x00E8F3F8, 0x00E7F3F8, 0x00EBF6F9,
    0x00EBF6FB, 0x00EBF6FA, 0x00EDF7FB, 0x00EDF8FC, 0x00EBF6FA, 0x00EDF7FA, 0x00EEF7FB, 0x00EBF6FA, 0x00ECF6FA,
    0x00EAF5FA, 0x00E9F5F9, 0x00EAF5F9, 0x00ECF7FB, 0x00ECF6F9, 0x00EBF5F9, 0x00ECF6F9, 0x00ECF6FA, 0x00EBF6FA,
    0x00EAF5F9, 0x00EAF5FA, 0x00EBF5F9, 0x00EBF6FA, 0x00ECF7FB, 0x00ECF6FA, 0x00EAF5F9, 0x00EBF6F9, 0x00EBF6FA,
    0x00EEF7FA, 0x00ECF6F9, 0x00EBF5FA, 0x00ECF6FA, 0x00EDF6FB, 0x00EBF5FA, 0x00EAF4F9, 0x00EBF5FA, 0x00E9F3F7,
    0x00EBF4F9, 0x00E7F3F7, 0x00E9F4F8, 0x00E8F3F8, 0x00E7F2F7, 0x00E9F4F8, 0x00E5F1F6, 0x00EBF5F9, 0x00E7F3F8,
    0x00E8F4F9, 0x00EAF4F9, 0x00EBF6F9, 0x00EBF5F9, 0x00ECF6FB, 0x00EBF5FA, 0x00E9F3F9, 0x00EAF4F9, 0x00E9F4FA,
    0x00E9F4FA, 0x00EAF4FA, 0x00EBF5FB, 0x00EAF5FA, 0x00EAF5FA, 0x00EAF5FA, 0x00E8F3F9, 0x00E8F3F9, 0x00E9F3FA,
    0x00E9F4F9, 0x00E9F5F9, 0x00E8F4F9, 0x00EAF5FA, 0x00EAF6FA, 0x00EBF6FA, 0x00EBF6F9, 0x00EBF5FA, 0x00E9F4F9,
    0x00E7F3F8, 0x00E9F4F9, 0x00E9F4F8, 0x00E8F3F8, 0x00EAF4F8, 0x00E9F4F8, 0x00E7F3F7, 0x00EAF5FA, 0x00EBF5F9,
    0x00E9F5F9, 0x00E8F4F8, 0x00E9F4F9, 0x00E9F5F9, 0x00EAF5FA, 0x00EBF6FA, 0x00E6F2F8, 0x00E7F4F9, 0x00E6F3F9,
    0x00E5F2F8, 0x00E9F4FA, 0x00E7F3F9, 0x00E8F4F9, 0x00E9F4F9, 0x00EBF6FA, 0x00EAF5F9, 0x00EAF5FB, 0x00EAF4F9,
    0x00EBF5F9, 0x00EBF5F9, 0x00E9F4F9, 0x00EAF4F9, 0x00E9F4F9, 0x00EBF5FA, 0x00EAF5FA, 0x00EAF5FA, 0x00EAF5F9,
    0x00E9F4F9, 0x00E9F5F9, 0x00EBF6FA, 0x00EAF5FA, 0x00EAF5F9, 0x00EBF5FA, 0x00EDF7FB, 0x00EBF5F8, 0x00EAF4FA,
    0x00E6F2F7, 0x00E8F4F9, 0x00E8F5F9, 0x00E7F3F7, 0x00E3F1F8, 0x00E3F1F8, 0x00E2F1F8, 0x00E9F3F9, 0x00E1F1F7,
    0x00ECF8FD, 0x00E8F5FB, 0x00DBEFF7, 0x00DFF2F9, 0x00E6F4FA, 0x00E8F4FA, 0x00E6F3F9, 0x00E6F3F9, 0x00E7F4FA,
    0x00E0F1F6, 0x00EAF5FA, 0x00E3F2F8, 0x00E6F4F9, 0x00E7F4FA, 0x00E4F2F9, 0x00E3F3F9, 0x00E4F4FA, 0x00E4F2F9,
    0x00E1F2F8, 0x00E4F3F9, 0x00E6F3F8, 0x00E7F4F9, 0x00EBF5FA, 0x00EAF6FB, 0x00EAF6FB, 0x00E3F3F8, 0x00EBF5FB,
    0x00E9F5F9, 0x00E8F5F9, 0x00EAF5FA, 0x00EAF6FB, 0x00ECF7FB, 0x00EBF7FB, 0x00EBF6FB, 0x00EBF6FB, 0x00ECF7FB,
    0x00EBF6F9, 0x00EBF5F9, 0x00EDF7FB, 0x00EEF7FB, 0x00EFF8FB, 0x00EEF7FC, 0x00ECF6FB, 0x00E8F5F9, 0x00EBF5FA,
    0x00E9F5FA, 0x00E9F4F9, 0x00E7F3F9, 0x00E8F4F8, 0x00ECF6FA, 0x00ECF5FB, 0x00EBF5F9, 0x00EBF5F9, 0x00EBF6FA,
    0x00E9F5F9, 0x00EAF5F9, 0x00EBF6FA, 0x00EAF5F9, 0x00E6F4F9, 0x00EBF6FA, 0x00EBF6FA, 0x00EBF6FA, 0x00EBF7FA,
    0x00EBF6FA, 0x00EBF6FA, 0x00EAF6FA, 0x00EBF5FA, 0x00EBF6FB, 0x00EAF5FA, 0x00E9F4FA, 0x00E8F4F9, 0x00EAF5F9,
    0x00EAF5FA, 0x00EAF6FA, 0x00E8F4F9, 0x00EBF7FB, 0x00EBF6FA, 0x00EDF7FA, 0x00EDF7FB, 0x00E8F5F9, 0x00EAF6FA,
    0x00EBF6FA, 0x00EBF5F9, 0x00E9F4F9, 0x00EBF5F8, 0x00E9F3F7, 0x00E7F2F8, 0x00E7F3F7, 0x00E4F1F6, 0x00E6F1F6,
    0x00E6F2F8, 0x00E6F3F8, 0x00E5F3F7, 0x00E6F2F7, 0x00E6F0F7, 0x00E2F1F7, 0x00DEEFF4, 0x00E2F1F7, 0x00E4F1F6,
    0x00E5F1F7, 0x00DEEFF5, 0x00E4F1F7, 0x00E5F1F7, 0x00E5F2F7, 0x00E6F2F8, 0x00E6F2F7, 0x00E6F3F7, 0x00E5F1F6,
    0x00E7F2F9, 0x00E7F3F8, 0x00E7F2F8, 0x00E2F0F6, 0x00E4F1F6, 0x00E6F3F7, 0x00E5F3F7, 0x00E7F2F9, 0x00E7F3F9,
    0x00E6F2F8, 0x00E5F2F8, 0x00E5F2F6, 0x00E7F3F8, 0x00EAF4F9, 0x00E9F4F9, 0x00ECF5F9, 0x00E8F5F9, 0x00E7F3F9,
    0x00E8F4F9, 0x00E8F4F9, 0x00E8F4F9, 0x00E7F4F9, 0x00E8F4F9, 0x00E8F4F8, 0x00E6F3F8, 0x00E9F4F9, 0x00E9F5F9,
    0x00E6F4FA, 0x00E5F3F7, 0x00E9F5F9, 0x00EAF6FA, 0x00EAF6FA, 0x00ECF7FA, 0x00EBF6F9, 0x00EAF5F9, 0x00E6F2F6,
    0x00E7F3F7, 0x00E8F4F9, 0x00E8F3F8, 0x00E8F4F8, 0x00EAF5F9, 0x00E8F5F8, 0x00EAF6FA, 0x00E9F5F8, 0x00EAF6FA,
    0x00EAF5F9, 0x00ECF7FB, 0x00ECF7FB, 0x00EDF8FC, 0x00EBF6FB, 0x00EAF6FB, 0x00E9F5F9, 0x00ECF7FB, 0x00ECF7FB,
    0x00ECF7FA, 0x00ECF8FC, 0x00EDF7FB, 0x00EFF8FB, 0x00ECF7FA, 0x00EDF8FC, 0x00EEF8FC, 0x00EEF7FB, 0x00EDF8FB,
    0x00EEF8FB, 0x00EFF8FC, 0x00EEF8FB, 0x00EBF6FA, 0x00EBF6FA, 0x00EDF8FB, 0x00EDF7FB, 0x00EDF7FB, 0x00EDF7FB,
    0x00EFF8FC, 0x00EAF5F9, 0x00ECF6FA, 0x00E8F4F8, 0x00EBF6FA, 0x00ECF6FA, 0x00EBF6FA, 0x00ECF6FA, 0x00EBF6FA,
    0x00EBF5FB, 0x00E9F4F9, 0x00EAF4FA, 0x00EAF5F9, 0x00EBF5FA, 0x00EBF6FA, 0x00EBF6FA, 0x00EDF7FA, 0x00EDF8FC,
    0x00EDF7FB, 0x00EBF6FA, 0x00EAF5FA, 0x00E8F4F8, 0x00EBF6FA, 0x00EBF5F9, 0x00EAF4F8, 0x00E8F4F8, 0x00EBF6FA,
    0x00EAF5F9, 0x00E9F4F8, 0x00E9F4F8, 0x00ECF5F9, 0x00EDF6FA, 0x00EAF4F8, 0x00E9F4F9, 0x00EAF5FA, 0x00EAF5F8,
    0x00EAF5F9, 0x00EAF5FB, 0x00EAF5F9, 0x00EAF5F9, 0x00E9F4F8, 0x00E8F4F8, 0x00EDF7FA, 0x00EBF6FA, 0x00EBF6FA,
    0x00ECF6FA, 0x00ECF6FA, 0x00EDF5F9, 0x00EAF3F8, 0x00E8F3F8, 0x00E9F3F7, 0x00ECF4F9, 0x00EBF5F9, 0x00E8F2F8,
    0x00E8F3F8, 0x00E9F5F9, 0x00E9F4F8, 0x00EBF5FA, 0x00E6F2F7, 0x00E9F4FA, 0x00E8F3F8, 0x00EAF4FA, 0x00E9F5FA,
    0x00E9F5FA, 0x00E8F3F9, 0x00E9F4FA, 0x00E9F4FA, 0x00EAF4FA, 0x00EBF6FA, 0x00E9F5F9, 0x00E8F4FA, 0x00EBF6FB,
    0x00EAF4F9, 0x00E9F4FA, 0x00E6F3F8, 0x00E6F2F8, 0x00E9F3FA, 0x00E9F4F9, 0x00E6F2F8, 0x00EAF6FB, 0x00EAF5FA,
    0x00E8F4F8, 0x00E9F4FA, 0x00E9F5F8, 0x00EAF6F9, 0x00E9F5F9, 0x00E8F3F7, 0x00E9F4F9, 0x00E6F2F5, 0x00E9F3F9,
    0x00E5F1F7, 0x00E5F1F6, 0x00E6F2F6, 0x00E7F3F8, 0x00E7F3F7, 0x00E9F5FA, 0x00E8F3F7, 0x00E9F4FA, 0x00E9F6FB,
    0x00E9F4F8, 0x00EAF5F9, 0x00E6F2F7, 0x00E8F4F9, 0x00E8F5F9, 0x00E6F3F9, 0x00E9F5FB, 0x00E7F3F9, 0x00E8F5F9,
    0x00E8F4FA, 0x00EAF4F9, 0x00E9F4FA, 0x00E8F2F8, 0x00E9F3FA, 0x00EAF4FA, 0x00EBF5FA, 0x00E9F3F7, 0x00E9F4F8,
    0x00E8F4F9, 0x00EAF5F9, 0x00EAF5F9, 0x00EAF5F9, 0x00EBF5FB, 0x00E8F4FA, 0x00E9F4F9, 0x00EAF4FA, 0x00E8F4F9,
    0x00E9F4F8, 0x00E8F3F9, 0x00E8F4F8, 0x00ECF5F9, 0x00E7F3F8, 0x00E4F1F7, 0x00E5F2F7, 0x00E4F1F7, 0x00E8F2F8,
    0x00E4F2F8, 0x00E7F3F6, 0x00E7F2F8, 0x00E0F0F6, 0x00E5F3F9, 0x00E9F7FC, 0x00E8F6FB, 0x00E5F5FA, 0x00E6F5FB,
    0x00E4F2F9, 0x00E6F3FB, 0x00E5F3F9, 0x00E6F4FA, 0x00E6F4F9, 0x00E9F5F9, 0x00E9F5F9, 0x00E5F3F8, 0x00E6F4F9,
    0x00E1F1F7, 0x00E2F2F7, 0x00E1F2F7, 0x00E1F1F8, 0x00E0F1F8, 0x00DEF1F7, 0x00E3F2F8, 0x00E4F2F8, 0x00E6F3F7,
    0x00E3F2F9, 0x00E6F4F8, 0x00EAF6FB, 0x00E2F3F8, 0x00EAF5FA, 0x00E8F4F9, 0x00E9F5F9, 0x00EAF5F9, 0x00EBF5FC,
    0x00E7F4F9, 0x00E8F5F9, 0x00EAF6FA, 0x00EBF6FA, 0x00EBF6FA, 0x00EAF5F9, 0x00E9F5F9, 0x00EBF6FA, 0x00EAF6FA,
    0x00ECF6FA, 0x00ECF6FB, 0x00EAF6FA, 0x00EBF6FA, 0x00E9F5F9, 0x00EAF4FA, 0x00E9F4F9, 0x00E8F4F7, 0x00E8F3F7,
    0x00EBF5F9, 0x00E7F3F9, 0x00E6F2F7, 0x00EAF4FA, 0x00E9F4F9, 0x00EAF6FA, 0x00EBF6FA, 0x00EAF6FA, 0x00ECF7FB,
    0x00ECF7FB, 0x00EDF7FB, 0x00EAF6FA, 0x00E9F4F8, 0x00EBF6FA, 0x00EAF6FB, 0x00E7F4F8, 0x00EBF6FA, 0x00ECF7FB,
    0x00E9F4FA, 0x00E9F4FA, 0x00E9F4F8, 0x00E8F3F7, 0x00EAF5FA, 0x00E9F4F9, 0x00E8F4F8, 0x00E7F3F8, 0x00EBF6FA,
    0x00ECF6FB, 0x00EBF6F9, 0x00EDF7FB, 0x00ECF7FB, 0x00EAF5FA, 0x00EAF5F8, 0x00EAF5F9, 0x00E7F5F8, 0x00E4F2F7,
    0x00E6F3F8, 0x00E8F3F7, 0x00E5F1F6, 0x00E4F2F7, 0x00E5F1F5, 0x00E4F1F6, 0x00E7F2F6, 0x00E8F3F9, 0x00E6F2F8,
    0x00E6F2F8, 0x00E4F0F6, 0x00E4F1F6, 0x00E6F2F7, 0x00E5F1F6, 0x00E6F1F6, 0x00E7F2F7, 0x00E7F3F7, 0x00E5F2F6,
    0x00E8F4F8, 0x00E5F1F5, 0x00E8F3F8, 0x00E5F2F7, 0x00E7F4F9, 0x00E9F3F8, 0x00E9F4F9, 0x00E6F2F8, 0x00E3F1F6,
    0x00E5F0F6, 0x00E2EFF6, 0x00E5F2F7, 0x00E6F3F8, 0x00E4F0F6, 0x00E5F1F7, 0x00E5F2F8, 0x00E4F0F7, 0x00E8F3F8,
    0x00E7F3F9, 0x00E3F1F7, 0x00E6F3F8, 0x00E7F3F8, 0x00E6F3F9, 0x00E4F2F7, 0x00EAF5F9, 0x00E7F3F8, 0x00E9F5F9,
    0x00E7F4F8, 0x00E7F3F8, 0x00E5F2F8, 0x00E8F4F9, 0x00E7F4F8, 0x00E9F5FA, 0x00EAF5FA, 0x00E9F5F9, 0x00EAF6FA,
    0x00ECF6FB, 0x00EAF4FA, 0x00E8F3F7, 0x00E9F5F9, 0x00E8F4F8, 0x00E8F3F8, 0x00E5F1F6, 0x00E7F2F7, 0x00E8F3F9,
    0x00E9F4F9, 0x00EAF5F9, 0x00EAF5FA, 0x00ECF6FA, 0x00EBF6FA, 0x00EBF6FA, 0x00EAF6FA, 0x00EBF6FA, 0x00EBF6FA,
    0x00ECF7FB, 0x00EAF5F9, 0x00E9F5F9, 0x00ECF7FB, 0x00EDF7FB, 0x00EDF7FB, 0x00ECF7FA, 0x00EDF9FC, 0x00EFF8FB,
    0x00EDF8FB, 0x00EDF7FB, 0x00EFF8FC, 0x00EBF6FA, 0x00ECF8FB, 0x00ECF6FA, 0x00EBF6FA, 0x00EBF6FA, 0x00ECF7FA,
    0x00EBF6FA, 0x00ECF8FB, 0x00EDF7FB, 0x00EBF6FA, 0x00EBF6FA, 0x00EEF8FC, 0x00E8F3F8, 0x00EAF4F8, 0x00E6F2F6,
    0x00EBF5FA, 0x00EAF5F9, 0x00EAF6FA, 0x00ECF6FB, 0x00EBF6FA, 0x00EBF6FA, 0x00E7F3F8, 0x00E8F3F9, 0x00E8F4F9,
    0x00EAF5FA, 0x00EBF6FB, 0x00EBF6FA, 0x00EBF6FA, 0x00EBF6FB, 0x00EDF7FC, 0x00EBF6FA, 0x00EBF5FA, 0x00E6F2F6,
    0x00EAF4F9, 0x00E6F2F8, 0x00E9F4F9, 0x00E8F4F8, 0x00ECF6FA, 0x00EAF4F9, 0x00E9F4F9, 0x00E7F3F7, 0x00ECF6F9,
    0x00EAF5F9, 0x00E8F3F8, 0x00E8F4F8, 0x00EAF5F9, 0x00EBF5FA, 0x00E9F5F8, 0x00EAF5F8, 0x00ECF6FB, 0x00EAF5F9,
    0x00ECF6FA, 0x00E7F5F8, 0x00EDF6FB, 0x00EDF7FB, 0x00ECF6FA, 0x00ECF5FA, 0x00EAF4F8, 0x00E8F3F7, 0x00E7F3F8,
    0x00E7F3F7, 0x00E2F0F5, 0x00E8F3F7, 0x00E9F3F8, 0x00E9F3F8, 0x00E6F2F7, 0x00E8F3F9, 0x00EBF6FA, 0x00EBF5F9,
    0x00E8F4F8, 0x00E9F4F9, 0x00ECF5FB, 0x00EAF5FA, 0x00E9F3F9, 0x00E7F2F7, 0x00E6F2F8, 0x00E9F3F8, 0x00E8F3F9,
    0x00E9F3F9, 0x00E9F4F9, 0x00E8F3F8, 0x00EAF5FA, 0x00EBF5FB, 0x00E9F4FA, 0x00E5F2F8, 0x00E4F1F6, 0x00E8F3FA,
    0x00E9F4F8, 0x00E7F4F9, 0x00EAF5F9, 0x00E9F4F8, 0x00E7F3F8, 0x00E8F3F7, 0x00EAF5FA, 0x00E8F4F9, 0x00E9F4F9,
    0x00E8F3F9, 0x00E6F2F7, 0x00E6F2F7, 0x00E7F3F7, 0x00E9F4F8, 0x00E8F3F7, 0x00E8F3F8, 0x00E7F3F8, 0x00E5F1F7,
    0x00E7F3F7, 0x00E9F5F9, 0x00E4F1F7, 0x00E5F2F8, 0x00E3F0F6, 0x00E8F4FA, 0x00E9F5FA, 0x00E8F5F9, 0x00E9F5FA,
    0x00E7F4F9, 0x00E8F3F9, 0x00E8F3FA, 0x00E9F5FA, 0x00E8F4F9, 0x00E8F4FA, 0x00E8F3F8, 0x00E7F3F9, 0x00E5F1F6,
    0x00E8F3F8, 0x00E6F2F7, 0x00E7F3F9, 0x00E9F4FA, 0x00E8F3F9, 0x00E8F4FA, 0x00EAF5FB, 0x00E8F4F9, 0x00E8F3F8,
    0x00E9F4FA, 0x00E9F5F9, 0x00EBF6FA, 0x00EAF5F8, 0x00EAF4F9, 0x00E8F4F9, 0x00E4F3F8, 0x00E8F4F9, 0x00EBF5FA,
    0x00E9F4F9, 0x00E0F0F5, 0x00E4F1F8, 0x00E2F1F7, 0x00E6F3F9, 0x00E7F4F9, 0x00E6F2F7, 0x00E5F2F8, 0x00E5F3F8,
    0x00E3F2F8, 0x00E8F7FB, 0x00E7F5FA, 0x00E6F4FA, 0x00E3F3FA, 0x00E0F1F8, 0x00E6F4FA, 0x00E2F3F9, 0x00E4F3F9,
    0x00E4F3F8, 0x00EAF5FA, 0x00EAF5FA, 0x00E6F3F9, 0x00E7F4F9, 0x00E7F4F8, 0x00E2F0F7, 0x00DDEFF7, 0x00D9EEF7,
    0x00DBEFF7, 0x00DCEEF6, 0x00E3F2F9, 0x00E4F1F8, 0x00E5F2F8, 0x00E0F1F8, 0x00E5F4F8, 0x00E8F4FA, 0x00E6F4F9,
    0x00EAF5FB, 0x00E7F4F9, 0x00E9F5F9, 0x00EBF5FA, 0x00EAF5FA, 0x00EBF6FB, 0x00EBF6FA, 0x00EBF6FA, 0x00EAF5FA,
    0x00EBF6FA, 0x00EBF6FB, 0x00EAF5FA, 0x00EBF6FA, 0x00EAF5F9, 0x00E9F4FA, 0x00E8F5FA, 0x00EAF5FA, 0x00EBF6FA,
    0x00E9F5F9, 0x00E7F4F8, 0x00EAF5F9, 0x00EAF4F8, 0x00E9F4F9, 0x00E5F2F8, 0x00E9F5F9, 0x00EAF5F9, 0x00E8F3F8,
    0x00E8F4F8, 0x00EBF6FB, 0x00EAF5F9, 0x00ECF6FA, 0x00EBF6FA, 0x00EEF7FB, 0x00ECF7FB, 0x00ECF6FA, 0x00E9F4F8,
    0x00EAF6FA, 0x00EAF5FA, 0x00E7F4F9, 0x00E9F5F9, 0x00E8F5F8, 0x00EBF6FA, 0x00E9F5F9, 0x00EBF5F9, 0x00E7F3F8,
    0x00E9F4FA, 0x00E6F3F8, 0x00E7F3F8, 0x00E9F4F9, 0x00EAF4FA, 0x00EAF5FA, 0x00EBF6FA, 0x00ECF6FA, 0x00EAF5F9,
    0x00EBF6FA, 0x00EBF6F9, 0x00EBF5F9, 0x00E8F4F8, 0x00E7F3F8, 0x00E7F3F7, 0x00E7F2F7, 0x00E4F0F5, 0x00E4F0F5,
    0x00E5F2F6, 0x00E6F2F8, 0x00E7F3F7, 0x00E7F3F8, 0x00E7F3F8, 0x00E6F2F7, 0x00E5F3F7, 0x00E5F2F7, 0x00E4F1F7,
    0x00E5F2F8, 0x00E7F2F6, 0x00E7F3F8, 0x00E5F2F7, 0x00E4F1F7, 0x00E7F3F8, 0x00E5F2F7, 0x00E5F1F7, 0x00E7F3F8,
    0x00E7F3F9, 0x00E9F4F8, 0x00E4F1F6, 0x00E4EFF5, 0x00E6F1F7, 0x00E4EFF6, 0x00E3F0F4, 0x00E3EFF5, 0x00E0EEF5,
    0x00E0EFF5, 0x00E4F0F6, 0x00E4F0F5, 0x00E3F0F6, 0x00E7F1F8, 0x00E4F1F7, 0x00E2F0F6, 0x00E0EFF6, 0x00E0EEF6,
    0x00E3F1F7, 0x00E4F1F7, 0x00E5F2F7, 0x00E6F4F9, 0x00E6F3F9, 0x00E7F3F8, 0x00E5F3F7, 0x00E4F2F8, 0x00E3F1F7,
    0x00E9F5F9, 0x00E9F5F9, 0x00E9F5F9, 0x00E9F5F9, 0x00E9F5FA, 0x00E7F4F9, 0x00E8F4F9, 0x00E5F1F6, 0x00E7F3F9,
    0x00E7F2F7, 0x00E9F4F8, 0x00E7F3F8, 0x00E9F4F8, 0x00E7F3F7, 0x00E8F3F8, 0x00EAF4F9, 0x00E9F4FA, 0x00EBF5F9,
    0x00EAF5FA, 0x00E9F5F9, 0x00EAF5FA, 0x00EAF5FA, 0x00EAF6FA, 0x00E8F4F8, 0x00EBF6FA, 0x00E9F5F9, 0x00EBF6FA,
    0x00EAF5F8, 0x00EDF7FB, 0x00EDF7FC, 0x00EDF7FB, 0x00EDF7FC, 0x00EFF8FB, 0x00EEF8FC, 0x00ECF6FA, 0x00ECF7FB,
    0x00EBF6FA, 0x00EBF6FB, 0x00ECF6FA, 0x00ECF6FA, 0x00EBF6FA, 0x00EAF5F9, 0x00ECF7FB, 0x00EBF6FA, 0x00ECF7FB,
    0x00EBF6FB, 0x00ECF6FB, 0x00EBF5F9, 0x00EBF5F9, 0x00E7F3F7, 0x00EAF5F9, 0x00EBF5FA, 0x00E9F4F8, 0x00EAF5FA,
    0x00E9F5F9, 0x00EAF5FA, 0x00E9F4FA, 0x00E7F2F9, 0x00E8F4F9, 0x00E9F4F8, 0x00E8F3F9, 0x00E9F4F9, 0x00EBF6FC,
    0x00EAF5F9, 0x00EAF5F9, 0x00EAF5FA, 0x00EAF4FA, 0x00E8F4F9, 0x00E8F3F7, 0x00E8F3F8, 0x00E7F3F8, 0x00E8F3F8,
    0x00EAF4F9, 0x00EBF6FA, 0x00E8F3F9, 0x00E7F2F7, 0x00E9F4F8, 0x00E8F3F7, 0x00E9F4F8, 0x00EBF5F9, 0x00E9F4F9,
    0x00EAF5F9, 0x00EBF5F9, 0x00ECF6F9, 0x00ECF6FA, 0x00EBF6FA, 0x00EEF6FA, 0x00E7F4F7, 0x00E9F4F8, 0x00EBF6FA,
    0x00EAF5FA, 0x00E9F4F8, 0x00E9F4F8, 0x00EAF4F9, 0x00EAF4F9, 0x00EBF4F9, 0x00E8F3F9, 0x00E7F2F7, 0x00E8F2F8,
    0x00E9F4F8, 0x00E8F3F7, 0x00EAF5F9, 0x00E8F3F7, 0x00EAF5F9, 0x00EBF6F9, 0x00E6F2F7, 0x00EAF3FA, 0x00E7F3F7,
    0x00E8F3F8, 0x00E7F2F7, 0x00E6F2F7, 0x00E6F2F7, 0x00E5F1F6, 0x00E6F2F7, 0x00E6F2F6, 0x00E9F4F8, 0x00E7F3F8,
    0x00E4F2F7, 0x00E7F3F9, 0x00E5F2F7, 0x00E6F2F7, 0x00E3F2F8, 0x00E6F3F7, 0x00E7F3F8, 0x00E8F3F8, 0x00E8F3F8,
    0x00E5F3F7, 0x00E8F3F7, 0x00E9F4F9, 0x00E6F2F8, 0x00E7F3F8, 0x00E8F3F9, 0x00E8F3F7, 0x00E7F3F8, 0x00E7F3F7,
    0x00E9F4FA, 0x00E6F2F7, 0x00E8F2F9, 0x00E5F1F7, 0x00E4F1F6, 0x00E6F2F6, 0x00E4F1F8, 0x00E5F2F9, 0x00E5F2F9,
    0x00E7F3F9, 0x00E9F5FA, 0x00E8F4FA, 0x00E8F4FA, 0x00E8F4F9, 0x00E7F4F9, 0x00E7F4FA, 0x00E8F4FA, 0x00E9F5FA,
    0x00E8F4F9, 0x00E8F3F9, 0x00E6F2F7, 0x00E7F2F8, 0x00E7F3F8, 0x00E7F3F8, 0x00E6F2F8, 0x00E3F0F6, 0x00EAF4FA,
    0x00E8F3FA, 0x00E6F3F9, 0x00E7F2F8, 0x00E7F3F9, 0x00E4F2F7, 0x00E7F4F8, 0x00E8F4F8, 0x00E7F3F8, 0x00E8F4F9,
    0x00E8F3F8, 0x00EAF5F9, 0x00E5F3F9, 0x00E6F4F8, 0x00E8F4F8, 0x00E8F4FA, 0x00E7F3F8, 0x00E7F3F8, 0x00E7F3F8,
    0x00E7F3F8, 0x00E7F3F8, 0x00E6F2F8, 0x00E6F3F8, 0x00E9F5F9, 0x00E4F4F9, 0x00E2F4FA, 0x00E7F5FB, 0x00E7F4FA,
    0x00E7F5FA, 0x00E3F3F9, 0x00E6F4FA, 0x00E3F2F8, 0x00E2F3F9, 0x00E4F2F8, 0x00E8F5F9, 0x00EAF6F9, 0x00E4F2F9,
    0x00E5F2F8, 0x00E7F3F9, 0x00E4F2F8, 0x00E2F2F8, 0x00DEF0F7, 0x00DCF0F7, 0x00E3F2F8, 0x00E1F1F8, 0x00E2F1F7,
    0x00DFF0F7, 0x00E6F4FA, 0x00E8F4F9, 0x00E8F5FA, 0x00E6F3F8, 0x00E7F4F9, 0x00E8F4F8, 0x00EAF5FA, 0x00E8F3F9,
    0x00EBF6FA, 0x00ECF6FB, 0x00EAF5FA, 0x00EBF6FA, 0x00EAF5F9, 0x00EBF5F9, 0x00EAF4FB, 0x00EBF6FB, 0x00EAF5FA,
    0x00E9F4F8, 0x00E9F4FA, 0x00E6F3F9, 0x00EAF5FC, 0x00ECF6FB, 0x00E9F5FA, 0x00E6F4F9, 0x00EAF5FA, 0x00E9F4F9,
    0x00E8F3F8, 0x00E5F2F6, 0x00E9F5F8, 0x00E5F1F7, 0x00E8F4F8, 0x00EBF6FA, 0x00E9F4F9, 0x00E9F4F8, 0x00EBF6FB,
    0x00EAF6F9, 0x00ECF6FA, 0x00ECF7FB, 0x00EDF7FB, 0x00E8F4F9, 0x00ECF6FA, 0x00EBF7FB, 0x00EAF6FA, 0x00E7F5F9,
    0x00EBF6FB, 0x00EAF5F9, 0x00E8F3F7, 0x00EAF5FA, 0x00E8F4F8, 0x00E9F4F8, 0x00E9F5FA, 0x00E7F3F7, 0x00EAF5F9,
    0x00E9F4FA, 0x00E8F3F8, 0x00E9F4FA, 0x00E9F4F9, 0x00EAF5FA, 0x00E7F4F8, 0x00E7F4F7, 0x00E9F4F8, 0x00E8F4FA,
    0x00E7F3F7, 0x00E9F3F7, 0x00E4F0F6, 0x00E4F0F5, 0x00E5F1F5, 0x00E7F2F7, 0x00E5F2F7, 0x00E5F2F8, 0x00E4F1F7,
    0x00E6F2F7, 0x00E7F3F8, 0x00E7F3F9, 0x00E6F2F7, 0x00E5F3F8, 0x00E5F1F7, 0x00E7F3F7, 0x00E4F1F5, 0x00E2F0F5,
    0x00E6F3F8, 0x00E7F2F8, 0x00E5F1F7, 0x00E6F2F6, 0x00E7F2F6, 0x00E6F2F7, 0x00E7F2F8, 0x00E5F1F6, 0x00E6F2F6,
    0x00E6F1F6, 0x00E5F0F6, 0x00E1EFF4, 0x00E0EDF3, 0x00E0EEF5, 0x00E0EFF5, 0x00E2EFF5, 0x00E4F0F6, 0x00E1EEF4,
    0x00E4F0F5, 0x00E3F0F5, 0x00E0EEF5, 0x00E0EEF5, 0x00E5F1F6, 0x00E4F0F6, 0x00E1F0F5, 0x00E3F0F6, 0x00E2F0F6,
    0x00E3F1F7, 0x00E5F2F7, 0x00E3F1F7, 0x00E3F0F7, 0x00E4F2F7, 0x00E7F3F8, 0x00E7F3F8, 0x00E7F3F8, 0x00E7F3F8,
    0x00E7F3F9, 0x00E4F3F8, 0x00EAF4F9, 0x00E7F3F8, 0x00E5F1F7, 0x00E7F3F7, 0x00E7F3F8, 0x00E7F3F8, 0x00E7F3F8,
    0x00E4F1F7, 0x00E7F3F8, 0x00E6F3F9, 0x00E8F3F8, 0x00E6F1F6, 0x00E9F4F9, 0x00EAF5F9, 0x00E6F2F7, 0x00E8F3F8,
    0x00E9F4FA, 0x00E9F4F9, 0x00E8F3FA, 0x00E9F4F9, 0x00EBF6FB, 0x00E9F4F9, 0x00ECF7FB, 0x00ECF7FB, 0x00EBF7FB,
    0x00ECF7FB, 0x00EAF6F9, 0x00EEF7FB, 0x00ECF6FA, 0x00ECF6FA, 0x00EBF5F9, 0x00EDF6FB, 0x00EDF6FA, 0x00EBF7FB,
    0x00E3F2F7, 0x00E9F5F9, 0x00EAF5F9, 0x00EBF6F9, 0x00EDF7FA, 0x00ECF6F9, 0x00E9F4F8, 0x00EBF5F9, 0x00EBF5F9,
    0x00E8F3F7, 0x00EAF5F9, 0x00ECF6FB, 0x00EAF5F9, 0x00E9F4F8, 0x00E8F4F8, 0x00E9F4FB, 0x00EAF5FB, 0x00E6F4F8,
    0x00EAF5FB, 0x00EBF5FB, 0x00E6F2F7, 0x00E9F5F9, 0x00EAF4F9, 0x00EAF5FA, 0x00EAF5FA, 0x00E7F2F7, 0x00E5F0F5,
    0x00E8F3F9, 0x00E9F4F8, 0x00EBF4F9, 0x00E5F1F5, 0x00E7F3F7, 0x00EAF5F9, 0x00EAF5F9, 0x00E6F2F7, 0x00E6F2F8,
    0x00E8F4F8, 0x00E7F2F6, 0x00E8F3F8, 0x00E9F4FA, 0x00E3F0F6, 0x00E6F3F6, 0x00EDF5FB, 0x00ECF6FA, 0x00E9F4F8,
    0x00EAF5F8, 0x00ECF5FB, 0x00E9F4F9, 0x00E9F4F8, 0x00E9F4F8, 0x00E9F4F9, 0x00EAF4F8, 0x00EAF5F9, 0x00E9F3F9,
    0x00EAF5F9, 0x00E7F2F8, 0x00E8F3F7, 0x00EAF4F9, 0x00E8F3F7, 0x00E8F3F8, 0x00E8F3F7, 0x00ECF6FA, 0x00E5F1F6,
    0x00E6F1F7, 0x00E8F3F9, 0x00E7F2F7, 0x00E7F1F7, 0x00E4F0F4, 0x00E7F2F8, 0x00E5F2F8, 0x00E6F2F7, 0x00E5F1F7,
    0x00E5F1F7, 0x00E8F3F8, 0x00E6F2F8, 0x00E6F2F8, 0x00E5F2F7, 0x00E1F0F5, 0x00E7F4F8, 0x00E8F4F9, 0x00E4F1F6,
    0x00E3F2F7, 0x00E8F3F8, 0x00E6F2F7, 0x00E5F2F7, 0x00E6F1F6, 0x00E3F1F5, 0x00E7F2F7, 0x00E8F3F9, 0x00E6F2F7,
    0x00E9F3F9, 0x00E8F3F9, 0x00E7F4F8, 0x00E7F3F8, 0x00E8F4FA, 0x00E5F1F6, 0x00E6F2F7, 0x00E4F0F6, 0x00E5F1F6,
    0x00E6F2F8, 0x00E5F1F7, 0x00E5F3F8, 0x00E5F2F8, 0x00E6F3F8, 0x00E8F3F9, 0x00E6F2F8, 0x00E8F4F9, 0x00E8F4F9,
    0x00E8F4FA, 0x00E6F3F9, 0x00E3F1F8, 0x00E7F4FA, 0x00E4F2F8, 0x00E7F4F8, 0x00E8F4F9, 0x00E7F4F9, 0x00E7F3F8,
    0x00E7F2F8, 0x00E7F2F8, 0x00E8F3F9, 0x00E4F1F7, 0x00E9F3F9, 0x00E6F3F9, 0x00E3F2F8, 0x00E8F3F8, 0x00E7F2F8,
    0x00E3F2F6, 0x00E5F2F8, 0x00E6F3F8, 0x00E8F4F8, 0x00E6F2F7, 0x00E7F3F7, 0x00E9F5F9, 0x00E7F4F8, 0x00EAF6FA,
    0x00E9F4F8, 0x00E8F4F9, 0x00E9F4F8, 0x00E7F4F8, 0x00E7F4FA, 0x00E4F2F7, 0x00E9F4F8, 0x00E7F4F9, 0x00E7F4F9,
    0x00E8F5FA, 0x00E4F3F9, 0x00E6F6FC, 0x00E4F3FB, 0x00E0F2F9, 0x00E6F4F9, 0x00E3F3F9, 0x00E7F5FC, 0x00E3F4FA,
    0x00E4F4F9, 0x00E6F3F9, 0x00E0F1F8, 0x00DFF1F8, 0x00DEF0F7, 0x00E4F2F9, 0x00E1F1F7, 0x00E6F3F9, 0x00E6F2F8,
    0x00E6F3F7, 0x00E2F2F8, 0x00E7F3F7, 0x00E5F3F7, 0x00E7F4F9, 0x00E3F2F7, 0x00E6F3F8, 0x00E5F3F8, 0x00E5F3F9,
    0x00E7F4F9, 0x00E6F4F9, 0x00E7F4F9, 0x00E7F3F8, 0x00EAF5F9, 0x00EAF5F9, 0x00ECF7FB, 0x00E7F4F9, 0x00E6F4F9,
    0x00ECF6FA, 0x00E9F5F9, 0x00E9F4F8, 0x00E9F4F8, 0x00EAF5F9, 0x00E7F3F8, 0x00E9F4FA, 0x00E7F5F8, 0x00EAF5FA,
    0x00E6F3F8, 0x00E4F2F8, 0x00E5F3F8, 0x00E5F2F9, 0x00DFF0F7, 0x00E2F0F7, 0x00E9F4F8, 0x00E9F4F9, 0x00E5F3F7,
    0x00E7F3F8, 0x00EAF5F9, 0x00EBF5FA, 0x00E8F5F8, 0x00E9F5F8, 0x00E9F5F9, 0x00E9F4FA, 0x00E9F5FA, 0x00EBF5F9,
    0x00EAF6F9, 0x00ECF6FA, 0x00EAF5FA, 0x00ECF6FA, 0x00E4F3F8, 0x00EBF6FA, 0x00EAF5F9, 0x00EAF5F9, 0x00EAF4FA,
    0x00E8F4F9, 0x00E7F2F9, 0x00E8F3F9, 0x00E8F2F8, 0x00E6F2F6, 0x00E8F2F9, 0x00E6F3F7, 0x00E8F3F8, 0x00E4F1F7,
    0x00E9F4FA, 0x00E9F4FA, 0x00E5F3F7, 0x00E8F4F8, 0x00E8F4F8, 0x00E7F2F8, 0x00E5F1F6, 0x00E6F2F6, 0x00E6F2F6,
    0x00E6F1F5, 0x00E6F1F6, 0x00E2F0F5, 0x00E4F1F7, 0x00E5F1F6, 0x00E5F2F7, 0x00E7F3F8, 0x00E7F3F9, 0x00E5F2F7,
    0x00E7F3F8, 0x00E7F3F8, 0x00E5F2F7, 0x00E6F2F7, 0x00E6F3F7, 0x00E7F3F9, 0x00E6F2F8, 0x00E6F2F6, 0x00E6F1F7,
    0x00E7F2F8, 0x00E4F0F5, 0x00E4F0F6, 0x00E2EFF5, 0x00E3EFF5, 0x00E3F0F6, 0x00E3EFF5, 0x00E4F0F7, 0x00DFEDF3,
    0x00E5F1F7, 0x00E3F1F6, 0x00E4F1F7, 0x00E5F1F7, 0x00E0EFF5, 0x00E5F1F7, 0x00E2EFF5, 0x00DFEDF4, 0x00DEEDF3,
    0x00E1EEF5, 0x00E4F0F6, 0x00DAEBF1, 0x00E1EEF4, 0x00E2EFF5, 0x00E5F2F7, 0x00E4F2F7, 0x00E2F0F5, 0x00E4F1F7,
    0x00E8F4F8, 0x00E6F2F8, 0x00E7F2F7, 0x00E8F3F8, 0x00E6F2F7, 0x00E7F3F8, 0x00E8F3F8, 0x00E8F3F7, 0x00E7F3F9,
    0x00E7F3F8, 0x00E5F2F8, 0x00E3F2F7, 0x00E5F2F8, 0x00E3F2F7, 0x00E6F3F8, 0x00E7F3F9, 0x00DDEFF5, 0x00E6F2F8,
    0x00E8F3F8, 0x00E7F3F7, 0x00EAF4FA, 0x00E9F4F9, 0x00EAF4F9, 0x00E9F4F9, 0x00E8F4F8, 0x00E6F2F6, 0x00EAF5FA,
    0x00EBF6FA, 0x00EAF5F9, 0x00EBF6FB, 0x00EBF7FB, 0x00EAF6F9, 0x00EEF8FC, 0x00EDF7FB, 0x00EDF7FB, 0x00EDF6FA,
    0x00E9F4F8, 0x00EBF6F9, 0x00EBF6FA, 0x00EAF5FA, 0x00E8F5F8, 0x00EBF5FA, 0x00E8F4F8, 0x00EBF5F9, 0x00EBF5F9,
    0x00EDF7FA, 0x00EBF6F9, 0x00EDF6F9, 0x00EDF7FA, 0x00EAF4F8, 0x00E9F4F8, 0x00EAF5F9, 0x00E6F3F8, 0x00E4F2F7,
    0x00EAF5F9, 0x00EBF6FA, 0x00EBF6FA, 0x00EAF5FA, 0x00E9F4F8, 0x00E9F4F9, 0x00E9F5FA, 0x00E8F4F9, 0x00E7F4F9,
    0x00E6F2F6, 0x00E9F4F9, 0x00E7F3F9, 0x00E8F3F8, 0x00E8F4F8, 0x00E5F1F5, 0x00E6F2F8, 0x00E8F4F8, 0x00E7F3F7,
    0x00E9F4F8, 0x00E9F4F9, 0x00E8F3F8, 0x00E8F4F8, 0x00E8F4F8, 0x00EAF6FA, 0x00E9F5F9, 0x00E8F4F8, 0x00E5F2F7,
    0x00E4F2F7, 0x00E7F3F7, 0x00E9F4F8, 0x00E9F4F8, 0x00EAF4FA, 0x00E9F4F8, 0x00E9F4F9, 0x00E7F2F7, 0x00E9F3F8,
    0x00E7F2F7, 0x00E8F3F7, 0x00EAF5FA, 0x00E9F3FA, 0x00E9F4FA, 0x00E9F3F9, 0x00E8F3F8, 0x00E9F3FA, 0x00E6F2F6,
    0x00E7F2F7, 0x00E5EFF5, 0x00E5F1F5, 0x00E9F3F9, 0x00E8F3F7, 0x00E8F3F7, 0x00E7F2F7, 0x00E8F4F7, 0x00E7F2F7,
    0x00E7F2F6, 0x00E6F2F7, 0x00E6F2F6, 0x00E4F0F5, 0x00E4F0F5, 0x00E3EFF4, 0x00E5F1F6, 0x00E6F2F7, 0x00E5F1F5,
    0x00E7F3F9, 0x00E7F3F9, 0x00E8F4F8, 0x00E8F3F9, 0x00E9F4F8, 0x00E7F3F7, 0x00E6F1F7, 0x00E6F2F7, 0x00E6F1F7,
    0x00E8F2F9, 0x00E6F2F7, 0x00E7F3F8, 0x00E5F2F7, 0x00E6F2F8, 0x00E7F2F9, 0x00E6F2F7, 0x00E4F2F8, 0x00E6F2F8,
    0x00E7F3F8, 0x00E5F2F7, 0x00E6F2F8, 0x00E6F2F7, 0x00E7F2F9, 0x00E3F0F6, 0x00E3F1F7, 0x00E6F2F7, 0x00E7F3F8,
    0x00E7F4FA, 0x00E7F4FA, 0x00E8F4F9, 0x00E7F3F8, 0x00E7F4FA, 0x00E7F3F9, 0x00E7F4F9, 0x00E8F4FA, 0x00E7F4F9,
    0x00E6F3F9, 0x00E5F2F8, 0x00E4F2F8, 0x00E7F3F8, 0x00E7F3F9, 0x00E7F3F8, 0x00E6F2F7, 0x00E9F2F9, 0x00E6F2F8,
    0x00E5F2F8, 0x00E4F1F7, 0x00E5F2F7, 0x00E2F0F7, 0x00E4F2F8, 0x00E6F3F8, 0x00E5F3F8, 0x00E7F3F8, 0x00E5F3F8,
    0x00E3F2F7, 0x00E8F5F9, 0x00E5F3F8, 0x00E8F4F9, 0x00EAF6FA, 0x00E7F4F9, 0x00E5F3F8, 0x00E6F4F9, 0x00E6F3F9,
    0x00E7F3F8, 0x00E8F4F9, 0x00E9F4F9, 0x00EAF4F9, 0x00EBF5FA, 0x00E6F4F9, 0x00E6F4FA, 0x00E4F5FB, 0x00E4F4FB,
    0x00E3F3FA, 0x00E0F2F8, 0x00E0F1F7, 0x00E5F4F9, 0x00E7F6FA, 0x00E7F5F9, 0x00E2F2F7, 0x00E3F2F8, 0x00E3F2F8,
    0x00E3F2F8, 0x00E2F2F8, 0x00E2F1F7, 0x00DFF0F7, 0x00DEEFF6, 0x00E6F3F7, 0x00E2F2F7, 0x00E4F1F7, 0x00E5F2F7,
    0x00E8F3F9, 0x00E4F2F8, 0x00E6F3F8, 0x00E5F2F7, 0x00E4F2F8, 0x00E5F2F8, 0x00E7F4F9, 0x00E7F3F7, 0x00E5F3F7,
    0x00E7F2F8, 0x00E5F3F8, 0x00E8F3F9, 0x00E4F2F7, 0x00E9F5F9, 0x00E8F3F8, 0x00EAF5F9, 0x00E8F4F9, 0x00E9F4F8,
    0x00ECF6FA, 0x00E8F4F8, 0x00EAF5F9, 0x00EAF5F9, 0x00EAF5FA, 0x00E6F3F9, 0x00E6F3F8, 0x00E8F4FA, 0x00E6F3FA,
    0x00E4F2F9, 0x00E1EFF5, 0x00E3F0F5, 0x00E8F5F9, 0x00EAF6FA, 0x00EAF5F9, 0x00E9F4F8, 0x00EAF5F8, 0x00E9F5F9,
    0x00E7F3F7, 0x00EAF5F9, 0x00E8F4F9, 0x00E5F4F9, 0x00E5F2F8, 0x00EAF5F9, 0x00EAF5FA, 0x00EAF6FA, 0x00EBF6FA,
    0x00ECF6FB, 0x00EBF5FA, 0x00EAF5F9, 0x00EAF5F9, 0x00E9F4F8, 0x00E8F3F8, 0x00E9F4F9, 0x00E7F2F8, 0x00D9EBF4,
    0x00E4F1F6, 0x00E7F2F7, 0x00E7F2F7, 0x00E8F3F7, 0x00E6F2F7, 0x00EAF5FA, 0x00E9F4F9, 0x00E6F3F7, 0x00E8F4F8,
    0x00E6F2F8, 0x00E7F3F7, 0x00E7F3F8, 0x00E8F3F7, 0x00E5F1F6, 0x00E1EFF4, 0x00E2EEF4, 0x00E1EFF6, 0x00E6F1F7,
    0x00E6F1F8, 0x00E5F3F7, 0x00E5F2F8, 0x00E6F3F8, 0x00E6F2F7, 0x00E7F3F8, 0x00E7F3F8, 0x00E6F2F6, 0x00E4F1F7,
    0x00E7F3F8, 0x00E7F3F9, 0x00E6F2F8, 0x00E5F1F6, 0x00E5F1F7, 0x00E3F1F7, 0x00E1EEF4, 0x00E3EFF5, 0x00E3F0F6,
    0x00E3EEF5, 0x00DFEEF5, 0x00E4F0F6, 0x00E4F0F6, 0x00E4F1F7, 0x00E4F1F7, 0x00E5F3F9, 0x00E6F1F6, 0x00E4F0F7,
    0x00E3EFF5, 0x00E4F0F6, 0x00DFEEF3, 0x00E2EFF5, 0x00E0EFF4, 0x00E2EFF5, 0x00E5F0F6, 0x00E2EFF4, 0x00E4F0F5,
    0x00E4F0F6, 0x00E2EFF5, 0x00E4F1F7, 0x00E6F2F6, 0x00E3F0F6, 0x00E6F1F8, 0x00E5F2F7, 0x00E5F2F8, 0x00E4F1F7,
    0x00E5F1F7, 0x00E5F2F8, 0x00E8F3F9, 0x00E6F2F6, 0x00E8F3F7, 0x00E8F3F8, 0x00E7F2F6, 0x00E7F2F6, 0x00E3F0F7,
    0x00DFF1F7, 0x00E7F3F8, 0x00E8F4FA, 0x00E6F2F8, 0x00E7F4F8, 0x00E6F2F7, 0x00E7F3F8, 0x00E8F3F9, 0x00E7F3F8,
    0x00E9F4F9, 0x00E7F3F9, 0x00EBF5FA, 0x00E9F4F8, 0x00E9F4F9, 0x00EBF5F9, 0x00EBF6F9, 0x00EBF6F9, 0x00EAF5F9,
    0x00EDF7FB, 0x00ECF6FA, 0x00EBF6FA, 0x00EBF6FA, 0x00EAF4F8, 0x00E9F4F8, 0x00EAF5F9, 0x00E8F4FA, 0x00E8F4F9,
    0x00E9F5FA, 0x00E9F4F9, 0x00EAF6FA, 0x00EBF6FA, 0x00EAF5FA, 0x00EAF5FA, 0x00E9F5F9, 0x00EFF8FC, 0x00EBF6F9,
    0x00EAF6F9, 0x00EAF5F9, 0x00E9F5F9, 0x00EAF6FA, 0x00E9F4F9, 0x00E9F5F9, 0x00E9F4F9, 0x00E9F5FA, 0x00EAF5F9,
    0x00E9F5FA, 0x00E8F4F9, 0x00E6F2F8, 0x00E8F3F9, 0x00E8F4F8, 0x00E8F4F9, 0x00E7F3F8, 0x00E5F3F8, 0x00E9F4F9,
    0x00E9F4F8, 0x00E5F2F6, 0x00E7F2F7, 0x00E6F2F7, 0x00E7F2F7, 0x00E7F3F8, 0x00E8F3F9, 0x00E8F3F8, 0x00E7F3F8,
    0x00E8F4F8, 0x00EAF5F9, 0x00E9F4F9, 0x00E6F3F7, 0x00E8F3F9, 0x00E7F3F7, 0x00E8F3F7, 0x00E6F2F7, 0x00E9F4F9,
    0x00E9F4FA, 0x00E7F2F7, 0x00EAF4FA, 0x00EAF4F9, 0x00E8F3F7, 0x00E8F3F7, 0x00E9F3F8, 0x00E9F3F9, 0x00E9F4FA,
    0x00E9F4FA, 0x00E9F4F9, 0x00E8F4F9, 0x00E7F3F8, 0x00E5F1F7, 0x00E7F2F8, 0x00E5F0F5, 0x00E6F1F6, 0x00E7F2F7,
    0x00E8F3F9, 0x00E8F3F7, 0x00E8F3F8, 0x00E7F2F7, 0x00E8F2F8, 0x00E5F1F7, 0x00E6F1F6, 0x00E7F2F8, 0x00E7F1F7,
    0x00E4F0F6, 0x00E2EFF4, 0x00E7F2F8, 0x00E5F1F7, 0x00E5F1F7, 0x00E6F2F7, 0x00E6F1F7, 0x00E5F2F8, 0x00E5F1F7,
    0x00E5F0F5, 0x00E5F0F5, 0x00E6F1F6, 0x00E6F1F6, 0x00E5F1F7, 0x00E5F1F7, 0x00E4F0F5, 0x00E4F0F6, 0x00E3F0F5,
    0x00E2F0F5, 0x00E7F3F9, 0x00E6F2F8, 0x00E5F1F7, 0x00E5F1F7, 0x00E3F1F7, 0x00E6F4F8, 0x00E4F2F7, 0x00E2F0F6,
    0x00E5F2F8, 0x00E3F1F7, 0x00E4F1F7, 0x00E7F4F9, 0x00E6F2F8, 0x00E5F2F8, 0x00E5F2F8, 0x00E3F0F7, 0x00E5F1F7,
    0x00E6F3F9, 0x00E4F2F8, 0x00E7F3F9, 0x00E7F4F9, 0x00E6F3F9, 0x00E5F2F8, 0x00E5F3F8, 0x00E4F1F7, 0x00E5F2F8,
    0x00E8F4FA, 0x00E7F3F9, 0x00E6F2F8, 0x00E4F0F6, 0x00E7F3F8, 0x00E5F1F7, 0x00E4F0F7, 0x00E6F2F8, 0x00E2F0F7,
    0x00DEEFF6, 0x00E3F1F8, 0x00E7F3FA, 0x00E5F3F9, 0x00E4F3F9, 0x00E4F3F9, 0x00E5F3F8, 0x00E8F4F8, 0x00E4F2F8,
    0x00E3F2F8, 0x00E3F2F7, 0x00E4F2F8, 0x00E6F3F8, 0x00E3F1F7, 0x00E3F1F7, 0x00E6F2F9, 0x00E7F3F9, 0x00E6F4FA,
    0x00E7F4FA, 0x00E2F3F9, 0x00E3F3FA, 0x00E1F3FA, 0x00DEF1F8, 0x00DBEFF7, 0x00E2F2F9, 0x00E4F2F9, 0x00E3F3F9,
    0x00E1F2F7, 0x00E1F1F7, 0x00E4F4FA, 0x00E1F2F8, 0x00E0F1F7, 0x00E2F1F7, 0x00E0F1F7, 0x00E1F1F7, 0x00E2F0F7,
    0x00E6F3F7, 0x00E5F2F8, 0x00E0F0F5, 0x00DEEFF5, 0x00E2F1F5, 0x00E3F1F7, 0x00E0F0F6, 0x00E2F0F6, 0x00E5F2F8,
    0x00E0F0F7, 0x00E2F1F7, 0x00E3F0F6, 0x00E7F3F8, 0x00E6F2F8, 0x00E5F2F8, 0x00E1F1F7, 0x00E0EFF5, 0x00E8F3F8,
    0x00E9F4F8, 0x00EAF4F8, 0x00E9F4F8, 0x00E9F5F9, 0x00E6F2F6, 0x00E8F3F7, 0x00EAF5FA, 0x00E7F2F7, 0x00E8F3FA,
    0x00E4F2F8, 0x00E1F2F9, 0x00E8F4F9, 0x00E9F4F8, 0x00E6F4FA, 0x00DFEFF5, 0x00E7F4F8, 0x00E7F4F9, 0x00E6F4F8,
    0x00ECF5F9, 0x00E9F5F8, 0x00E8F4F8, 0x00E9F5F8, 0x00E9F4F8, 0x00E9F5F9, 0x00EBF6F9, 0x00EBF6FB, 0x00E8F5F9,
    0x00E8F5FA, 0x00EAF6F9, 0x00EAF5F9, 0x00E9F6FA, 0x00E6F4FA, 0x00EBF5F9, 0x00EBF6FA, 0x00EBF6FA, 0x00EBF6FB,
    0x00E7F3F7, 0x00E9F4F8, 0x00E7F2F8, 0x00DFEFF5, 0x00DDEEF4, 0x00EAF3F7, 0x00EAF4F9, 0x00E8F4F9, 0x00E6F2F8,
    0x00E7F3F8, 0x00E6F3F8, 0x00E6F3F7, 0x00E9F4F8, 0x00E8F4F8, 0x00E7F3F9, 0x00E4F1F7, 0x00E4F1F7, 0x00E5F1F7,
    0x00E6F1F8, 0x00E3F0F4, 0x00E2EFF5, 0x00E4F0F6, 0x00E3F0F5, 0x00E4F1F5, 0x00E7F3F8, 0x00E4F2F6, 0x00E5F2F8,
    0x00E5F2F8, 0x00E7F2F9, 0x00E8F3F9, 0x00E4F2F8, 0x00E3F1F6, 0x00E6F2F9, 0x00E3F0F6, 0x00E2EFF5, 0x00E4F1F7,
    0x00E4F1F6, 0x00E5F2F7, 0x00E1EFF3, 0x00E2EFF5, 0x00E1EEF4, 0x00E1EEF5, 0x00DEEEF3, 0x00E3EFF6, 0x00E4F0F6,
    0x00E2EFF6, 0x00E1EFF4, 0x00E6F1F8, 0x00E6F1F7, 0x00E4F1F6, 0x00E3F0F5, 0x00E3F0F6, 0x00E3F0F6, 0x00E0EFF5,
    0x00DEEEF4, 0x00DFEDF4, 0x00E6F1F6, 0x00E4F0F6, 0x00E1EFF5, 0x00E2EFF6, 0x00E2F0F4, 0x00E5F1F7, 0x00E4F0F6,
    0x00E2EFF5, 0x00E4F0F7, 0x00E5F1F6, 0x00E5F0F6, 0x00E0EEF5, 0x00E5F1F7, 0x00E8F4F8, 0x00E8F3F8, 0x00E8F2F6,
    0x00E8F3F7, 0x00E6F1F8, 0x00E5F1F5, 0x00E6F0F6, 0x00E6F2F8, 0x00E2F1F7, 0x00E5F2F7, 0x00E7F3F9, 0x00E7F3F9,
    0x00E7F3F8, 0x00E7F3F8, 0x00E7F3F8, 0x00E8F2F9, 0x00E7F2F8, 0x00E6F3F7, 0x00E8F4F9, 0x00EAF4F9, 0x00EAF4F9,
    0x00E8F3F8, 0x00E9F4FA, 0x00E9F5F9, 0x00EBF6F9, 0x00EDF6F9, 0x00ECF6FB, 0x00EBF7FB, 0x00EBF6FA, 0x00ECF6FA,
    0x00E9F5F8, 0x00EAF4F8, 0x00EAF4F8, 0x00E8F4F7, 0x00EBF6FA, 0x00ECF7FA, 0x00E9F5F8, 0x00E9F5F9, 0x00EAF6FA,
    0x00ECF7FB, 0x00EBF6FA, 0x00EAF5F9, 0x00ECF6FB, 0x00ECF6FA, 0x00EAF5F9, 0x00E8F3F9, 0x00E8F4F8, 0x00EAF5F9,
    0x00EAF4F9, 0x00E8F4F8, 0x00E8F4F8, 0x00E9F4FA, 0x00EBF6FA, 0x00E6F3F7, 0x00E6F2F8, 0x00E9F5FA, 0x00E7F3F8,
    0x00E8F3F8, 0x00E7F3F8, 0x00E7F3F7, 0x00E8F3F7, 0x00E6F3F9, 0x00EAF5F9, 0x00E6F3F7, 0x00E6F1F7, 0x00E2F0F6,
    0x00E5F2F8, 0x00E5F1F6, 0x00E9F4F8, 0x00E8F3F7, 0x00E1EDF1, 0x00E9F5F9, 0x00E8F3F8, 0x00E8F4FA, 0x00E6F3F7,
    0x00E7F1F7, 0x00E2F0F6, 0x00E3F1F6, 0x00E4F0F5, 0x00E1EEF4, 0x00E0EEF4, 0x00E5F1F5, 0x00E9F3F7, 0x00E8F2F8,
    0x00E6F1F7, 0x00E3EFF5, 0x00E4EFF6, 0x00DFECF2, 0x00E7F3F8, 0x00E9F4FA, 0x00E8F3F9, 0x00E9F4F9, 0x00E9F4F9,
    0x00E7F3F7, 0x00E7F1F8, 0x00E5F1F6, 0x00E4EFF5, 0x00E5F0F6, 0x00E4EFF6, 0x00E6F1F6, 0x00E3F0F6, 0x00E0EEF3,
    0x00E4F1F6, 0x00E4F0F5, 0x00E5F1F6, 0x00E3EFF5, 0x00E4F0F6, 0x00E3EFF4, 0x00E6F1F6, 0x00E6F1F7, 0x00E0EEF3,
    0x00E5F1F6, 0x00E4F0F4, 0x00E5F1F7, 0x00E5F1F5, 0x00E4F1F5, 0x00E6F2F6, 0x00E6F1F6, 0x00E7F2F7, 0x00E3F0F6,
    0x00E3EFF5, 0x00E2EFF5, 0x00E3EFF6, 0x00E3F0F6, 0x00E1EEF4, 0x00E5F1F7, 0x00E7F3F8, 0x00E6F2F8, 0x00E6F2F8,
    0x00E6F3F8, 0x00E3F1F7, 0x00E5F2F7, 0x00E5F3F8, 0x00E2F0F6, 0x00E3F1F7, 0x00E3F0F6, 0x00E5F2F8, 0x00E5F2F6,
    0x00E6F2F8, 0x00E6F2F7, 0x00E3F1F7, 0x00DFEEF5, 0x00E3F1F7, 0x00E5F2F8, 0x00E4F2F7, 0x00E4F1F7, 0x00E6F3F8,
    0x00E7F4F9, 0x00E3F1F7, 0x00E4F1F7, 0x00E6F2F8, 0x00E5F1F7, 0x00E5F2F7, 0x00E7F3F9, 0x00E5F1F6, 0x00E3EFF4,
    0x00E5F2F6, 0x00E3F0F6, 0x00E5F2F7, 0x00E2F0F7, 0x00E4F1F7, 0x00E6F2F8, 0x00E5F3F8, 0x00E5F3F8, 0x00E3F2F8,
    0x00E4F2F7, 0x00E4F2F7, 0x00E7F4F9, 0x00E7F4F8, 0x00E6F4FA, 0x00E5F2F7, 0x00E3F1F7, 0x00E5F3F9, 0x00E7F3F8,
    0x00E4F3F8, 0x00E3F2F7, 0x00E2F1F8, 0x00E8F4FA, 0x00E3F3F9, 0x00E3F3F9, 0x00E4F3F9, 0x00E5F4FA, 0x00DFF3FA,
    0x00E2F3FA, 0x00DFF1F8, 0x00E0F1F7, 0x00E5F3F9, 0x00E3F2F8, 0x00E4F4FA, 0x00E6F4F9, 0x00E5F4F9, 0x00E2F1F8,
    0x00D8EDF4, 0x00E2F2F6, 0x00E0F0F7, 0x00E0F0F7, 0x00E1F1F7, 0x00E0F0F6, 0x00DFF0F6, 0x00D7EBF3, 0x00CFE6F1,
    0x00E2F1F6, 0x00E1EFF5, 0x00E2F0F6, 0x00E2F0F6, 0x00E1EFF6, 0x00E0EFF6, 0x00E1EFF6, 0x00E0EFF6, 0x00E3F0F6,
    0x00E6F2F8, 0x00E1F0F7, 0x00E4F1F7, 0x00E2F1F7, 0x00E4F2F7, 0x00E6F2F8, 0x00E7F3F8, 0x00E7F3F7, 0x00E8F3F8,
    0x00E7F2F7, 0x00E8F2F7, 0x00E6F1F8, 0x00E3F0F6, 0x00E7F3F9, 0x00E2F1F8, 0x00E1F1F7, 0x00E7F4F9, 0x00E5F3F9,
    0x00E8F3F8, 0x00E3F2F7, 0x00E9F4F9, 0x00E8F4F9, 0x00E6F4F8, 0x00EAF5FA, 0x00E7F4F8, 0x00E7F4F8, 0x00E5F3F8,
    0x00E9F4F8, 0x00E8F4F8, 0x00E7F3F8, 0x00E7F4F8, 0x00E8F4F8, 0x00E9F5FA, 0x00E9F6F9, 0x00E8F4F8, 0x00E8F4F9,
    0x00DEF1F7, 0x00E9F5F9, 0x00E8F3F9, 0x00EAF5F9, 0x00E7F4F9, 0x00E6F4F8, 0x00EBF5FA, 0x00E5F2F8, 0x00E3F1F7,
    0x00E8F3F8, 0x00E6F3F7, 0x00E7F2F8, 0x00E6F2F7, 0x00E6F2F8, 0x00E3F1F7, 0x00E2F0F6, 0x00E3F2F7, 0x00E7F3F8,
    0x00E6F3F8, 0x00E6F2F8, 0x00E3F1F7, 0x00E5F2F7, 0x00E3F0F5, 0x00E2EFF6, 0x00DFEDF3, 0x00E5F0F5, 0x00E4F0F6,
    0x00E5F1F7, 0x00E3F0F6, 0x00E6F2F6, 0x00E6F2F8, 0x00E5F2F8, 0x00E5F1F7, 0x00E4F1F7, 0x00E5F2F8, 0x00E3F1F7,
    0x00E6F2F7, 0x00E8F4F9, 0x00E4F1F7, 0x00E3F1F6, 0x00E5F1F7, 0x00E3F0F6, 0x00E4F1F6, 0x00E4F1F6, 0x00E5F0F6,
    0x00E5F1F5, 0x00E1EEF5, 0x00E1EEF4, 0x00E1EEF5, 0x00E2EFF5, 0x00E1EFF5, 0x00E1EFF4, 0x00E6F2F7, 0x00E6F1F7,
    0x00E7F2F6, 0x00E5F1F6, 0x00E4F0F6, 0x00E2EFF5, 0x00E0EFF5, 0x00E3EFF5, 0x00E1EEF4, 0x00E3F0F6, 0x00E3EFF5,
    0x00E1EEF4, 0x00E3F0F5, 0x00E3F0F5, 0x00E5F0F7, 0x00E4F1F7, 0x00E1EFF5, 0x00E2EFF5, 0x00E2F0F5, 0x00E5F0F7,
    0x00E5F1F6, 0x00E4F1F6, 0x00E6F3F8, 0x00EAF3F8, 0x00E7F2F6, 0x00E6F1F6, 0x00E5F1F7, 0x00E4F0F5, 0x00E5F1F6,
    0x00E5F1F7, 0x00E7F2F8, 0x00E7F3F8, 0x00E4F1F5, 0x00E0EFF5, 0x00E6F2F8, 0x00E6F2F7, 0x00E6F2F6, 0x00E8F3F8,
    0x00E7F3F8, 0x00E7F4FA, 0x00E8F3F9, 0x00E9F4F9, 0x00E7F3F8, 0x00E5F2F8, 0x00E8F4F9, 0x00EBF5FA, 0x00ECF6FA,
    0x00EBF6FA, 0x00E9F5FA, 0x00E9F6FA, 0x00EDF7FB, 0x00EDF6FB, 0x00E9F4F8, 0x00ECF6FB, 0x00E9F5F9, 0x00E9F5F9,
    0x00EAF5FA, 0x00EBF5FA, 0x00EAF6FA, 0x00EBF6FA, 0x00EDF7FB, 0x00ECF7FA, 0x00EBF6FA, 0x00EAF5F9, 0x00EAF5F9,
    0x00EBF6FA, 0x00EAF5F9, 0x00E9F5F9, 0x00EAF5F9, 0x00EAF5F9, 0x00EBF6FA, 0x00E8F4F8, 0x00EAF5F9, 0x00EAF5F9,
    0x00E7F3F8, 0x00E7F3F7, 0x00E7F2F8, 0x00E9F4F8, 0x00E8F3F8, 0x00E9F4F9, 0x00E6F2F6, 0x00E8F3F8, 0x00EAF4F9,
    0x00E9F5F8, 0x00E9F4F8, 0x00EAF5F9, 0x00E8F3F8, 0x00E8F4F8, 0x00E6F2F7, 0x00E8F4F9, 0x00E8F3F9, 0x00E6F3F7,
    0x00E5F3F6, 0x00E8F3F8, 0x00E6F3F8, 0x00E5F2F7, 0x00E7F3F8, 0x00E5F1F7, 0x00E1EFF4, 0x00E2EFF4, 0x00E5F1F6,
    0x00E7F2F8, 0x00E7F2F7, 0x00E5F0F5, 0x00E8F2F7, 0x00E8F1F7, 0x00E5F0F5, 0x00E3EFF4, 0x00E5F0F4, 0x00E5F0F7,
    0x00E2EFF4, 0x00E9F3F9, 0x00E6F2F8, 0x00E7F3F8, 0x00E9F3F9, 0x00E9F4F8, 0x00E7F3F8, 0x00E6F2F6, 0x00E5F1F6,
    0x00E5F1F6, 0x00E5F0F6, 0x00E4F0F6, 0x00E2EFF5, 0x00E3F0F5, 0x00E3F0F6, 0x00E2EEF4, 0x00E1EEF4, 0x00E1EEF4,
    0x00E2EFF5, 0x00E1EFF5, 0x00E3EFF4, 0x00E4F0F6, 0x00E1EFF4, 0x00E4F0F6, 0x00E4F0F6, 0x00E3EFF5, 0x00E1EEF4,
    0x00E1EFF4, 0x00E0EEF4, 0x00E1EEF4, 0x00E1EEF5, 0x00E2EFF5, 0x00E1EFF5, 0x00E2EEF5, 0x00E2EEF4, 0x00E0EEF4,
    0x00E2EFF5, 0x00E6F2F8, 0x00E4F1F8, 0x00E4F1F7, 0x00E1EFF6, 0x00E4F2F7, 0x00E5F2F8, 0x00E5F1F7, 0x00E3F1F7,
    0x00E1EFF5, 0x00E3F1F7, 0x00E5F1F7, 0x00E3F1F7, 0x00E6F2F7, 0x00E5F2F8, 0x00E6F2F7, 0x00E2F1F6, 0x00E3F1F8,
    0x00E5F1F7, 0x00E3F1F6, 0x00E4F1F7, 0x00E2F0F6, 0x00E5F2F8, 0x00E2EFF6, 0x00E1EFF5, 0x00E3F0F6, 0x00E4F1F8,
    0x00E6F3F9, 0x00E2EFF6, 0x00E5F3F9, 0x00E8F3F9, 0x00E6F2F7, 0x00E0EEF5, 0x00E3F0F6, 0x00E3F1F7, 0x00E3F1F7,
    0x00E5F1F7, 0x00E4F1F7, 0x00E2F0F6, 0x00E3F1F8, 0x00E5F2F8, 0x00E7F3F9, 0x00E5F2F8, 0x00E6F3F9, 0x00E4F2F7,
    0x00E2F1F8, 0x00E4F1F8, 0x00E1F1F7, 0x00E1F0F7, 0x00E1F0F7, 0x00E4F2F8, 0x00E0F1F7, 0x00E5F3F9, 0x00E3F3F9,
    0x00E1F2F7, 0x00E7F4FA, 0x00E6F3F9, 0x00E3F4FA, 0x00E4F5FB, 0x00DFF2FA, 0x00DEF1F8, 0x00E0F2F8, 0x00E0F2F9,
    0x00E1F1F7, 0x00DDEFF6, 0x00E3F2F7, 0x00DEEFF5, 0x00DFEFF5, 0x00DCEDF5, 0x00E3F1F7, 0x00DEEFF5, 0x00E2F1F6,
    0x00E0EFF6, 0x00DAEDF4, 0x00E0F0F7, 0x00E1EFF6, 0x00DAEDF5, 0x00DDECF4, 0x00E2F0F6, 0x00E1EFF7, 0x00E1EFF6,
    0x00DDEDF4, 0x00DEEDF4, 0x00E2F1F7, 0x00E5F2F6, 0x00E5F1F7, 0x00E7F3F8, 0x00E0F0F6, 0x00E5F1F7, 0x00E6F2F8,
    0x00E8F3F8, 0x00E4F2F7, 0x00E0F0F6, 0x00EAF4F9, 0x00E8F3F9, 0x00E7F3F7, 0x00E9F3F7, 0x00E6F2F7, 0x00E1F0F5,
    0x00E7F3F9, 0x00E6F2F8, 0x00E7F3F7, 0x00E6F4FA, 0x00E7F5F9, 0x00E7F3F9, 0x00E5F3F7, 0x00E6F3F8, 0x00E9F5FA,
    0x00E8F4F9, 0x00E6F3F9, 0x00DCEFF6, 0x00E1F2F9, 0x00DFF0F7, 0x00E7F4F9, 0x00E8F4F9, 0x00E5F2F7, 0x00E6F3F7,
    0x00E6F3F8, 0x00E4F1F7, 0x00E6F4F9, 0x00E5F2F8, 0x00E9F5F9, 0x00EAF5F9, 0x00E7F4F9, 0x00E9F5F8, 0x00E9F4F9,
    0x00E7F4F8, 0x00E5F3F8, 0x00EAF4FB, 0x00EAF4FA, 0x00E8F4F8, 0x00E9F5F9, 0x00EAF5F9, 0x00E7F3F8, 0x00E7F3F7,
    0x00E7F3F8, 0x00E5F2F7, 0x00E3F1F7, 0x00E6F2F7, 0x00E8F3F8, 0x00E5F2F7, 0x00E7F3F8, 0x00E4F1F6, 0x00E5F2F6,
    0x00E7F3F7, 0x00E4F1F6, 0x00E3F0F5, 0x00E7F2F7, 0x00E6F1F5, 0x00E5F1F8, 0x00E6F2F7, 0x00E6F3F8, 0x00E4F2F8,
    0x00E3F0F6, 0x00E3F1F7, 0x00E4F1F6, 0x00E4F2F8, 0x00E3F0F6, 0x00E8F4F9, 0x00E4F1F7, 0x00E5F2F6, 0x00E6F3F8,
    0x00E4F0F6, 0x00E2F0F7, 0x00E0EDF4, 0x00E5F1F7, 0x00E7F2F8, 0x00E1EEF4, 0x00E0EEF4, 0x00E2EFF5, 0x00E1EFF5,
    0x00E1EEF4, 0x00E0EEF4, 0x00E3F0F6, 0x00E5F0F6, 0x00E5F1F7, 0x00E5F1F7, 0x00E5F1F6, 0x00E3EEF4, 0x00E4F0F6,
    0x00E4F1F6, 0x00E3EFF5, 0x00E3F0F6, 0x00E2EFF5, 0x00E2EEF4, 0x00E0EEF3, 0x00E4EFF5, 0x00E5F0F6, 0x00E5F1F7,
    0x00E4F0F6, 0x00E5F1F5, 0x00E3F0F6, 0x00E4F0F5, 0x00E4EFF5, 0x00E3F0F6, 0x00E6F1F7, 0x00E7F3F7, 0x00EBF3F7,
    0x00E6F1F5, 0x00E8F1F5, 0x00E7F1F7, 0x00E4F0F6, 0x00E4F0F5, 0x00E2EFF5, 0x00E6F2F8, 0x00E6F1F7, 0x00E6F1F7,
    0x00E3F1F6, 0x00E1EFF5, 0x00E4F1F5, 0x00E5F2F7, 0x00E5F1F6, 0x00E8F3F8, 0x00E6F3F8, 0x00E6F3F9, 0x00E9F4FA,
    0x00E7F3F7, 0x00E8F4F8, 0x00EBF6F9, 0x00EBF6FA, 0x00E9F5F8, 0x00E9F4F8, 0x00EBF6FA, 0x00EBF6FC, 0x00E8F5F9,
    0x00EBF6FA, 0x00E9F5F9, 0x00EBF5FB, 0x00EAF5F9, 0x00E9F4F9, 0x00E9F4F8, 0x00E9F4F9, 0x00EAF5FA, 0x00E7F3F7,
    0x00EAF5FA, 0x00EBF5FA, 0x00EBF6FA, 0x00EBF6FA, 0x00EBF6FA, 0x00EAF5FA, 0x00EAF5F9, 0x00E9F5F9, 0x00E9F5F9,
    0x00EBF6FA, 0x00E8F4F8, 0x00E8F4F8, 0x00EAF5FA, 0x00E9F5F9, 0x00E9F4F8, 0x00E9F4F8, 0x00E9F4F9, 0x00E8F3F7,
    0x00E8F3F8, 0x00E7F3F7, 0x00E5F2F6, 0x00E8F2F7, 0x00E7F3F9, 0x00E8F4F8, 0x00EBF5F9, 0x00E7F2F7, 0x00E8F3F7,
    0x00E7F3F8, 0x00E8F4F9, 0x00EAF5F9, 0x00E6F2F7, 0x00E8F4F8, 0x00E8F4F8, 0x00E9F4F9, 0x00E4F1F5, 0x00E5F1F5,
    0x00E3F0F6, 0x00E0EEF4, 0x00DFEDF3, 0x00E4EFF5, 0x00E5F1F5, 0x00E4EFF5, 0x00E4F0F7, 0x00E4F1F6, 0x00E3F0F5,
    0x00E6F0F6, 0x00E2EFF5, 0x00E0EFF4, 0x00E2EEF4, 0x00E2EFF6, 0x00DFEEF3, 0x00E5F1F7, 0x00E2EFF5, 0x00E6F1F8,
    0x00E8F3F9, 0x00E6F1F7, 0x00E6F1F7, 0x00E4F1F6, 0x00E3EFF5, 0x00E4F0F5, 0x00E2F0F6, 0x00E3F0F6, 0x00E3F0F6,
    0x00E2EFF5, 0x00E0EDF3, 0x00E2EFF5, 0x00E0EEF4, 0x00DDEAF1, 0x00DFECF4, 0x00E0EEF4, 0x00E0ECF2, 0x00DFEDF3,
    0x00E1EEF4, 0x00E1EFF4, 0x00E3EFF5, 0x00E3F0F6, 0x00E3F0F6, 0x00E2EFF4, 0x00E3F0F6, 0x00E1EEF3, 0x00E1EEF4,
    0x00E2EFF5, 0x00E2EFF4, 0x00E1EEF4, 0x00E0EEF4, 0x00DFECF3, 0x00E1EFF5, 0x00E1EEF6, 0x00E1EFF5, 0x00E4F1F8,
    0x00DEEDF4, 0x00E3F0F6, 0x00E3F0F6, 0x00E1EFF6, 0x00E3F1F7, 0x00E3F1F7, 0x00E2F0F6, 0x00E5F1F7, 0x00E3F0F7,
    0x00E3F0F5, 0x00E4F2F7, 0x00E3F0F7, 0x00E7F3F7, 0x00E7F2F8, 0x00E4F1F6, 0x00E2F0F6, 0x00E3F0F7, 0x00E1EEF5,
    0x00E4F1F7, 0x00E2EFF5, 0x00E2F0F6, 0x00E2EFF6, 0x00E3F1F7, 0x00E5F2F9, 0x00E2F0F7, 0x00E3F0F6, 0x00E7F3F7,
    0x00E6F2F7, 0x00E4F1F6, 0x00E5F2F7, 0x00E3F0F6, 0x00E4F1F7, 0x00E6F2F8, 0x00DFEEF5, 0x00E3F1F7, 0x00E1F0F7,
    0x00E3F2F7, 0x00E7F4F8, 0x00E4F3F7, 0x00E5F2F7, 0x00E5F2F8, 0x00E4F2F7, 0x00DFEFF6, 0x00E3F1F7, 0x00DEEEF5,
    0x00DCEEF5, 0x00E3F1F8, 0x00E0F1F7, 0x00E6F3F8, 0x00E6F4F8, 0x00E9F6FA, 0x00E8F4F9, 0x00E5F4FA, 0x00E3F4FA,
    0x00E5F4FB, 0x00E0F2F9, 0x00E0F1F8, 0x00DEF1F8, 0x00DAEEF5, 0x00DDEEF6, 0x00DFF0F7, 0x00E3F2F8, 0x00E2F1F8,
    0x00E1F1F7, 0x00DAEEF6, 0x00DAEEF4, 0x00E2F1F7, 0x00E1F0F6, 0x00E2F1F7, 0x00DEEFF5, 0x00E1F0F6, 0x00DFEFF6,
    0x00DBEDF4, 0x00E0F0F6, 0x00E3F1F7, 0x00E3F1F6, 0x00E1EFF6, 0x00E2F0F6, 0x00DBECF4, 0x00DEEEF5, 0x00E2EFF6,
    0x00E2F1F7, 0x00E2F1F7, 0x00E5F2F7, 0x00E2F1F7, 0x00E7F3F8, 0x00E4F1F5, 0x00E7F3F8, 0x00E4F2F7, 0x00E9F4F8,
    0x00E7F3F9, 0x00E6F2F7, 0x00E5F1F7, 0x00E7F3F8, 0x00E4F1F6, 0x00E5F1F6, 0x00E4F2F8, 0x00E7F3F9, 0x00E7F4FA,
    0x00E8F4F8, 0x00E7F4F9, 0x00E4F2F7, 0x00E8F4F9, 0x00E7F3F8, 0x00E2F2F8, 0x00E8F4F9, 0x00E4F3F7, 0x00E3F2F8,
    0x00E5F3F8, 0x00EBF5F9, 0x00E9F4F9, 0x00E7F3F8, 0x00E9F4F7, 0x00E7F3F7, 0x00E6F3F8, 0x00E1F1F7, 0x00E4F3F8,
    0x00E9F4F8, 0x00EAF5F9, 0x00E8F3F8, 0x00EBF5F9, 0x00ECF5FA, 0x00E8F5F9, 0x00E7F4F9, 0x00EBF6FA, 0x00E8F4FA,
    0x00E8F4F8, 0x00E9F5FA, 0x00E9F5FA, 0x00E5F3F8, 0x00E9F4F8, 0x00E7F3F7, 0x00E8F3F7, 0x00E5F2F7, 0x00E6F2F7,
    0x00E6F2F8, 0x00E7F3F8, 0x00E7F3F8, 0x00E8F4F8, 0x00E5F2F7, 0x00E3F0F7, 0x00E5F1F6, 0x00E3F1F6, 0x00E4F1F6,
    0x00E9F4F8, 0x00E4F2F6, 0x00E7F3F8, 0x00E7F3F8, 0x00E5F2F7, 0x00E7F3F7, 0x00E6F3F9, 0x00E5F1F7, 0x00E3F1F5,
    0x00E6F2F7, 0x00E6F2F8, 0x00E4F3F8, 0x00E5F2F7, 0x00E5F2F7, 0x00E4F1F7, 0x00E3F0F6, 0x00E1EFF5, 0x00E2EFF5,
    0x00E3F0F6, 0x00E2F0F5, 0x00E4F0F5, 0x00E2F0F4, 0x00E3EFF5, 0x00E2EFF4, 0x00E1EEF3, 0x00E3EFF5, 0x00E5F0F6,
    0x00E6F1F7, 0x00E5F1F5, 0x00E5F0F7, 0x00E4F0F4, 0x00E6F1F7, 0x00E6F0F6, 0x00E2EFF4, 0x00E2EEF3, 0x00E4EFF5,
    0x00E3EFF5, 0x00E1EEF3, 0x00E1EEF4, 0x00E0EFF4, 0x00E3F0F5, 0x00E2EFF5, 0x00E5EFF5, 0x00E4EFF5, 0x00E2EEF4,
    0x00E3EFF5, 0x00E3F0F5, 0x00E4F0F5, 0x00E3F0F5, 0x00E7F1F6, 0x00E4EFF5, 0x00E3EFF5, 0x00E3EFF4, 0x00DFEDF3,
    0x00E4EFF5, 0x00E3EFF5, 0x00E1EFF5, 0x00E2EFF5, 0x00E3F0F6, 0x00E4F1F6, 0x00E5F1F6, 0x00E1EFF6, 0x00DDEFF6,
    0x00E2F0F6, 0x00E6F1F6, 0x00E6F2F7, 0x00E8F4FA, 0x00E8F3F9, 0x00E8F4F8, 0x00E9F4F9, 0x00EBF5FA, 0x00EDF6FA,
    0x00ECF7FA, 0x00E9F5FA, 0x00ECF7FB, 0x00ECF7FB, 0x00EAF6FA, 0x00EBF6FB, 0x00EBF7FB, 0x00EBF5FA, 0x00E8F4F8,
    0x00E6F2F8, 0x00E9F5F9, 0x00E8F3F7, 0x00EAF5F9, 0x00E5F1F6, 0x00E9F5F9, 0x00EAF5F9, 0x00EAF5F9, 0x00EAF5FA,
    0x00EAF4F9, 0x00EAF6F9, 0x00EAF4F9, 0x00E9F4F8, 0x00E8F4F8, 0x00EAF5F9, 0x00EBF6FA, 0x00EAF5F9, 0x00EBF5FA,
    0x00EAF5F9, 0x00E9F4F8, 0x00E9F4F9, 0x00E9F5F9, 0x00E9F4F9, 0x00E8F4F9, 0x00E7F3F8, 0x00E1EFF5, 0x00E5F1F7,
    0x00E5F1F6, 0x00E6F2F7, 0x00E9F4F8, 0x00E9F4F8, 0x00E7F3F8, 0x00E7F3F8, 0x00E6F2F8, 0x00E9F4F9, 0x00E8F4F9,
    0x00E9F4F9, 0x00E8F2F9, 0x00E8F3F8, 0x00E7F2F7, 0x00E2EFF4, 0x00E6F2F7, 0x00E3EFF5, 0x00DFEDF3, 0x00E0EEF4,
    0x00E2EFF4, 0x00E1EFF5, 0x00E2EFF5, 0x00E3F0F5, 0x00E3EFF4, 0x00E2EFF5, 0x00DFEEF4, 0x00DCECF2, 0x00E2EFF5,
    0x00E4F0F5, 0x00E2EFF4, 0x00E0EDF4, 0x00E1EFF4, 0x00E3EFF5, 0x00E2EFF5, 0x00E4F0F6, 0x00E6F1F7, 0x00E3F0F5,
    0x00E4F0F6, 0x00E4F0F6, 0x00E0EDF3, 0x00E3EFF5, 0x00E0EDF3, 0x00E3F0F4, 0x00E4F0F5, 0x00E2EFF4, 0x00E2EFF5,
    0x00DFEDF3, 0x00DDEBF1, 0x00DEECF3, 0x00DFECF4, 0x00E0EDF4, 0x00DDECF3, 0x00E0EEF4, 0x00E2EFF5, 0x00E2EFF5,
    0x00E1EEF3, 0x00E1EFF4, 0x00E0EDF4, 0x00E0EEF5, 0x00E0EEF3, 0x00E0EDF3, 0x00E0EEF3, 0x00E1EEF4, 0x00DDECF3,
    0x00E3F0F6, 0x00E1EFF5, 0x00E3F1F6, 0x00E3F1F6, 0x00DFEDF4, 0x00DFEEF5, 0x00E0EEF5, 0x00E3F1F7, 0x00E3F1F7,
    0x00E5F1F7, 0x00E5F1F7, 0x00E5F2F7, 0x00E6F2F7, 0x00E5F2F6, 0x00E4F2F6, 0x00E6F2F7, 0x00E3F0F6, 0x00E2EFF6,
    0x00E3F1F7, 0x00E1EFF5, 0x00E1EFF6, 0x00E2F0F6, 0x00E2EFF5, 0x00E4F1F7, 0x00E2F0F6, 0x00E3F1F7, 0x00E5F2F8,
    0x00E6F2F7, 0x00E4F1F7, 0x00E2F0F7, 0x00E4F1F7, 0x00E3F0F6, 0x00E2F0F7, 0x00E6F2F7, 0x00E1EFF6, 0x00E4F1F7,
    0x00E4F1F7, 0x00E2F0F6, 0x00E3F0F6, 0x00E2F0F6, 0x00E6F2F8, 0x00E5F2F7, 0x00E6F3F9, 0x00E8F4F8, 0x00E5F2F8,
    0x00DFEFF5, 0x00E3F2F7, 0x00E4F2F7, 0x00E6F2F7, 0x00E2F1F7, 0x00E1F2F6, 0x00E5F2F8, 0x00E5F3F8, 0x00E6F4F9,
    0x00E6F4FA, 0x00E7F3F8, 0x00E9F5F9, 0x00E3F3F9, 0x00E4F3F8, 0x00E5F6FC, 0x00E0F2F9, 0x00E1F2F9, 0x00E3F3FA,
    0x00E1F1F7, 0x00DCEFF5, 0x00E4F3F8, 0x00E4F2F7, 0x00E4F2F8, 0x00D7EDF4, 0x00DAEDF4, 0x00DBEDF3, 0x00DDEDF4,
    0x00DBEDF3, 0x00E2F2F7, 0x00E2F1F7, 0x00DDEFF5, 0x00DCEDF4, 0x00DEEFF5, 0x00DEEEF5, 0x00E0EFF6, 0x00E1F0F5,
    0x00E2F0F6, 0x00E2F0F6, 0x00E1F0F6, 0x00DCECF3, 0x00DEEEF5, 0x00DFEFF5, 0x00E3F1F7, 0x00E3F0F6, 0x00E1F0F6,
    0x00E5F1F7, 0x00E7F4F8, 0x00E7F3F8, 0x00E4F2F7, 0x00EAF5F9, 0x00E5F1F6, 0x00E4F2F6, 0x00E1F0F5, 0x00E5F2F6,
    0x00E5F2F8, 0x00E5F2F8, 0x00E8F4F8, 0x00E9F4F8, 0x00E9F6FA, 0x00EAF6FA, 0x00E8F3F9, 0x00E7F3F8, 0x00E8F4F8,
    0x00E7F4F8, 0x00E9F5F9, 0x00E5F2F7, 0x00E8F4F8, 0x00EAF5FA, 0x00E9F5F8, 0x00EAF4F9, 0x00E9F4F8, 0x00E8F4F7,
    0x00E9F3F8, 0x00E8F4F8, 0x00E4F2F7, 0x00E4F3F9, 0x00E2F2F8, 0x00E5F4F8, 0x00E9F5F8, 0x00E9F5F9, 0x00E7F4F8,
    0x00E9F5F9, 0x00EBF5FA, 0x00EBF6FA, 0x00E8F4F9, 0x00E9F5F9, 0x00EAF5F9, 0x00EAF5FA, 0x00EAF5F9, 0x00E7F3F8,
    0x00E7F3F8, 0x00E8F3F8, 0x00E9F3F9, 0x00E9F4F8, 0x00E8F3F8, 0x00E9F4F8, 0x00E7F3F8, 0x00E8F4F9, 0x00E5F2F7,
    0x00E8F3F7, 0x00E6F2F7, 0x00E3F0F5, 0x00E2F0F7, 0x00E1F0F6, 0x00E9F4F8, 0x00E9F4F8, 0x00E7F2F8, 0x00E6F2F7,
    0x00E3F0F6, 0x00E4F1F6, 0x00E6F2F6, 0x00E7F2F6, 0x00E4F1F4, 0x00E5F2F8, 0x00E6F2F7, 0x00E5F2F8, 0x00E5F1F7,
    0x00E6F2F8, 0x00E4F2F7, 0x00E5F0F5, 0x00E1F0F6, 0x00E0EEF5, 0x00E0EEF4, 0x00E2EFF5, 0x00E4F0F6, 0x00E2EFF5,
    0x00E3F0F6, 0x00E2EFF5, 0x00E4F0F6, 0x00E3EFF5, 0x00E3EFF5, 0x00E2EFF4, 0x00E4F0F6, 0x00E0EEF4, 0x00E2EFF4,
    0x00E5F0F5, 0x00E3EFF5, 0x00E3EFF4, 0x00E1EFF4, 0x00E3EFF5, 0x00E3EEF5, 0x00E0EDF4, 0x00DFEDF3, 0x00E0EEF4,
    0x00E1EDF4, 0x00E1EEF4, 0x00DAECF2, 0x00E1EEF3, 0x00E3EFF5, 0x00E4EFF5, 0x00DFEEF3, 0x00E4EFF5, 0x00E6F0F6,
    0x00E4EFF5, 0x00DFEDF3, 0x00DCEBF1, 0x00DFEDF3, 0x00DFEDF3, 0x00E3EDF3, 0x00DFEDF3, 0x00DDECF3, 0x00E1EEF4,
    0x00E0EEF4, 0x00E1EEF4, 0x00E2EFF5, 0x00E0EEF3, 0x00E4F0F6, 0x00E6F1F6, 0x00E6F2F7, 0x00E5F1F7, 0x00E6F2F8,
    0x00E7F3F8, 0x00E8F3F9, 0x00EAF4F9, 0x00E6F3F8, 0x00EBF6FB, 0x00EAF5FA, 0x00E9F5F9, 0x00ECF7FA, 0x00EAF7FB,
    0x00ECF7FC, 0x00EAF6FA, 0x00E8F4FA, 0x00E7F4F9, 0x00E8F4FA, 0x00E9F5FA, 0x00E8F3F9, 0x00E8F4F9, 0x00E6F2F7,
    0x00E8F4F8, 0x00E9F4F8, 0x00EAF5F9, 0x00E9F3F8, 0x00EAF5F9, 0x00EAF5FA, 0x00E9F5F9, 0x00E9F5F9, 0x00EAF6FA,
    0x00EAF5FA, 0x00EAF5FA, 0x00E7F3F8, 0x00E8F4F9, 0x00E9F4F9, 0x00E7F3F8, 0x00E4F3F9, 0x00E9F4FA, 0x00E7F3F7,
    0x00E7F2F8, 0x00E8F3F8, 0x00E1F0F7, 0x00E2F0F6, 0x00E5F1F7, 0x00E2F0F6, 0x00E3F1F6, 0x00E6F1F6, 0x00E8F3F9,
    0x00E5F1F6, 0x00E4F1F5, 0x00E7F3F8, 0x00E7F3F8, 0x00E8F3F9, 0x00E7F2F8, 0x00E6F2F8, 0x00E3F0F6, 0x00E6F1F7,
    0x00E5F1F6, 0x00E6F1F7, 0x00E3EFF6, 0x00E2EFF5, 0x00E2EFF5, 0x00E2EFF5, 0x00E1EFF5, 0x00E0EEF2, 0x00E0EDF2,
    0x00E2EFF5, 0x00E1EEF3, 0x00E2EFF5, 0x00E0EEF4, 0x00E3EFF5, 0x00E3EFF5, 0x00E1EEF4, 0x00E1EEF4, 0x00E1EEF4,
    0x00E1EEF4, 0x00DEECF2, 0x00E1EEF3, 0x00E5F0F7, 0x00DFEDF3, 0x00E4F0F6, 0x00E3EFF5, 0x00E2EEF5, 0x00E2EFF5,
    0x00E2EFF5, 0x00E1EEF4, 0x00DDECF3, 0x00DEEDF4, 0x00DFECF3, 0x00E0EEF4, 0x00DFEDF3, 0x00DFEDF3, 0x00DFEDF3,
    0x00E1EFF5, 0x00E1EFF5, 0x00DFEDF3, 0x00E0EEF4, 0x00E1EFF5, 0x00E2EEF5, 0x00E0EDF3, 0x00DFEEF4, 0x00DFEDF3,
    0x00E0EDF3, 0x00E0EEF4, 0x00E2EFF6, 0x00E0EEF4, 0x00E0EDF4, 0x00DFECF4, 0x00DFEDF4, 0x00E1EFF5, 0x00E1EFF6,
    0x00E0EEF5, 0x00E1EFF5, 0x00E2F0F6, 0x00E0EFF5, 0x00E5F2F8, 0x00DFEDF3, 0x00E3F0F6, 0x00E3F0F5, 0x00E5F1F6,
    0x00E4F1F6, 0x00E4F0F6, 0x00E2EFF6, 0x00E2EFF5, 0x00E6F1F7, 0x00E1EFF5, 0x00DFEEF4, 0x00E3F1F7, 0x00E4F0F6,
    0x00E5F1F7, 0x00E6F3F8, 0x00E3F0F6, 0x00E2F0F7, 0x00E3F0F7, 0x00E5F2F7, 0x00E6F3F8, 0x00E1F0F6, 0x00E5F1F7,
    0x00E3F0F6, 0x00E2F0F6, 0x00E1EFF6, 0x00E3F0F6, 0x00E6F2F8, 0x00E3F1F7, 0x00E2F0F6, 0x00E0EFF5, 0x00E2EFF5,
    0x00DFEDF3, 0x00E1F0F6, 0x00E1F0F6, 0x00E6F3F8, 0x00E6F3F8, 0x00E6F2F6, 0x00E4F2F7, 0x00E6F2F8, 0x00E0EFF6,
    0x00E2F0F6, 0x00E3F1F6, 0x00E4F2F6, 0x00E8F5F8, 0x00E6F3F9, 0x00E4F2F7, 0x00E2F2F8, 0x00E7F5FB, 0x00E3F3F9,
    0x00E3F4FA, 0x00E1F3FA, 0x00E1F3FA, 0x00E5F4F9, 0x00E9F6FA, 0x00DFF1F8, 0x00E3F2F8, 0x00E1F0F6, 0x00E2F1F7,
    0x00E3F1F8, 0x00DEEFF5, 0x00DEEEF5, 0x00DEEEF5, 0x00DAECF2, 0x00DFF1F6, 0x00DDEEF4, 0x00DFF0F5, 0x00E2F1F6,
    0x00DBECF4, 0x00D8EBF3, 0x00DCEDF3, 0x00E0EFF6, 0x00DEEEF5, 0x00DCEDF4, 0x00DEEEF4, 0x00DDEDF4, 0x00D9EAF2,
    0x00DEEDF2, 0x00E0EFF5, 0x00E3EFF6, 0x00E1EFF5, 0x00E2F0F5, 0x00E0F0F6, 0x00E0EFF5, 0x00E2F0F6, 0x00DEF0F6,
    0x00E2F1F7, 0x00E4F2F7, 0x00E3F0F6, 0x00E2F1F7, 0x00E8F3F8, 0x00E5F2F7, 0x00E8F3F7, 0x00E7F3F8, 0x00E9F5F9,
    0x00EAF6FA, 0x00E9F5F9, 0x00E9F5FA, 0x00E3F1F7, 0x00E6F2F8, 0x00E8F4F8, 0x00E9F4F9, 0x00E7F3F8, 0x00E3F1F6,
    0x00E6F2F7, 0x00EAF4F8, 0x00EAF4F8, 0x00E4F2F7, 0x00E0EFF4, 0x00E8F4F7, 0x00EAF5F9, 0x00E8F4F8, 0x00E1F1F6,
    0x00E6F3F7, 0x00E8F4F7, 0x00E6F3F8, 0x00E7F4FA, 0x00E7F4F8, 0x00E8F4F8, 0x00E9F4FA, 0x00E7F4FA, 0x00E7F4F8,
    0x00E5F3F7, 0x00E9F5F9, 0x00EAF5F9, 0x00E8F4F9, 0x00E6F3F7, 0x00E8F3F9, 0x00E7F3F7, 0x00E8F3F7, 0x00E7F3F7,
    0x00E7F3F6, 0x00E1EDF3, 0x00E0EDF2, 0x00E6F3F7, 0x00E5F2F7, 0x00E6F2F7, 0x00E5F2F7, 0x00E3F0F7, 0x00E1F0F6,
    0x00E5F2F7, 0x00E7F2F8, 0x00E7F3F8, 0x00E4F2F7, 0x00E6F2F8, 0x00E4F1F5, 0x00E4F1F7, 0x00E9F4F8, 0x00E8F3F8,
    0x00E3F1F6, 0x00E0EFF5, 0x00E5F1F7, 0x00E5F1F6, 0x00E3F1F7, 0x00E5F2F6, 0x00E4F1F7, 0x00E4F2F8, 0x00E3F0F7,
    0x00E3F0F5, 0x00E3EFF4, 0x00E3F0F4, 0x00E4F0F6, 0x00E0EEF4, 0x00E4F0F5, 0x00E4F0F6, 0x00E3EFF5, 0x00E4F0F6,
    0x00E3EFF5, 0x00E1EEF4, 0x00E2EFF5, 0x00DFEDF2, 0x00E2EFF5, 0x00E3EEF5, 0x00E4EFF5, 0x00E0EDF2, 0x00DEECF1,
    0x00E1ECF3, 0x00E0ECF3, 0x00DFECF2, 0x00E0EDF3, 0x00DEECF2, 0x00E1EEF4, 0x00E1EDF3, 0x00E0EDF4, 0x00DFECF1,
    0x00E3EFF5, 0x00E1EDF3, 0x00E1EEF4, 0x00E3EFF5, 0x00E4EDF4, 0x00DFECF2, 0x00E4EFF5, 0x00E0EDF3, 0x00DEECF2,
    0x00DEECF2, 0x00E0EDF3, 0x00DFEDF4, 0x00E1EDF3, 0x00E3EEF4, 0x00E0EEF4, 0x00E2EFF5, 0x00E2F0F5, 0x00E5F1F6,
    0x00E4F0F7, 0x00E5F1F7, 0x00E7F2F8, 0x00E6F2F9, 0x00E5F1F7, 0x00E7F3F8, 0x00E9F5F9, 0x00E8F3F7, 0x00E8F5F8,
    0x00E8F4F8, 0x00E9F5FB, 0x00E9F5FA, 0x00EAF6FA, 0x00EAF6FA, 0x00EBF6FA, 0x00EAF6FA, 0x00E9F5FB, 0x00E5F3F7,
    0x00E7F4F9, 0x00E7F3F9, 0x00E7F3F8, 0x00E5F1F7, 0x00E3F0F5, 0x00E8F3F9, 0x00E9F4F9, 0x00E7F2F8, 0x00E4F0F6,
    0x00E6F2F7, 0x00EAF5F9, 0x00EBF6FB, 0x00EBF6FB, 0x00E9F3FA, 0x00E6F2F7, 0x00EBF6FA, 0x00EAF6FA, 0x00EAF5F9,
    0x00EAF5FA, 0x00EAF5F9, 0x00E1F1F7, 0x00E5F3F8, 0x00E7F2F9, 0x00E4F1F7, 0x00DFEFF5, 0x00E2F0F7, 0x00E5F2F5,
    0x00E6F2F7, 0x00E6F2F6, 0x00E5F1F6, 0x00E0EEF3, 0x00E5F1F5, 0x00E6F1F6, 0x00E3F0F6, 0x00E7F2F8, 0x00E8F3F9,
    0x00E7F2F7, 0x00E7F3F9, 0x00E7F3F7, 0x00E3F0F6, 0x00E5F1F6, 0x00E5F1F7, 0x00E2EFF5, 0x00DFECF2, 0x00E4F0F5,
    0x00E0EDF4, 0x00E0EFF5, 0x00DFEEF4, 0x00E5F0F6, 0x00E1EEF2, 0x00E2EFF5, 0x00E1EFF4, 0x00E2EFF4, 0x00E3F0F5,
    0x00E3F0F4, 0x00E6F2F7, 0x00E3EFF3, 0x00E3F0F5, 0x00E3EFF5, 0x00E3F0F4, 0x00E3EFF5, 0x00E6F2F6, 0x00E2EEF4,
    0x00E4F0F6, 0x00E1EEF4, 0x00E3EFF6, 0x00E2EEF5, 0x00E0EEF4, 0x00E2EEF5, 0x00DEECF4, 0x00DDECF3, 0x00DEECF3,
    0x00E0EEF4, 0x00DCEBF2, 0x00E0EDF4, 0x00E0EDF4, 0x00E0EEF5, 0x00DFEDF5, 0x00E0EDF5, 0x00DFEDF3, 0x00E3EFF5,
    0x00E3F0F6, 0x00E0EEF4, 0x00E0EEF4, 0x00DFEDF3, 0x00DEECF3, 0x00E0EDF4, 0x00DEECF3, 0x00DEECF4, 0x00E0EDF5,
    0x00DEEDF4, 0x00DBEBF2, 0x00DCEBF2, 0x00D9E9F0, 0x00DFEEF5, 0x00E0EEF4, 0x00E4F1F6, 0x00E3F0F6, 0x00E1EFF5,
    0x00E3F0F6, 0x00E2F0F6, 0x00E5F1F6, 0x00E2F0F5, 0x00E4F0F6, 0x00E2EFF5, 0x00E3F0F6, 0x00E3F1F7, 0x00E2F0F7,
    0x00E5F0F7, 0x00E6F2F7, 0x00E0EEF4, 0x00E6F2F8, 0x00E4F1F7, 0x00E5F2F7, 0x00E5F1F7, 0x00E3F0F7, 0x00E2F1F7,
    0x00E2F0F6, 0x00E4F1F7, 0x00E2EFF7, 0x00DFEEF4, 0x00E3F0F6, 0x00E0EEF5, 0x00E0EFF5, 0x00E0EEF5, 0x00E5F0F7,
    0x00E4F1F8, 0x00E0EFF6, 0x00E6F2F8, 0x00E3F1F6, 0x00E2EFF5, 0x00E3F0F6, 0x00E1F0F5, 0x00E7F3F7, 0x00E7F3F7,
    0x00E3F1F6, 0x00E5F2F7, 0x00E3F0F6, 0x00E4F2F7, 0x00E3F1F6, 0x00E8F4F8, 0x00E2F0F6, 0x00E6F3F7, 0x00E7F4F9,
    0x00E1F0F6, 0x00E6F3F7, 0x00DDEEF3, 0x00E7F5FA, 0x00E5F3FA, 0x00E2F3F9, 0x00DBF0F9, 0x00DDF1F9, 0x00DFF2F8,
    0x00E3F3F8, 0x00DDF0F6, 0x00DDEFF6, 0x00DFF0F6, 0x00DCEFF5, 0x00E2F1F7, 0x00E3F0F7, 0x00DEEEF5, 0x00DAEDF4,
    0x00DDEEF5, 0x00E2F0F6, 0x00DFEFF6, 0x00E1F1F7, 0x00E1F1F7, 0x00E0EFF5, 0x00DCEDF4, 0x00DDEEF4, 0x00DDEDF4,
    0x00E1F0F6, 0x00DFEFF5, 0x00E2F0F6, 0x00DEEDF3, 0x00DEEDF3, 0x00DFEEF5, 0x00DFEEF4, 0x00DFEDF4, 0x00DCEDF3,
    0x00E1EFF5, 0x00E4F1F7, 0x00E0F0F6, 0x00E1F0F7, 0x00E2F1F7, 0x00E4F1F7, 0x00E6F3F8, 0x00E3F1F7, 0x00E3F1F5,
    0x00E5F1F7, 0x00E5F2F7, 0x00E9F5F9, 0x00E4F2F8, 0x00E9F6FA, 0x00E8F4FA, 0x00E9F5F9, 0x00E8F5F9, 0x00E7F3F6,
    0x00E8F4F9, 0x00E6F2F6, 0x00E9F3F8, 0x00E5F2F8, 0x00E6F2F7, 0x00E5F2F7, 0x00E7F3F8, 0x00E8F3F8, 0x00E5F2F8,
    0x00E0EFF5, 0x00E3F1F5, 0x00E6F2F6, 0x00E5F2F7, 0x00E5F1F6, 0x00E7F3F7, 0x00E4F1F7, 0x00E7F3F8, 0x00E7F2F8,
    0x00E7F3F8, 0x00E8F3F8, 0x00E9F5F9, 0x00E4F2F6, 0x00E9F5F9, 0x00E4F2F7, 0x00E8F4F9, 0x00EAF5F9, 0x00EAF5F9,
    0x00E5F3F8, 0x00E8F4F9, 0x00E9F4F8, 0x00E8F4F8, 0x00E6F3F7, 0x00E9F3F9, 0x00E8F3F8, 0x00E6F2F7, 0x00E7F3F7,
    0x00E6F2F8, 0x00E1F0F6, 0x00E1EFF7, 0x00E2F0F7, 0x00E2F1F6, 0x00E7F3F8, 0x00E5F2F8, 0x00E6F3F7, 0x00E7F3F7,
    0x00E5F2F7, 0x00E3F1F6, 0x00E4F1F6, 0x00E6F2F7, 0x00E5F0F6, 0x00E5F1F7, 0x00E2F0F6, 0x00E1EFF5, 0x00E4F0F7,
    0x00E2EFF6, 0x00E2F0F7, 0x00E4F1F7, 0x00E3F1F6, 0x00E3F1F6, 0x00E3EFF5, 0x00E4F1F6, 0x00E3F0F6, 0x00E0EEF4,
    0x00E1EFF5, 0x00E1EEF4, 0x00E2EFF5, 0x00E1EFF5, 0x00E2EFF5, 0x00E2EEF4, 0x00DFEDF2, 0x00E1EDF3, 0x00E0EEF3,
    0x00E0ECF2, 0x00E3EEF4, 0x00E2EEF4, 0x00E2EEF4, 0x00DCECF1, 0x00E1EDF3, 0x00DEECF3, 0x00DDECF2, 0x00E1EDF3,
    0x00DEECF1, 0x00DEECF2, 0x00DDEBF1, 0x00E0EDF2, 0x00E1EDF3, 0x00DEECF2, 0x00E0EDF3, 0x00E0EDF3, 0x00DFECF2,
    0x00E3EEF5, 0x00DEECF2, 0x00E0EDF3, 0x00E1EEF3, 0x00E2EDF3, 0x00DFECF2, 0x00DFEDF3, 0x00E0EDF3, 0x00E2EEF4,
    0x00E2EEF4, 0x00E2EDF4, 0x00E1EEF4, 0x00E0EEF4, 0x00E4F0F6, 0x00E4F1F6, 0x00E4F1F7, 0x00E5F1F7, 0x00E3F0F6,
    0x00E6F2F8, 0x00E6F2F8, 0x00E6F3F8, 0x00E8F4FA, 0x00E9F5FA, 0x00E9F5FA, 0x00E7F3F8, 0x00E5F3F9, 0x00EAF5FB,
    0x00EBF6FA, 0x00EAF5FA, 0x00E9F4FA, 0x00E7F3F9, 0x00E7F3F9, 0x00E8F3F8, 0x00E8F3F8, 0x00E7F2F8, 0x00E8F3F9,
    0x00E7F2F7, 0x00E8F2F9, 0x00E8F3F9, 0x00E8F3F8, 0x00E8F3F8, 0x00E9F4F8, 0x00EBF5F9, 0x00EAF6F9, 0x00EBF5FA,
    0x00E9F5F9, 0x00EAF5FA, 0x00EAF5F9, 0x00EBF6FB, 0x00E9F5F9, 0x00EAF5FA, 0x00E9F4FA, 0x00E7F3F8, 0x00E6F3F8,
    0x00E8F3F8, 0x00E3F0F5, 0x00E3F1F6, 0x00E7F1F7, 0x00E5F1F6, 0x00E5F1F7, 0x00E4F0F6, 0x00E4F0F5, 0x00E4F0F5,
    0x00E6F1F6, 0x00E6F2F7, 0x00E7F2F7, 0x00E8F4F8, 0x00E7F2F8, 0x00E6F3F8, 0x00E8F4F8, 0x00E8F3F7, 0x00E5F1F6,
    0x00E5F1F6, 0x00E4F0F5, 0x00E5F2F6, 0x00E4F1F6, 0x00E4F0F5, 0x00E2F0F5, 0x00E0EEF4, 0x00DFEEF3, 0x00E2EEF4,
    0x00E0EDF2, 0x00DEECF1, 0x00E3F0F5, 0x00E3EFF5, 0x00E1EFF4, 0x00E2EFF4, 0x00E4F0F5, 0x00E4F1F5, 0x00E2F0F4,
    0x00E2EFF4, 0x00E4F0F5, 0x00E3F0F5, 0x00E3EFF5, 0x00E2EFF5, 0x00E3EFF5, 0x00DFECF2, 0x00DFEDF3, 0x00E1EEF4,
    0x00E0EDF4, 0x00DEECF4, 0x00DCEBF3, 0x00DBE9F1, 0x00DCEBF3, 0x00E0EDF4, 0x00E1EEF5, 0x00E0EEF4, 0x00E1EEF5,
    0x00DDECF2, 0x00E0EEF5, 0x00DFEDF4, 0x00DFEDF3, 0x00E2EFF5, 0x00E2EFF5, 0x00DDECF3, 0x00DFEDF3, 0x00E0EEF4,
    0x00DCEBF2, 0x00DCECF3, 0x00DFEDF4, 0x00DDEDF4, 0x00DFEDF4, 0x00DDEDF4, 0x00DCEBF2, 0x00DEEDF4, 0x00DDEDF4,
    0x00DCECF3, 0x00DDEDF3, 0x00E1EEF4, 0x00E2F0F6, 0x00E1EFF5, 0x00E3F0F5, 0x00E3F0F6, 0x00E1EEF5, 0x00E1EEF5,
    0x00E2F0F6, 0x00E2EFF5, 0x00E1EFF6, 0x00E2EFF5, 0x00E2F0F6, 0x00E3F0F7, 0x00E4F1F7, 0x00E3F0F5, 0x00E5F1F6,
    0x00E5F1F7, 0x00E3F1F5, 0x00E5F2F7, 0x00E1F0F7, 0x00E1F0F6, 0x00E4F1F7, 0x00E3F1F8, 0x00E2F0F6, 0x00E3F1F7,
    0x00E1EFF5, 0x00E0EFF5, 0x00E3F0F5, 0x00E1EFF6, 0x00E3F0F6, 0x00E5F1F8, 0x00E5F1F7, 0x00E5F1F8, 0x00E1EFF5,
    0x00E4F1F6, 0x00E4F1F7, 0x00E2F0F6, 0x00E4F1F7, 0x00E5F2F8, 0x00E4F2F7, 0x00E6F3F8, 0x00E5F2F8, 0x00E3F2F7,
    0x00E2F0F6, 0x00E3F1F6, 0x00E3F2F8, 0x00E4F2F8, 0x00E1F1F8, 0x00DDEEF5, 0x00E7F3F8, 0x00E6F4F9, 0x00E7F5F9,
    0x00E1F2F8, 0x00E6F5FB, 0x00D5EDF7, 0x00D5EDF7, 0x00DBEEF7, 0x00E2F2F8, 0x00E1F1F6, 0x00DBEEF4, 0x00E1F0F8,
    0x00E3F1F8, 0x00E0F0F5, 0x00E3F0F6, 0x00D9ECF2, 0x00DCEDF4, 0x00DDEEF5, 0x00E0EFF6, 0x00DFF0F5, 0x00DFF0F7,
    0x00E0EFF6, 0x00DFF0F6, 0x00DEEFF5, 0x00DDECF4, 0x00DFF0F6, 0x00DDEDF4, 0x00DBECF3, 0x00E1EFF6, 0x00DDEDF3,
    0x00E0EFF4, 0x00DCECF2, 0x00E1EFF5, 0x00E6F2F7, 0x00DDEDF4, 0x00DEEEF5, 0x00E4F1F7, 0x00E2F1F7, 0x00E3F1F6,
    0x00E3F1F7, 0x00E4F2F8, 0x00E4F1F7, 0x00E5F3F7, 0x00E2F1F6, 0x00E6F3F7, 0x00E4F2F7, 0x00E9F5F9, 0x00E6F4F9,
    0x00E8F4F9, 0x00E6F4F9, 0x00E6F3F8, 0x00E8F3F8, 0x00E7F2F7, 0x00E7F3F8, 0x00E5F2F7, 0x00E8F4F9, 0x00E7F3F7,
    0x00E8F3F8, 0x00E8F4F8, 0x00E8F4F7, 0x00E6F1F7, 0x00E4F2F7, 0x00E5F1F6, 0x00E4F1F5, 0x00E5F2F7, 0x00E4F0F5,
    0x00E5F2F7, 0x00E6F3F7, 0x00E6F3F7, 0x00E6F3F7, 0x00E7F2F8, 0x00E6F2F6, 0x00E8F3F7, 0x00EBF5F9, 0x00E9F4FA,
    0x00E7F3F8, 0x00E7F3F7, 0x00E8F4F8, 0x00EBF5F9, 0x00EBF5FA, 0x00E9F5F9, 0x00EAF4F9, 0x00E8F3F8, 0x00E9F4F9,
    0x00E5F3F8, 0x00EAF5F9, 0x00E7F3F8, 0x00E8F3F8, 0x00E8F4F8, 0x00E5F2F7, 0x00DDEEF5, 0x00E4F2F7, 0x00E4F2F8,
    0x00E4F2F8, 0x00E8F4F9, 0x00E5F2F8, 0x00E4F1F6, 0x00E7F2F7, 0x00E7F3F7, 0x00E5F0F6, 0x00E2F0F5, 0x00E3F1F7,
    0x00E3F1F6, 0x00E1EEF4, 0x00E0EEF4, 0x00E2EFF5, 0x00E1EFF5, 0x00E1EFF6, 0x00DDEDF4, 0x00E3F1F7, 0x00E5F1F7,
    0x00E3F1F6, 0x00E3F1F6, 0x00E1EFF5, 0x00E2F0F6, 0x00E3F0F4, 0x00E0EEF4, 0x00E1EFF5, 0x00E1EEF5, 0x00E0EDF4,
    0x00E0EDF3, 0x00E2EEF4, 0x00DEECF2, 0x00DDEBF1, 0x00E0EDF2, 0x00E1EEF2, 0x00DCEAF0, 0x00E0EDF3, 0x00DDEBF1,
    0x00DDEBF1, 0x00E0ECF2, 0x00DEEBF2, 0x00DDEBF1, 0x00DDEAF2, 0x00DDEBF1, 0x00DEEBF1, 0x00DDEBF1, 0x00DFECF2,
    0x00DEECF2, 0x00DDEBF1, 0x00DEEBF3, 0x00DAE8EF, 0x00DCEAF0, 0x00DDEAF1, 0x00DDEAF2, 0x00DDEAF1, 0x00DDEAF0,
    0x00DDEBF1, 0x00DBEAF1, 0x00DFECF2, 0x00E0EDF3, 0x00E1EDF3, 0x00E2EDF4, 0x00E1EEF4, 0x00E2EEF3, 0x00E1EEF4,
    0x00E3EFF5, 0x00E4F0F6, 0x00E4F0F6, 0x00E3EFF6, 0x00E3F1F6, 0x00E5F1F6, 0x00E5F1F7, 0x00E1F0F6, 0x00E4F1F7,
    0x00E6F2F8, 0x00E8F3F9, 0x00E9F4F9, 0x00EAF4FA, 0x00E8F3F9, 0x00E9F5F9, 0x00EAF5FA, 0x00E6F3F8, 0x00E5F2F8,
    0x00E7F2F9, 0x00E6F2F7, 0x00E5F1F6, 0x00E6F2F6, 0x00E6F1F7, 0x00E9F4F9, 0x00E9F4F8, 0x00E9F5F9, 0x00EBF5F9,
    0x00E9F4F8, 0x00EAF5FA, 0x00E9F5F9, 0x00E8F4F8, 0x00E7F4F8, 0x00E9F5FA, 0x00E9F4FA, 0x00E9F4F8, 0x00E9F5F9,
    0x00EAF5F9, 0x00E9F4F8, 0x00E6F2F6, 0x00E8F3F8, 0x00E7F2F8, 0x00E8F3F9, 0x00E6F1F6, 0x00E5F1F5, 0x00E6F0F7,
    0x00E6F2F7, 0x00E2EFF5, 0x00E6F1F7, 0x00E6F1F5, 0x00E5F1F6, 0x00DFEFF5, 0x00E5F1F7, 0x00E6F2F6, 0x00E7F3F8,
    0x00E7F3F7, 0x00E8F4F9, 0x00E6F2F8, 0x00E7F1F7, 0x00E6F1F5, 0x00E6F2F7, 0x00E6F1F7, 0x00E6F2F7, 0x00E5F1F5,
    0x00E4F1F6, 0x00E4F0F6, 0x00DDECF3, 0x00DEEDF3, 0x00E4F0F4, 0x00E3EFF3, 0x00E2F0F4, 0x00E0EEF4, 0x00E0EDF2,
    0x00DFEDF3, 0x00E4F0F5, 0x00E0EEF2, 0x00E4F1F5, 0x00E4F1F5, 0x00E3F0F5, 0x00E4F0F6, 0x00DEECF2, 0x00E3EFF5,
    0x00E2EFF5, 0x00E3EFF5, 0x00E2EEF4, 0x00DEECF2, 0x00DEECF2, 0x00DDECF3, 0x00DFEEF4, 0x00DEEBF3, 0x00DBEAF1,
    0x00D9E9EF, 0x00DFECF3, 0x00E1EDF4, 0x00E1EFF6, 0x00E0EEF4, 0x00E1EFF5, 0x00E2EFF5, 0x00DFEDF3, 0x00DFEDF4,
    0x00E1EFF5, 0x00E4EFF6, 0x00E1EFF5, 0x00E1EFF5, 0x00DEECF3, 0x00E0EEF4, 0x00DCECF2, 0x00E0EEF5, 0x00DDECF3,
    0x00DFEEF4, 0x00DEEDF4, 0x00DBECF3, 0x00DEEDF4, 0x00DBECF2, 0x00D6E8F0, 0x00DDECF3, 0x00DEECF2, 0x00DFEDF3,
    0x00E0EEF4, 0x00E2EEF4, 0x00DEECF3, 0x00DEEDF4, 0x00E0EEF4, 0x00E2EFF5, 0x00E2EFF5, 0x00E1EEF5, 0x00E0EDF3,
    0x00E4F0F6, 0x00E3F0F5, 0x00E5F0F6, 0x00E4F0F5, 0x00E5F1F6, 0x00E4F1F7, 0x00E2EFF5, 0x00E4F1F8, 0x00E2F0F7,
    0x00E5F2F8, 0x00E4F0F5, 0x00E3F1F7, 0x00E2F0F6, 0x00E2F0F7, 0x00E4F1F7, 0x00E5F1F6, 0x00E4F1F4, 0x00E5F1F8,
    0x00E0EFF5, 0x00E3F1F7, 0x00E2F0F7, 0x00DEEEF5, 0x00E3F2F6, 0x00E7F2F7, 0x00E5F2F8, 0x00E2F1F6, 0x00E3F1F7,
    0x00E3F1F7, 0x00E6F3F8, 0x00E2F0F6, 0x00E4F2F7, 0x00E3F1F7, 0x00E7F3F8, 0x00E0EFF5, 0x00E5F3F8, 0x00E6F2F7,
    0x00E0F1F7, 0x00E1F2F7, 0x00E9F4F9, 0x00E5F5FA, 0x00E3F4FA, 0x00DEF2F9, 0x00E3F4FA, 0x00DEF2F9, 0x00DBEEF6,
    0x00DEF0F8, 0x00DDEFF6, 0x00E0F0F6, 0x00E1F2F8, 0x00E3F2F6, 0x00DFF0F7, 0x00DEEFF5, 0x00DCEDF4, 0x00DDEDF3,
    0x00E0EFF4, 0x00DCEDF3, 0x00DBEDF4, 0x00E2F1F6, 0x00E0F0F7, 0x00E1F0F6, 0x00D8EBF2, 0x00DBEDF3, 0x00DCEDF3,
    0x00DDEEF4, 0x00E0F0F6, 0x00DFEFF5, 0x00E1F0F6, 0x00DFEFF5, 0x00DCEDF3, 0x00E0EFF4, 0x00E0EEF5, 0x00DFEEF4,
    0x00DFEFF5, 0x00DEEDF4, 0x00E2F0F7, 0x00E2F1F7, 0x00E5F2F7, 0x00E2F1F6, 0x00E3F1F7, 0x00E6F2F8, 0x00E6F2F7,
    0x00E4F1F6, 0x00E1F1F7, 0x00DEEFF5, 0x00E4F1F6, 0x00E6F3F8, 0x00E8F4FA, 0x00E9F5F9, 0x00E4F1F5, 0x00E5F1F7,
    0x00E6F3F8, 0x00E8F2F9, 0x00E8F3F9, 0x00E3F1F7, 0x00E6F2F6, 0x00E7F4F7, 0x00E8F4F7, 0x00E9F4F7, 0x00E9F5F8,
    0x00E6F3F6, 0x00E5F1F5, 0x00E5F1F5, 0x00E0F0F5, 0x00E5F2F7, 0x00E4F1F5, 0x00E6F2F7, 0x00E6F2F7, 0x00E5F2F6,
    0x00E8F4F9, 0x00E7F3F7, 0x00E9F3F8, 0x00E9F4F9, 0x00E7F3F8, 0x00E9F4FA, 0x00E3F2F7, 0x00E8F3F8, 0x00E9F4F8,
    0x00EBF5FA, 0x00EBF5F9, 0x00E9F3F9, 0x00E9F4F8, 0x00E7F3F7, 0x00E9F5F9, 0x00E9F4F9, 0x00E6F3F8, 0x00E7F3F9,
    0x00E6F2F8, 0x00E5F2F8, 0x00E1F0F6, 0x00E4F1F8, 0x00E7F3F8, 0x00E3F2F8, 0x00E6F2F7, 0x00E7F3F7, 0x00E8F4F9,
    0x00E6F2F7, 0x00E7F2F7, 0x00E1EFF5, 0x00E3F0F7, 0x00E3F1F7, 0x00E3F0F5, 0x00DEEDF4, 0x00E0EEF5, 0x00E3F0F6,
    0x00E2F0F6, 0x00E1EFF5, 0x00E3F1F6, 0x00E4F2F7, 0x00E2F0F6, 0x00E3F0F6, 0x00E0EEF5, 0x00E0EFF6, 0x00DFEEF4,
    0x00E0EEF5, 0x00DFEDF4, 0x00DFEDF3, 0x00DDEBF2, 0x00E0EEF5, 0x00DFEDF3, 0x00DFEDF3, 0x00DCEBF1, 0x00DEECF2,
    0x00DEECF2, 0x00E0EDF3, 0x00E1EEF3, 0x00E0EDF2, 0x00E0ECF2, 0x00D9E8EF, 0x00DAEAF0, 0x00DDEBF1, 0x00DEEBF1,
    0x00DCEAF0, 0x00DEECF3, 0x00DDECF3, 0x00DCEAF0, 0x00DEEBF1, 0x00DEECF2, 0x00DDEAF0, 0x00DCEAF1, 0x00DCEAF1,
    0x00DCEAF0, 0x00DBE9F1, 0x00DCEAF0, 0x00DBE9F0, 0x00D9E9F0, 0x00D8E9F0, 0x00E0EDF3, 0x00DFECF2, 0x00DFEDF3,
    0x00DFECF2, 0x00E2EDF4, 0x00E2EEF4, 0x00E3EEF4, 0x00E2EFF5, 0x00E4F0F6, 0x00E4F0F6, 0x00E2EFF5, 0x00E3EFF5,
    0x00E3EFF6, 0x00E4F0F6, 0x00E4F0F6, 0x00E4F0F6, 0x00E5F1F6, 0x00E6F2F8, 0x00E6F2F8, 0x00E6F3F9, 0x00E9F5FA,
    0x00E8F4F9, 0x00E8F4FA, 0x00E9F5FB, 0x00E6F2F7, 0x00E6F2F8, 0x00E9F3FA, 0x00E6F2F7, 0x00E8F4F9, 0x00E8F3F9,
    0x00E7F3F7, 0x00E8F2F8, 0x00E8F3F8, 0x00E5F1F6, 0x00E9F5F9, 0x00ECF5F9, 0x00E8F4F9, 0x00E0EDF2, 0x00E2EEF4,
    0x00E2EFF5, 0x00E8F3F8, 0x00E8F4F9, 0x00E8F4F8, 0x00E8F4F9, 0x00E7F3F8, 0x00E5F1F6, 0x00E8F3F8, 0x00E8F3F8,
    0x00E6F2F6, 0x00E5F1F6, 0x00E6F1F7, 0x00E7F2F7, 0x00E5F1F6, 0x00E4F0F6, 0x00E5F1F6, 0x00E8F3F8, 0x00E6F1F7,
    0x00E1EFF4, 0x00DDEEF5, 0x00E5F1F6, 0x00E6F2F7, 0x00E7F2F8, 0x00E9F3F9, 0x00E6F2F7, 0x00E6F2F7, 0x00E5F1F6,
    0x00E6F2F7, 0x00E4F0F5, 0x00E4F0F5, 0x00E4F0F6, 0x00E5F1F5, 0x00E6F1F6, 0x00E4F0F4, 0x00E5F1F6, 0x00E4F0F5,
    0x00E2EFF3, 0x00E4F0F5, 0x00E1EFF4, 0x00E2EEF3, 0x00E0EFF3, 0x00E1F0F4, 0x00E4F1F5, 0x00E5F1F5, 0x00E3F0F4,
    0x00E2F0F5, 0x00E1EFF3, 0x00E3F0F6, 0x00E0EEF4, 0x00E2F0F5, 0x00E3EFF5, 0x00E2EFF4, 0x00DEECF3, 0x00DFEDF3,
    0x00E0EDF4, 0x00DFEDF4, 0x00E0EEF4, 0x00DDECF3, 0x00DFEEF4, 0x00E0EEF5, 0x00E0EEF4, 0x00DEEDF4, 0x00E0EDF5,
    0x00E0EDF5, 0x00E1EFF5, 0x00E1EEF5, 0x00E0EEF4, 0x00E1EEF5, 0x00E3F0F6, 0x00DFEDF5, 0x00E0EEF5, 0x00E0EDF4,
    0x00DDEEF4, 0x00E1EEF5, 0x00E0EEF4, 0x00E1EEF4, 0x00DEEDF3, 0x00DFEDF4, 0x00DCEBF3, 0x00DDEDF3, 0x00DDEBF3,
    0x00D8E9F1, 0x00D9EAF1, 0x00DCECF2, 0x00DBEAF2, 0x00DBEAF2, 0x00DEEDF3, 0x00E3F0F6, 0x00DFEDF3, 0x00DFEDF4,
    0x00E0EEF5, 0x00E1EEF5, 0x00DFEEF4, 0x00E4F1F7, 0x00E1EEF4, 0x00E3F0F6, 0x00E1EFF5, 0x00E3EFF5, 0x00E2EFF5,
    0x00E4F1F7, 0x00E3F1F6, 0x00E5F1F6, 0x00E4F1F6, 0x00E3F0F6, 0x00E5F2F8, 0x00E4F0F6, 0x00E5F1F5, 0x00E4F1F7,
    0x00E1EFF5, 0x00E2F0F5, 0x00E3F0F5, 0x00E3F0F5, 0x00E3F0F6, 0x00E0F0F5, 0x00E4F1F7, 0x00E2F1F6, 0x00E2F1F7,
    0x00E0EFF5, 0x00E3F1F7, 0x00E5F2F8, 0x00E3F1F7, 0x00E4F2F8, 0x00E7F3F7, 0x00E3F1F7, 0x00E0F0F6, 0x00E5F1F8,
    0x00E6F2F8, 0x00E2F1F7, 0x00E0F1F5, 0x00E3F1F7, 0x00E2F1F8, 0x00E4F2F7, 0x00E8F4F9, 0x00E6F4F9, 0x00DFF2F8,
    0x00E0F2F8, 0x00DEF1F7, 0x00DFF1F9, 0x00E3F3FB, 0x00E2F2F9, 0x00E6F3F8, 0x00E5F3F8, 0x00E2F1F8, 0x00E5F3F9,
    0x00E5F2F8, 0x00E2F1F7, 0x00DEEFF5, 0x00DCEDF4, 0x00E0F0F5, 0x00DCEDF3, 0x00DFEFF5, 0x00DBEDF4, 0x00DBEDF4,
    0x00DCEDF4, 0x00D8EAF1, 0x00D7EBF3, 0x00D3E8F1, 0x00D9EBF2, 0x00DDEEF4, 0x00DBEDF3, 0x00DBEDF3, 0x00DDEEF5,
    0x00DDEEF4, 0x00DCEDF3, 0x00DAEBF1, 0x00DEEEF4, 0x00E2F1F6, 0x00DFEFF5, 0x00DFEFF6, 0x00E2F1F7, 0x00E1F0F6,
    0x00E4F1F7, 0x00E2F1F8, 0x00E0EFF6, 0x00E4F1F7, 0x00E1EFF5, 0x00E2F0F6, 0x00DAEFF4, 0x00E1EFF5, 0x00E2F0F5,
    0x00E4F1F6, 0x00E5F2F8, 0x00E7F3F7, 0x00E4F2F7, 0x00DEECF0, 0x00E1EFF3, 0x00E8F3F9, 0x00E7F3F8, 0x00E6F2F7,
    0x00E7F3F8, 0x00E6F2F8, 0x00E3F1F6, 0x00E7F3F7, 0x00E4F1F5, 0x00E4F1F5, 0x00E4F1F6, 0x00DFEEF5, 0x00E2F1F5,
    0x00E4F1F6, 0x00E4F1F7, 0x00E4F1F7, 0x00E6F3F7, 0x00E4F2F7, 0x00E2F1F6, 0x00E1F2F7, 0x00E8F4F8, 0x00E8F3F8,
    0x00E7F4F8, 0x00E6F2F7, 0x00E6F2F7, 0x00E7F3F8, 0x00E7F3F8, 0x00E7F3F7, 0x00EAF4F9, 0x00EAF4F8, 0x00E7F3F8,
    0x00E7F2F7, 0x00E6F3F9, 0x00EAF4FA, 0x00E4F2F8, 0x00E6F2F7, 0x00E5F2F7, 0x00DFEEF5, 0x00E4F2F8, 0x00E3F0F6,
    0x00E4F1F7, 0x00E3F1F6, 0x00E7F2F8, 0x00E5F2F7, 0x00E4F1F6, 0x00E5F2F7, 0x00E1EFF5, 0x00E1F0F5, 0x00E2F0F5,
    0x00E4F1F6, 0x00E3F0F6, 0x00E0EEF4, 0x00DFEEF3, 0x00DFEEF4, 0x00E2F0F6, 0x00E2F0F6, 0x00E1EFF6, 0x00E1EFF6,
    0x00E0EFF5, 0x00DDEDF4, 0x00DEEEF4, 0x00DFEEF4, 0x00E0EEF4, 0x00DFEDF4, 0x00DDEDF4, 0x00DCECF3, 0x00D9EAF0,
    0x00DBEBF2, 0x00DAEAF1, 0x00DEECF3, 0x00DDECF2, 0x00DDECF2, 0x00DCEBF1, 0x00E1EEF3, 0x00DFEDF2, 0x00DFECF2,
    0x00DEECF2, 0x00DDEBF1, 0x00DAE9F0, 0x00D8E8EE, 0x00DBEAF0, 0x00DCEAF1, 0x00DFECF1, 0x00DDEBF2, 0x00DEEDF3,
    0x00DEEBF2, 0x00DEECF2, 0x00DEEBF2, 0x00DBE9EF, 0x00DFECF2, 0x00DDEAF1, 0x00DCEAF0, 0x00DBEAF0, 0x00DCEBF2,
    0x00D8E8EE, 0x00DAEBF1, 0x00DCEAF1, 0x00DDEBF2, 0x00DFECF2, 0x00E2EEF4, 0x00E3EFF5, 0x00E3EFF5, 0x00E3EFF5,
    0x00E3F0F5, 0x00E6F1F6, 0x00E2EFF5, 0x00DFEDF3, 0x00DFECF3, 0x00DEEDF3, 0x00DFEDF3, 0x00E0EEF5, 0x00E3F0F6,
    0x00E3F0F6, 0x00E7F2F8, 0x00E8F3F9, 0x00E8F3F8, 0x00E7F3F7, 0x00E8F4F8, 0x00E8F4F9, 0x00E8F4F8, 0x00E6F2F7,
    0x00E7F2F7, 0x00E6F2F7, 0x00E8F3F8, 0x00E9F3F8, 0x00E7F2F7, 0x00E8F4F8, 0x00E8F3F8, 0x00E9F4F8, 0x00E7F2F6,
    0x00EBF5F9, 0x00EAF5FA, 0x00E9F4F9, 0x00E9F4F9, 0x00E7F3F8, 0x00E7F3F8, 0x00E6F2F8, 0x00E6F3F9, 0x00E7F2F7,
    0x00E8F3F9, 0x00E8F3F8, 0x00E7F2F7, 0x00E7F3F7, 0x00E6F2F8, 0x00E6F2F8, 0x00E5F1F7, 0x00E6F2F7, 0x00E7F2F7,
    0x00E3EFF5, 0x00E4F0F6, 0x00E6F2F7, 0x00E8F3F8, 0x00E5F0F6, 0x00E1F0F5, 0x00E1F0F4, 0x00E7F2F7, 0x00E8F4F9,
    0x00E4F0F5, 0x00E6F2F7, 0x00E6F2F8, 0x00E5F1F6, 0x00E6F1F7, 0x00E5F1F5, 0x00E6F1F7, 0x00E5F1F6, 0x00E2EFF4,
    0x00E0EDF3, 0x00E4F0F5, 0x00E1EFF5, 0x00E5F2F5, 0x00E2EFF4, 0x00DDEEF4, 0x00DFEEF5, 0x00E0EEF3, 0x00E1EEF2,
    0x00DFEDF3, 0x00E3F0F4, 0x00E3EFF5, 0x00E1EFF4, 0x00E1EEF5, 0x00E0EEF4, 0x00DEECF3, 0x00E1EEF4, 0x00E0EEF4,
    0x00E2F0F6, 0x00E2EFF5, 0x00E0EDF3, 0x00E0EEF4, 0x00E0EEF4, 0x00E1EFF5, 0x00E0EDF4, 0x00DFEDF4, 0x00DDECF3,
    0x00E0EEF5, 0x00E0EDF4, 0x00DFEDF4, 0x00DFEDF4, 0x00E0EEF5, 0x00E1EEF5, 0x00E2F0F6, 0x00E2EFF5, 0x00DEEDF3,
    0x00DEEFF4, 0x00E5F1F7, 0x00E0EFF5, 0x00E2EFF5, 0x00DEEDF4, 0x00D9EAF1, 0x00DFEEF4, 0x00E0EEF4, 0x00DCEBF2,
    0x00D9EAF1, 0x00DEEDF3, 0x00DDECF4, 0x00DCECF3, 0x00DDEDF4, 0x00DAEAF1, 0x00DDEDF4, 0x00DFEEF4, 0x00DEEDF3,
    0x00DEEDF3, 0x00DEECF3, 0x00DFEDF4, 0x00DFEDF4, 0x00E0EEF5, 0x00E0EFF5, 0x00E1EFF6, 0x00E0EFF5, 0x00DFEDF4,
    0x00DEEDF4, 0x00E2EFF5, 0x00E3F0F6, 0x00E3EFF6, 0x00E2EFF5, 0x00E0EFF6, 0x00E0EFF5, 0x00E3F1F6, 0x00E2F0F5,
    0x00E2F0F5, 0x00DEEDF3, 0x00E4F1F6, 0x00E4F1F6, 0x00E1EFF5, 0x00E5F1F6, 0x00E5F1F6, 0x00E5F1F7, 0x00E5F1F5,
    0x00E5F1F6, 0x00E4F2F6, 0x00E5F1F8, 0x00E1F0F6, 0x00DFEEF5, 0x00E2F1F7, 0x00E2F1F7, 0x00DFEFF6, 0x00E0F0F6,
    0x00E2F1F7, 0x00DEEEF5, 0x00E0EEF6, 0x00DFEFF5, 0x00E1EFF5, 0x00E1EFF6, 0x00E2F0F6, 0x00E3F0F7, 0x00E1F1F6,
    0x00E6F2F8, 0x00E3F2F8, 0x00E3F2F8, 0x00E6F4FA, 0x00E7F4F9, 0x00E5F4F9, 0x00E3F3F8, 0x00E2F3F9, 0x00E6F4FB,
    0x00DEF0F7, 0x00E0F1F7, 0x00E3F1F7, 0x00E2F2F8, 0x00DDEEF5, 0x00E1F0F8, 0x00DAEDF4, 0x00DCEDF4, 0x00E0F0F6,
    0x00E2F0F6, 0x00DEEEF5, 0x00DCEDF4, 0x00DFEEF5, 0x00DAEDF3, 0x00DEEDF4, 0x00DBECF3, 0x00D5E8F0, 0x00D6EAF2,
    0x00D7E9F0, 0x00D7E9F2, 0x00D5E8F0, 0x00DAECF3, 0x00D7E9F1, 0x00D9EBF3, 0x00DCEEF5, 0x00DDEFF6, 0x00DCEDF4,
    0x00DCECF4, 0x00DBECF3, 0x00DDEDF3, 0x00DEEDF4, 0x00E0EEF4, 0x00E0EEF5, 0x00DBEBF2, 0x00E0EEF4, 0x00E2EFF5,
    0x00DEEDF3, 0x00E0EEF4, 0x00DAECF1, 0x00DFEEF4, 0x00E2EFF4, 0x00E3F1F6, 0x00E3F1F7, 0x00E3EFF5, 0x00E0EDF3,
    0x00DCEAEE, 0x00DFECF1, 0x00E4F1F6, 0x00E4F0F6, 0x00E5F2F6, 0x00E5F2F8, 0x00E5F2F7, 0x00E5F2F7, 0x00E3F0F6,
    0x00E5F1F6, 0x00E4F1F6, 0x00E5F1F6, 0x00E0EFF5, 0x00E0EFF6, 0x00E4F2F8, 0x00E2F0F6, 0x00E3F1F6, 0x00E2F0F6,
    0x00E6F3F8, 0x00E8F3F9, 0x00E6F2F9, 0x00E5F3F8, 0x00E8F4F8, 0x00E8F4F9, 0x00E8F4F8, 0x00E6F2F7, 0x00E7F3F7,
    0x00E6F2F6, 0x00E8F4F8, 0x00E6F1F7, 0x00E7F2F8, 0x00E7F2F8, 0x00E7F2F7, 0x00E8F3F7, 0x00E9F3F8, 0x00E4F2F7,
    0x00E3F0F6, 0x00E1EFF5, 0x00E1F0F7, 0x00E2F0F6, 0x00DCECF3, 0x00DFEFF6, 0x00E2F1F7, 0x00E6F3F8, 0x00DFF0F6,
    0x00E2F0F5, 0x00E1EFF5, 0x00E0EFF6, 0x00E0EFF5, 0x00E3F0F7, 0x00DEEFF5, 0x00DDEDF3, 0x00E3F0F6, 0x00E3F0F6,
    0x00DBEDF3, 0x00E2EFF6, 0x00E1EFF6, 0x00E0EFF5, 0x00E0EFF6, 0x00DDEEF5, 0x00E1EFF6, 0x00E1EFF5, 0x00DEECF4,
    0x00E0EFF5, 0x00E1EEF5, 0x00DCECF2, 0x00DAEAF1, 0x00DEECF3, 0x00DCEAF1, 0x00DAE9F0, 0x00DBE8F0, 0x00D9E9F0,
    0x00DBEBF1, 0x00DCEBF1, 0x00DDECF2, 0x00DFEEF4, 0x00DCECF2, 0x00DBEBF2, 0x00DBE9F1, 0x00D9E9F0, 0x00D7E8EF,
    0x00DAE9F0, 0x00DBEAF1, 0x00DAE9F0, 0x00DCEBF1, 0x00DEEDF3, 0x00DEECF2, 0x00DEECF1, 0x00DEECF1, 0x00DAE9EF,
    0x00DBE9EF, 0x00DCEAF0, 0x00DDEAF1, 0x00DEEBF0, 0x00DFEDF3, 0x00E0ECF2, 0x00E2EEF4, 0x00E0EDF3, 0x00DFECF3,
    0x00DCEAF0, 0x00E3EFF4, 0x00E3EFF5, 0x00E4F0F5, 0x00DFEDF4, 0x00E1EEF4, 0x00E3EEF5, 0x00E0EEF4, 0x00DEEDF3,
    0x00E2EDF4, 0x00DDEBF2, 0x00E2EEF4, 0x00E1EEF4, 0x00E1EDF4, 0x00E2EFF5, 0x00E4F0F6, 0x00E5F1F7, 0x00E6F2F8,
    0x00E8F4F9, 0x00E6F2F7, 0x00E8F3F9, 0x00E5F1F7, 0x00E5F1F7, 0x00E6F2F7, 0x00E6F2F6, 0x00E8F4F8, 0x00E9F3F8,
    0x00E7F2F8, 0x00E7F3F7, 0x00E7F3F8, 0x00E8F3F9, 0x00E9F4F8, 0x00EAF5F9, 0x00E8F4F8, 0x00E8F4F8, 0x00E7F2F9,
    0x00E8F3F9, 0x00E7F2F7, 0x00E9F4F8, 0x00E6F2F8, 0x00E7F3F8, 0x00E9F4F9, 0x00E6F1F7, 0x00E7F2F9, 0x00E5F1F5,
    0x00E7F2F7, 0x00E5F1F5, 0x00E4F0F6, 0x00E6F2F7, 0x00E6F2F7, 0x00E4F0F5, 0x00E6F2F6, 0x00E6F2F6, 0x00E7F2F6,
    0x00E6F1F7, 0x00E4EFF5, 0x00E9F3F8, 0x00E5F0F5, 0x00E6F2F8, 0x00E5F1F5, 0x00E4F0F6, 0x00E4F0F6, 0x00E2EFF3,
    0x00E4F0F6, 0x00E0EDF2, 0x00E3EFF5, 0x00E3F0F4, 0x00E0EEF4, 0x00E3F0F5, 0x00E3EFF4, 0x00E3F0F6, 0x00E5F1F6,
    0x00E4F1F6, 0x00E4F2F5, 0x00E2EFF5, 0x00E2F0F5, 0x00E2EFF3, 0x00E2F0F4, 0x00E0EDF3, 0x00E0EFF5, 0x00DFEEF4,
    0x00E2EFF5, 0x00DFECF3, 0x00E1EEF4, 0x00E3EFF5, 0x00E2EFF4, 0x00E1EFF5, 0x00DFEDF3, 0x00E0EEF4, 0x00DDECF3,
    0x00E1EEF4, 0x00DEECF3, 0x00DFEDF4, 0x00DEEDF3, 0x00DBEBF2, 0x00DFEEF4, 0x00E1EEF5, 0x00DFEDF4, 0x00E0EEF4,
    0x00E1EFF6, 0x00E1EFF5, 0x00DFEDF4, 0x00DFEEF4, 0x00E3EFF5, 0x00E0EFF5, 0x00E0EEF5, 0x00E0EFF5, 0x00DEEEF4,
    0x00DDECF4, 0x00DDECF4, 0x00DCEBF3, 0x00E1EEF5, 0x00E0EEF5, 0x00DFEDF4, 0x00DEEDF3, 0x00DDEDF3, 0x00DFEEF5,
    0x00DBEBF2, 0x00DDEDF4, 0x00DFEDF4, 0x00DFEDF4, 0x00DDECF3, 0x00DFEDF4, 0x00DEECF2, 0x00E0EDF4, 0x00DEEDF3,
    0x00E3F0F6, 0x00E2F0F6, 0x00E1EFF5, 0x00E2F0F6, 0x00E2F0F7, 0x00E1EFF4, 0x00E2EFF5, 0x00E1EFF5, 0x00E2EFF5,
    0x00E1EEF5, 0x00DAECF3, 0x00E1EFF5, 0x00E2EFF5, 0x00E1EEF4, 0x00E1EEF5, 0x00E1F0F6, 0x00E3F0F5, 0x00E3EFF6,
    0x00E3F1F5, 0x00E5F0F7, 0x00E5F1F6, 0x00E3F0F6, 0x00E1EFF5, 0x00E0EFF5, 0x00DFEDF4, 0x00DFEEF5, 0x00DDEDF4,
    0x00DFEEF5, 0x00D9E8EF, 0x00DDEEF4, 0x00E1EFF7, 0x00E3F2F8, 0x00E6F4F8, 0x00E4F1F7, 0x00DFEEF5, 0x00E0EFF4,
    0x00DFEFF5, 0x00DDEEF5, 0x00E2F0F6, 0x00E3F0F6, 0x00E1F0F6, 0x00E2F1F6, 0x00E8F4F9, 0x00E8F4F9, 0x00E5F3F9,
    0x00E6F4FA, 0x00E6F5F9, 0x00E5F3F8, 0x00E2F2F8, 0x00DEF2F8, 0x00DBEEF5, 0x00E1F1F7, 0x00DEEEF6, 0x00DCEEF6,
    0x00DCEFF6, 0x00DAEEF5, 0x00DEEFF6, 0x00D9ECF3, 0x00DFEFF5, 0x00E0EFF6, 0x00DAEDF3, 0x00D9ECF3, 0x00D7EBF3,
    0x00D6EBF2, 0x00D9EBF2, 0x00DEEDF3, 0x00D9EBF2, 0x00D6EAF1, 0x00DBECF2, 0x00DAECF3, 0x00D6E9F1, 0x00DBECF3,
    0x00D8EBF2, 0x00D9ECF3, 0x00DFEEF5, 0x00DCEDF3, 0x00DAECF2, 0x00D9EBF2, 0x00D8EAF0, 0x00D9EAF1, 0x00DBEBF2,
    0x00DCECF3, 0x00DCECF3, 0x00DEEDF4, 0x00DCECF2, 0x00DEEDF4, 0x00DCEBF2, 0x00DAE9F0, 0x00E0EDF3, 0x00DDECF2,
    0x00DDEBF1, 0x00DDECF2, 0x00DDECF3, 0x00DDEBF2, 0x00DFEDF3, 0x00E0EEF4, 0x00E1EFF4, 0x00E2EEF4, 0x00DFECF2,
    0x00E2EFF5, 0x00E0EEF4, 0x00E4F1F7, 0x00E2F0F5, 0x00E1EFF5, 0x00DFEFF5, 0x00DFEFF4, 0x00E0EFF6, 0x00E1F0F5,
    0x00E0EEF5, 0x00E6F1F7, 0x00E3F0F5, 0x00E5F1F7, 0x00E4F2F7, 0x00E4F2F6, 0x00E6F2F7, 0x00E6F2F8, 0x00E7F3F7,
    0x00E6F2F8, 0x00E6F3F8, 0x00E6F2F7, 0x00E6F2F6, 0x00E6F2F7, 0x00E6F2F7, 0x00E7F2F7, 0x00E6F2F7, 0x00E5F2F6,
    0x00E6F2F7, 0x00E5F1F6, 0x00E9F4F7, 0x00E7F2F7, 0x00E3F0F7, 0x00E2F0F6, 0x00E3F1F6, 0x00E1EFF5, 0x00E2F0F6,
    0x00E2F0F6, 0x00E2F0F6, 0x00E0F0F6, 0x00E3F1F7, 0x00E3F1F7, 0x00DEEEF4, 0x00E2F0F6, 0x00E0F0F6, 0x00E0EFF6,
    0x00E3F1F7, 0x00DFEFF5, 0x00E0EFF5, 0x00E3F1F6, 0x00E1EFF5, 0x00DFEFF5, 0x00E0EEF5, 0x00DEEEF5, 0x00E1EFF5,
    0x00E1F0F6, 0x00DDEDF4, 0x00DDEDF4, 0x00DFEEF5, 0x00E0EEF5, 0x00DDECF3, 0x00DBEBF2, 0x00DFEDF4, 0x00DCECF3,
    0x00DAEAF0, 0x00DDEBF1, 0x00DBEAF0, 0x00DCEBF1, 0x00DCECF2, 0x00DDECF3, 0x00DCECF2, 0x00DAEBF1, 0x00DEEDF3,
    0x00DBECF2, 0x00DCECF2, 0x00DCEBF2, 0x00D9E9F0, 0x00D7E9F0, 0x00D7E8EF, 0x00D8E9EF, 0x00DAE9F0, 0x00DDECF3,
    0x00DAEAF0, 0x00DBEAF1, 0x00DCEAF1, 0x00DBEAF1, 0x00DDEBF1, 0x00DDEBF0, 0x00DEECF1, 0x00E1EDF3, 0x00DFECF2,
    0x00E1EDF4, 0x00DFEDF3, 0x00E2EEF4, 0x00E0EDF3, 0x00E2EFF4, 0x00E2EFF4, 0x00E4EFF5, 0x00E3EEF5, 0x00E2EFF5,
    0x00E3EFF5, 0x00E3EFF5, 0x00E3EFF5, 0x00E0EEF4, 0x00E1EEF3, 0x00E1EEF4, 0x00E0EEF3, 0x00E2EEF4, 0x00E2EEF4,
    0x00DEECF2, 0x00DEECF2, 0x00E5F1F6, 0x00E5F1F7, 0x00E5F1F7, 0x00E5F1F7, 0x00E5F1F7, 0x00E7F3F8, 0x00E8F4F8,
    0x00E4F1F6, 0x00E4F0F6, 0x00E5F1F7, 0x00E6F2F7, 0x00E7F2F7, 0x00E7F2F8, 0x00E7F3F7, 0x00E6F1F6, 0x00E6F2F6,
    0x00E8F3F8, 0x00E8F3F9, 0x00E7F3F7, 0x00E8F3F9, 0x00E8F3F8, 0x00E8F3F8, 0x00E9F4F8, 0x00E6F2F7, 0x00E6F2F7,
    0x00E7F2F8, 0x00E8F3F8, 0x00E7F3F7, 0x00E7F3F7, 0x00E7F3F7, 0x00E6F1F7, 0x00E6F2F8, 0x00E4F0F6, 0x00E6F1F7,
    0x00E5F1F7, 0x00E6F2F6, 0x00E5F1F6, 0x00E5F1F6, 0x00E5F0F5, 0x00E5F1F6, 0x00E5F0F6, 0x00E3F0F5, 0x00E5F1F5,
    0x00E4F0F5, 0x00E4F0F6, 0x00E5F1F6, 0x00E5F1F6, 0x00E5F1F6, 0x00E3EFF5, 0x00E3F0F6, 0x00E4F1F7, 0x00E4F0F6,
    0x00E0EEF4, 0x00E4F0F6, 0x00E3F0F6, 0x00E0EEF5, 0x00E3F0F6, 0x00E2F0F6, 0x00E1EFF5, 0x00E0EEF4, 0x00E1EFF5,
    0x00E2EFF5, 0x00E4F0F5, 0x00E1EFF5, 0x00DFEEF4, 0x00E3F0F5, 0x00E2EFF5, 0x00E0EFF4, 0x00E2EFF4, 0x00E1EEF3,
    0x00E2EFF5, 0x00E2EFF5, 0x00E0EEF4, 0x00E0EDF4, 0x00DFEDF4, 0x00E0EEF4, 0x00E1EFF4, 0x00E1EEF4, 0x00E0EEF4,
    0x00DDEDF4, 0x00DFEEF5, 0x00DFEDF4, 0x00E0EEF4, 0x00E1EFF5, 0x00E0EEF5, 0x00DFEDF5, 0x00E0EFF5, 0x00E1EFF5,
    0x00E2EFF5, 0x00DEEEF4, 0x00E2EFF6, 0x00DEEEF5, 0x00DDEDF4, 0x00DDEDF4, 0x00DEEDF4, 0x00DCECF2, 0x00DFEDF4,
    0x00E1EEF5, 0x00DDEDF3, 0x00DEEDF3, 0x00DDEDF3, 0x00DCECF3, 0x00DDECF3, 0x00DBEAF1, 0x00DDECF3, 0x00DDECF3,
    0x00DAEAF1, 0x00DDEBF2, 0x00DEECF3, 0x00DFEDF3, 0x00DFEDF4, 0x00E0EEF5, 0x00DEEDF3, 0x00E3F0F6, 0x00E2EFF6,
    0x00DFEEF5, 0x00DFEDF4, 0x00E0EEF5, 0x00E2EFF5, 0x00DCECF2, 0x00DFEEF5, 0x00E2EFF5, 0x00E1EFF5, 0x00E0EFF5,
    0x00E2EFF5, 0x00E1EFF5, 0x00E0EEF4, 0x00E2F0F6, 0x00E3F0F6, 0x00E5F1F6, 0x00E3EFF5, 0x00E1EFF5, 0x00E2EFF5,
    0x00E2EFF5, 0x00E1EEF4, 0x00DFEEF5, 0x00DDEDF4, 0x00DFEEF5, 0x00E3EFF6, 0x00DBE7EC, 0x00DCEAEF, 0x00E1F0F7,
    0x00E2F1F8, 0x00E4F2F8, 0x00E3F1F7, 0x00E0F0F7, 0x00E2F0F6, 0x00E3F0F7, 0x00DFEFF5, 0x00E3EFF7, 0x00E1EFF6,
    0x00E5F1F7, 0x00E4F1F8, 0x00E2F1F6, 0x00E4F2F8, 0x00E5F4FA, 0x00E7F4FA, 0x00E6F4F9, 0x00E6F4F9, 0x00E6F4F9,
    0x00E0F2FA, 0x00E2F2F9, 0x00DEEFF6, 0x00D9EEF5, 0x00DEF0F6, 0x00D6ECF3, 0x00D8EDF4, 0x00DDEDF5, 0x00DCEEF5,
    0x00DFEFF5, 0x00DFF0F6, 0x00D8ECF1, 0x00DAEDF4, 0x00D6EAF2, 0x00DAECF3, 0x00D7EBF1, 0x00E0EEF4, 0x00DEEDF3,
    0x00DDEDF2, 0x00D6E8EF, 0x00D8EAF1, 0x00D7EAF1, 0x00DDEDF4, 0x00DCEEF5, 0x00DCEEF4, 0x00DFEEF6, 0x00D9ECF2,
    0x00DAECF3, 0x00D9EAF1, 0x00DAECF3, 0x00D5E7EE, 0x00DAECF2, 0x00D9EAF1, 0x00D9EBF2, 0x00DCEBF2, 0x00DDECF3,
    0x00DDECF2, 0x00DDEBF3, 0x00DCEBF2, 0x00E0EDF3, 0x00DCEBF1, 0x00DCECF2, 0x00DEEDF3, 0x00DEECF3, 0x00DFEDF3,
    0x00DEEDF2, 0x00DEEDF3, 0x00E1EFF5, 0x00E2EFF5, 0x00E0EEF3, 0x00E1EFF5, 0x00E1EFF4, 0x00E2F0F6, 0x00E1EFF4,
    0x00E2F0F6, 0x00DCEFF4, 0x00E2F1F6, 0x00DDEEF3, 0x00E4F0F6, 0x00E0EEF4, 0x00E1EFF5, 0x00E1F0F5, 0x00E3F1F7,
    0x00E4F1F6, 0x00E6F2F8, 0x00E7F3F7, 0x00E6F3F7, 0x00E7F3F7, 0x00E7F3F8, 0x00E6F3F8, 0x00E5F1F7, 0x00E8F3F9,
    0x00E6F1F7, 0x00E7F2F8, 0x00E4F0F6, 0x00E6F2F7, 0x00E7F2F7, 0x00E6F2F7, 0x00E5F1F5, 0x00E7F2F7, 0x00E9F3F7,
    0x00E3F0F6, 0x00E6F2F7, 0x00E4F1F6, 0x00DFEEF4, 0x00E4F1F7, 0x00E5F1F6, 0x00E3F0F6, 0x00DDEEF5, 0x00E4F2F7,
    0x00E2F0F6, 0x00E4F2F7, 0x00E3F1F7, 0x00E4F1F6, 0x00DFEFF5, 0x00DEEEF4, 0x00DEEEF4, 0x00E2F0F6, 0x00E5F2F7,
    0x00E5F1F6, 0x00E4F2F6, 0x00E3F0F5, 0x00DEEFF5, 0x00DFEFF5, 0x00E0EFF5, 0x00DDEDF4, 0x00DFEEF5, 0x00DEEDF4,
    0x00DBEBF2, 0x00E0EEF4, 0x00DFEEF4, 0x00DBEBF2, 0x00DDEDF4, 0x00DFECF3, 0x00DBEAF1, 0x00D7E9EF, 0x00D7E9F0,
    0x00D6E9F0, 0x00DDEDF3, 0x00E0EEF4, 0x00DEEDF4, 0x00DCEDF3, 0x00DBECF2, 0x00DDECF2, 0x00DDEBF2, 0x00DCEBF1,
    0x00DAEAF1, 0x00DBEAF0, 0x00DBE9F0, 0x00DEECF3, 0x00E1EDF4, 0x00DEEDF5, 0x00DBEAF1, 0x00DEECF2, 0x00DBEAF1,
    0x00DDEBF2, 0x00DCEBF1, 0x00DEEBF1, 0x00DFEBF2, 0x00DEEEF2, 0x00E1EDF4, 0x00E0EEF5, 0x00E0EDF4, 0x00E0EEF4,
    0x00E1EEF4, 0x00E3EFF5, 0x00E3EEF4, 0x00E2EEF3, 0x00E2EFF4, 0x00E3EFF5, 0x00E5F0F7, 0x00E4F0F6, 0x00E3F0F5,
    0x00E2EEF4, 0x00E2EFF4, 0x00E5F1F6, 0x00E5F0F5, 0x00E3EFF5, 0x00DDECF2, 0x00E0EDF3, 0x00E3EFF4, 0x00E3F0F6,
    0x00E4F0F6, 0x00E6F2F7, 0x00E3F0F5, 0x00E7F3F7, 0x00EAF5F8, 0x00E8F3F7, 0x00E7F3F7, 0x00E8F3F8, 0x00E5F1F6,
    0x00E9F4F9, 0x00E7F3F7, 0x00E4F1F6, 0x00E6F1F5, 0x00E8F3F8, 0x00E6F1F7, 0x00E6F2F8, 0x00E6F2F8, 0x00E7F3F9,
    0x00E7F3F8, 0x00E9F4FA, 0x00E9F4F9, 0x00E8F4F8, 0x00E8F4F8, 0x00E8F3F7, 0x00E9F5F9, 0x00E9F4F8, 0x00E9F5F9,
    0x00E6F3F7, 0x00E5F1F6, 0x00E5F0F5, 0x00E7F2F7, 0x00E5F1F7, 0x00E6F2F7, 0x00E6F2F7, 0x00E6F2F7, 0x00E5F1F6,
    0x00E6F2F8, 0x00E4F1F5, 0x00E7F2F8, 0x00E5F1F5, 0x00E6F1F5, 0x00E7F2F7, 0x00E6F2F6, 0x00E5F0F5, 0x00E2EFF5,
    0x00E3F0F5, 0x00E4F1F6, 0x00E3F0F6, 0x00E2EFF5, 0x00E4F1F7, 0x00E4F0F5, 0x00E6F2F7, 0x00E2F0F6, 0x00E1EFF5,
    0x00E2F0F5, 0x00E4F1F6, 0x00E2EFF5, 0x00E1EFF4, 0x00E2EFF5, 0x00E1EEF4, 0x00E3F0F5, 0x00E0EEF5, 0x00E0EEF4,
    0x00E2EFF5, 0x00E1EFF6, 0x00E3F0F5, 0x00E2EFF3, 0x00E3F0F5, 0x00E3EFF5, 0x00E2EEF6, 0x00E0EDF3, 0x00E0EEF5,
    0x00DFEDF3, 0x00E1EEF5, 0x00E3EFF5, 0x00E0EEF4, 0x00DDECF3, 0x00DCECF3, 0x00DFEDF4, 0x00E0EDF5, 0x00E0EEF4,
    0x00E0EEF5, 0x00E0EEF4, 0x00E0EEF5, 0x00E0EFF5, 0x00E2EFF5, 0x00E4F1F7, 0x00E1EFF5, 0x00E2EFF5, 0x00DFEDF4,
    0x00E0EEF4, 0x00E1F0F6, 0x00E0EEF4, 0x00E1F0F6, 0x00E0EFF5, 0x00E0EEF4, 0x00E2F0F6, 0x00E2EFF5, 0x00E0EEF5,
    0x00DDECF2, 0x00DCEBF2, 0x00DDECF3, 0x00DEECF3, 0x00E0EDF3, 0x00DBEBF1, 0x00DFEDF3, 0x00DFECF2, 0x00E0EDF4,
    0x00DDEDF3, 0x00DFEDF4, 0x00E0EEF4, 0x00E4F1F6, 0x00E2EFF5, 0x00E0EEF4, 0x00DFEDF4, 0x00DFEEF5, 0x00E2EFF5,
    0x00DFEDF4, 0x00DEECF4, 0x00DEEEF4, 0x00E0EEF5, 0x00E2EFF6, 0x00DDECF4, 0x00DFEEF4, 0x00E3F0F6, 0x00E2EFF6,
    0x00E3F0F6, 0x00E2EFF6, 0x00DEECF2, 0x00E3F0F6, 0x00DFEDF4, 0x00E2EEF4, 0x00E3F0F6, 0x00E1F0F6, 0x00E0EFF5,
    0x00E3F0F6, 0x00E0EEF5, 0x00DFEEF6, 0x00E2F0F7, 0x00E2F0F7, 0x00DFEFF6, 0x00E1F0F8, 0x00E2F0F6, 0x00E2F0F6,
    0x00E3F1F8, 0x00E1EFF6, 0x00E0F0F6, 0x00E2EFF6, 0x00E1F0F6, 0x00E5F0F8, 0x00E2EFF6, 0x00E3EFF6, 0x00DFEFF6,
    0x00E6F4F9, 0x00EAF5FA, 0x00E8F4FA, 0x00E9F5FA, 0x00E5F4F8, 0x00DBF0F8, 0x00D8EEF6, 0x00D8EEF6, 0x00D6ECF4,
    0x00DCEEF6, 0x00DAEEF5, 0x00D7EDF3, 0x00E0F0F6, 0x00DEEEF6, 0x00DEEFF6, 0x00DDEFF5, 0x00DBEDF3, 0x00D9ECF2,
    0x00DCEEF3, 0x00E0EFF4, 0x00D7EBF2, 0x00DAEBF1, 0x00DBECF3, 0x00DEEEF3, 0x00D9EAF1, 0x00D5E9F0, 0x00D8EAF2,
    0x00D9EBF2, 0x00D8EBF2, 0x00DBEDF3, 0x00D9EAF1, 0x00DAEBF2, 0x00DBEBF2, 0x00D8EAF1, 0x00D8EAF1, 0x00D9EBF2,
    0x00D6E9F1, 0x00DAEBF2, 0x00DBECF2, 0x00DBECF3, 0x00DCECF3, 0x00DDECF2, 0x00DDEBF2, 0x00D9EAF0, 0x00DCEAF1,
    0x00DAEBF1, 0x00DAEAF1, 0x00DAEAF1, 0x00DCEBF2, 0x00DBEAF0, 0x00DDECF2, 0x00DDECF3, 0x00DFEEF4, 0x00DDECF3,
    0x00DFEEF5, 0x00E0EFF5, 0x00E2F1F6, 0x00DEEDF4, 0x00E4F1F8, 0x00E1EFF5, 0x00E0EEF4, 0x00DEEDF3, 0x00DFEEF4,
    0x00E2EEF4, 0x00E2EFF5, 0x00E2EFF5, 0x00DEEEF5, 0x00E2F0F5, 0x00E0F0F5, 0x00E4F1F6, 0x00E6F1F6, 0x00E5F1F6,
    0x00E4F2F7, 0x00E7F2F7, 0x00E4F1F6, 0x00E5F2F6, 0x00E3F1F6, 0x00E3F2F8, 0x00E5F1F7, 0x00E6F2F7, 0x00E6F2F6,
    0x00E5F1F6, 0x00E3F0F5, 0x00E2F0F5, 0x00E3F0F6, 0x00E4F0F5, 0x00E0EFF5, 0x00E6F1F6, 0x00E5F2F7, 0x00E1F0F5,
    0x00E2EFF6, 0x00E3F0F6, 0x00E4F1F5, 0x00E4F2F7, 0x00E5F1F7, 0x00DFEFF6, 0x00E4F1F7, 0x00E3F1F6, 0x00E3EFF5,
    0x00DEEDF4, 0x00DFEEF4, 0x00DBEDF2, 0x00E1F0F5, 0x00E1EFF5, 0x00E3F1F7, 0x00E3F1F5, 0x00E0EFF6, 0x00DDEDF4,
    0x00E1F0F6, 0x00E2F0F6, 0x00DFEEF5, 0x00E1EFF5, 0x00DCECF3, 0x00D9ECF2, 0x00DAEBF2, 0x00D5E9F0, 0x00DBECF3,
    0x00D6E9F0, 0x00D0E6EC, 0x00D9EAF1, 0x00DCEAF1, 0x00D5EAF0, 0x00D8EBF1, 0x00DCEBF2, 0x00DCEDF4, 0x00DCECF2,
    0x00DCEBF2, 0x00DAEBF2, 0x00DCECF2, 0x00DAEAF1, 0x00D9E9F0, 0x00D7E9EF, 0x00D8E9F0, 0x00D7E9F0, 0x00DAE9F0,
    0x00DAE9F0, 0x00DBEAF1, 0x00D9E9F0, 0x00DBEAF1, 0x00DBEAF1, 0x00DAEAF1, 0x00D6E8EF, 0x00D9E9F0, 0x00DBEBF2,
    0x00DAEBF2, 0x00DCEBF2, 0x00E0EDF4, 0x00E0EEF4, 0x00DEECF2, 0x00E3EFF5, 0x00E4F0F6, 0x00E3EFF5, 0x00E4F0F5,
    0x00E6F0F6, 0x00E3F0F5, 0x00E3F0F5, 0x00E6F0F7, 0x00E5EFF6, 0x00E2F0F5, 0x00E1EFF5, 0x00E4F0F5, 0x00E6F1F7,
    0x00E4F0F6, 0x00E4F0F5, 0x00E4EFF4, 0x00E3EEF4, 0x00E3EFF4, 0x00E4F0F5, 0x00E5F1F7, 0x00E6F2F7, 0x00E5F1F7,
    0x00E7F2F8, 0x00E7F2F7, 0x00E8F3F8, 0x00E9F3F9, 0x00E7F3F8, 0x00E8F2F8, 0x00E5F1F6, 0x00E6F2F7, 0x00E6F2F6,
    0x00E8F3F7, 0x00E5F2F7, 0x00E7F3F7, 0x00E8F4F7, 0x00E9F4F8, 0x00E6F2F6, 0x00EAF5F9, 0x00E9F4F9, 0x00EAF5F9,
    0x00E9F4F8, 0x00E7F3F9, 0x00E6F3F8, 0x00E8F3F9, 0x00E7F4F9, 0x00E6F2F7, 0x00E5F1F6, 0x00E2EFF4, 0x00E7F2F6,
    0x00E8F3F7, 0x00E8F3F8, 0x00E4F1F6, 0x00E9F4F8, 0x00E5F1F5, 0x00E7F2F8, 0x00E8F3F8, 0x00E3F0F4, 0x00E6F1F6,
    0x00E6F1F5, 0x00E1EFF4, 0x00E2F0F4, 0x00E5F0F6, 0x00E7F3F7, 0x00E5F1F6, 0x00E3F0F6, 0x00E2F0F6, 0x00E2F1F7,
    0x00E5F1F6, 0x00E3EFF6, 0x00E3F1F7, 0x00DFEDF4, 0x00DFEEF4, 0x00E0EFF4, 0x00E1EEF5, 0x00DDEDF3, 0x00E0EEF5,
    0x00DEEDF3, 0x00DFEDF4, 0x00E4F1F5, 0x00E1EFF4, 0x00DFEEF4, 0x00DEEEF5, 0x00E0EEF4, 0x00E2F0F5, 0x00DFEFF5,
    0x00E1EFF5, 0x00E4EFF5, 0x00E1EEF4, 0x00E3EFF5, 0x00E1EEF3, 0x00E2EFF4, 0x00DDECF3, 0x00DFEDF4, 0x00DFEEF3,
    0x00DFEDF4, 0x00DFEDF4, 0x00DBEAF2, 0x00E0EEF5, 0x00E0EEF5, 0x00E1EFF6, 0x00DFEDF4, 0x00E0EEF5, 0x00E0EEF4,
    0x00E1EEF5, 0x00E2EFF6, 0x00D8EBF1, 0x00E0EEF4, 0x00E0EEF4, 0x00E1EFF5, 0x00E1EFF5, 0x00E1F0F7, 0x00DDEEF4,
    0x00DFEEF5, 0x00DEEEF5, 0x00DEEEF5, 0x00E0EEF5, 0x00E1F0F5, 0x00E1EFF5, 0x00DFEEF4, 0x00DFEDF3, 0x00E1EEF4,
    0x00E0EDF4, 0x00E0EEF4, 0x00E1EEF3, 0x00DFEDF4, 0x00E0EEF4, 0x00DEECF4, 0x00DFEEF4, 0x00DFEEF5, 0x00E1EFF6,
    0x00DFEDF4, 0x00E0EEF5, 0x00DAE9F0, 0x00DFEDF5, 0x00E2EFF5, 0x00DFEDF4, 0x00DDECF4, 0x00DDEDF3, 0x00DDECF4,
    0x00E2F0F6, 0x00E0EEF4, 0x00E1EFF5, 0x00E0EEF5, 0x00E0EEF5, 0x00DFEDF4, 0x00DFEEF5, 0x00E1EFF5, 0x00E3EFF5,
    0x00E1EFF5, 0x00E0EFF5, 0x00E1EEF5, 0x00E2F0F6, 0x00E1F0F7, 0x00E5F2F7, 0x00E2F1F7, 0x00E0EFF5, 0x00E1EFF5,
    0x00E3F1F7, 0x00E1F0F7, 0x00DDEEF5, 0x00E2F1F7, 0x00E1F0F6, 0x00E1F0F6, 0x00E2F0F7, 0x00E0EFF6, 0x00E0EFF5,
    0x00E1EFF6, 0x00E0EEF5, 0x00E3F1F7, 0x00E5F2F8, 0x00E0F0F6, 0x00E6F4F9, 0x00E4F3F9, 0x00E7F4F9, 0x00E8F4F9,
    0x00E5F4F9, 0x00DAEFF6, 0x00D9EEF6, 0x00D8EDF5, 0x00D8EDF3, 0x00DDF0F6, 0x00DBEEF5, 0x00DCEFF5, 0x00DBEEF5,
    0x00DBEDF4, 0x00DFEFF6, 0x00DDEEF5, 0x00DAECF2, 0x00DEEEF4, 0x00D9EAF1, 0x00D8EBF2, 0x00DCECF3, 0x00D6E9F0,
    0x00D8EAF1, 0x00D5E8EF, 0x00D8EAF1, 0x00DCEDF3, 0x00D9EBF2, 0x00D5E8F0, 0x00D2E6EE, 0x00D6E9F1, 0x00D6E8EF,
    0x00D6E9EF, 0x00DBEBF2, 0x00D4E8EF, 0x00D8EAF0, 0x00D6E8EF, 0x00D8E9F0, 0x00D7E8EF, 0x00D8E8EF, 0x00D9EBF1,
    0x00DCECF3, 0x00DBEBF1, 0x00DAEAF1, 0x00D6E8EE, 0x00DBEBF1, 0x00D9E9F0, 0x00DBEAF2, 0x00D8E9F0, 0x00DAEAF1,
    0x00D9E9F0, 0x00DEEBF2, 0x00DAE9F0, 0x00D9EAF1, 0x00D9EAF1, 0x00DEEDF3, 0x00DEEDF3, 0x00DFEDF3, 0x00E0EFF4,
    0x00E2EFF4, 0x00E1EFF5, 0x00DEEEF4, 0x00DFEEF4, 0x00DDECF3, 0x00E1EEF4, 0x00DFEDF3, 0x00DCEBF2, 0x00DAECF2,
    0x00E0EEF3, 0x00E0EFF4, 0x00E1EFF4, 0x00E2F0F5, 0x00E2F0F5, 0x00DFEFF5, 0x00E2F0F5, 0x00E4F1F6, 0x00E0F0F6,
    0x00E1F0F6, 0x00E3F1F7, 0x00E4F2F7, 0x00E5F1F8, 0x00E6F2F7, 0x00E4F1F6, 0x00E2EFF4, 0x00E2EFF4, 0x00DFEDF4,
    0x00E3F0F6, 0x00DFEEF4, 0x00E2F0F5, 0x00E3F0F4, 0x00E4F1F6, 0x00E3F0F5, 0x00DFEFF5, 0x00E1EFF5, 0x00E2EFF5,
    0x00E1F0F6, 0x00E2F1F6, 0x00E0EEF5, 0x00DFEEF4, 0x00E1F0F5, 0x00D9EBF0, 0x00DFEEF4, 0x00E0EEF5, 0x00E0EEF4,
    0x00E0EFF5, 0x00E0EEF5, 0x00E1EFF5, 0x00E0EFF5, 0x00DFEEF4, 0x00DCEDF3, 0x00E0EFF5, 0x00E0EFF4, 0x00DEF0F5,
    0x00DDEEF4, 0x00DDECF3, 0x00DDEDF3, 0x00DDECF3, 0x00E0EEF3, 0x00DBECF2, 0x00D9EBF1, 0x00D9EAF1, 0x00D8E9F0,
    0x00D3E8F0, 0x00D6EAF2, 0x00DDEEF4, 0x00D9EAF1, 0x00D8EAF1, 0x00DBECF3, 0x00DAEAF1, 0x00DBEBF2, 0x00DCECF3,
    0x00DAEBF1, 0x00D9EAF1, 0x00D8EAF1, 0x00D6E8EF, 0x00D9EAF0, 0x00D8E8EE, 0x00D8E8EF, 0x00D4E8EE, 0x00D9EAF0,
    0x00D7E9EF, 0x00D6E8F0, 0x00D1E6EC, 0x00D7E9EF, 0x00D7E9F1, 0x00D9EAF1, 0x00DAEBF2, 0x00E0EDF4, 0x00E0EDF4,
    0x00DFEDF4, 0x00E2EFF5, 0x00E0EEF4, 0x00E0EEF3, 0x00E3F0F4, 0x00E5F0F5, 0x00E6F0F6, 0x00E6F0F6, 0x00E4EFF6,
    0x00E5F0F5, 0x00E5F1F5, 0x00E5F0F6, 0x00E3F0F5, 0x00E4EFF4, 0x00E5F1F5, 0x00E3EFF5, 0x00E5F0F6, 0x00E2EEF3,
    0x00E2EEF3, 0x00E5F0F6, 0x00E1EEF3, 0x00E4F1F6, 0x00E4F0F5, 0x00E4F0F5, 0x00E6F1F7, 0x00E7F2F8, 0x00E2EFF4,
    0x00E6F2F7, 0x00E6F2F8, 0x00E5F1F6, 0x00E5F1F6, 0x00E8F3F7, 0x00E9F3F9, 0x00E9F3F9, 0x00E6F2F8, 0x00E7F3F7,
    0x00E9F4F9, 0x00E9F5F9, 0x00E9F5FA, 0x00E9F4F9, 0x00E6F3F8, 0x00E9F4F9, 0x00E9F5FA, 0x00E8F4F8, 0x00E8F4F8,
    0x00E9F5F8, 0x00E7F3F7, 0x00E7F3F7, 0x00E3F1F6, 0x00E8F3F7, 0x00E7F3F7, 0x00E7F3F7, 0x00E3F1F6, 0x00E7F2F8,
    0x00E5F2F6, 0x00E4F1F5, 0x00E5F0F7, 0x00E5F1F6, 0x00E5F0F5, 0x00E6F1F7, 0x00E5F0F5, 0x00E3F0F4, 0x00E4F0F4,
    0x00E4F0F6, 0x00E2F0F5, 0x00E4F1F6, 0x00E4F1F6, 0x00E3F0F6, 0x00E4F1F6, 0x00E1EFF5, 0x00E2F0F6, 0x00E1EEF4,
    0x00E3EFF5, 0x00E1EFF4, 0x00E0EEF5, 0x00E2F0F5, 0x00E0EEF4, 0x00E1EFF5, 0x00E2F0F6, 0x00E1EEF4, 0x00E0EEF4,
    0x00DDEDF4, 0x00DEEDF4, 0x00E0EEF4, 0x00E0EEF6, 0x00DFEFF5, 0x00DFEEF5, 0x00E2EFF4, 0x00E2EFF4, 0x00DEEEF3,
    0x00E0EEF4, 0x00E2EFF4, 0x00E0EEF3, 0x00DEECF3, 0x00E0EDF3, 0x00DDECF2, 0x00DEEDF3, 0x00DDEDF4, 0x00DFEDF4,
    0x00DBEBF2, 0x00DDECF3, 0x00DFEDF4, 0x00DFEDF3, 0x00DDEDF3, 0x00DEEDF4, 0x00DCECF3, 0x00DDEDF3, 0x00E2EFF5,
    0x00E2F0F6, 0x00E1EFF5, 0x00E1EFF6, 0x00E0EFF5, 0x00E0EFF6, 0x00DEEEF5, 0x00DEEDF4, 0x00DEEEF5, 0x00DFEEF5,
    0x00E2F0F6, 0x00E1EEF5, 0x00DFEEF5, 0x00E0EEF5, 0x00E3EFF5, 0x00E0EDF4, 0x00E1EDF4, 0x00DEEDF4, 0x00E1EDF4,
    0x00DFEDF3, 0x00E2EFF4, 0x00E2EFF5, 0x00E0EEF5, 0x00E1F0F5, 0x00DDECF3, 0x00DEECF3, 0x00DDECF3, 0x00DCEBF2,
    0x00DBEAF2, 0x00DDECF3, 0x00DDEBF2, 0x00DBEBF1, 0x00E2F0F5, 0x00E1EEF4, 0x00E2F0F6, 0x00E0EEF5, 0x00DFEEF5,
    0x00E2EFF5, 0x00E1EFF5, 0x00E2EFF5, 0x00DEEDF4, 0x00E1EFF6, 0x00E1EFF5, 0x00DEECF3, 0x00E3F0F6, 0x00DFEEF4,
    0x00DEEEF5, 0x00DEEEF5, 0x00E3F1F6, 0x00E1EFF6, 0x00E0F0F6, 0x00E0EFF6, 0x00E4F1F8, 0x00E4F2F8, 0x00E2F0F7,
    0x00E2F1F7, 0x00E0F0F5, 0x00E6F2F7, 0x00E3F1F7, 0x00E2F0F6, 0x00E4F1F6, 0x00E5F2F7, 0x00E4F1F7, 0x00E3F1F8,
    0x00E6F2F8, 0x00E6F3F9, 0x00E0F1F7, 0x00E3F2F8, 0x00E6F5FA, 0x00DEEFF5, 0x00DAEFF6, 0x00DDF0F7, 0x00DCEFF6,
    0x00DAEEF5, 0x00D6EBF3, 0x00DAEDF5, 0x00D8ECF3, 0x00D9EDF4, 0x00D4EAF1, 0x00DFEEF5, 0x00DCEEF5, 0x00D8EBF1,
    0x00D6E9F1, 0x00D6E9F0, 0x00D6E9EF, 0x00DAEBF2, 0x00D5E8EE, 0x00D5E7EF, 0x00D7E9EF, 0x00D9EAF0, 0x00DBEBF2,
    0x00D7E9F0, 0x00D6E9EF, 0x00D4E7EE, 0x00D5E7EF, 0x00D7EAF1, 0x00D8EAF0, 0x00DBEAF1, 0x00D7E8EF, 0x00D7E8EF,
    0x00D7E9F0, 0x00D4E6ED, 0x00D7E8EF, 0x00D8E9F0, 0x00D6E7EE, 0x00DAE9F1, 0x00D9EAF1, 0x00DAEAF0, 0x00DCECF3,
    0x00DAEAF0, 0x00DAEAF1, 0x00D7E8EF, 0x00D8E9F0, 0x00D8E8EF, 0x00D9E9F0, 0x00DBEAF1, 0x00D8E9EF, 0x00D7E8EE,
    0x00DBEAF2, 0x00DDEBF2, 0x00DDECF2, 0x00D2E7F1, 0x00DDECF3, 0x00DCEDF3, 0x00DBECF2, 0x00DFEDF3, 0x00DDECF4,
    0x00DCECF2, 0x00D9E9F0, 0x00DDEBF2, 0x00E0EDF3, 0x00E0EEF3, 0x00DEECF3, 0x00DCECF3, 0x00DBECF1, 0x00E0EEF4,
    0x00DCECF1, 0x00E0EFF4, 0x00E1EFF5, 0x00DDEEF3, 0x00E2F1F6, 0x00E1EFF5, 0x00E0EEF5, 0x00E0EEF5, 0x00E4F1F7,
    0x00E2F0F6, 0x00E4F0F6, 0x00E2EFF5, 0x00DEEDF3, 0x00E1F0F6, 0x00E1EFF5, 0x00E2EFF5, 0x00DFEDF4, 0x00DEEDF3,
    0x00E4F0F6, 0x00DDEDF3, 0x00E2F0F6, 0x00E2F0F5, 0x00E0EFF4, 0x00E3F0F7, 0x00DFEEF4, 0x00DCEDF3, 0x00E0EFF4,
    0x00DEEDF3, 0x00DBEBF2, 0x00DFEDF4, 0x00DDEDF4, 0x00DDEDF3, 0x00DCECF3, 0x00DFEDF4, 0x00DEECF3, 0x00DDEDF4,
    0x00DDEDF3, 0x00DBEDF3, 0x00E1EFF5, 0x00DFEEF4, 0x00DFEEF3, 0x00E1EFF5, 0x00DFEEF4, 0x00DCECF3, 0x00D9EBF2,
    0x00E0EEF4, 0x00DEEDF2, 0x00DEECF2, 0x00D5E7EE, 0x00D5E8EF, 0x00DAEBF1, 0x00D9EAF1, 0x00D6E9F0, 0x00D9EAF1,
    0x00D8EAF1, 0x00DBECF2, 0x00DAEAF1, 0x00D7E8EF, 0x00D3E6ED, 0x00D8EAF1, 0x00D8E8F1, 0x00D6E8EF, 0x00DAEAF1,
    0x00D8E9F0, 0x00D9EBF1, 0x00D5E8EF, 0x00D2E7EE, 0x00D4E7EE, 0x00D7E9F0, 0x00D6E8EF, 0x00D4E8EF, 0x00D5E9F1,
    0x00D9EAF1, 0x00D7EAF1, 0x00DBEBF2, 0x00DFECF4, 0x00DFEDF4, 0x00E0EEF4, 0x00E3F0F6, 0x00E1EEF4, 0x00E3EFF5,
    0x00E2EFF4, 0x00E3F0F5, 0x00E4F0F5, 0x00E5F1F6, 0x00E1EEF3, 0x00E4F0F6, 0x00E6F1F8, 0x00E6F1F7, 0x00E3EFF4,
    0x00E6F2F6, 0x00E3EFF4, 0x00E4F0F6, 0x00E4EFF5, 0x00DCEAEF, 0x00E2EEF3, 0x00E2EEF3, 0x00E3F0F6, 0x00E5EFF6,
    0x00E2EFF3, 0x00E3F0F5, 0x00E3F0F5, 0x00E6F1F7, 0x00E7F2F8, 0x00E6F2F6, 0x00E1EFF5, 0x00E4F1F6, 0x00E6F1F7,
    0x00E9F4F9, 0x00E6F2F8, 0x00E7F3F8, 0x00E8F2F7, 0x00E9F4F8, 0x00E8F3F8, 0x00E9F4FA, 0x00E9F5F9, 0x00E9F4F9,
    0x00E8F3F9, 0x00E5F1F6, 0x00E5F1F7, 0x00E7F3F7, 0x00E6F2F7, 0x00E8F4F8, 0x00E7F4F7, 0x00E7F2F8, 0x00E6F2F7,
    0x00E7F3F7, 0x00E5F2F5, 0x00E5F2F7, 0x00E7F2F6, 0x00E6F2F7, 0x00E4F1F6, 0x00E5F0F4, 0x00E4F0F5, 0x00E3EFF5,
    0x00E0EEF2, 0x00E5F1F6, 0x00E4F1F6, 0x00E5F1F5, 0x00E3F0F4, 0x00E4F0F6, 0x00E1EFF4, 0x00E3F1F5, 0x00E1EFF4,
    0x00E5F1F7, 0x00E4F0F6, 0x00E2EEF4, 0x00DFEDF4, 0x00E1EFF5, 0x00E0EDF4, 0x00DDEDF3, 0x00E0EEF3, 0x00E1EEF4,
    0x00DCECF2, 0x00DFEDF4, 0x00E1EFF5, 0x00E3F0F5, 0x00E2F0F6, 0x00E0EFF5, 0x00E1EFF5, 0x00DFEEF4, 0x00DFEEF4,
    0x00E0EEF5, 0x00E0EEF5, 0x00E2EFF4, 0x00E3EFF5, 0x00DEEDF3, 0x00D8EBF1, 0x00DFEDF3, 0x00DBEAF2, 0x00E1EFF4,
    0x00DFECF2, 0x00DBEBF2, 0x00DEECF3, 0x00DAEBF2, 0x00DDECF3, 0x00DDEDF4, 0x00DCEBF1, 0x00DBEBF2, 0x00DEEDF4,
    0x00DFEEF5, 0x00DEEDF4, 0x00DFEDF4, 0x00DFEDF4, 0x00DDEDF3, 0x00E1EFF5, 0x00E1EFF5, 0x00DDEEF5, 0x00DFEFF5,
    0x00DFEEF5, 0x00DEEEF5, 0x00E1EFF5, 0x00DEEDF3, 0x00E3F0F6, 0x00E0EFF6, 0x00E3F1F7, 0x00DEEEF4, 0x00E0EFF5,
    0x00DFEDF3, 0x00DFEDF3, 0x00E2EEF4, 0x00E1EFF4, 0x00DFEDF4, 0x00E0EEF5, 0x00E1EEF6, 0x00E1EFF5, 0x00E0EEF5,
    0x00DEECF3, 0x00E0EFF5, 0x00DEEDF4, 0x00DBEAF1, 0x00DBEBF2, 0x00DAE9EF, 0x00DBE9F0, 0x00DEECF3, 0x00E1EEF5,
    0x00DFECF3, 0x00E2F0F6, 0x00DDECF3, 0x00E1EFF5, 0x00DEEDF3, 0x00E2EFF5, 0x00DEEDF4, 0x00DFECF4, 0x00DDEDF4,
    0x00DDECF3, 0x00DDECF4, 0x00DCECF3, 0x00DCECF3, 0x00E3EFF6, 0x00DFEFF7, 0x00E0EFF6, 0x00E3F0F6, 0x00DFEFF6,
    0x00DFEFF5, 0x00E3F1F8, 0x00DFEFF6, 0x00DFEFF6, 0x00E2F0F7, 0x00E4F2F7, 0x00E5F3F7, 0x00E4F2F8, 0x00E3F1F8,
    0x00E1F1F6, 0x00E2F1F7, 0x00DEEFF6, 0x00E2F0F7, 0x00DAEDF3, 0x00DDF0F6, 0x00E1F0F7, 0x00E3F3F9, 0x00E3F2F9,
    0x00E4F2F9, 0x00E4F3F9, 0x00D7ECF4, 0x00DCEFF6, 0x00DAEDF4, 0x00D8ECF3, 0x00D8ECF3, 0x00DBEDF4, 0x00D8ECF2,
    0x00DAECF3, 0x00D6EBF2, 0x00DBECF3, 0x00D8EBF2, 0x00D7EAF2, 0x00D6E9F0, 0x00D0E7EF, 0x00D3E8EF, 0x00D7E9F0,
    0x00D2E6ED, 0x00D7E9F0, 0x00D7E9EF, 0x00D8E9F0, 0x00D6E9F0, 0x00D2E5ED, 0x00D6E8EF, 0x00D4E7EE, 0x00D3E6ED,
    0x00D1E6ED, 0x00D5E7EE, 0x00D8E9F0, 0x00D8E8EF, 0x00D5E8EF, 0x00D6E7ED, 0x00D8E9F0, 0x00D6E7EF, 0x00D7E9F0,
    0x00D8E9F0, 0x00D9EAF1, 0x00D6E8EE, 0x00DAEAF1, 0x00D6E8EF, 0x00D9E9F0, 0x00D7E8EF, 0x00D8E9F0, 0x00D7E8EF,
    0x00D7E8EF, 0x00D6E8EE, 0x00D8E8EF, 0x00DBEAF1, 0x00D8E9EF, 0x00DCEBF1, 0x00DAEAF1, 0x00DAEAF0, 0x00D3E7F0,
    0x00DBEBF1, 0x00DDEDF3, 0x00D7E8EF, 0x00DBEBF1, 0x00D9EAF1, 0x00D9EAF0, 0x00DDEBF1, 0x00DDEBF1, 0x00DBEAF0,
    0x00DDEBF0, 0x00DFEDF2, 0x00DCEBF1, 0x00DEEDF2, 0x00DCEBF1, 0x00D6EAF1, 0x00DFEEF3, 0x00E1EFF6, 0x00E0EEF4,
    0x00DAECF2, 0x00E0EFF5, 0x00DFEEF4, 0x00E1EFF5, 0x00E2EFF5, 0x00E3F0F5, 0x00E0EEF4, 0x00DDECF2, 0x00DDECF3,
    0x00E0EEF4, 0x00DFEDF3, 0x00DDECF2, 0x00DCECF2, 0x00D9EBF1, 0x00E1EFF4, 0x00DCEDF3, 0x00DDEEF3, 0x00DDEDF4,
    0x00DFEEF4, 0x00E0EEF4, 0x00DFEDF4, 0x00DDEDF3, 0x00DDECF2, 0x00DBECF1, 0x00D7E9F0, 0x00DCEBF2, 0x00DBEBF2,
    0x00DCEBF2, 0x00DAEBF2, 0x00DDECF3, 0x00DCECF3, 0x00DDEDF3, 0x00DEEDF3, 0x00DFEEF3, 0x00E2EFF5, 0x00E1EFF5,
    0x00E1EFF4, 0x00DFEEF4, 0x00DFEEF4, 0x00DFEDF3, 0x00DCEDF2, 0x00DDECF2, 0x00DEEDF3, 0x00DBEBF1, 0x00D7E8EF,
    0x00D7E9F0, 0x00DCEBF2, 0x00D8EAF1, 0x00D9ECF2, 0x00D7E9EF, 0x00DBEBF2, 0x00DBEBF1, 0x00DAEAF1, 0x00D8EAF1,
    0x00D7E9F0, 0x00D8E9F0, 0x00DAEBF2, 0x00D7EAF0, 0x00D8EAF1, 0x00DAEBF1, 0x00DCEBF3, 0x00DAECF3, 0x00D8EBF1,
    0x00D6E8EF, 0x00D7E9F0, 0x00D8EAF0, 0x00D7E9F0, 0x00D7E9F0, 0x00D6E7F0, 0x00D5E8EF, 0x00D7E8F0, 0x00D7E8EF,
    0x00DDECF2, 0x00DFEDF3, 0x00E0EEF4, 0x00E4F0F6, 0x00E5F0F6, 0x00E1EEF4, 0x00E0EDF3, 0x00E4F0F5, 0x00E5F0F6,
    0x00E3EFF4, 0x00E3F0F5, 0x00E4F0F5, 0x00E7F2F7, 0x00E5F1F5, 0x00E6F1F7, 0x00E3EFF5, 0x00E0EEF3, 0x00E4F0F6,
    0x00DDEBF1, 0x00D9E8EE, 0x00E2EEF4, 0x00E2EFF5, 0x00E2EEF5, 0x00E0F0F4, 0x00E4F1F5, 0x00E5F1F5, 0x00E5F1F6,
    0x00E7F2F8, 0x00E8F3F9, 0x00E8F3F9, 0x00E8F3F9, 0x00E8F3FA, 0x00EAF4F8, 0x00E5F2F7, 0x00DFEFF5, 0x00E4F2F7,
    0x00E4F2F7, 0x00E7F3F7, 0x00E9F4FA, 0x00E9F4F9, 0x00E8F3F9, 0x00E7F3F8, 0x00E7F2F8, 0x00E6F2F7, 0x00E9F4F9,
    0x00E8F3F8, 0x00E7F2F7, 0x00E4F1F5, 0x00E5F1F6, 0x00E4F2F7, 0x00E7F2F7, 0x00E6F1F7, 0x00E5F1F5, 0x00E7F3F8,
    0x00E5F1F6, 0x00E6F2F8, 0x00E7F3F8, 0x00E2EFF5, 0x00E5F1F7, 0x00E4F1F5, 0x00E6F1F7, 0x00E2EFF5, 0x00E3EFF6,
    0x00DFEDF3, 0x00E3EFF5, 0x00E1EFF5, 0x00E0EEF4, 0x00E3F0F5, 0x00E3F0F6, 0x00E3EFF5, 0x00E2EFF5, 0x00E0EEF3,
    0x00E3EFF4, 0x00E1EFF5, 0x00E1EFF4, 0x00E0EEF4, 0x00DEECF3, 0x00DFEEF4, 0x00E1EFF5, 0x00E2F0F6, 0x00E1F0F5,
    0x00E0EFF5, 0x00E2F0F6, 0x00E5F2F7, 0x00E0F0F6, 0x00E0EEF5, 0x00DFEFF5, 0x00E1EFF5, 0x00E1EFF4, 0x00DFECF3,
    0x00DEEDF3, 0x00DDEDF3, 0x00E1EFF4, 0x00DEEDF3, 0x00E1EFF3, 0x00E1EFF5, 0x00E0EEF4, 0x00DFEDF4, 0x00E1EFF5,
    0x00E0EEF5, 0x00DEEDF4, 0x00DFEDF4, 0x00DCECF3, 0x00DDECF3, 0x00DEEDF3, 0x00DDEDF3, 0x00DDEDF4, 0x00DEEDF4,
    0x00DDEDF3, 0x00DDEDF4, 0x00DEEEF4, 0x00E0EFF6, 0x00DDEEF4, 0x00E2F0F5, 0x00DDEEF4, 0x00E0EFF6, 0x00E2F0F6,
    0x00E0EEF5, 0x00E1EFF6, 0x00E1EFF6, 0x00E0EEF5, 0x00E2EFF5, 0x00DEEDF3, 0x00DEEDF3, 0x00E4EFF6, 0x00E1EEF4,
    0x00E1EFF4, 0x00E0EEF4, 0x00E1EFF5, 0x00E1EFF5, 0x00E2F0F6, 0x00DFEEF5, 0x00DFEDF4, 0x00DDEDF4, 0x00DDEDF3,
    0x00DCECF3, 0x00DCECF3, 0x00DCECF2, 0x00DFEDF3, 0x00E0EEF4, 0x00E0EDF4, 0x00E3F0F6, 0x00E0EEF4, 0x00E1EFF5,
    0x00E4F1F6, 0x00E0EEF4, 0x00DEEEF4, 0x00DFEDF4, 0x00E1EFF5, 0x00DEEEF5, 0x00DDEDF4, 0x00DAEDF3, 0x00DCEDF4,
    0x00E1EFF5, 0x00E0EFF5, 0x00DFEFF6, 0x00E3F1F8, 0x00DDEEF4, 0x00E0EEF6, 0x00E1F0F7, 0x00E2F1F8, 0x00E4F2F8,
    0x00E1F1F7, 0x00E2F0F7, 0x00E4F2F8, 0x00E4F1F7, 0x00E0F0F6, 0x00DFEFF5, 0x00E3F1F7, 0x00DFF0F6, 0x00DEEFF6,
    0x00DEF1F7, 0x00E0F0F7, 0x00E2F0F7, 0x00E3F1F7, 0x00E4F3F9, 0x00E4F3F8, 0x00E4F3F9, 0x00D6EDF4, 0x00DCEEF5,
    0x00DBEDF4, 0x00D3E8EF, 0x00DAECF3, 0x00D8EBF2, 0x00DAEDF2, 0x00DCEDF4, 0x00DAECF4, 0x00D8EAF1, 0x00D7E9F2,
    0x00D3E7EF, 0x00D3E8F0, 0x00D0E6EF, 0x00D2E7EE, 0x00CEE3EA, 0x00D3E6ED, 0x00D6E7EE, 0x00D6E9F0, 0x00D5E8EF,
    0x00D8E9F0, 0x00D2E5EC, 0x00D6E8F0, 0x00D5E7EF, 0x00D5E7EE, 0x00D4E7EE, 0x00D4E6EE, 0x00D7E8EF, 0x00D6E7F0,
    0x00D4E7ED, 0x00D5E6ED, 0x00D5E7EE, 0x00D6E7EE, 0x00D9EAF1, 0x00D8EAF0, 0x00D9EAF1, 0x00D8EAF0, 0x00D7E9F0,
    0x00D5E8EF, 0x00D7E8EF, 0x00D3E5EC, 0x00D5E7EE, 0x00D6E7EE, 0x00D0E4EB, 0x00D3E6ED, 0x00D4E6ED, 0x00D7E8EE,
    0x00D4E7EE, 0x00D7E9F0, 0x00D8EAF0, 0x00DCEAF0, 0x00D6E7EE, 0x00D8E9EF, 0x00D7EAF1, 0x00D9EAF0, 0x00DBEBF1,
    0x00D9EAF1, 0x00DAEBF1, 0x00DCEAF0, 0x00D8E9EF, 0x00D8EAF0, 0x00DCEAF0, 0x00DCEAF0, 0x00D7E8EF, 0x00DBEAF0,
    0x00DAEAF0, 0x00D3E7EE, 0x00DBEBF1, 0x00DAE9F0, 0x00DCECF2, 0x00DAEBF1, 0x00DFEEF4, 0x00E1EEF5, 0x00E2EFF5,
    0x00E1EEF4, 0x00DCEBF1, 0x00DBEBF1, 0x00DDECF2, 0x00DEEDF3, 0x00DEECF3, 0x00DEECF2, 0x00DCEBF2, 0x00DDECF2,
    0x00DCECF2, 0x00DEEDF3, 0x00DAECF2, 0x00DAEBF3, 0x00DAEAF0, 0x00D7E9EF, 0x00DCEBF1, 0x00DDECF2, 0x00DAEBF2,
    0x00DAEAF1, 0x00DAEAF1, 0x00D5E7EE, 0x00D6E8EE, 0x00D9E9F0, 0x00DDEBF2, 0x00DCEBF1, 0x00DAE9F1, 0x00D9EAF1,
    0x00D8E9F0, 0x00DBEBF1, 0x00DFEDF3, 0x00DEEDF3, 0x00DEEDF4, 0x00DDECF3, 0x00DEEDF3, 0x00E1EEF4, 0x00DAECF2,
    0x00DDECF2, 0x00E0EEF4, 0x00DFEDF3, 0x00D8EAEF, 0x00D8EBF1, 0x00D8EAF1, 0x00D6EAF1, 0x00D7E9F0, 0x00DAE9F0,
    0x00DBEBF1, 0x00D9E9F0, 0x00D7E9EF, 0x00DBEAF3, 0x00D9EAF1, 0x00D8EAF0, 0x00D9E9F1, 0x00D5E8EF, 0x00D8EAF1,
    0x00D8EAF1, 0x00DAECF2, 0x00DBEBF2, 0x00D7E9F1, 0x00DAEBF2, 0x00D9EBF2, 0x00DAEAF0, 0x00D8EAF0, 0x00D5E8EE,
    0x00DAEAF1, 0x00DAEAF1, 0x00D8EAF0, 0x00D9E9F0, 0x00D8EAF1, 0x00D6E9EF, 0x00D9EAF0, 0x00DDECF3, 0x00DDECF1,
    0x00E0EDF4, 0x00E0EDF4, 0x00E6F1F7, 0x00E6F1F7, 0x00DFEDF4, 0x00E3F0F6, 0x00E3F0F5, 0x00E3F0F5, 0x00E3EFF4,
    0x00E5F1F5, 0x00E4F1F5, 0x00E1EEF4, 0x00E0EEF3, 0x00E2EEF4, 0x00E1EEF4, 0x00D9E9EF, 0x00E3EFF5, 0x00E3F0F5,
    0x00E2EEF3, 0x00E5F1F6, 0x00E7F2F6, 0x00E7F2F6, 0x00E7F3F7, 0x00E7F2F7, 0x00E7F1F8, 0x00E7F3F8, 0x00E8F3F8,
    0x00E6F2F7, 0x00EBF5FA, 0x00E6F2F8, 0x00E3F2F6, 0x00E1EFF5, 0x00E3F1F7, 0x00E7F2F7, 0x00E5F2F8, 0x00E6F3F8,
    0x00E7F3F7, 0x00E7F2F8, 0x00E4F0F5, 0x00E4F0F5, 0x00E8F3F9, 0x00E6F2F6, 0x00E7F2F6, 0x00E8F3F8, 0x00E7F2F7,
    0x00E9F3F8, 0x00E7F2F7, 0x00E5F1F6, 0x00E2EEF2, 0x00E5F1F7, 0x00E6F2F8, 0x00E4F0F5, 0x00E0EEF5, 0x00E3F2F6,
    0x00E5F1F7, 0x00E6F2F5, 0x00E5F1F5, 0x00E1EFF5, 0x00E4F0F6, 0x00E4F0F5, 0x00E2EFF4, 0x00E1EFF6, 0x00E0EEF4,
    0x00E3F0F5, 0x00E4F0F5, 0x00E5F1F7, 0x00E0EDF3, 0x00DFEDF3, 0x00E1EEF3, 0x00E1EFF4, 0x00E1EEF5, 0x00DEEDF4,
    0x00DDECF2, 0x00DFEEF4, 0x00E2F0F5, 0x00E2F0F6, 0x00E2EFF6, 0x00E1F0F6, 0x00E1F0F6, 0x00E3F0F6, 0x00E0EFF5,
    0x00E2F1F7, 0x00E1F0F6, 0x00E2F0F6, 0x00E1EEF4, 0x00E0EDF2, 0x00E0EEF4, 0x00E1EFF5, 0x00E1EFF5, 0x00E0EEF3,
    0x00DCEBF0, 0x00E0EFF5, 0x00E0EFF4, 0x00DFEEF4, 0x00E1EFF5, 0x00E3F1F7, 0x00E0EEF5, 0x00E2F0F6, 0x00DEEDF3,
    0x00DCEBF3, 0x00DBEBF2, 0x00DAECF2, 0x00DEEDF4, 0x00DCECF3, 0x00DCECF3, 0x00E1EFF5, 0x00DFEDF4, 0x00DFEFF6,
    0x00DCEDF4, 0x00E0EFF5, 0x00E0EEF5, 0x00E1EFF5, 0x00DEEDF3, 0x00E0EFF5, 0x00E1EFF5, 0x00E1EFF5, 0x00E1EFF4,
    0x00E0EEF4, 0x00E1EFF5, 0x00E2EFF5, 0x00E2EFF5, 0x00E0EDF4, 0x00E0EEF4, 0x00E3EFF6, 0x00DFEDF3, 0x00E2F0F6,
    0x00E0EFF6, 0x00E1EFF5, 0x00E0EEF4, 0x00DEEEF6, 0x00DEEDF4, 0x00DCECF3, 0x00DEEDF4, 0x00DAEAF2, 0x00DFEDF3,
    0x00DDECF3, 0x00E0EEF4, 0x00E0EDF4, 0x00E3F1F6, 0x00E2EFF5, 0x00DFEDF4, 0x00E2EFF6, 0x00DEEDF4, 0x00E1F0F6,
    0x00DDECF1, 0x00DDEAF1, 0x00DEEDF5, 0x00DFEEF5, 0x00E1EFF5, 0x00DEEDF4, 0x00DFEEF5, 0x00E0EFF6, 0x00E3F1F8,
    0x00E0F0F7, 0x00E4F2F8, 0x00DFF0F6, 0x00E1F1F7, 0x00E5F3F9, 0x00E3F2F8, 0x00E2F1F6, 0x00DDEEF5, 0x00E2F1F6,
    0x00E1F1F7, 0x00E4F1F7, 0x00E2F1F7, 0x00E4F2F8, 0x00E2F1F7, 0x00DEF0F5, 0x00DFF0F7, 0x00E2F1F8, 0x00DFF1F8,
    0x00E3F2F8, 0x00E5F3F9, 0x00E1F1F8, 0x00D7EBF3, 0x00D8ECF4, 0x00D9ECF3, 0x00D9ECF2, 0x00D7EAF1, 0x00D2E8EE,
    0x00D4E9F0, 0x00DAEBF2, 0x00D9EBF3, 0x00D5EAF0, 0x00D7EAF1, 0x00D8EAF1, 0x00D6E9F0, 0x00D1E6EE, 0x00D3E5ED,
    0x00D3E6ED, 0x00D4E7EE, 0x00D4E7EE, 0x00D5E7F0, 0x00D2E6ED, 0x00D7E9F1, 0x00CFE4EB, 0x00D1E6ED, 0x00D3E5ED,
    0x00D5E6EE, 0x00CEE3EA, 0x00D4E5EE, 0x00D3E6ED, 0x00D0E5EC, 0x00D0E4EB, 0x00D2E5EC, 0x00D1E5EC, 0x00D2E5EC,
    0x00D9EAF1, 0x00D4E6ED, 0x00D6E8EF, 0x00D1E5ED, 0x00D3E7EE, 0x00D8E8EF, 0x00D5E6ED, 0x00D4E6ED, 0x00CFE3EB,
    0x00D6E7EE, 0x00D1E5EC, 0x00D1E4EC, 0x00D3E7EE, 0x00D4E6ED, 0x00D4E7EE, 0x00D9E9F0, 0x00D7E8EF, 0x00D5E6ED,
    0x00D2E6EC, 0x00DAEAEF, 0x00D7E9EF, 0x00D2E5EC, 0x00D7E8F0, 0x00D7E8EF, 0x00D7E9EF, 0x00D6E8EF, 0x00D7E8EE,
    0x00D7E9EF, 0x00D7E8EE, 0x00D7E9EF, 0x00D5E7ED, 0x00DBEBF1, 0x00DAEAF0, 0x00D9E8EF, 0x00DBEAF1, 0x00DBEBF1,
    0x00DEEDF3, 0x00D9EAF0, 0x00DBEBF2, 0x00DBEBF2, 0x00D8E8F0, 0x00D9EAF1, 0x00D7E8EF, 0x00D8E8EF, 0x00D5E7ED,
    0x00D8EAF0, 0x00D8E9F0, 0x00D8E8EF, 0x00DAEAF1, 0x00DAE9F0, 0x00DAEAF0, 0x00DBEBF1, 0x00DAECF2, 0x00DAEBF2,
    0x00DEECF2, 0x00DCECF2, 0x00DCEBF1, 0x00D9EAEF, 0x00DAEBF0, 0x00DBEBF1, 0x00DAEAF0, 0x00D4E7ED, 0x00D8E8EF,
    0x00DAEBF2, 0x00DDECF2, 0x00DCEBF2, 0x00DAEAF1, 0x00DBEBF1, 0x00E0EEF4, 0x00E0EEF4, 0x00DEECF2, 0x00DBEBF2,
    0x00DCEBF2, 0x00DDECF3, 0x00DFEDF3, 0x00DEEBF2, 0x00DBECF1, 0x00DEECF2, 0x00DCEBF1, 0x00DCEBF2, 0x00DBEBF0,
    0x00D8E9F0, 0x00D9E9F0, 0x00D3E7ED, 0x00D9E8EF, 0x00D9E9F0, 0x00D9E9F0, 0x00DAEBF1, 0x00D8EAEF, 0x00DCEBF2,
    0x00D9EAF0, 0x00D9EAF0, 0x00D8E9F0, 0x00D7E9EF, 0x00D7E9F0, 0x00D9EBF1, 0x00D7E8F0, 0x00D9EAF1, 0x00D5E8EE,
    0x00D9EBF1, 0x00D8EAF0, 0x00D9EBF0, 0x00DAEAF1, 0x00D8E9EE, 0x00D6E8EF, 0x00D3E6ED, 0x00D7E8EF, 0x00DAEAF0,
    0x00D9E9F0, 0x00D6E9EF, 0x00D5E8EF, 0x00D4E7EE, 0x00D6E8EF, 0x00D3E7ED, 0x00D6E8EF, 0x00DEECF3, 0x00DCECF2,
    0x00DEEDF2, 0x00E1EEF4, 0x00E0EDF4, 0x00DFEDF2, 0x00E2EFF4, 0x00E4F0F5, 0x00E2EEF3, 0x00E2EEF3, 0x00E2EEF4,
    0x00E3EFF5, 0x00E4F0F5, 0x00E3EFF5, 0x00E4F0F5, 0x00E5F0F6, 0x00E3EFF4, 0x00E4EFF5, 0x00E5F0F5, 0x00E6F1F6,
    0x00E7F2F7, 0x00E5F1F6, 0x00E7F2F7, 0x00E6F1F7, 0x00E6F2F7, 0x00E6F2F7, 0x00E9F4F8, 0x00E6F1F7, 0x00E8F2F8,
    0x00E8F3F7, 0x00E6F1F6, 0x00E8F2F8, 0x00E9F4F7, 0x00E6F2F6, 0x00E7F2F6, 0x00E8F2F7, 0x00E4F1F5, 0x00E5F1F6,
    0x00E6F2F6, 0x00E7F2F7, 0x00E6F1F6, 0x00E5F0F7, 0x00E6F2F7, 0x00E7F2F7, 0x00E7F2F7, 0x00E5F1F5, 0x00E6F2F7,
    0x00E6F1F5, 0x00E6F2F8, 0x00E4F1F6, 0x00E4F1F7, 0x00E5F2F7, 0x00E5F1F6, 0x00E2F0F5, 0x00E4F1F7, 0x00E3F0F5,
    0x00E5F0F6, 0x00E0EEF4, 0x00E4F2F6, 0x00E4F1F5, 0x00E2F0F6, 0x00E3EFF5, 0x00E3F0F5, 0x00E3F0F4, 0x00E1EEF4,
    0x00E0EDF3, 0x00E2EFF5, 0x00E0EDF2, 0x00E2EFF5, 0x00E0EEF4, 0x00E0EFF5, 0x00E0EEF4, 0x00E2F0F6, 0x00DEEEF3,
    0x00E1F0F6, 0x00DCEEF4, 0x00E0F0F6, 0x00E0F0F6, 0x00E3F2F7, 0x00E2F0F5, 0x00E3F1F6, 0x00E3F0F5, 0x00E1EFF5,
    0x00E0EEF4, 0x00E2EFF5, 0x00E1EFF4, 0x00E3F0F5, 0x00E2F0F6, 0x00E4F1F6, 0x00E2F0F5, 0x00E2F0F5, 0x00E2EFF5,
    0x00E1EFF6, 0x00E1EFF5, 0x00E2F0F6, 0x00E3F0F6, 0x00DEEDF4, 0x00D8ECF2, 0x00E1EFF5, 0x00DCEDF3, 0x00E0EEF3,
    0x00E0EEF4, 0x00DEEDF3, 0x00E1EFF4, 0x00DDEEF4, 0x00DEEDF4, 0x00E0EEF4, 0x00DDEDF4, 0x00E0EDF5, 0x00DCECF4,
    0x00D0E7F1, 0x00DEEEF3, 0x00E0EEF4, 0x00DFEEF4, 0x00E2EFF5, 0x00E1EFF4, 0x00E1EFF4, 0x00E2EFF6, 0x00E1EEF5,
    0x00E2EFF5, 0x00E2F0F4, 0x00E2F0F6, 0x00DFEEF5, 0x00E2F0F7, 0x00DEEEF5, 0x00DCECF3, 0x00DFEFF6, 0x00DEEEF4,
    0x00DEEDF4, 0x00DFEEF4, 0x00DFEDF4, 0x00DDEDF4, 0x00E0EEF4, 0x00E0EFF5, 0x00E0EEF5, 0x00E1F0F5, 0x00E3F0F7,
    0x00E2EFF5, 0x00E1F0F6, 0x00E2F0F6, 0x00E4F1F7, 0x00E2EFF5, 0x00E1F0F7, 0x00E2F0F6, 0x00DEEEF5, 0x00E2F0F6,
    0x00DDECF3, 0x00DFEFF6, 0x00DCEDF4, 0x00E0EEF6, 0x00DFEEF5, 0x00E0EFF6, 0x00E1F1F7, 0x00E0F0F7, 0x00E4F2F9,
    0x00E6F3F8, 0x00E3F2F8, 0x00E1F0F7, 0x00E4F2F8, 0x00E5F2F8, 0x00DFF0F7, 0x00E3F3F8, 0x00E5F2F8, 0x00E4F2F8,
    0x00E4F2F9, 0x00E0F0F7, 0x00DDEFF6, 0x00E1F0F7, 0x00E0F2F9, 0x00E4F2F8, 0x00E0EFF6, 0x00E1F1F9, 0x00CFE6ED,
    0x00D2E7EE, 0x00D6E9F0, 0x00D5E8EF, 0x00D5E8F0, 0x00D2E6EC, 0x00D1E4EB, 0x00D3E6ED, 0x00D6E8EF, 0x00D1E4EA,
    0x00CEE1E8, 0x00D3E6ED, 0x00D6E7EF, 0x00D3E6ED, 0x00D4E7EE, 0x00D2E6EC, 0x00D3E6EC, 0x00D7E8EF, 0x00D2E5EC,
    0x00D2E5EC, 0x00CBDFE8, 0x00CBDFE7, 0x00D2E5EC, 0x00CCE1E8, 0x00CDE1E8, 0x00CFE3EA, 0x00D1E3EA, 0x00D0E3EB,
    0x00CEE2E9, 0x00D3E5ED, 0x00D1E4EB, 0x00D0E4EB, 0x00D0E4EC, 0x00D1E6ED, 0x00D1E5EC, 0x00D0E4EB, 0x00D0E4EC,
    0x00D0E3EB, 0x00D2E4ED, 0x00CFE4EB, 0x00D1E5EC, 0x00CDE2EA, 0x00D2E5ED, 0x00D3E5ED, 0x00D2E5EC, 0x00D1E5EB,
    0x00D3E5EC, 0x00D4E6EE, 0x00D7E8EF, 0x00D2E4EB, 0x00D6E7EE, 0x00D2E4EB, 0x00D8E8EE, 0x00D5E7ED, 0x00D3E5EC,
    0x00D6E7EE, 0x00D7E6EE, 0x00D7E9F0, 0x00D2E5ED, 0x00D5E6EE, 0x00D4E7ED, 0x00D7E7EE, 0x00D5E7ED, 0x00D5E8EE,
    0x00D2E5ED, 0x00CEE4EB, 0x00D3E5ED, 0x00D6E7EE, 0x00D9EAF0, 0x00DAEAF1, 0x00DAEAF1, 0x00D8E9F0, 0x00D5E7EE,
    0x00D8EAF1, 0x00D6E7ED, 0x00D8E9F0, 0x00D8E8EE, 0x00D6E7ED, 0x00D7E7EE, 0x00D9E8EF, 0x00D7E7EE, 0x00D4E6ED,
    0x00D6E7EE, 0x00D7E9F0, 0x00DCEBF0, 0x00DDEBF1, 0x00D7E9EF, 0x00D7E9EF, 0x00D8E9EE, 0x00DAE9F0, 0x00D6E7ED,
    0x00D9E9EF, 0x00D8E9EF, 0x00D8E8EF, 0x00D3E5EC, 0x00D8E9EF, 0x00D8E8EE, 0x00D6E8EE, 0x00DAEAF1, 0x00DCEBF2,
    0x00DBEBF1, 0x00D9E9F0, 0x00DAEAF1, 0x00D9EAF0, 0x00D7E8EE, 0x00D9E9F0, 0x00D8E9F0, 0x00DAEAF0, 0x00DDEBF2,
    0x00DAEAF0, 0x00D7E9EF, 0x00D5E7ED, 0x00D8E9EF, 0x00DAEAF0, 0x00D9EAF0, 0x00D7E9EF, 0x00D6E9EF, 0x00D3E8EE,
    0x00D8E9F0, 0x00DAEAF1, 0x00D9E9F0, 0x00D9E9F0, 0x00D7E8EF, 0x00D6E7EE, 0x00D6E8EE, 0x00D6E7EF, 0x00D5E8EF,
    0x00D5E7EE, 0x00D7E8EF, 0x00D8EAEF, 0x00D9E9F0, 0x00D9E9F0, 0x00D6E8EE, 0x00D6E8EE, 0x00D8E9EF, 0x00D7E8EE,
    0x00D6E8EE, 0x00D7E8EE, 0x00DBE9EF, 0x00D9E8EF, 0x00D3E6EC, 0x00D3E5EC, 0x00D4E6ED, 0x00DAE9F1, 0x00D6E7EE,
    0x00D9E9F0, 0x00D6E8EE, 0x00D4E7EE, 0x00D6E8EF, 0x00D6E8EE, 0x00DDECF3, 0x00DBEAF1, 0x00DAEAF1, 0x00DAEBF2,
    0x00DCECF2, 0x00E1EFF4, 0x00DFECF2, 0x00DEECF1, 0x00E2EEF3, 0x00E3EEF3, 0x00E3EFF5, 0x00E4EFF5, 0x00E4EFF5,
    0x00E5F0F6, 0x00E2EFF3, 0x00E7F1F6, 0x00E4F0F5, 0x00E8F3F7, 0x00E8F2F7, 0x00E8F3F7, 0x00E6F1F6, 0x00E4F1F7,
    0x00E5F1F6, 0x00E6F2F7, 0x00E5F1F7, 0x00E5F1F5, 0x00E5F1F6, 0x00E7F1F8, 0x00E7F2F7, 0x00E6F2F6, 0x00E7F1F7,
    0x00E6F1F8, 0x00E6F2F7, 0x00E7F2F7, 0x00E3F1F5, 0x00E5F1F6, 0x00E3F0F6, 0x00E4F0F6, 0x00E5F0F7, 0x00E6F1F6,
    0x00E7F2F7, 0x00E6F1F6, 0x00E5F1F7, 0x00E5F1F5, 0x00E3F0F5, 0x00E6F1F7, 0x00E5F1F7, 0x00E4F0F6, 0x00E4F1F5,
    0x00E4F0F6, 0x00E3F0F5, 0x00E0EFF4, 0x00E3F0F5, 0x00E4F1F6, 0x00E2EFF5, 0x00E2F0F6, 0x00E4F0F6, 0x00E3F1F7,
    0x00E1F0F5, 0x00E4F1F6, 0x00E4F0F5, 0x00E4F0F6, 0x00E3F0F4, 0x00E2EEF4, 0x00E0EDF3, 0x00E0EEF3, 0x00E1EFF5,
    0x00E3F0F5, 0x00E0EEF4, 0x00E0EFF4, 0x00E0EEF5, 0x00DFEFF5, 0x00DFEFF6, 0x00DEF0F5, 0x00E0F0F5, 0x00E1F1F6,
    0x00E3F0F6, 0x00E1F0F6, 0x00DFEFF5, 0x00E1EEF5, 0x00DEEEF4, 0x00E1EFF4, 0x00E0EEF4, 0x00DFEEF4, 0x00E1EFF4,
    0x00E3F0F5, 0x00E2F0F4, 0x00E3F0F5, 0x00E3EFF4, 0x00E3F0F6, 0x00E1F0F5, 0x00E0EEF4, 0x00E1EFF6, 0x00E2EFF6,
    0x00DFEEF4, 0x00E0EFF5, 0x00E0EEF4, 0x00DDEDF4, 0x00E0EFF4, 0x00E1EFF5, 0x00E0EFF4, 0x00E0EEF5, 0x00DEEEF3,
    0x00DFEFF4, 0x00DDECF3, 0x00E1F0F5, 0x00E0EFF5, 0x00E0EFF5, 0x00DEEEF5, 0x00E1EFF5, 0x00DDECF2, 0x00E1F0F6,
    0x00E2EFF5, 0x00E1EFF6, 0x00E1EFF5, 0x00E0EEF5, 0x00E3F1F7, 0x00E2F0F5, 0x00E3F0F7, 0x00E0EFF5, 0x00E2F1F6,
    0x00DFEFF5, 0x00DCEDF4, 0x00DFEFF6, 0x00DCECF3, 0x00DEEDF4, 0x00DDEEF5, 0x00DBEBF2, 0x00DFEEF5, 0x00E0EEF5,
    0x00E2EFF6, 0x00E1EFF5, 0x00E0EEF5, 0x00E1EEF4, 0x00E1EEF6, 0x00E2F0F6, 0x00E1EFF6, 0x00E2EFF6, 0x00E2F0F6,
    0x00E2EFF5, 0x00E3F1F7, 0x00DFEEF5, 0x00E2EFF6, 0x00E0EEF5, 0x00DFEFF5, 0x00DFEEF5, 0x00E2EFF6, 0x00E1EFF6,
    0x00E1F0F6, 0x00E2F0F7, 0x00E2F1F8, 0x00E1F0F6, 0x00E2F0F7, 0x00E3F2F8, 0x00E0F0F5, 0x00E0EFF4, 0x00DCEEF5,
    0x00E2F2F8, 0x00E4F2F8, 0x00E4F1F8, 0x00E1F1F7, 0x00E0F0F7, 0x00E5F2F9, 0x00E2F2F9, 0x00E0F1F8, 0x00E1F1F7,
    0x00E2F2F9, 0x00E3F1F8, 0x00E1F2F8, 0x00E2F2F8, 0x00D0E5ED, 0x00D6E8F0, 0x00D4E7EE, 0x00D6E9F0, 0x00D3E6ED,
    0x00D2E5EC, 0x00D6E8EF, 0x00D4E7ED, 0x00D2E5ED, 0x00D0E4EB, 0x00D0E4EC, 0x00D6E7EE, 0x00D0E4EB, 0x00D1E3EA,
    0x00CDDFE6, 0x00C7D8DF, 0x00C5D7DE, 0x00CCDDE5, 0x00CEE0E8, 0x00D2E4EB, 0x00D0E4EB, 0x00CFE2EA, 0x00D4E7EE,
    0x00D1E6ED, 0x00D1E3EB, 0x00C6DBE3, 0x00C9DEE6, 0x00CBDDE5, 0x00CADEE6, 0x00CBDDE5, 0x00CADCE5, 0x00CCDFE7,
    0x00CDE0E8, 0x00CFE1EA, 0x00D2E4EC, 0x00D1E5EC, 0x00CBE1E9, 0x00CDE2EA, 0x00CDE1EB, 0x00D0E3EB, 0x00D0E3EA,
    0x00D0E5EC, 0x00CFE3EA, 0x00D1E3EA, 0x00D0E3EA, 0x00D5E6ED, 0x00D4E6ED, 0x00D3E5EC, 0x00D6E7EE, 0x00D0E3EA,
    0x00D1E4EB, 0x00D4E6EC, 0x00D5E7EE, 0x00D3E6ED, 0x00D2E4EB, 0x00D1E4EB, 0x00D4E5EB, 0x00D4E6ED, 0x00D6E7EE,
    0x00D4E6ED, 0x00D4E6EB, 0x00D4E5ED, 0x00D4E6EC, 0x00D2E6EC, 0x00CFE5ED, 0x00D0E4EC, 0x00D0E5ED, 0x00D3E6ED,
    0x00D3E5EC, 0x00D5E7EF, 0x00D4E6ED, 0x00D5E8EF, 0x00D5E8EE, 0x00D2E5EC, 0x00D3E6EC, 0x00D4E7EE, 0x00D4E6ED,
    0x00D1E5EC, 0x00D3E5EC, 0x00D3E5EC, 0x00CEE2EA, 0x00D7E6EC, 0x00D5E6ED, 0x00D9E8EF, 0x00DAE9F0, 0x00D8E8EF,
    0x00D6E7ED, 0x00D8E8EE, 0x00D8E9EF, 0x00DAE9F0, 0x00D5E7ED, 0x00D6E7EE, 0x00D5E6EC, 0x00D6E7EE, 0x00D5E7EE,
    0x00D7E8EE, 0x00D8E8EF, 0x00D5E7ED, 0x00D4E6ED, 0x00DAEAF1, 0x00D8E9EF, 0x00D7E8EE, 0x00D7E8EF, 0x00D6E7EE,
    0x00D7E8ED, 0x00D8E8EF, 0x00D4E7ED, 0x00D8E8EF, 0x00D8E9EF, 0x00D7E8EF, 0x00D5E5EB, 0x00D4E6EC, 0x00DAE8EF,
    0x00DBEAF0, 0x00D8E7EE, 0x00D4E6EC, 0x00DAE9F0, 0x00D6E8EF, 0x00D5E8EE, 0x00D7E7EE, 0x00D9E9F0, 0x00D9EAF0,
    0x00D8E8EE, 0x00D7E9EF, 0x00D6E8EF, 0x00D7E8EE, 0x00D5E7ED, 0x00D4E6ED, 0x00D3E5EC, 0x00DAEAF0, 0x00D9E9F0,
    0x00D7E8EF, 0x00D7E8EE, 0x00D6E8EE, 0x00D6E8EE, 0x00DAE9EF, 0x00DAEAEF, 0x00D8E9EF, 0x00D4E6EC, 0x00D6E7EE,
    0x00D6E7EE, 0x00D6E7ED, 0x00D2E5EC, 0x00D3E5EC, 0x00D6E8EF, 0x00D5E7EE, 0x00DBEAF0, 0x00D9E9F0, 0x00D8E8EF,
    0x00D8E9EF, 0x00D6E8EE, 0x00D8E9F0, 0x00D8EAF0, 0x00D9EAF0, 0x00D9EAF0, 0x00D7E8EF, 0x00DAEAF0, 0x00DFEDF2,
    0x00E1EDF3, 0x00E3EEF4, 0x00E5F0F5, 0x00E5F0F5, 0x00E6F1F6, 0x00E6F0F6, 0x00E4F0F5, 0x00E6F1F6, 0x00E4F1F6,
    0x00E3F0F6, 0x00E7F1F7, 0x00E8F3F8, 0x00E6F1F8, 0x00E4F0F4, 0x00E7F2F7, 0x00E5F0F5, 0x00E5F1F7, 0x00E2F0F4,
    0x00E7F1F6, 0x00E5F0F6, 0x00E3F1F6, 0x00E4F0F5, 0x00E3F1F5, 0x00E2F0F6, 0x00E4F1F5, 0x00E7F2F7, 0x00E7F3F7,
    0x00E2F0F5, 0x00E1EFF4, 0x00E3F1F5, 0x00E5F1F6, 0x00E3F1F6, 0x00E4F0F5, 0x00E3F0F6, 0x00E3F0F5, 0x00E4F0F6,
    0x00DFEFF5, 0x00E3F1F5, 0x00E3F0F5, 0x00E1EFF5, 0x00E3F1F6, 0x00E3F0F5, 0x00E3EFF4, 0x00E1F1F6, 0x00E0EFF4,
    0x00E1EEF4, 0x00DFEFF6, 0x00E4F0F5, 0x00E5F1F7, 0x00E4F1F5, 0x00E4F2F6, 0x00E3F0F6, 0x00E1EFF4, 0x00E4F1F5,
    0x00E4F0F6, 0x00DEEDF3, 0x00E0EEF3, 0x00E4F0F5, 0x00E2EEF3, 0x00E1F0F5, 0x00DAEBF2, 0x00DDEDF3, 0x00DEEEF5,
    0x00E1EFF5, 0x00DFEEF5, 0x00DFF0F5, 0x00DFEFF4, 0x00E1F0F6, 0x00DFEFF5, 0x00DFEFF5, 0x00DEEFF4, 0x00E4F0F5,
    0x00DDEEF3, 0x00E0EEF4, 0x00DEEDF3, 0x00E1EEF4, 0x00E1EEF3, 0x00E1EFF5, 0x00DFEEF4, 0x00E5F0F5, 0x00E0EDF3,
    0x00E2EFF5, 0x00E1EFF4, 0x00E0EFF5, 0x00E0EFF6, 0x00E0EEF5, 0x00E0EFF5, 0x00DFEEF5, 0x00E0EEF4, 0x00DEEEF4,
    0x00E2F0F5, 0x00E3F0F5, 0x00E1EFF4, 0x00DCEDF3, 0x00DFEEF4, 0x00DFEEF4, 0x00DEEEF4, 0x00E1EFF4, 0x00E1F0F6,
    0x00E1EFF5, 0x00E0EFF5, 0x00E0EFF5, 0x00DEEEF5, 0x00DDEDF3, 0x00DFEEF5, 0x00E0F0F6, 0x00E1EFF6, 0x00DEEEF5,
    0x00DFEEF4, 0x00DDEDF4, 0x00DCECF3, 0x00E1F0F6, 0x00E0EFF6, 0x00E2F0F7, 0x00E1F0F7, 0x00E0EFF6, 0x00E2F1F6,
    0x00DEEFF5, 0x00DAEBF3, 0x00DFEFF6, 0x00DBEBF2, 0x00DEEDF4, 0x00DFEEF5, 0x00DEEEF4, 0x00E0EEF5, 0x00DEEEF4,
    0x00DAEAF2, 0x00DBEBF2, 0x00DBECF4, 0x00DDEDF4, 0x00DEEEF7, 0x00DBEBF2, 0x00E1EFF6, 0x00E1F1F6, 0x00E0EFF5,
    0x00E1F0F6, 0x00DEEEF5, 0x00E1F0F7, 0x00E3F0F7, 0x00E1F0F7, 0x00E3F2F8, 0x00E3F1F7, 0x00DEEFF6, 0x00E2F0F7,
    0x00E3F1F7, 0x00E4F2F8, 0x00E6F3F8, 0x00DEEEF5, 0x00E0F1F6, 0x00E2F1F7, 0x00E2F1F7, 0x00DFF0F7, 0x00E2F2F8,
    0x00DEEFF5, 0x00E6F2F8, 0x00E5F3FA, 0x00E3F3F9, 0x00E5F3F9, 0x00D8EDF4, 0x00DAEDF4, 0x00E1F0F7, 0x00E5F4F9,
    0x00CEE4EB, 0x00CFE3EB, 0x00D4E7EE, 0x00D8E9EF, 0x00D2E6ED, 0x00D3E6EC, 0x00D5E7ED, 0x00D3E6ED, 0x00CFE3EB,
    0x00D0E4EB, 0x00CFE3EA, 0x00D3E5EC, 0x00D0E4EB, 0x00D1E4EC, 0x00D2E5EC, 0x00D2E4EB, 0x00CFE3EA, 0x00CEE3E9,
    0x00D0E4EB, 0x00D1E4EB, 0x00D3E6ED, 0x00CFE4EA, 0x00D2E5EC, 0x00D2E6ED, 0x00D2E6ED, 0x00D2E5ED, 0x00D0E5EC,
    0x00D3E5EC, 0x00CFE3EA, 0x00D2E4EB, 0x00D1E6EC, 0x00CDE2EA, 0x00CDE1E8, 0x00CCDFE7, 0x00C9DDE5, 0x00C8DDE5,
    0x00C9DDE5, 0x00CBE0E8, 0x00CEE1EA, 0x00CFE2EB, 0x00CCE2EB, 0x00CCE3EA, 0x00CEE3EA, 0x00CFE2E9, 0x00CEE2EA,
    0x00D0E3EB, 0x00CEE2EA, 0x00CFE2EA, 0x00D0E3EA, 0x00D0E3EA, 0x00D0E3EA, 0x00D3E5EB, 0x00D2E4EB, 0x00D3E6ED,
    0x00D0E3EA, 0x00D1E2EA, 0x00D0E2EB, 0x00D0E4EB, 0x00CFE4EA, 0x00D3E6ED, 0x00D4E6ED, 0x00D3E6EC, 0x00D4E5EC,
    0x00D2E6EC, 0x00D3E6EC, 0x00D3E6EC, 0x00D4E6ED, 0x00D5E7ED, 0x00D6E7EE, 0x00D5E7ED, 0x00D4E6ED, 0x00D5E7EE,
    0x00D4E6ED, 0x00D3E6ED, 0x00D7E7EE, 0x00D8E8EE, 0x00D5E6EC, 0x00D6E7ED, 0x00D2E5EB, 0x00D3E5EC, 0x00CEE3EA,
    0x00D2E4EB, 0x00CEE3E9, 0x00D3E5EC, 0x00D1E4EB, 0x00D4E5EC, 0x00D4E6EC, 0x00D4E6EC, 0x00D5E6ED, 0x00D6E6ED,
    0x00D3E5EB, 0x00D2E4EA, 0x00D6E6ED, 0x00D8E7EE, 0x00D5E7ED, 0x00D5E7ED, 0x00D4E6ED, 0x00D6E7EE, 0x00D5E6ED,
    0x00D6E7EE, 0x00D5E7EE, 0x00D6E8EF, 0x00D5E7EE, 0x00D7E7EE, 0x00D5E6ED, 0x00D3E5EB, 0x00D3E6EC, 0x00D5E5EC,
    0x00D6E7ED, 0x00D8E7EE, 0x00D4E5EB, 0x00D3E4EA, 0x00D7E7ED, 0x00D7E7EE, 0x00D6E6EC, 0x00D4E6EC, 0x00D7E6EE,
    0x00D6E7EE, 0x00D7E8EE, 0x00D7E7ED, 0x00D5E6ED, 0x00D4E6EC, 0x00D5E6EC, 0x00D8E7EF, 0x00D7E7EE, 0x00D6E6ED,
    0x00D3E4EB, 0x00D6E6ED, 0x00D1E4EA, 0x00D7E7EE, 0x00D4E6EC, 0x00D7E8EE, 0x00D6E7EE, 0x00D7E8EE, 0x00D8E9ED,
    0x00D8E8ED, 0x00D7E8EE, 0x00DAE9EF, 0x00DBE9F0, 0x00D9E8EE, 0x00D3E5EC, 0x00D7E7ED, 0x00D7E7EE, 0x00D6E6ED,
    0x00D5E7ED, 0x00D7E8EE, 0x00D8E7EE, 0x00D8E8EF, 0x00DCE9F0, 0x00D8E8EF, 0x00D4E7ED, 0x00D9E9F0, 0x00D5E8EE,
    0x00D9EAF0, 0x00D7E8EF, 0x00D6E8EE, 0x00D4E6EC, 0x00D5E7ED, 0x00DEECF2, 0x00E2EDF4, 0x00E4F0F4, 0x00E6F0F6,
    0x00E4EFF5, 0x00E5F0F5, 0x00E6F1F5, 0x00E6F0F6, 0x00E4F0F5, 0x00E5F1F6, 0x00E6F1F7, 0x00E6F1F6, 0x00E6F1F6,
    0x00E7F2F7, 0x00E5F0F6, 0x00E4F0F5, 0x00E5F0F5, 0x00E6F1F6, 0x00E6F1F7, 0x00E4F0F6, 0x00E0EEF4, 0x00E6F2F7,
    0x00E5F1F7, 0x00E5F0F6, 0x00E5F1F6, 0x00E5F1F6, 0x00E2EFF6, 0x00E2F0F6, 0x00E3F0F5, 0x00E3F0F4, 0x00E3F0F5,
    0x00DEEEF3, 0x00E6F1F5, 0x00E4F0F5, 0x00E1F0F5, 0x00E3F0F6, 0x00E1EFF5, 0x00E0EEF4, 0x00E2F0F4, 0x00E4F1F6,
    0x00E1EFF5, 0x00E4F0F5, 0x00E2EFF4, 0x00E1EFF5, 0x00E2EFF4, 0x00E2EFF4, 0x00E0EFF4, 0x00E2F0F5, 0x00E3EFF5,
    0x00E3F0F5, 0x00E4F2F6, 0x00E4F1F6, 0x00E2F1F6, 0x00E3F0F6, 0x00E5F1F6, 0x00E4F1F5, 0x00E0EEF4, 0x00E0EEF4,
    0x00E2F0F5, 0x00E1EFF5, 0x00DEEDF3, 0x00DDEDF3, 0x00E0EFF5, 0x00E0EFF5, 0x00DFEFF5, 0x00E0F0F6, 0x00E1F0F5,
    0x00E2F0F6, 0x00E1EFF5, 0x00E1F0F6, 0x00E1EFF5, 0x00E0F0F4, 0x00DFEEF4, 0x00DEEDF3, 0x00E1EEF4, 0x00E0EDF3,
    0x00DDEDF2, 0x00E0EEF4, 0x00E1EEF3, 0x00E4F0F5, 0x00E2EFF4, 0x00DDECF2, 0x00DFEDF4, 0x00DCEDF3, 0x00DEEDF4,
    0x00E1EEF4, 0x00DFEEF4, 0x00E0EEF4, 0x00DCEEF4, 0x00DEEEF4, 0x00E3F0F5, 0x00E2EFF4, 0x00E0EFF4, 0x00DEEEF3,
    0x00DFEEF4, 0x00DEEEF4, 0x00E2F1F6, 0x00E1EFF5, 0x00E0EFF5, 0x00DFEFF5, 0x00E0EFF6, 0x00DFEFF5, 0x00DFEEF5,
    0x00DCEDF3, 0x00E0EFF6, 0x00DFEFF6, 0x00DFEFF5, 0x00DFEEF5, 0x00DEEDF4, 0x00DEEEF5, 0x00DFEEF4, 0x00DFEEF5,
    0x00DEEEF4, 0x00E1EFF5, 0x00E1F0F6, 0x00E1F0F7, 0x00E2F0F6, 0x00DCEEF5, 0x00DBEDF3, 0x00E0EFF6, 0x00DFEFF5,
    0x00DFEDF4, 0x00DFEEF5, 0x00DCEDF4, 0x00DEEDF4, 0x00DFEEF4, 0x00DEEDF4, 0x00E0EEF4, 0x00DBECF4, 0x00DEEEF5,
    0x00DDEDF5, 0x00DDEEF4, 0x00E0EFF5, 0x00E2F0F7, 0x00E1EFF6, 0x00E0EFF5, 0x00E2F0F6, 0x00E3F0F7, 0x00E0EFF6,
    0x00E2F1F7, 0x00E4F3F9, 0x00E3F1F8, 0x00E1F0F6, 0x00E2F1F7, 0x00DDEFF6, 0x00E5F3F8, 0x00E2F0F7, 0x00E2F2F8,
    0x00E2F1F8, 0x00DFF0F6, 0x00E0F0F7, 0x00E0F0F7, 0x00DEEFF7, 0x00DFF0F6, 0x00E4F2F8, 0x00DCEDF4, 0x00E3F2F7,
    0x00E2F1F7, 0x00E2F1F8, 0x00E2F2F8, 0x00E0F1F7, 0x00E1F2F8, 0x00D0E6EE, 0x00D0E5EC, 0x00D2E5EC, 0x00D1E4EC,
    0x00D5E7EE, 0x00D4E7ED, 0x00D5E8EE, 0x00D4E7ED, 0x00D3E4ED, 0x00D2E4EC, 0x00D0E3EB, 0x00D1E5EC, 0x00D3E5EC,
    0x00D0E4EA, 0x00D1E4EB, 0x00D5E5EC, 0x00CDE3E9, 0x00CDE3E9, 0x00D3E5EC, 0x00D0E3E9, 0x00D1E4EB, 0x00CCE1E8,
    0x00CCE1E9, 0x00CDE1E9, 0x00D2E5EC, 0x00CFE3EA, 0x00CDE4EB, 0x00CFE3EA, 0x00CDE2E9, 0x00D5E7ED, 0x00CFE5EB,
    0x00CFE3EB, 0x00CAE1E8, 0x00D5E7ED, 0x00D3E4EA, 0x00D1E4EB, 0x00CDE1E8, 0x00CCE0E8, 0x00CFE3EA, 0x00C9DDE5,
    0x00C5DBE3, 0x00C9DDE4, 0x00CFE2E9, 0x00CEE2EA, 0x00D0E2EA, 0x00C6DDE5, 0x00CDE2E9, 0x00CCE1E8, 0x00CADFE5,
    0x00CFE2EA, 0x00CEE2E9, 0x00CDE1E8, 0x00D0E2E9, 0x00CEE1E9, 0x00D2E4EB, 0x00D0E3EA, 0x00CEE2EA, 0x00D1E4EB,
    0x00D2E5EC, 0x00D3E4EC, 0x00D0E2EA, 0x00D3E5EC, 0x00D1E4EB, 0x00D2E5EC, 0x00D5E5EC, 0x00D4E7ED, 0x00D4E6ED,
    0x00D5E7ED, 0x00D7E8EF, 0x00D4E6ED, 0x00D4E7EE, 0x00D1E4EC, 0x00D2E5ED, 0x00D2E5EB, 0x00D8E7EE, 0x00D3E4EB,
    0x00D3E6EB, 0x00D4E6EC, 0x00D2E5EB, 0x00D4E5EC, 0x00D0E3EB, 0x00D2E4EA, 0x00D1E3EA, 0x00CDE2E9, 0x00CEE2E9,
    0x00D3E4EB, 0x00D3E4EA, 0x00D5E5EC, 0x00D6E6ED, 0x00D0E2E8, 0x00D4E5EC, 0x00D2E4EA, 0x00D4E5EB, 0x00D5E5EC,
    0x00D7E7EE, 0x00D6E7EE, 0x00D5E7EE, 0x00D5E7EE, 0x00D5E7ED, 0x00D3E5EC, 0x00D3E6ED, 0x00D1E4EB, 0x00D3E5EC,
    0x00D6E7EE, 0x00D3E5EB, 0x00D3E5EB, 0x00D3E4EB, 0x00D4E6EB, 0x00D9E8EE, 0x00D7E6EC, 0x00D9E7EE, 0x00D4E4EB,
    0x00D3E4EB, 0x00D8E7EF, 0x00D3E5EB, 0x00D4E5EB, 0x00D5E5EC, 0x00D7E7ED, 0x00D7E7ED, 0x00D5E6ED, 0x00D6E5EA,
    0x00D5E6EB, 0x00D6E5EA, 0x00D3E4EA, 0x00D3E4EB, 0x00D0E2E9, 0x00D4E6EC, 0x00D4E5EC, 0x00D5E6EC, 0x00D4E5EC,
    0x00D6E6EC, 0x00D7E8ED, 0x00D6E7ED, 0x00D7E7ED, 0x00D7E7ED, 0x00D9EAEF, 0x00D3E5EB, 0x00D7E8EE, 0x00D3E5EC,
    0x00D5E6EC, 0x00D1E3E9, 0x00D3E6EC, 0x00D4E5EC, 0x00D7E6ED, 0x00D7E7ED, 0x00D7E7ED, 0x00D6E6ED, 0x00D4E6ED,
    0x00D6E7EE, 0x00D6E7EE, 0x00D7E8EE, 0x00D3E5EC, 0x00D6E9EF, 0x00D4E7EE, 0x00D3E6ED, 0x00D8E9EF, 0x00D6E7EE,
    0x00D7E8EF, 0x00DBEAF0, 0x00E0EDF4, 0x00E6F0F6, 0x00E5EFF6, 0x00E6F0F7, 0x00E4EFF4, 0x00E5F0F6, 0x00E4EFF6,
    0x00E4EFF5, 0x00E4F0F5, 0x00E5F0F6, 0x00E6F1F7, 0x00E6F1F6, 0x00E5EFF5, 0x00E5F1F5, 0x00E5F1F4, 0x00E7F2F8,
    0x00E6F1F5, 0x00E7F2F7, 0x00E5F1F6, 0x00E6F2F7, 0x00E6F1F7, 0x00E6F1F7, 0x00E5F0F6, 0x00E4F1F6, 0x00E1EEF4,
    0x00E0EEF3, 0x00E3F0F6, 0x00E5F2F7, 0x00E4F1F5, 0x00E4F1F6, 0x00E1EEF3, 0x00E0EDF2, 0x00E3F0F5, 0x00E2EFF4,
    0x00E7F1F7, 0x00E5F0F6, 0x00DFEDF3, 0x00DEEDF3, 0x00E0EEF5, 0x00E3F0F6, 0x00E2EFF4, 0x00E0EEF4, 0x00E2F0F5,
    0x00E4F0F6, 0x00E1EFF3, 0x00E3F0F5, 0x00E3F0F5, 0x00E3F0F6, 0x00E2F0F5, 0x00E3F0F5, 0x00E2EFF6, 0x00E5F2F7,
    0x00E2F0F6, 0x00E3EFF5, 0x00E3F1F6, 0x00E3F0F4, 0x00E1EFF5, 0x00E0EFF4, 0x00E1EFF4, 0x00DCEBF2, 0x00DDEDF3,
    0x00E0EFF5, 0x00E0EFF4, 0x00E1F0F6, 0x00E1F0F6, 0x00E3F2F6, 0x00E2F0F6, 0x00E1EFF5, 0x00E1EFF5, 0x00DDECF3,
    0x00DAEBF2, 0x00E0EEF4, 0x00DDEFF4, 0x00DDECF2, 0x00DDEDF3, 0x00DDEDF3, 0x00DDEDF3, 0x00DEEEF3, 0x00DEEEF3,
    0x00E0EFF5, 0x00DCECF2, 0x00DCECF3, 0x00DDEDF3, 0x00E0EFF5, 0x00E3F1F6, 0x00D9EBF1, 0x00DDEDF4, 0x00E3F1F5,
    0x00E1EFF5, 0x00E2EFF5, 0x00DFEEF4, 0x00E0EFF3, 0x00E0EFF5, 0x00E0EFF5, 0x00E1EFF5, 0x00DEEEF4, 0x00E0F0F5,
    0x00E0EEF4, 0x00DEEEF4, 0x00DEEEF4, 0x00DFEFF5, 0x00DFEEF6, 0x00DEEEF5, 0x00E1F0F6, 0x00E2F0F6, 0x00DFEFF4,
    0x00E0EFF5, 0x00DEEFF6, 0x00DDEEF4, 0x00E1EFF5, 0x00E0EFF6, 0x00E0EFF5, 0x00E0EFF5, 0x00DEEDF4, 0x00DBECF3,
    0x00DEEEF4, 0x00DDEFF6, 0x00DAECF3, 0x00DBECF4, 0x00DFEEF5, 0x00DCEDF3, 0x00DDEDF4, 0x00DBEDF4, 0x00DEEDF4,
    0x00DDEDF3, 0x00DDECF3, 0x00DAEBF2, 0x00DBEDF3, 0x00DCEDF3, 0x00DFEEF5, 0x00DFEFF6, 0x00DEF0F5, 0x00DEEEF4,
    0x00DDEEF4, 0x00DDEDF4, 0x00DFEEF5, 0x00E1EFF6, 0x00E1F0F7, 0x00E0F0F6, 0x00E4F1F8, 0x00E2F2F8, 0x00E4F2F8,
    0x00E3F2F9, 0x00DEF0F7, 0x00E3F2F7, 0x00E2F1F8, 0x00E1F0F7, 0x00E2F0F7, 0x00E0F0F7, 0x00E0F0F7, 0x00DEF0F7,
    0x00E2F2F8, 0x00E1F1F7, 0x00E4F3F8, 0x00DFF0F6, 0x00DEEFF6, 0x00E2F1F7, 0x00E4F2F8, 0x00E4F2F8, 0x00DBEDF4,
    0x00E3F3F9, 0x00D1E5EE, 0x00CEE3EB, 0x00D0E4EB, 0x00D2E5EC, 0x00D2E4EB, 0x00D4E8ED, 0x00D7E8EF, 0x00D5E7EE,
    0x00D4E7ED, 0x00CFE4EA, 0x00D2E5EC, 0x00D0E3EA, 0x00D0E3EB, 0x00CFE3EA, 0x00D1E4EB, 0x00D0E2EA, 0x00D2E4EB,
    0x00D0E3EA, 0x00CFE3EA, 0x00D0E3EA, 0x00D0E3EB, 0x00CEE3E9, 0x00CFE2E9, 0x00D0E2EA, 0x00CFE3EA, 0x00D0E4EA,
    0x00CFE2EA, 0x00CCE2E9, 0x00D1E4EA, 0x00CCE1E9, 0x00CEE3EA, 0x00CEE3EA, 0x00CCE2E9, 0x00CFE3E9, 0x00D0E3E9,
    0x00CFE2EA, 0x00D0E3EA, 0x00D1E4EA, 0x00D2E4EB, 0x00D1E4EB, 0x00D2E4EB, 0x00D0E3E9, 0x00CCDFE7, 0x00CEE0E8,
    0x00CCDFE7, 0x00CFE2E9, 0x00D2E5EC, 0x00D0E3EB, 0x00CFE3EA, 0x00CEE2E9, 0x00CFE2E9, 0x00CEE2E9, 0x00CFE2E9,
    0x00CEE2E9, 0x00D3E5EC, 0x00CFE4EB, 0x00CBE0E8, 0x00CEE2EA, 0x00CFE2E9, 0x00D0E3EA, 0x00D4E6ED, 0x00CFE2E9,
    0x00CEE2E9, 0x00D0E4EA, 0x00D2E4EC, 0x00D5E7ED, 0x00D4E6EC, 0x00D4E6ED, 0x00D3E5EC, 0x00D2E5EC, 0x00D2E5EC,
    0x00CFE3EA, 0x00D2E5EC, 0x00D5E7EE, 0x00D3E4EA, 0x00D2E5EB, 0x00D0E3E9, 0x00D2E4EB, 0x00D7E7ED, 0x00D5E6EC,
    0x00D0E3EA, 0x00CFE3E9, 0x00D2E3EA, 0x00CFE2E9, 0x00D1E3EA, 0x00D2E3E9, 0x00D2E3EA, 0x00D5E5EC, 0x00D5E6ED,
    0x00D1E4EA, 0x00D2E4EA, 0x00D2E4EA, 0x00D2E5EB, 0x00D3E5EB, 0x00D4E5EC, 0x00D5E6ED, 0x00D5E6ED, 0x00D5E7EE,
    0x00D5E6ED, 0x00D4E7ED, 0x00D7E9EF, 0x00D3E5EC, 0x00D2E5EB, 0x00D3E5EC, 0x00D5E6EC, 0x00D3E4EA, 0x00D5E6ED,
    0x00D6E5EB, 0x00D6E4EB, 0x00D3E3EA, 0x00D4E4EA, 0x00D4E4EA, 0x00D6E5EB, 0x00D3E4EA, 0x00CFE2E7, 0x00D5E5EC,
    0x00D4E6EB, 0x00D7E7ED, 0x00D4E5EA, 0x00D5E5EB, 0x00D0E1E7, 0x00D4E4EA, 0x00D2E3E9, 0x00D2E3E9, 0x00D3E3E9,
    0x00D4E4EB, 0x00D3E4E9, 0x00D6E6EC, 0x00D3E4EA, 0x00D4E4EA, 0x00D5E4EA, 0x00CFE1E8, 0x00D2E3EA, 0x00D3E4EB,
    0x00D6E7EB, 0x00D4E5EC, 0x00D6E7EC, 0x00D2E4EA, 0x00D1E4EA, 0x00D4E4EB, 0x00D4E5EB, 0x00D0E3EA, 0x00D0E3EA,
    0x00D9E8EF, 0x00D5E5EC, 0x00D0E3EA, 0x00D3E5EC, 0x00D2E5EC, 0x00D6E8EF, 0x00D6E7ED, 0x00D9E8EF, 0x00D4E6EC,
    0x00D1E4EB, 0x00D0E4EB, 0x00D2E5EB, 0x00D4E6EE, 0x00D6E7EE, 0x00D5E7EE, 0x00D5E7EC, 0x00D6E8EE, 0x00DBEAF0,
    0x00E2EEF4, 0x00E2EEF4, 0x00E1EDF2, 0x00E4EEF4, 0x00E2EEF4, 0x00E1EDF2, 0x00E4EFF5, 0x00E3EFF5, 0x00E1EDF4,
    0x00E0EEF3, 0x00E0EDF3, 0x00E1EEF3, 0x00E6F1F6, 0x00E3F0F4, 0x00E6F1F6, 0x00E6F1F5, 0x00E5F1F6, 0x00E6F1F6,
    0x00E4F0F6, 0x00E5F1F7, 0x00E1EEF4, 0x00E2EFF5, 0x00E2EEF3, 0x00E0EEF4, 0x00E5F1F6, 0x00E0EEF4, 0x00E0EDF3,
    0x00E4EFF5, 0x00E4EFF5, 0x00E5F0F5, 0x00E4F1F6, 0x00E4F0F5, 0x00E2EFF4, 0x00E0EEF4, 0x00E0EEF3, 0x00E2EFF5,
    0x00E2EFF5, 0x00E2F0F5, 0x00E3F0F6, 0x00E1EFF5, 0x00E2EFF4, 0x00E5F1F6, 0x00E2F0F4, 0x00E5F1F6, 0x00E4F1F5,
    0x00E2F0F6, 0x00E3F1F5, 0x00E6F3F7, 0x00E4F2F5, 0x00E4F1F5, 0x00E1EFF4, 0x00E1EFF4, 0x00DFEDF4, 0x00E3F0F5,
    0x00E3F0F5, 0x00DDEDF3, 0x00E1EFF5, 0x00DFEEF4, 0x00DFEEF4, 0x00DDEDF3, 0x00E0EFF5, 0x00E0EFF5, 0x00E1F0F6,
    0x00E3F1F6, 0x00E1EFF4, 0x00DFEEF4, 0x00E2EFF5, 0x00DEEEF3, 0x00E0EEF3, 0x00E2EEF4, 0x00E1EFF5, 0x00DFEDF3,
    0x00DBECF3, 0x00DEEDF3, 0x00DCECF3, 0x00DCEDF3, 0x00DDEDF3, 0x00DAECF2, 0x00E2F0F5, 0x00E2EFF5, 0x00DDEDF3,
    0x00DFEEF4, 0x00DEEEF4, 0x00DDEDF4, 0x00DFEEF4, 0x00E1F0F6, 0x00E0EFF4, 0x00E1F0F6, 0x00E4F0F5, 0x00E5F1F5,
    0x00E3F1F5, 0x00E2F0F5, 0x00E1F0F6, 0x00DFEFF5, 0x00E0EEF5, 0x00DFEFF5, 0x00DDEDF3, 0x00DBECF2, 0x00E1F0F5,
    0x00DFEEF5, 0x00DDEEF4, 0x00DFEEF5, 0x00DFEEF4, 0x00D8EBF5, 0x00DFEFF4, 0x00DCEDF4, 0x00E0EFF6, 0x00DFEEF4,
    0x00DDEDF3, 0x00DDEEF5, 0x00E1F0F6, 0x00E1F0F6, 0x00DFEFF5, 0x00DFEFF5, 0x00E1EFF6, 0x00DEEEF4, 0x00DEEDF4,
    0x00E0EEF5, 0x00DAECF2, 0x00DEEDF3, 0x00DBEBF2, 0x00DFEDF4, 0x00E0EEF4, 0x00DEEDF4, 0x00DEEDF4, 0x00DCEDF3,
    0x00DDEDF4, 0x00DDEEF5, 0x00DEEEF5, 0x00E0F0F6, 0x00DFEFF6, 0x00DFEFF5, 0x00E4F1F7, 0x00DEEEF5, 0x00E3F1F8,
    0x00E2F0F7, 0x00E1F0F6, 0x00E2F1F7, 0x00E3F2F8, 0x00E2F2F8, 0x00E2F1F8, 0x00E3F2F8, 0x00E1F1F7, 0x00E1F1F7,
    0x00E3F1F7, 0x00E0F0F7, 0x00E2F1F7, 0x00E0F0F7, 0x00DEF0F7, 0x00E2F1F7, 0x00E1F1F8, 0x00E1F0F7, 0x00E2F1F7,
    0x00E2F2F8, 0x00E2F1F7, 0x00E3F2F9, 0x00E4F3F8, 0x00E4F3F8, 0x00E2F2F7, 0x00D1E5EC, 0x00CFE2EA, 0x00CEE3EA,
    0x00D0E3EA, 0x00D0E3EA, 0x00D1E5EC, 0x00D0E4EB, 0x00CFE4EB, 0x00D0E4ED, 0x00CAE1E8, 0x00D1E4EB, 0x00CEE2E9,
    0x00CEE1E8, 0x00CCE0E8, 0x00CDE1E8, 0x00D0E2E9, 0x00D0E1E9, 0x00CFE2E9, 0x00D0E3EA, 0x00CFE3EA, 0x00CFE2E9,
    0x00CDE2E9, 0x00CDE1E8, 0x00D3E6EB, 0x00CFE1E8, 0x00CFE2E9, 0x00C7DEE7, 0x00CCE1E8, 0x00D0E2E9, 0x00CEE3E9,
    0x00CCE1E7, 0x00CEE2E8, 0x00D1E4EA, 0x00CEE1E9, 0x00CBE2E9, 0x00D1E3EA, 0x00CEE1E8, 0x00C7DEE4, 0x00CBE0E7,
    0x00D3E6EC, 0x00CFE2E8, 0x00CFE2E9, 0x00D0E3EA, 0x00D3E5EC, 0x00CEE1E8, 0x00CFE2E9, 0x00CBDEE6, 0x00C7DDE4,
    0x00CBDFE7, 0x00CDE1E9, 0x00CDE2E8, 0x00D0E3E9, 0x00CEE2EA, 0x00CBDFE7, 0x00CEE2E9, 0x00CFE3EA, 0x00CDE2E9,
    0x00CDE1E8, 0x00CAE0E7, 0x00CFE2E9, 0x00CFE1E9, 0x00CFE2E9, 0x00CCDFE6, 0x00CBDEE5, 0x00D0E3E9, 0x00D3E5EB,
    0x00D2E5EC, 0x00D2E3EA, 0x00D2E5EB, 0x00D1E3EA, 0x00D2E4EB, 0x00D1E3EA, 0x00D1E4EB, 0x00D2E4EB, 0x00D4E6EC,
    0x00D2E4EB, 0x00D1E4EB, 0x00D1E3EA, 0x00D3E4EB, 0x00D1E3EA, 0x00D3E4EA, 0x00D2E5EB, 0x00D2E4EB, 0x00D5E5EC,
    0x00D2E3EA, 0x00D2E3EA, 0x00D4E4EC, 0x00D1E4EB, 0x00D3E3EA, 0x00D1E3EA, 0x00D3E5EB, 0x00D3E6EC, 0x00D1E4EB,
    0x00D3E3EA, 0x00D3E5EC, 0x00D1E3EA, 0x00D3E4EB, 0x00D3E5EC, 0x00D3E5EC, 0x00D7E9EF, 0x00D7E8EE, 0x00D3E5ED,
    0x00CFE2E8, 0x00D1E3E9, 0x00D0E1E8, 0x00D2E3E9, 0x00CFE2E9, 0x00D6E4EB, 0x00D5E5EB, 0x00D1E0E6, 0x00CFE0E5,
    0x00D2E2E7, 0x00D5E4EB, 0x00D6E5EB, 0x00D4E4EA, 0x00D5E5EC, 0x00D4E5EB, 0x00D2E3EA, 0x00D3E4EA, 0x00D2E3E9,
    0x00CDDFE6, 0x00D1E1E7, 0x00CFE0E7, 0x00D2E2E8, 0x00D0E1E7, 0x00D0E1E7, 0x00CEDFE5, 0x00CEE0E6, 0x00D1E2E8,
    0x00D0E0E7, 0x00D2E1E7, 0x00D0E0E6, 0x00D1E2E7, 0x00D0E1E6, 0x00D4E3EA, 0x00D5E5EB, 0x00D5E5EC, 0x00D2E4EA,
    0x00D3E5EB, 0x00D4E4EB, 0x00D4E5EC, 0x00D4E5EC, 0x00D2E4EB, 0x00D2E5EC, 0x00D1E3EA, 0x00D3E4EB, 0x00D3E4EB,
    0x00D1E3EA, 0x00D2E5EC, 0x00D6E7EC, 0x00D5E6ED, 0x00D6E7EC, 0x00D5E6EC, 0x00CEE2E8, 0x00D7E8EE, 0x00D4E7ED,
    0x00D2E5EC, 0x00D6E7EE, 0x00D7E6ED, 0x00D3E6EC, 0x00D7E8EE, 0x00D9E9EF, 0x00D2E6EC, 0x00D7E8EE, 0x00DAEAF0,
    0x00DEEBF2, 0x00DCEBF2, 0x00DEEBF2, 0x00DFEDF1, 0x00DEEBF1, 0x00DEECF2, 0x00DDEAF0, 0x00DEEBF1, 0x00DFEBF2,
    0x00DFECF2, 0x00DEECF2, 0x00DFEEF3, 0x00E3F0F5, 0x00E5F1F6, 0x00E1EEF4, 0x00E4F0F6, 0x00E3EFF4, 0x00E3F0F5,
    0x00E3EFF3, 0x00E4F0F5, 0x00E5F0F5, 0x00E3F0F5, 0x00E1EFF4, 0x00E3EFF5, 0x00E0EDF2, 0x00E2EEF3, 0x00E2EEF3,
    0x00E0EDF3, 0x00E1EEF4, 0x00DFEDF3, 0x00DFEDF3, 0x00DFEDF4, 0x00E1EEF5, 0x00E3F0F5, 0x00E4F0F5, 0x00E3F0F6,
    0x00E3F0F4, 0x00E3F0F4, 0x00E1EFF4, 0x00E3F1F6, 0x00E1EFF5, 0x00E1EEF5, 0x00E0EEF4, 0x00E2F0F6, 0x00E5F2F8,
    0x00E6F3F8, 0x00E3F0F4, 0x00E0EEF4, 0x00E2F0F5, 0x00E1EFF4, 0x00E1EFF5, 0x00DFEEF4, 0x00E0EEF4, 0x00DEEEF4,
    0x00DFEEF4, 0x00E1EFF5, 0x00E0EFF5, 0x00E2F0F5, 0x00E3F1F7, 0x00E4F1F6, 0x00DBECF4, 0x00E1F0F5, 0x00E1F0F5,
    0x00E0EEF3, 0x00DEEDF3, 0x00DEEDF3, 0x00DBECF2, 0x00DCECF3, 0x00D8EAF1, 0x00D5E8F0, 0x00DCECF3, 0x00DCECF2,
    0x00DDECF3, 0x00DBEBF3, 0x00D6E9F0, 0x00D7EBF1, 0x00DFEEF4, 0x00DCECF3, 0x00DEEDF3, 0x00DEEDF4, 0x00DFEEF5,
    0x00DFEEF6, 0x00DFEEF5, 0x00E2F1F6, 0x00E1EFF5, 0x00E2F0F5, 0x00E2F0F5, 0x00DFEEF4, 0x00DAEBF1, 0x00DEEEF5,
    0x00DCECF4, 0x00DCEDF3, 0x00DEEDF4, 0x00DBECF3, 0x00D9EBF2, 0x00DDEEF5, 0x00DDEEF5, 0x00DCEDF4, 0x00DCEDF5,
    0x00D3E9F3, 0x00DBEDF2, 0x00DDEDF3, 0x00DEEDF4, 0x00DFEEF5, 0x00DEEDF4, 0x00DBEDF3, 0x00DEEEF5, 0x00DEEEF5,
    0x00DFEFF5, 0x00E0EFF5, 0x00DDECF3, 0x00DEEEF5, 0x00DEEEF5, 0x00DFEFF5, 0x00DBEDF3, 0x00DCECF3, 0x00DCEDF3,
    0x00DFEEF4, 0x00E0EEF4, 0x00DEEDF3, 0x00DCECF3, 0x00DFEDF4, 0x00E0EEF4, 0x00DBECF3, 0x00DFEFF5, 0x00DFEEF5,
    0x00DEEEF5, 0x00DCEDF4, 0x00E0EFF6, 0x00E0F0F6, 0x00E0EFF6, 0x00DFEFF6, 0x00E0F0F7, 0x00DEEFF6, 0x00E3F1F7,
    0x00E4F2F8, 0x00E1F0F6, 0x00E0F0F7, 0x00E2F1F8, 0x00E0F0F7, 0x00E1F0F7, 0x00E0F0F7, 0x00DFF0F6, 0x00E2F2F8,
    0x00E2F1F8, 0x00DFEEF5, 0x00DDEEF5, 0x00E1F1F7, 0x00DDEFF6, 0x00E6F3F9, 0x00E1F1F7, 0x00E3F3F8, 0x00E3F2F8,
    0x00E0F0F6, 0x00DEF0F7, 0x00D1E5EC, 0x00CBE0E7, 0x00CEE3E9, 0x00D1E5EC, 0x00D0E4EC, 0x00CEE2E9, 0x00CFE4EB,
    0x00CDE3E9, 0x00CBE1E7, 0x00C9DFE6, 0x00CADFE6, 0x00CDE0E8, 0x00CEE1E9, 0x00CFE2E9, 0x00CCE0E7, 0x00CEE2EA,
    0x00CFE0E8, 0x00D0E2E9, 0x00D2E4EA, 0x00CEE1E9, 0x00D2E4EB, 0x00CCE0E7, 0x00D0E3E9, 0x00D0E3E9, 0x00D0E4EA,
    0x00D1E4EB, 0x00CEE2E9, 0x00CDE1E7, 0x00CEE1E8, 0x00CDE1E7, 0x00CEE1E8, 0x00CDE1E7, 0x00CEE1E8, 0x00D0E3E9,
    0x00CDE2EA, 0x00C8DFE8, 0x00D0E2E8, 0x00CFE2E9, 0x00CDE1E8, 0x00D0E4EA, 0x00CFE2E9, 0x00D1E4EB, 0x00CBE1E7,
    0x00D0E4EB, 0x00CFE2E9, 0x00D0E3EA, 0x00CFE3E9, 0x00CBE0E7, 0x00C9DEE6, 0x00C8DCE4, 0x00CCDEE6, 0x00CADEE5,
    0x00CDE0E8, 0x00CCE0E7, 0x00CEE1E8, 0x00CADEE7, 0x00C9DDE5, 0x00CBE0E8, 0x00CCDFE7, 0x00CBDFE5, 0x00CDE0E7,
    0x00CFE1E9, 0x00CCDFE6, 0x00D0E2E9, 0x00D4E5ED, 0x00CFE2E8, 0x00CEE1E7, 0x00D0E2E9, 0x00D1E3EA, 0x00D1E2E9,
    0x00D0E3EA, 0x00D3E4EB, 0x00D2E4EB, 0x00D2E4EB, 0x00D1E4EA, 0x00D0E2E8, 0x00D3E4EB, 0x00CFE1E8, 0x00CFE2E9,
    0x00CEE1E8, 0x00D3E4EA, 0x00D2E4EB, 0x00D2E4EB, 0x00D0E2E9, 0x00CEE1E8, 0x00CDE0E7, 0x00CBDEE4, 0x00CEE1E7,
    0x00D1E2E9, 0x00D0E3E9, 0x00D5E6ED, 0x00D4E4EB, 0x00D1E3E9, 0x00D2E3EA, 0x00D2E4EB, 0x00D3E4EB, 0x00D2E3E9,
    0x00CFE1E7, 0x00D2E3E9, 0x00D4E5ED, 0x00D2E4EB, 0x00CFE2E8, 0x00CEE0E7, 0x00CEE1E7, 0x00CFE1E7, 0x00D0E0E7,
    0x00D2E3EA, 0x00D1E2E8, 0x00CFE0E7, 0x00D0E0E7, 0x00D0E0E6, 0x00D0E1E6, 0x00D2E2E7, 0x00D0E2E7, 0x00CFE2E7,
    0x00D2E3E8, 0x00D1E3E9, 0x00D3E4EB, 0x00D2E3EA, 0x00D1E2E9, 0x00CEE0E6, 0x00D1E2E9, 0x00CDDFE4, 0x00D2E2E7,
    0x00D0E0E6, 0x00D1E1E6, 0x00CEDFE5, 0x00CEDEE4, 0x00CEDFE5, 0x00CCDEE4, 0x00D1E0E6, 0x00CFE0E3, 0x00D2E1E7,
    0x00D1E2E7, 0x00CDDFE5, 0x00D0E3E7, 0x00D1E2E8, 0x00D0E2E9, 0x00CFE2E7, 0x00D3E4EB, 0x00D5E5EC, 0x00D2E5EB,
    0x00D2E4E9, 0x00D4E5EB, 0x00D6E6EC, 0x00D3E4EA, 0x00CFE1E8, 0x00CEE1E7, 0x00D2E4EA, 0x00D7E7EE, 0x00D3E5EB,
    0x00D3E5EB, 0x00D5E6EC, 0x00D3E6EB, 0x00D4E6EC, 0x00D5E6ED, 0x00D5E7EC, 0x00D2E4EB, 0x00D5E5EC, 0x00D5E7ED,
    0x00D8E7EE, 0x00D9E9EF, 0x00D7E8EE, 0x00D4E5EB, 0x00D5E7ED, 0x00D5E6ED, 0x00D2E4EB, 0x00D1E2E9, 0x00D6E6ED,
    0x00DAE9F0, 0x00D8E5EC, 0x00D3E2E9, 0x00D6E5EB, 0x00D6E6EE, 0x00DAE8EE, 0x00DDEBF2, 0x00DAE9EF, 0x00DDEBF1,
    0x00DEEDF3, 0x00E0EEF4, 0x00E1EEF4, 0x00E1EFF4, 0x00E3F0F6, 0x00E4F0F6, 0x00E4F0F6, 0x00E2EFF4, 0x00E3EFF4,
    0x00E1EEF3, 0x00E5F0F5, 0x00DCEAF0, 0x00E3F0F4, 0x00E3EDF3, 0x00DFEDF3, 0x00E1EDF3, 0x00E0EDF3, 0x00E2EEF4,
    0x00DCEBF1, 0x00E1EEF4, 0x00E5F0F5, 0x00E3F0F6, 0x00E1EFF5, 0x00E2EFF4, 0x00E3EFF4, 0x00DFEDF4, 0x00E1EFF5,
    0x00E1EFF5, 0x00E1EFF5, 0x00E2EFF5, 0x00E2EFF5, 0x00E2F0F6, 0x00DDEDF3, 0x00E1EFF5, 0x00DDEDF3, 0x00DDEDF3,
    0x00E0EEF5, 0x00E0EFF6, 0x00D8EAEF, 0x00DFEEF4, 0x00E1F0F6, 0x00E1F0F4, 0x00E1EEF4, 0x00E0EFF6, 0x00DEEDF3,
    0x00E0EEF4, 0x00E0EFF4, 0x00E2F0F5, 0x00E0F0F5, 0x00E0EEF4, 0x00DEEEF4, 0x00E0EEF3, 0x00E0EEF4, 0x00D8E9EF,
    0x00D9EAF1, 0x00D7EAF1, 0x00DCECF2, 0x00DBECF3, 0x00D9EBF1, 0x00D7E9F0, 0x00D9EBF1, 0x00DAEBF2, 0x00DDEDF3,
    0x00DCEBF1, 0x00DBEBF2, 0x00D8E9F0, 0x00DDEDF3, 0x00DFEEF5, 0x00DEEDF4, 0x00DDEDF4, 0x00DEEDF5, 0x00DDEDF4,
    0x00E1EFF5, 0x00DBEBF2, 0x00DCECF2, 0x00DFEFF5, 0x00DDEDF3, 0x00DEEEF5, 0x00DBECF3, 0x00DEEEF5, 0x00E0EEF6,
    0x00DBEDF3, 0x00D9ECF3, 0x00DFEFF6, 0x00E0F0F6, 0x00DCEEF4, 0x00DCEEF4, 0x00DEEDF5, 0x00DAEDF4, 0x00DAECF3,
    0x00DCECF3, 0x00DCEDF4, 0x00DEEEF5, 0x00E2EFF4, 0x00DFEFF5, 0x00DBEDF3, 0x00DCEDF4, 0x00DBECF3, 0x00D6E9F0,
    0x00DDEEF4, 0x00E0EEF6, 0x00DEEEF4, 0x00DCEDF3, 0x00DBECF3, 0x00DDEDF4, 0x00DDECF2, 0x00DEEDF3, 0x00DDEDF3,
    0x00E2EFF5, 0x00E1EEF5, 0x00E3F0F6, 0x00DEEEF4, 0x00DEEFF5, 0x00E2F0F6, 0x00DEEFF5, 0x00E1F0F6, 0x00E0F0F7,
    0x00E0EFF6, 0x00DDEEF4, 0x00E0F0F6, 0x00E0F0F7, 0x00DEEEF5, 0x00DBEDF4, 0x00E0F0F7, 0x00E1F1F8, 0x00E0F0F6,
    0x00DFEFF6, 0x00DEEEF5, 0x00E0EFF6, 0x00E2F2F8, 0x00E3F1F8, 0x00E0F0F7, 0x00DDEFF6, 0x00E0F0F7, 0x00DBEDF4,
    0x00DDEFF5, 0x00E2F1F6, 0x00D9ECF3, 0x00E1F1F7, 0x00DFF0F6, 0x00E3F2F8, 0x00E0F1F7, 0x00D0E5EC, 0x00D1E3EA,
    0x00CFE3EA, 0x00D3E6ED, 0x00D0E4EB, 0x00CDE2E9, 0x00D2E5EC, 0x00D0E4EB, 0x00C9E0E6, 0x00C9E0E7, 0x00C5DDE4,
    0x00CBDFE7, 0x00CCDFE6, 0x00CBE0E8, 0x00CFE1E8, 0x00CBE0E6, 0x00CEE0E8, 0x00CADFE6, 0x00CCDFE6, 0x00CCE0E7,
    0x00CFE2E9, 0x00CDE2E7, 0x00CFE2E9, 0x00D1E3EB, 0x00D0E3EA, 0x00CFE3E9, 0x00D1E3EA, 0x00D0E3E9, 0x00CDE1E8,
    0x00D0E2E9, 0x00CDE1E7, 0x00CBE0E6, 0x00CEE1E8, 0x00D2E4EA, 0x00CEE2E8, 0x00CEE2E8, 0x00D2E4EA, 0x00CEE2E9,
    0x00C9DFE5, 0x00CFE3E9, 0x00CEE2E9, 0x00D1E3EA, 0x00CFE3EA, 0x00CDE1E8, 0x00D0E3EA, 0x00CDE2E8, 0x00CDE2E9,
    0x00CEE3E9, 0x00CDE2E9, 0x00CFE3EA, 0x00CDE1E9, 0x00CBDFE6, 0x00CCE0E7, 0x00C9DFE6, 0x00CCE0E7, 0x00CADFE7,
    0x00CCE1E9, 0x00CADFE8, 0x00CCE0E7, 0x00D1E3E9, 0x00CDE1E7, 0x00CFE2E8, 0x00CEE2E8, 0x00D0E2E9, 0x00CDE0E8,
    0x00CEE1E7, 0x00CDE0E7, 0x00CEE2E8, 0x00CDE0E7, 0x00CFE2E8, 0x00D0E3EA, 0x00D0E4EB, 0x00CBE0E8, 0x00CEE1E9,
    0x00CEE0E7, 0x00D0E2E9, 0x00CEE1E8, 0x00CEE1E8, 0x00CFE0E9, 0x00CEE1E7, 0x00CEE0E8, 0x00CEE0E7, 0x00D0E2EA,
    0x00D0E2E9, 0x00BCCED4, 0x00C0D2D8, 0x00CDDFE5, 0x00D0E1E8, 0x00D2E4EB, 0x00D1E4EA, 0x00D4E4EB, 0x00D1E2EA,
    0x00D1E3E9, 0x00D1E3E9, 0x00D0E2E8, 0x00D1E2E9, 0x00D2E3EA, 0x00D0E2E8, 0x00D0E2E8, 0x00D2E4EB, 0x00CDE0E6,
    0x00CCDDE4, 0x00C9D9DE, 0x00C8D8DD, 0x00CBDDE3, 0x00CBDCE2, 0x00CFE0E6, 0x00CEDFE5, 0x00CFE0E6, 0x00CEDEE5,
    0x00CFDEE5, 0x00CFE0E6, 0x00D2E2E7, 0x00CFE1E7, 0x00CFE1E7, 0x00D2E2E8, 0x00D0E2E8, 0x00CDE0E6, 0x00D0E2E8,
    0x00D2E2E8, 0x00CDE0E5, 0x00CBDDE3, 0x00CDDEE4, 0x00D0DFE5, 0x00C9DCE2, 0x00D0DEE4, 0x00CEDDE3, 0x00CCDDE2,
    0x00C9DCE0, 0x00CDDCE2, 0x00CEDEE3, 0x00CEDEE3, 0x00CFDFE4, 0x00CBDDE3, 0x00CADDE2, 0x00CCDFE4, 0x00CEDEE4,
    0x00CDDFE5, 0x00CEE0E5, 0x00D0E2E9, 0x00D2E3EA, 0x00D1E3E9, 0x00D2E4EA, 0x00D3E4EA, 0x00D5E5EC, 0x00D2E4EA,
    0x00D4E5EC, 0x00D3E5EB, 0x00D4E5EB, 0x00D3E4EB, 0x00D3E4EA, 0x00D0E3E8, 0x00D3E4EA, 0x00D6E7ED, 0x00D4E5EB,
    0x00D2E3EA, 0x00D2E4EB, 0x00D3E4EA, 0x00D6E6EC, 0x00D5E6ED, 0x00D7E7ED, 0x00D3E5EB, 0x00D6E6EC, 0x00D7E6EC,
    0x00D2E4EA, 0x00D5E6ED, 0x00D7E6ED, 0x00D9E8EE, 0x00DCEAEF, 0x00DCE9EF, 0x00D9E8ED, 0x00D3E2E9, 0x00D4E3EA,
    0x00D3E4EA, 0x00D6E5EC, 0x00D8E7ED, 0x00D6E6EC, 0x00D9E7EE, 0x00DCEBF1, 0x00DCEAEF, 0x00DDEBF1, 0x00DEECF2,
    0x00E0EEF4, 0x00E2EFF5, 0x00E3EFF5, 0x00E1EEF4, 0x00E1EEF4, 0x00E2EEF3, 0x00E1EDF3, 0x00E2EFF3, 0x00E3EFF3,
    0x00E1EDF3, 0x00DDEBF0, 0x00DCEAF0, 0x00DCEAEF, 0x00DEECF2, 0x00E1EDF2, 0x00E1EEF4, 0x00E1EEF3, 0x00DEEDF3,
    0x00DFEDF4, 0x00E2EFF5, 0x00E1EFF5, 0x00E1EFF5, 0x00E0EEF4, 0x00E1EFF4, 0x00E2EFF5, 0x00E0EEF4, 0x00E2EEF4,
    0x00DDEDF3, 0x00DBECF2, 0x00E1EEF4, 0x00DCEDF3, 0x00DCEDF3, 0x00DEEDF4, 0x00DDEDF3, 0x00DCEDF2, 0x00DBECF2,
    0x00DBECF3, 0x00DCEDF3, 0x00DEEDF3, 0x00DFEDF3, 0x00DFEDF3, 0x00DFEDF3, 0x00DEEEF3, 0x00E2EFF4, 0x00E1F0F5,
    0x00E0EFF5, 0x00DFEEF4, 0x00DFEEF3, 0x00DCEBF2, 0x00DBECF3, 0x00DBECF2, 0x00DCECF3, 0x00DEEDF4, 0x00DDECF3,
    0x00DCECF3, 0x00DEECF3, 0x00DDECF3, 0x00DAEBF1, 0x00DCECF3, 0x00D7E8EF, 0x00DCECF2, 0x00DDECF3, 0x00DCECF2,
    0x00DFEDF4, 0x00DCEDF3, 0x00DDEDF3, 0x00DEEEF5, 0x00DDEEF4, 0x00E0EEF4, 0x00DCEDF3, 0x00DAECF3, 0x00DDEDF3,
    0x00DCECF3, 0x00DAEBF1, 0x00E0EEF5, 0x00DEEEF4, 0x00DFEEF5, 0x00DAECF3, 0x00D8EBF2, 0x00DFEFF5, 0x00DEEEF4,
    0x00DDEEF5, 0x00DFEFF4, 0x00DBECF3, 0x00D9ECF2, 0x00DBECF2, 0x00DDEDF3, 0x00DDEEF4, 0x00DFEEF4, 0x00E0EEF5,
    0x00DCEDF3, 0x00DEEEF5, 0x00DDEDF3, 0x00DEEDF4, 0x00DBECF2, 0x00DEEDF4, 0x00E0EEF5, 0x00E1F0F5, 0x00DCECF3,
    0x00DDEDF4, 0x00DEEDF3, 0x00DEEDF3, 0x00DDECF3, 0x00E0EEF4, 0x00DDECF3, 0x00DEEDF4, 0x00E1EFF6, 0x00E0EEF5,
    0x00DFEEF5, 0x00DFEDF4, 0x00DDEEF4, 0x00E0EFF6, 0x00E2F0F6, 0x00DFEFF6, 0x00DEEFF5, 0x00DEF0F6, 0x00E3F2F8,
    0x00E3F1F8, 0x00DEEEF6, 0x00DFF0F6, 0x00E1EFF6, 0x00E0F0F6, 0x00E0F0F6, 0x00DBEEF5, 0x00DFF1F7, 0x00E0F1F7,
    0x00DDEFF6, 0x00DDF0F6, 0x00D8EDF5, 0x00DFF0F6, 0x00E1F1F7, 0x00DEF0F6, 0x00DFF1F6, 0x00DFF0F7, 0x00E1F1F8,
    0x00E1F1F7, 0x00E3F1F8, 0x00E1F1F8, 0x00D1E5EC, 0x00D0E3EB, 0x00CCDFE7, 0x00CEE1E9, 0x00CEE2E9, 0x00CCE1E7,
    0x00D0E2EA, 0x00CFE2E9, 0x00CBDFE6, 0x00C9DEE6, 0x00C5DCE3, 0x00C8DCE4, 0x00CCE0E7, 0x00BFD9E4, 0x00CDE0E8,
    0x00CDE0E6, 0x00CAE0E6, 0x00CBDFE6, 0x00CBDFE6, 0x00CFE0E8, 0x00D0E2E9, 0x00CADFE6, 0x00CDE0E7, 0x00D0E3EA,
    0x00CCE1E7, 0x00CFE1E8, 0x00CCE0E7, 0x00CBE0E6, 0x00CCE0E6, 0x00CFE1E8, 0x00CBDFE6, 0x00CBDFE5, 0x00CDE0E7,
    0x00CEE1E7, 0x00C8DFE7, 0x00C5DDE7, 0x00CEE2E8, 0x00CEE2E9, 0x00CBE0E7, 0x00CFE2EA, 0x00CDE3E9, 0x00D0E3EA,
    0x00D0E3EA, 0x00CFE2E9, 0x00D1E4EB, 0x00CEE2E8, 0x00D0E4EA, 0x00CFE3E9, 0x00D2E4EB, 0x00CEE2E9, 0x00CDE1E9,
    0x00CEE1E9, 0x00CFE2E9, 0x00CEE2E8, 0x00CCDFE7, 0x00CCE0E7, 0x00D1E2EA, 0x00CBE0E7, 0x00CDE1E8, 0x00CCE0E8,
    0x00CEE2E8, 0x00D3E5EB, 0x00CFE2E8, 0x00CDE0E6, 0x00D0E4E9, 0x00CFE3E8, 0x00CEE1E8, 0x00CDE1E7, 0x00CFE1E8,
    0x00C9DDE4, 0x00D1E3EB, 0x00D0E3EB, 0x00CBE1E7, 0x00CDE1E8, 0x00CFE2E8, 0x00CFE2E9, 0x00CEE0E9, 0x00CCE0E7,
    0x00D0E2EA, 0x00D0E2EA, 0x00CADDE5, 0x00CEE1E8, 0x00D0E1E9, 0x00CADDE5, 0x00C7D9E0, 0x00C0D2D9, 0x00C6D7DE,
    0x00CADBE3, 0x00D1E3EB, 0x00CCE0E7, 0x00D0E1E9, 0x00CCE0E7, 0x00CDE1E7, 0x00CFE0E7, 0x00CFE1E8, 0x00CEE0E6,
    0x00CDDFE5, 0x00CADDE2, 0x00C8DBE2, 0x00CDE0E7, 0x00CCDEE6, 0x00CADCE2, 0x00C7D8DD, 0x00C2D0D5, 0x00C5D4DA,
    0x00CBDCE1, 0x00CEDEE4, 0x00D0E0E7, 0x00D0E2E7, 0x00CDDFE5, 0x00D3E2E9, 0x00CCDEE3, 0x00D0E1E7, 0x00D4E3E9,
    0x00D3E3E9, 0x00D1E1E8, 0x00CDDFE6, 0x00CCDFE4, 0x00CFE0E6, 0x00CFE0E7, 0x00D1E1E7, 0x00CADEE3, 0x00CBDCE2,
    0x00D1DFE5, 0x00CBDDE2, 0x00CDDDE2, 0x00CEDDE1, 0x00CCDCE0, 0x00CBDBDF, 0x00CCDBE0, 0x00CCDCE1, 0x00CADCE1,
    0x00CBDCE2, 0x00CCDEE3, 0x00CADBE1, 0x00CCDDE2, 0x00CCDDE1, 0x00CADCE0, 0x00CBDEE3, 0x00CBDDE2, 0x00CFE1E8,
    0x00CEE0E6, 0x00D0E2E8, 0x00D2E3E9, 0x00D1E2E8, 0x00D0E1E7, 0x00CBDEE4, 0x00D2E4E9, 0x00D3E3EA, 0x00D0E2E9,
    0x00D0E2E9, 0x00CFE0E6, 0x00D2E3E8, 0x00D1E3E9, 0x00D2E4EA, 0x00D5E5EB, 0x00D3E5EA, 0x00D3E3E9, 0x00D3E4EB,
    0x00D4E5EB, 0x00D8E7ED, 0x00D6E7ED, 0x00D5E6EC, 0x00D5E6EC, 0x00D1E3E9, 0x00D8E7ED, 0x00D5E6ED, 0x00D4E7EC,
    0x00D7E7ED, 0x00DBE8EE, 0x00DBE9EF, 0x00D6E6EB, 0x00D7E6ED, 0x00D7E7ED, 0x00D4E3EA, 0x00D8E6ED, 0x00D4E3EA,
    0x00D5E5EB, 0x00DAE8EE, 0x00DDEBF1, 0x00DDEBF0, 0x00DCEAF0, 0x00DAE7EE, 0x00D8E8ED, 0x00E0ECF2, 0x00E3EFF3,
    0x00E1EDF2, 0x00DFEBF1, 0x00DFECF2, 0x00E1ECF2, 0x00E2EDF2, 0x00D9E7EC, 0x00DAE8ED, 0x00D7E5EA, 0x00D5E5EC,
    0x00D9E8F0, 0x00DCEBF2, 0x00DCEBF2, 0x00DDEAF2, 0x00DEECF2, 0x00DDEBF1, 0x00E0EEF4, 0x00DEECF2, 0x00DDECF2,
    0x00DFEDF3, 0x00DDECF2, 0x00DBEAF0, 0x00DEEDF3, 0x00DCECF3, 0x00DBECF2, 0x00DEEDF3, 0x00DBECF2, 0x00D9ECF2,
    0x00DBEDF2, 0x00DEECF2, 0x00DDEDF3, 0x00DAEBF1, 0x00DCECF2, 0x00DAECF2, 0x00DAECF3, 0x00DBECF3, 0x00E3F0F5,
    0x00DEECF3, 0x00DEEDF3, 0x00DEEDF2, 0x00E0EEF3, 0x00DFEDF3, 0x00DEEDF3, 0x00E0EFF3, 0x00DDEDF2, 0x00DEEDF2,
    0x00DAECF2, 0x00D8EBF2, 0x00DDEDF4, 0x00DDECF2, 0x00DBECF2, 0x00D9ECF3, 0x00DDECF3, 0x00DBEBF2, 0x00DAECF3,
    0x00DDECF3, 0x00D4E7EE, 0x00D9EAF1, 0x00DCEDF3, 0x00DAEBF1, 0x00DCECF2, 0x00DDEDF4, 0x00DDEDF3, 0x00E0EEF5,
    0x00DEEEF5, 0x00DBECF2, 0x00DCECF3, 0x00DCECF3, 0x00DFEEF5, 0x00DCECF2, 0x00D9EBF3, 0x00DAEBF2, 0x00DAECF3,
    0x00DCEDF4, 0x00D7EBF3, 0x00DDEEF4, 0x00DBEDF3, 0x00DDEEF4, 0x00DCEDF3, 0x00DDEDF4, 0x00DDEEF4, 0x00DDEDF5,
    0x00DCEDF3, 0x00E1EEF4, 0x00DEEDF3, 0x00DDECF3, 0x00E0EFF5, 0x00DDEEF3, 0x00DCECF3, 0x00DFEEF5, 0x00DCECF2,
    0x00DFEEF4, 0x00DCECF3, 0x00DCEDF3, 0x00DFEDF3, 0x00DAEAF1, 0x00D8EAF0, 0x00DEEDF4, 0x00DBEBF3, 0x00DDECF3,
    0x00DAEBF2, 0x00DBECF2, 0x00DEEEF3, 0x00E0EFF4, 0x00E0EFF5, 0x00DFEEF5, 0x00DEEDF4, 0x00DDEEF5, 0x00E1F0F6,
    0x00E2F0F6, 0x00E2F1F6, 0x00DEEFF4, 0x00DAEEF4, 0x00E2F1F7, 0x00DFEFF7, 0x00E0F0F7, 0x00E1F1F7, 0x00E2F0F7,
    0x00DFEFF6, 0x00DBEEF5, 0x00E0F1F8, 0x00DFF1F7, 0x00DDEFF5, 0x00DCF0F6, 0x00DBEEF6, 0x00DCEFF7, 0x00DDEEF4,
    0x00DFEFF7, 0x00DEF1F7, 0x00DFF0F7, 0x00DFF1F8, 0x00DEF1F8, 0x00E1F1F7, 0x00DDEEF5, 0x00E1F2F9, 0x00D0E4EC,
    0x00CEE1EB, 0x00CCE0E8, 0x00CDE1E8, 0x00CBDFE6, 0x00CADFE5, 0x00CDE0E8, 0x00CCE0E8, 0x00CEE1E8, 0x00CCDFE6,
    0x00C8DEE4, 0x00C9DDE5, 0x00CDE0E7, 0x00CDE0E7, 0x00CDE0E6, 0x00CCE0E7, 0x00CADFE6, 0x00CFE0E7, 0x00C9DDE4,
    0x00CEE0E7, 0x00CBDFE6, 0x00C8DDE4, 0x00CADFE6, 0x00CBDFE6, 0x00CBDEE6, 0x00CADFE6, 0x00CBDFE6, 0x00C8DDE4,
    0x00CDDFE7, 0x00CCDFE6, 0x00C9DEE5, 0x00C3DBE2, 0x00CBDFE7, 0x00C9DFE5, 0x00CDE0E8, 0x00C9E0E7, 0x00CDE1E8,
    0x00CCE0E7, 0x00CDE1E8, 0x00CEE1E8, 0x00CFE3E9, 0x00CFE2EA, 0x00CCE0E8, 0x00CCE1E9, 0x00C9DEE5, 0x00CDE1E8,
    0x00C8DDE5, 0x00C8DEE5, 0x00CDE2EA, 0x00CCE1E8, 0x00CDE3E9, 0x00CFE3EA, 0x00CDE1E8, 0x00CDE1E8, 0x00CDE1E8,
    0x00CBE0E8, 0x00C8DFE6, 0x00CCE1E8, 0x00C9DEE4, 0x00CADFE6, 0x00CDE0E7, 0x00C8DEE4, 0x00CEE1E8, 0x00CFE3E9,
    0x00CDE1E7, 0x00CFE2E9, 0x00D0E4E9, 0x00CFE2E9, 0x00D0E3EA, 0x00CDE1E7, 0x00CFE2E9, 0x00CADFE7, 0x00CCE0E8,
    0x00D1E3EA, 0x00CCE1E8, 0x00D0E2EA, 0x00C6DBE2, 0x00CAE0E8, 0x00CBE0E8, 0x00CFE2EA, 0x00D0E4EB, 0x00D0E3EA,
    0x00D0E4EB, 0x00CFE3EB, 0x00D0E4EC, 0x00D1E4EC, 0x00D0E3EA, 0x00CDE0E8, 0x00CCDFE6, 0x00C8DAE1, 0x00C9DBE2,
    0x00CADCE3, 0x00C9DCE2, 0x00CDDEE5, 0x00C0D3DB, 0x00C4D7DE, 0x00CBDEE5, 0x00CBDEE6, 0x00C8DBE3, 0x00CDE0E6,
    0x00CFE1E7, 0x00D0E2E8, 0x00C9DCE3, 0x00C2D4DA, 0x00CDDEE3, 0x00C9DBE1, 0x00C9DCE1, 0x00D0E0E6, 0x00D1E1E7,
    0x00CEDEE4, 0x00CDDEE5, 0x00CFE0E6, 0x00CEE0E5, 0x00D0E1E7, 0x00CDDFE6, 0x00CFE1E7, 0x00CEDFE6, 0x00CCDEE4,
    0x00CDDDE4, 0x00CBDEE3, 0x00CBDDE4, 0x00CADDE3, 0x00CADCE1, 0x00CDDCE3, 0x00CEDCE2, 0x00CEDCE2, 0x00CADBE0,
    0x00C9DADF, 0x00CBDADF, 0x00CBDBE0, 0x00C8D9DE, 0x00CBDBDF, 0x00CBDBE1, 0x00CDDDE3, 0x00C8DADF, 0x00CBDCE1,
    0x00CBDBE1, 0x00CADAE1, 0x00C8D9DF, 0x00CCDEE3, 0x00CCDEE4, 0x00CDDFE6, 0x00CDDEE4, 0x00CDDFE4, 0x00CDDFE3,
    0x00CFE1E6, 0x00CDE0E5, 0x00CEE0E6, 0x00D1E1E8, 0x00CFE2E7, 0x00D0E1E7, 0x00D0E2E7, 0x00D2E2E9, 0x00D3E3E9,
    0x00D0E1E7, 0x00D3E3E9, 0x00D3E3EA, 0x00D1E2E6, 0x00D2E3EA, 0x00D3E3E9, 0x00D4E5EB, 0x00D6E5EB, 0x00D4E5EA,
    0x00D4E4EA, 0x00D6E6EB, 0x00D9E7ED, 0x00D1E3E9, 0x00D6E6EC, 0x00D6E7ED, 0x00D4E7EB, 0x00D5E6ED, 0x00D3E5EB,
    0x00D4E5EB, 0x00D6E4EB, 0x00D5E6EC, 0x00D4E4EB, 0x00D5E6ED, 0x00D4E4EA, 0x00D4E3EA, 0x00D4E2E8, 0x00DDEAF0,
    0x00DBEAEF, 0x00DAE8EF, 0x00D7E5EC, 0x00DCE9EF, 0x00E0ECF2, 0x00E0ECF2, 0x00E1EDF1, 0x00E0ECF0, 0x00DDEBF0,
    0x00DCE9EF, 0x00DCEAEE, 0x00DDE9EF, 0x00D4E2E6, 0x00D2E0E6, 0x00D9E9EF, 0x00D7E6ED, 0x00D9E9EF, 0x00DDEBF1,
    0x00D9E9EF, 0x00DCEBF1, 0x00DEEBF3, 0x00DEECF3, 0x00DAE9EF, 0x00DCEAF1, 0x00DAE9EF, 0x00DCEBF2, 0x00DEECF2,
    0x00D8E9F0, 0x00DAEBF1, 0x00DCEBF1, 0x00DAECF2, 0x00DCEBF2, 0x00DCECF1, 0x00DAEBF1, 0x00DDECF2, 0x00DCECF1,
    0x00DDEDF2, 0x00DBECF2, 0x00DFEEF4, 0x00D9EBF1, 0x00D9EAF0, 0x00DEEDF3, 0x00DCECF2, 0x00DDEDF3, 0x00DFEEF3,
    0x00E1EFF4, 0x00DFEFF3, 0x00E2EFF3, 0x00E0EFF4, 0x00E0EDF2, 0x00DBECF2, 0x00DDEDF3, 0x00DEEDF3, 0x00DBEBF2,
    0x00DCECF2, 0x00DEEDF4, 0x00DCECF3, 0x00DBEBF2, 0x00DAEBF2, 0x00D9EAF0, 0x00D9EBF2, 0x00D7E9F0, 0x00DAEBF2,
    0x00DAECF2, 0x00DAEAF2, 0x00D7E9F0, 0x00D9EBF2, 0x00D9EBF2, 0x00DCECF3, 0x00D9ECF2, 0x00DAEAF2, 0x00DDEDF4,
    0x00DDECF3, 0x00DCECF2, 0x00D8ECF2, 0x00DAECF3, 0x00D9EBF2, 0x00DBEDF3, 0x00DBEDF3, 0x00DBECF3, 0x00DDEEF3,
    0x00DBEDF3, 0x00DBEDF3, 0x00D6EAF0, 0x00DEEEF4, 0x00DEEDF4, 0x00DDEDF3, 0x00DEEDF4, 0x00DCEDF3, 0x00DEEEF4,
    0x00E0EFF3, 0x00DDEEF4, 0x00DDEDF3, 0x00E0EFF5, 0x00DEEDF3, 0x00E0EDF4, 0x00DDECF3, 0x00DBEBF2, 0x00DCECF4,
    0x00DEEDF3, 0x00D7E9F0, 0x00DCECF2, 0x00D8EAF1, 0x00DBEBF2, 0x00DBECF3, 0x00E0EEF4, 0x00E1EFF5, 0x00DFEEF3,
    0x00DFEFF5, 0x00DFEFF6, 0x00DCEDF4, 0x00DDEEF4, 0x00DDEDF5, 0x00DDEEF6, 0x00DAECF4, 0x00DDEEF6, 0x00DBEDF6,
    0x00DBECF3, 0x00DBEDF4, 0x00D6EAF2, 0x00DAEDF4, 0x00DDEEF5, 0x00E1F0F6, 0x00DBEDF4, 0x00E0F1F8, 0x00DFF0F7,
    0x00E0F1F7, 0x00E1F2F8, 0x00E0F1F7, 0x00DAEEF4, 0x00E0F2F8, 0x00DEF0F7, 0x00E0F1F8, 0x00E3F3F9, 0x00E0F0F6,
    0x00E0F1F8, 0x00E2F2F9, 0x00E1F2F8, 0x00DDEFF7, 0x00CDE3EA, 0x00D1E4EC, 0x00CCDFE7, 0x00C8DDE5, 0x00C6DCE3,
    0x00CDE0E8, 0x00CCDFE7, 0x00CADDE5, 0x00C6DBE3, 0x00C9DDE5, 0x00C9DDE4, 0x00CDE0E7, 0x00CDDFE7, 0x00CEE0E7,
    0x00CDDFE6, 0x00CEE0E7, 0x00CBDEE5, 0x00CBDDE5, 0x00CDDEE6, 0x00C7DBE3, 0x00CBDEE6, 0x00CBE0E6, 0x00CADFE6,
    0x00CADFE6, 0x00CADEE5, 0x00C7DDE4, 0x00C8DDE4, 0x00CADEE5, 0x00C3DBE2, 0x00CDE0E8, 0x00CADEE6, 0x00CEE2E8,
    0x00CADFE5, 0x00CDE0E7, 0x00C4DCE3, 0x00C7DDE4, 0x00CCE0E8, 0x00CDE1E8, 0x00CEE2E9, 0x00CCE1E8, 0x00CDE2E8,
    0x00CCE1E8, 0x00CCE1E8, 0x00CEE2EA, 0x00C9DFE6, 0x00CDE1E8, 0x00CEE2E9, 0x00CDE1E9, 0x00CFE2EA, 0x00CCE2E8,
    0x00CDE1E8, 0x00CDE0E8, 0x00CBE0E7, 0x00D1E3EA, 0x00CFE1E8, 0x00CEE2EA, 0x00C5DDE5, 0x00CEE1E8, 0x00CDE1E8,
    0x00CDE1E8, 0x00CADFE6, 0x00CEE2E9, 0x00CCDFE6, 0x00CCE1E9, 0x00CBDFE6, 0x00CADEE6, 0x00CADFE8, 0x00CDE1E9,
    0x00CDE0E8, 0x00CCE1E8, 0x00CDE2E9, 0x00CCE2E9, 0x00CBE1E8, 0x00CBE0E8, 0x00CFE2E9, 0x00D0E3EB, 0x00CDE2E9,
    0x00CDE1E9, 0x00CAE0E7, 0x00CEE2E9, 0x00CCE1E9, 0x00D0E3EC, 0x00CDE3EC, 0x00CFE5EC, 0x00D2E6ED, 0x00D1E5ED,
    0x00CFE3EB, 0x00CDE1E9, 0x00CEE2E9, 0x00CEE2EA, 0x00D1E6ED, 0x00D1E5EC, 0x00CBE0E6, 0x00CDE1E8, 0x00CBE0E8,
    0x00C8DDE5, 0x00C5DAE2, 0x00C4DAE2, 0x00C6DCE3, 0x00CBDFE6, 0x00D1E4EB, 0x00D0E3EA, 0x00CDE0E6, 0x00D1E2E9,
    0x00CCE0E7, 0x00D0E3E9, 0x00CEE0E5, 0x00CEDFE6, 0x00D0E1E7, 0x00C9DAE0, 0x00C8D9DE, 0x00CBDBE1, 0x00CBDCE2,
    0x00CDDEE5, 0x00CDDEE5, 0x00CFDEE5, 0x00CDDDE4, 0x00CDDEE4, 0x00CBDDE3, 0x00CADBE2, 0x00CADDE3, 0x00C9DAE1,
    0x00C9DBE1, 0x00CADBE1, 0x00CDDCE2, 0x00C9D9DF, 0x00CADADF, 0x00C7D8DC, 0x00C7D7DD, 0x00CAD9DF, 0x00CADADE,
    0x00C9DADF, 0x00CCDBE1, 0x00C7D9DE, 0x00CBDBDF, 0x00CADAE0, 0x00C5D7DB, 0x00C9DADE, 0x00C6D8DC, 0x00C9DCE2,
    0x00C7DAE0, 0x00C9DBE1, 0x00CDDFE4, 0x00CBDCE0, 0x00CCDCE2, 0x00CBDAE1, 0x00CBDAE0, 0x00C9D9E0, 0x00CBDBE1,
    0x00CADDE2, 0x00CDDEE4, 0x00D0E2E7, 0x00D0E1E7, 0x00CDE0E6, 0x00CADDE1, 0x00D2E1E7, 0x00CBDDE3, 0x00D0E0E6,
    0x00D0E0E6, 0x00D1E1E7, 0x00D3E4EA, 0x00D4E4EA, 0x00D2E3E9, 0x00CEE1E7, 0x00D6E7ED, 0x00D4E4E9, 0x00D6E5EA,
    0x00D6E5EA, 0x00D5E7EC, 0x00D6E7ED, 0x00D4E5EB, 0x00D4E5EC, 0x00D3E4EA, 0x00D3E4EB, 0x00D1E3EA, 0x00D4E4EB,
    0x00D3E3E9, 0x00D5E6ED, 0x00D3E5EB, 0x00D5E6ED, 0x00D5E5EC, 0x00D7E6EC, 0x00D6E5EB, 0x00DBE9EF, 0x00DDEAEF,
    0x00DDEAEE, 0x00DDEAEF, 0x00DBE9EE, 0x00E0EBF1, 0x00E0ECF0, 0x00DDE9EE, 0x00D8E6EB, 0x00DBE7ED, 0x00D8E6EC,
    0x00D4E5EB, 0x00D2E4EB, 0x00D8E7ED, 0x00D6E6ED, 0x00D7E8EF, 0x00D7E8EF, 0x00DEECF2, 0x00DCEAF0, 0x00DCEAF1,
    0x00DDEBF1, 0x00DDEBF0, 0x00DBEAF0, 0x00DCEAF1, 0x00D9E8EF, 0x00D9EAEF, 0x00DAE9EF, 0x00D9E9F0, 0x00DAEAF1,
    0x00DBEAF1, 0x00DEECF1, 0x00DCEBF1, 0x00DEECF2, 0x00DEECF3, 0x00DDEDF3, 0x00DEEDF3, 0x00E0EFF5, 0x00E1EEF4,
    0x00DCEBF1, 0x00D9E9EF, 0x00DBEAF0, 0x00E0EDF3, 0x00DEEDF3, 0x00DCEDF3, 0x00E0EFF4, 0x00E3F0F6, 0x00E1EEF4,
    0x00DDECF2, 0x00E0EDF2, 0x00DFEDF3, 0x00DEEDF2, 0x00D9EBF1, 0x00DEECF2, 0x00DDEBF1, 0x00DEEDF4, 0x00DFEEF4,
    0x00DEEDF3, 0x00DBECF3, 0x00DAEAF1, 0x00DBEBF2, 0x00D9EAF1, 0x00DAEBF1, 0x00D9EAF1, 0x00DAEBF1, 0x00D9EAF1,
    0x00DBEBF1, 0x00D9EBF2, 0x00D9EAF1, 0x00DCECF3, 0x00DDECF2, 0x00DFEFF4, 0x00DCECF2, 0x00DBECF3, 0x00D9EAF1,
    0x00DDEDF3, 0x00E0EEF3, 0x00DCEDF3, 0x00D8EBF1, 0x00DFEEF4, 0x00DDEDF3, 0x00D9EBF1, 0x00D7EBF2, 0x00DCECF2,
    0x00D7EBF2, 0x00D6EBF2, 0x00E0EEF5, 0x00E0EFF5, 0x00DEEEF5, 0x00E1EFF5, 0x00DFEEF3, 0x00DBECF2, 0x00DDEDF4,
    0x00DDEDF3, 0x00DEEDF3, 0x00DEEDF3, 0x00DBECF3, 0x00D9EAF0, 0x00D8E9F0, 0x00D3E7EF, 0x00DDEBF2, 0x00DEECF3,
    0x00DAEBF2, 0x00DDEDF4, 0x00DDEDF4, 0x00E0EEF5, 0x00DCEDF4, 0x00DAECF3, 0x00DDEDF5, 0x00DDEDF5, 0x00DBECF5,
    0x00D9EBF2, 0x00D4E8F2, 0x00DBEEF5, 0x00E0F1F7, 0x00DFF0F6, 0x00DEEFF6, 0x00DDEFF6, 0x00DCEFF5, 0x00DBEDF4,
    0x00DAEDF4, 0x00DCEEF5, 0x00DEF0F6, 0x00DEEFF6, 0x00DEF0F6, 0x00E0F0F7, 0x00E1F1F7, 0x00DFF0F6, 0x00E1F1F8,
    0x00E0F2F7, 0x00E0F2F8, 0x00DEF0F7, 0x00DEF0F7, 0x00DDF0F6, 0x00E0F1F8, 0x00DCEFF6, 0x00DFF1F8, 0x00DFF2F8,
    0x00D0E4EC, 0x00CFE1E9, 0x00CCE0E8, 0x00CADEE6, 0x00CCE0E8, 0x00CCDFE8, 0x00CDE1E7, 0x00CADFE6, 0x00C1D9DF,
    0x00C9DEE5, 0x00C4DBE1, 0x00C7DCE3, 0x00C9DDE4, 0x00C7DCE3, 0x00CEE0E7, 0x00CBDDE4, 0x00C8DDE4, 0x00CADDE4,
    0x00CADEE6, 0x00CCDEE7, 0x00CBDFE7, 0x00C9DDE7, 0x00CDE0E8, 0x00CCDFE7, 0x00CADEE5, 0x00C9DEE5, 0x00C7DDE4,
    0x00CADDE5, 0x00C6DCE3, 0x00C6DBE4, 0x00CADFE6, 0x00CCDEE7, 0x00C8DDE5, 0x00C9DEE6, 0x00C4DCE3, 0x00CBDFE7,
    0x00CDE1E8, 0x00CDE0E8, 0x00CBE0E7, 0x00CEE2E8, 0x00CCE0E7, 0x00CFE2E8, 0x00CEE2E8, 0x00C8DDE5, 0x00CBDFE6,
    0x00CADEE7, 0x00C6DEE5, 0x00CCE1E8, 0x00CCE0E8, 0x00CBE1E8, 0x00CBE1E8, 0x00CCE0E7, 0x00CBDFE7, 0x00CADEE6,
    0x00CADFE7, 0x00C8DEE6, 0x00CEE1E7, 0x00CCE1E8, 0x00C9DEE6, 0x00CEE1E9, 0x00CDE0E7, 0x00CEE2EA, 0x00CADFE7,
    0x00CCE0E7, 0x00C9DEE5, 0x00CCE0E7, 0x00CCE1E7, 0x00CDE1E7, 0x00CDE0E8, 0x00CDE2E9, 0x00CDE1E7, 0x00D0E2E9,
    0x00CBE0E7, 0x00CCE0E8, 0x00C7DCE4, 0x00CBDFE7, 0x00CDE0E8, 0x00CCE0E9, 0x00CBDFE7, 0x00CEE2EA, 0x00CCE1E9,
    0x00CDE1E9, 0x00CEE3EB, 0x00D0E4EC, 0x00CDE3EC, 0x00C9E1E9, 0x00CCE3EA, 0x00CDE1E9, 0x00CCE1E9, 0x00CEE4EB,
    0x00CEE3ED, 0x00CDE3EA, 0x00D2E6EE, 0x00CDE3EB, 0x00CEE3EB, 0x00CEE3EA, 0x00CDE3EB, 0x00CDE4EB, 0x00CEE4EB,
    0x00CEE4EB, 0x00D0E5ED, 0x00D1E6EC, 0x00CFE3EA, 0x00CDE1E9, 0x00C9DDE4, 0x00CEE2E8, 0x00D1E2E9, 0x00D0E3E9,
    0x00D2E2E9, 0x00D0E2E9, 0x00D2E2E9, 0x00CEE1E8, 0x00CFE1E7, 0x00CADCE3, 0x00CBDDE3, 0x00CCDBE3, 0x00C9DBE1,
    0x00C8DAE0, 0x00C9DAE0, 0x00CDDCE3, 0x00C8DAE0, 0x00C4D7DD, 0x00CADBE1, 0x00C8D8DF, 0x00CCDDE1, 0x00CCDCE1,
    0x00CAD9E0, 0x00C9DADF, 0x00C9D8DD, 0x00CAD9DF, 0x00CBDBDF, 0x00CADADF, 0x00CBDBE0, 0x00C3D5D9, 0x00CADAE1,
    0x00CCDCE2, 0x00CAD9DD, 0x00CAD9DF, 0x00C4D4D9, 0x00C3D4D9, 0x00C4D5DA, 0x00C9DAE0, 0x00C9DAE1, 0x00CBDCE0,
    0x00C9D9DF, 0x00C6D7DC, 0x00CADADE, 0x00CADAE0, 0x00CEDFE4, 0x00CADCE0, 0x00CFE0E7, 0x00CADDE2, 0x00CDE0E5,
    0x00CEDFE5, 0x00CADDE2, 0x00CBDDE3, 0x00C8DBDF, 0x00CDDEE4, 0x00CDE0E4, 0x00CFE0E6, 0x00CFDFE4, 0x00D4E2E9,
    0x00D0E2E8, 0x00D2E2E7, 0x00D0E1E7, 0x00D3E4E9, 0x00D3E4E9, 0x00D4E4EB, 0x00D2E1E7, 0x00D2E2E8, 0x00D7E7ED,
    0x00D2E3EA, 0x00D3E5EB, 0x00D2E3EA, 0x00D0E2E7, 0x00D5E4EB, 0x00D4E4EA, 0x00D2E3E9, 0x00D4E5EC, 0x00D5E5EC,
    0x00D5E6ED, 0x00D7E7EE, 0x00D2E4EA, 0x00D3E2E9, 0x00D2E4EA, 0x00D2E5EB, 0x00D7E6EB, 0x00D8E8ED, 0x00DCEAF0,
    0x00D9E8ED, 0x00DAE7EE, 0x00D4E6EB, 0x00D4E5EC, 0x00D6E6ED, 0x00D6E7ED, 0x00D1E4EA, 0x00D7E7ED, 0x00D9E7EE,
    0x00D6E7ED, 0x00D6E6ED, 0x00D8E8EF, 0x00D8E6EC, 0x00D7E7EE, 0x00D9E7ED, 0x00DAE9EF, 0x00D7E7ED, 0x00DBE9EF,
    0x00DEEBF1, 0x00DFEDF0, 0x00DDEAF0, 0x00D9E9EF, 0x00DAEAF1, 0x00D9E9EF, 0x00DAEAF0, 0x00DDECF2, 0x00DBEAF0,
    0x00DBEBF2, 0x00DDEBF1, 0x00DFEDF3, 0x00DDECF2, 0x00DDEDF3, 0x00DBEBF0, 0x00DCEAF0, 0x00DDEAF0, 0x00DEEBF2,
    0x00D8EBF2, 0x00D8EDF3, 0x00DCEEF3, 0x00E1EEF2, 0x00E0EDF3, 0x00DCECF1, 0x00DBEBF2, 0x00DEECF2, 0x00DDECF2,
    0x00DDEDF3, 0x00DCEBF1, 0x00E1EEF3, 0x00E0EEF2, 0x00DEEDF3, 0x00DFEEF4, 0x00DDECF2, 0x00DAEAF2, 0x00D6E9F0,
    0x00D6E8EE, 0x00D7E9F0, 0x00D8E9EF, 0x00D5E8EE, 0x00DBEAF2, 0x00DBEBF1, 0x00DBEBF2, 0x00DCECF3, 0x00DAEBF2,
    0x00DBEBF2, 0x00DDEDF4, 0x00DEECF2, 0x00DAEBF2, 0x00DAECF3, 0x00DDEDF3, 0x00DDEDF3, 0x00E0EEF4, 0x00E0EFF4,
    0x00DFEEF4, 0x00DBECF2, 0x00DDECF3, 0x00DCEDF3, 0x00DBEDF3, 0x00DFEDF4, 0x00DBECF3, 0x00DAEBF1, 0x00E0EFF5,
    0x00DFEEF4, 0x00DFEFF5, 0x00DBEDF3, 0x00DDEEF4, 0x00DCEDF3, 0x00DDEDF4, 0x00DCEBF2, 0x00DAEAF1, 0x00DBEAF1,
    0x00DAEBF2, 0x00DCEDF4, 0x00D9EAF1, 0x00DEECF3, 0x00DDEDF4, 0x00DAEBF2, 0x00DFEDF4, 0x00DFEEF5, 0x00DBECF3,
    0x00DCEDF4, 0x00DEEEF4, 0x00DAEBF3, 0x00DDEDF4, 0x00DCEDF4, 0x00DAECF3, 0x00DCEEF5, 0x00DEEEF6, 0x00DFF0F7,
    0x00DEEFF6, 0x00E0F0F8, 0x00DCEDF4, 0x00DCEDF4, 0x00DDEDF4, 0x00DDEEF5, 0x00DBEDF4, 0x00DBEDF4, 0x00DEEFF5,
    0x00DDEEF5, 0x00DFF0F7, 0x00E2F1F8, 0x00DBEDF4, 0x00E2F2F7, 0x00E2F2F8, 0x00E2F2F8, 0x00E0F1F7, 0x00DCEFF6,
    0x00E0F1F8, 0x00E1F0F6, 0x00E2F2F9, 0x00E4F2F8, 0x00E6F5FB, 0x00CCE2EA, 0x00D0E4EB, 0x00D2E4EC, 0x00CDE1E9,
    0x00CBE1E9, 0x00CEE2E9, 0x00CADFE7, 0x00CDE1E9, 0x00CDE1E8, 0x00C9DEE5, 0x00C9DEE5, 0x00C7DCE2, 0x00CBDFE6,
    0x00C8DEE4, 0x00CCDFE6, 0x00C8DCE3, 0x00C4DBE5, 0x00CCDFE7, 0x00C2DCE3, 0x00C8DDE5, 0x00C9DEE5, 0x00CADEE6,
    0x00CDE0E8, 0x00CEE0E8, 0x00CADFE6, 0x00C8DDE4, 0x00CBE0E6, 0x00CBDFE6, 0x00CCDFE7, 0x00C5DCE4, 0x00C7DCE4,
    0x00C7DDE4, 0x00C6DCE4, 0x00C9DCE5, 0x00C8DEE5, 0x00CADFE6, 0x00C8DDE4, 0x00CEE1E9, 0x00CBDFE6, 0x00CDE0E7,
    0x00CADEE6, 0x00C7DDE4, 0x00CBDEE6, 0x00CADFE7, 0x00C9DDE4, 0x00C4DCE6, 0x00C3DEE7, 0x00C9DFE7, 0x00CBDFE8,
    0x00C9E0E7, 0x00CBE0E8, 0x00CEE1E9, 0x00CCE1E7, 0x00CBDFE7, 0x00CBE0E7, 0x00CADFE6, 0x00CEE2E9, 0x00CADFE7,
    0x00CADFE5, 0x00CADEE6, 0x00CCE1E8, 0x00CEE2E9, 0x00CDE0E8, 0x00CADFE7, 0x00CADFE6, 0x00CDE0E8, 0x00CEE1E8,
    0x00C8DEE5, 0x00CADFE6, 0x00CBE0E7, 0x00D1E3E9, 0x00CDE1EA, 0x00CADFE8, 0x00CFE1E9, 0x00C9DEE6, 0x00CADFE7,
    0x00C9DFE7, 0x00C9DFE7, 0x00CBDFE7, 0x00CAE0E8, 0x00CDE1E9, 0x00CDE1EA, 0x00C8DEE6, 0x00C9DEE6, 0x00CBDFE9,
    0x00CBE0E8, 0x00CADFE7, 0x00CEE2EB, 0x00CEE3EB, 0x00CFE4EC, 0x00CFE4ED, 0x00CDE2E9, 0x00C9DEE5, 0x00CBE1E8,
    0x00CCE3EB, 0x00C9DEE7, 0x00CBE1E9, 0x00CEE3ED, 0x00CBE2EA, 0x00CBE3EA, 0x00CEE3EC, 0x00CCE2EB, 0x00CEE5EE,
    0x00CCE3EC, 0x00CFE4EC, 0x00D0E5EC, 0x00CFE3EA, 0x00CEE2E9, 0x00CFE2EB, 0x00CBE1E8, 0x00D3E5ED, 0x00C9DBE2,
    0x00C9DAE0, 0x00CEE1E7, 0x00CFE1E9, 0x00C9DBE2, 0x00C9DBE1, 0x00CBDCE2, 0x00CDDEE4, 0x00CCDDE2, 0x00C9DAE1,
    0x00C8D8DE, 0x00C9D9E0, 0x00CBDDE1, 0x00C5D6DB, 0x00C5D4DA, 0x00C8D8DD, 0x00CAD9DF, 0x00C9D9DD, 0x00CDDCE1,
    0x00C9D8DE, 0x00CAD9DD, 0x00C8D8DD, 0x00C7D7DC, 0x00C7D8DE, 0x00C9D8DE, 0x00C8D8DE, 0x00C8D8DE, 0x00C5D6DB,
    0x00C6D6DC, 0x00C2D2D6, 0x00C5D5DA, 0x00CADAE1, 0x00CCDEE3, 0x00C6D5D9, 0x00BECBCE, 0x00C3D1D4, 0x00C6D5D9,
    0x00CDDCE2, 0x00CCDDE2, 0x00CBDBE1, 0x00CADBE1, 0x00C9DBE1, 0x00C9DAE0, 0x00C6D9DE, 0x00C8DBE2, 0x00C6D9DF,
    0x00C8DAE0, 0x00C9DBE0, 0x00CDE0E5, 0x00CDDFE5, 0x00CFDFE5, 0x00CEDFE5, 0x00CFDEE4, 0x00D3E2E6, 0x00CFE0E5,
    0x00CFE0E5, 0x00D1E2E8, 0x00D2E2E8, 0x00D2E2E8, 0x00D3E3E9, 0x00D3E4E9, 0x00D0E3E8, 0x00D1E3E9, 0x00D1E2E7,
    0x00D2E2E9, 0x00D0E2E8, 0x00D2E3E9, 0x00D2E3EA, 0x00D5E6EC, 0x00D4E5EC, 0x00D4E5EB, 0x00D2E3E9, 0x00D3E3E9,
    0x00D4E4EB, 0x00D3E3EA, 0x00D2E4EB, 0x00D6E6EC, 0x00D2E3E9, 0x00D2E4EA, 0x00D3E4EB, 0x00D5E5EB, 0x00D2E4EA,
    0x00D4E6EC, 0x00D6E5EC, 0x00D1E4EA, 0x00D2E4EA, 0x00D6E6EC, 0x00D3E5EA, 0x00D6E5EB, 0x00D8E8EE, 0x00D7E6EB,
    0x00D6E6EC, 0x00DCE9EE, 0x00DCE9EF, 0x00D9EAEF, 0x00DAE9EF, 0x00DBE9EF, 0x00D8E8EE, 0x00D9E9EF, 0x00DBEAF0,
    0x00DAEAF0, 0x00DCEAEF, 0x00DAEAF0, 0x00DCEAEF, 0x00DAEAF0, 0x00D9E9EF, 0x00DEECF2, 0x00DDEDF2, 0x00DEEDF3,
    0x00D9EAF0, 0x00DFECF1, 0x00DDEBF0, 0x00DCEBF1, 0x00D9E9F0, 0x00DCEBF0, 0x00DEEBF1, 0x00DEEDF2, 0x00DDECF1,
    0x00DCEBF2, 0x00DCEBF1, 0x00DCEBF1, 0x00D9EAF0, 0x00DDECF2, 0x00E0EDF3, 0x00DFEDF1, 0x00DFECF2, 0x00DFECF2,
    0x00DEECF2, 0x00DCECF2, 0x00DDECF2, 0x00DCEBF1, 0x00DAEAF1, 0x00DBEBF1, 0x00D6E7EE, 0x00D7E8EF, 0x00D7E8EF,
    0x00D8E8EF, 0x00D6E9EF, 0x00DAEAF1, 0x00D7EAF1, 0x00DAEAF1, 0x00DBEBF2, 0x00DBEAF1, 0x00DBEAF1, 0x00DCECF3,
    0x00DEEDF3, 0x00DDEDF3, 0x00DDECF3, 0x00DCECF2, 0x00E0EFF3, 0x00E0EEF4, 0x00D8EBF2, 0x00DBECF3, 0x00DDECF3,
    0x00DBEDF3, 0x00DEEDF4, 0x00E1EFF4, 0x00E2EFF5, 0x00DDEEF3, 0x00DFEEF4, 0x00DAEDF3, 0x00DBEDF3, 0x00DCECF3,
    0x00DCECF3, 0x00DCECF2, 0x00DAEBF2, 0x00D9EBF1, 0x00E0EDF3, 0x00D9EAF1, 0x00D8EAF2, 0x00DBEBF1, 0x00DFEDF3,
    0x00DEEDF3, 0x00DDECF2, 0x00DFEEF4, 0x00DEEDF4, 0x00DEEEF4, 0x00DEEEF5, 0x00E0EFF5, 0x00DBEDF3, 0x00DFEDF4,
    0x00DCEDF4, 0x00DAEDF3, 0x00DCEEF5, 0x00DDEEF5, 0x00DEEFF6, 0x00DFEFF5, 0x00DEEEF5, 0x00DDEEF4, 0x00DDEDF4,
    0x00DDEEF5, 0x00DBEDF4, 0x00DDEEF5, 0x00DDEEF4, 0x00E1F1F7, 0x00E2F1F7, 0x00E0F0F6, 0x00E3F1F7, 0x00E1F0F6,
    0x00DEF0F6, 0x00E0F1F7, 0x00E2F1F8, 0x00E1F1F7, 0x00DEEFF6, 0x00E1F2F8, 0x00E3F2F9, 0x00E4F3F9, 0x00E3F3F9,
    0x00E3F4FA, 0x00D1E6ED, 0x00D0E4EB, 0x00D3E6ED, 0x00D0E4EB, 0x00CDE1E9, 0x00CFE2EA, 0x00CEE1E9, 0x00D0E3EA,
    0x00CFE1E9, 0x00D0E2EA, 0x00CFE2E9, 0x00CDE1E8, 0x00D1E3EA, 0x00D1E3EA, 0x00CEE0E7, 0x00CBDEE5, 0x00C9DCE4,
    0x00CDDFE7, 0x00C8DEE7, 0x00C8DEE5, 0x00CCE0E7, 0x00CDE2E9, 0x00CDE1E9, 0x00CEE2EA, 0x00CDE1E9, 0x00CCE0E7,
    0x00C7DDE8, 0x00C9DEE6, 0x00CDE0E8, 0x00C3DBE3, 0x00CADEE6, 0x00C6DCE5, 0x00C6DBE5, 0x00C5DBE3, 0x00C8DDE5,
    0x00CBDFE6, 0x00C9E0E6, 0x00D0E2E9, 0x00CDE1E8, 0x00CBDEE5, 0x00D0E2E9, 0x00CDE1E8, 0x00CDDFE7, 0x00C8DDE4,
    0x00C7DDE4, 0x00CDE0E7, 0x00C8DDE4, 0x00CBE0E7, 0x00D1E3EA, 0x00CCE1E8, 0x00CBE1E7, 0x00CFE2EA, 0x00CDE2E9,
    0x00CAE0E8, 0x00CBE1E9, 0x00CBDEE7, 0x00CCE0E9, 0x00CADEE6, 0x00D1E3EA, 0x00CBDFE6, 0x00CADEE6, 0x00CADFE6,
    0x00CDE1E9, 0x00C9DEE5, 0x00CDE1E9, 0x00CDE2E9, 0x00CFE2E9, 0x00CBE0E6, 0x00CADDE5, 0x00CBDFE6, 0x00CEE1E8,
    0x00CDE0E9, 0x00CADFE6, 0x00CADEE5, 0x00CBDEE6, 0x00C9DDE6, 0x00C6DBE5, 0x00CADFE7, 0x00CBE0E7, 0x00C9DEE6,
    0x00CEE1E9, 0x00CDE1EA, 0x00CBE0E9, 0x00CCE0E8, 0x00C7DCE6, 0x00C8DEE8, 0x00CCE1E9, 0x00CBE0EA, 0x00CFE4EB,
    0x00CCE1EB, 0x00CDE2EB, 0x00CFE3ED, 0x00CEE4EC, 0x00CCE3EB, 0x00CEE2EA, 0x00AFBDC3, 0x00B5C6CC, 0x00CEE4EC,
    0x00CDE4ED, 0x00CEE5EE, 0x00CEE3EC, 0x00CEE6ED, 0x00CBE2ED, 0x00CEE5ED, 0x00CBE3EC, 0x00CDE3EB, 0x00CEE0EA,
    0x00CDE1E9, 0x00CAE0E8, 0x00CBE0E8, 0x00C4D7DD, 0x00B0BEC4, 0x00B7C5C9, 0x00BCC9CD, 0x00CEE0E5, 0x00CEE2EA,
    0x00CDE1E8, 0x00CCDEE6, 0x00CDDEE4, 0x00CDDFE6, 0x00CDE0E6, 0x00CADCE2, 0x00CADBE2, 0x00C3D9E3, 0x00B9CDD4,
    0x00B7C5C9, 0x00BECDD1, 0x00C8D6DC, 0x00CBD8DC, 0x00CDDBE0, 0x00CBDDE2, 0x00C9DADF, 0x00CADCE0, 0x00CADADE,
    0x00C8DBE0, 0x00CDDCE2, 0x00D1E1E7, 0x00C9DADF, 0x00C7D8DC, 0x00C8D9DF, 0x00CDDDE3, 0x00C9D9DE, 0x00C9D8DE,
    0x00C9D8DF, 0x00C1CFD3, 0x00C0CCD0, 0x00BFCBCF, 0x00BECBCE, 0x00C1CFD4, 0x00CCDCE2, 0x00CBDBE1, 0x00CADAE0,
    0x00C6D9DD, 0x00C8D9DF, 0x00C7D7DD, 0x00C8DAE0, 0x00CBDBE0, 0x00C9D8DD, 0x00CDDDE3, 0x00CDDCE1, 0x00CBDBE0,
    0x00CFDEE4, 0x00CEDEE3, 0x00CDDEE4, 0x00D3E2E6, 0x00D2E2E7, 0x00CDDEE3, 0x00CBDCE2, 0x00D2E2E8, 0x00D0E0E6,
    0x00D1E1E7, 0x00D4E3E8, 0x00D2E2E8, 0x00D2E2E7, 0x00D4E4E9, 0x00D4E3E9, 0x00D1E1E8, 0x00D4E4EA, 0x00D1E2E9,
    0x00D2E2E9, 0x00D3E6EA, 0x00D3E4EB, 0x00D0E1E8, 0x00D0E1E7, 0x00D3E3EA, 0x00D5E4EA, 0x00D1E4EB, 0x00D3E5EB,
    0x00D4E4EA, 0x00D6E5EB, 0x00DAE9EE, 0x00D3E3E9, 0x00D4E5EA, 0x00D6E6ED, 0x00D7E7ED, 0x00D6E5EB, 0x00D5E5EC,
    0x00D2E4EA, 0x00D5E6EB, 0x00D8E6EC, 0x00D9E6ED, 0x00D8E5EC, 0x00D8E6EC, 0x00DAE6EC, 0x00D9E6EC, 0x00D8E6EC,
    0x00D4E5EA, 0x00D9E7EC, 0x00DAE9EF, 0x00D5E7EC, 0x00DAE9F0, 0x00DBEAF0, 0x00DDEAF0, 0x00D9E9EE, 0x00D5E8ED,
    0x00DAE9EF, 0x00D9E8EE, 0x00DDEBF0, 0x00D8EAEF, 0x00DDEBF1, 0x00D5E6EC, 0x00DEEBEF, 0x00DCE9EF, 0x00DAEAEF,
    0x00D8E8ED, 0x00DBEAF1, 0x00D9E9EF, 0x00DAEAF0, 0x00DCEBF1, 0x00D6E7ED, 0x00DDEBF2, 0x00DAEAF0, 0x00D9E9EF,
    0x00DDEBF0, 0x00DEECF2, 0x00DFEDF2, 0x00DDECF2, 0x00DFEDF2, 0x00E1EFF4, 0x00DDEBF1, 0x00DEECF2, 0x00DBEAF1,
    0x00D9EAF0, 0x00DAE9F0, 0x00D7E8EE, 0x00D9E8EF, 0x00D9E9F0, 0x00D9E9F0, 0x00D7E9EF, 0x00DAEAF1, 0x00DAEAF2,
    0x00D7E8F0, 0x00D7EAF1, 0x00DDECF2, 0x00DCEBF2, 0x00D9EBF1, 0x00DFEEF5, 0x00DFEEF4, 0x00DEEEF3, 0x00E0EEF4,
    0x00DEEDF3, 0x00DEEDF2, 0x00DCECF2, 0x00DCECF3, 0x00DBEBF2, 0x00E0EEF3, 0x00E1EFF5, 0x00E2EFF5, 0x00DFEDF4,
    0x00E0EFF3, 0x00E1EEF5, 0x00DAEDF2, 0x00DBEDF3, 0x00DEEEF2, 0x00E1EFF6, 0x00DEEEF4, 0x00DBECF2, 0x00DCEEF3,
    0x00E0EEF5, 0x00DCECF2, 0x00DAEAF0, 0x00E1EEF4, 0x00DFEDF3, 0x00DDEDF3, 0x00DFEDF3, 0x00DAEBF2, 0x00E0EEF4,
    0x00DEEEF4, 0x00DEEFF6, 0x00DFEDF4, 0x00DCEDF3, 0x00DDEDF4, 0x00DCEDF4, 0x00DBECF3, 0x00DDEDF4, 0x00DFF0F6,
    0x00DBEDF3, 0x00E1EFF5, 0x00DEEEF4, 0x00D8EDF3, 0x00DFEEF4, 0x00D9ECF2, 0x00D9ECF3, 0x00E1F0F6, 0x00DDEFF5,
    0x00E2F0F6, 0x00DDEFF5, 0x00E2F1F7, 0x00E1F0F7, 0x00E3F1F7, 0x00DEF0F6, 0x00DFF0F5, 0x00E0EFF6, 0x00DCEEF4,
    0x00DFF0F7, 0x00E2F2F8, 0x00E3F3F9, 0x00E1F3F9, 0x00DDF2F9, 0x00E2F3F9, 0x00D3E6EE, 0x00CFE4EC, 0x00D1E4EC,
    0x00D4E7EE, 0x00D3E6ED, 0x00D1E4EC, 0x00D0E3EA, 0x00CFE2EA, 0x00D0E4EA, 0x00CDE0E8, 0x00CEE1E8, 0x00CFE2EA,
    0x00D0E3EB, 0x00D0E4EB, 0x00D0E3EA, 0x00CDE0E7, 0x00CADFE6, 0x00CDDFE8, 0x00CDE0E8, 0x00CADEE6, 0x00CDE2EB,
    0x00D3E5ED, 0x00CFE3EB, 0x00CAE1E9, 0x00C6DDE5, 0x00CBE1E8, 0x00CBDFE8, 0x00CCE0E8, 0x00CFE1E8, 0x00C7DEE5,
    0x00CCDEE6, 0x00C8DEE6, 0x00CBDFE6, 0x00CADEE6, 0x00CADDE5, 0x00CADDE5, 0x00C9DCE4, 0x00C8DAE3, 0x00C7DAE2,
    0x00CBDDE5, 0x00CDDFE6, 0x00C9DDE4, 0x00CFE1E8, 0x00CDE0E7, 0x00CCE1E8, 0x00CCDFE6, 0x00CBDFE6, 0x00CADFE5,
    0x00CDE0E8, 0x00CCE0E7, 0x00CBE0E7, 0x00CDE1E8, 0x00CBE0E8, 0x00CADFE7, 0x00C9DFE7, 0x00CEE2EA, 0x00CBE0E7,
    0x00CFE2E9, 0x00CBDEE6, 0x00CBDFE7, 0x00CBDFE7, 0x00CDE1E9, 0x00CCE0E8, 0x00C8DDE4, 0x00C8DDE6, 0x00C9DFE7,
    0x00C9DDE6, 0x00C9DFE5, 0x00CBDFE6, 0x00CCE0E7, 0x00CBE0E8, 0x00CBDFE6, 0x00CDE1E9, 0x00CDE2E9, 0x00CDDFE7,
    0x00CBE0E8, 0x00CBE0E7, 0x00C5D9E1, 0x00C7DBE3, 0x00C1D5DD, 0x00C9DCE3, 0x00C8DAE1, 0x00C4D6DC, 0x00C5D7DD,
    0x00CCE0E7, 0x00C9DDE5, 0x00C3D6DD, 0x00BDD1D7, 0x00CADFE7, 0x00CBE0EA, 0x00CAE0E9, 0x00CBE1E9, 0x00D0E4EC,
    0x00C7DBE2, 0x00C8DBE2, 0x00BDCDD3, 0x00AEBCC2, 0x00AFBEC2, 0x00BBCDD4, 0x00CBE1EA, 0x00C9E0E9, 0x00CFE4ED,
    0x00CDE3EC, 0x00CBE2EB, 0x00CEE3EB, 0x00CDE2EA, 0x00CCDFE6, 0x00C0CFD5, 0x00C1D3DA, 0x00C8DBE2, 0x00B1C2C7,
    0x00AFBDC3, 0x00B8C5C9, 0x00B5C1C4, 0x00C8D8DC, 0x00C7DAE3, 0x00C1D3DC, 0x00C6D9E0, 0x00CCDDE3, 0x00CEDFE6,
    0x00BFD2D8, 0x00CEE1E7, 0x00D0E1E9, 0x00D0E2E9, 0x00C9DEE5, 0x00D0E2E8, 0x00C7DAE1, 0x00C5D7DE, 0x00C7D9E0,
    0x00C5D8DC, 0x00C5D5DA, 0x00BED0D5, 0x00C6D6DB, 0x00C9DAE0, 0x00CCDFE4, 0x00D0E1E7, 0x00D0E0E6, 0x00D0E1E7,
    0x00CBDCE2, 0x00CBDCE2, 0x00CBDCE3, 0x00CCDDE2, 0x00CAD9DE, 0x00C9D8DE, 0x00C5D4D9, 0x00C4D2D7, 0x00C7D5D9,
    0x00C2CFD4, 0x00C0CFD3, 0x00C6D7DC, 0x00C9DADF, 0x00CBDBE2, 0x00C6D7DC, 0x00C4D6DA, 0x00C7DADF, 0x00C6D9DF,
    0x00CFDCE2, 0x00CADBDF, 0x00CEDDE3, 0x00CEDDE2, 0x00CBDCDF, 0x00D0E0E6, 0x00CFDFE3, 0x00CFDFE4, 0x00CFE0E6,
    0x00D1E1E7, 0x00CFDFE5, 0x00D2E2E7, 0x00CEDFE5, 0x00D1E0E6, 0x00CDDFE4, 0x00D3E3E9, 0x00D1E1E7, 0x00CCDEE4,
    0x00D1E2E8, 0x00D1E2E8, 0x00D0E2E8, 0x00D4E5EA, 0x00CFE2E8, 0x00D3E4EA, 0x00D2E4EA, 0x00D2E3E9, 0x00D2E2E8,
    0x00D6E5E9, 0x00D6E4EA, 0x00D3E5EA, 0x00D7E6EC, 0x00D5E4EA, 0x00D2E3E9, 0x00D4E4EA, 0x00D5E5EC, 0x00D2E3E9,
    0x00D3E5EB, 0x00D3E3EA, 0x00D4E5EB, 0x00D4E5EC, 0x00D6E5EC, 0x00D4E5EA, 0x00D9E6EC, 0x00D4E5EA, 0x00D8E6EB,
    0x00DAE8ED, 0x00D6E5EA, 0x00D8E6EC, 0x00D8E6EB, 0x00D9E5EB, 0x00D7E6EB, 0x00D7E6EC, 0x00D3E4EC, 0x00D8E8ED,
    0x00D5E6EC, 0x00DBE9EF, 0x00DCEAF0, 0x00DBE9EF, 0x00D8E7ED, 0x00D8E7ED, 0x00DBE9EF, 0x00DBE9EF, 0x00D9E8ED,
    0x00D9E9EF, 0x00D9EAF0, 0x00D9E9EF, 0x00DAE7EE, 0x00D7E7ED, 0x00DAEAEF, 0x00D8E9EE, 0x00D8E8EE, 0x00D5E7EE,
    0x00D6E8EF, 0x00D9E9EF, 0x00DAE9EF, 0x00DCEBF1, 0x00DCEBF1, 0x00DBEAF0, 0x00DBEBF1, 0x00DDECF1, 0x00DCEBF1,
    0x00DDECF2, 0x00DDEBF1, 0x00DEEDF1, 0x00DFECF2, 0x00DAEAF0, 0x00D8E8EF, 0x00D8E8EE, 0x00DDEBF1, 0x00DBEAEF,
    0x00D7E7EF, 0x00DAEBF1, 0x00DDEBF1, 0x00DAEAF0, 0x00D6E9F0, 0x00D1E8EE, 0x00DBEAF2, 0x00D8E9F0, 0x00D7E9EF,
    0x00D9EAF0, 0x00DBEBF1, 0x00DDECF3, 0x00DDECF2, 0x00E0EDF3, 0x00DCECF2, 0x00DCEBF1, 0x00D8EAF1, 0x00DEECF2,
    0x00DCECF3, 0x00E0EEF4, 0x00DEECF4, 0x00DDEDF3, 0x00DCEDF3, 0x00D8EAF1, 0x00DAECF2, 0x00DFEEF4, 0x00D6EAF1,
    0x00D9EBF2, 0x00D8EBF1, 0x00DBECF2, 0x00DCEBF2, 0x00DCECF3, 0x00DDEDF4, 0x00D9EAF1, 0x00DFEDF3, 0x00DAEAF0,
    0x00DCECF1, 0x00DCEBF2, 0x00DAEAF1, 0x00DEEDF3, 0x00DEEDF4, 0x00E1EFF5, 0x00DDEDF4, 0x00DEEDF4, 0x00E0EFF5,
    0x00DDEDF3, 0x00DCEDF3, 0x00D6EAF1, 0x00DFEFF5, 0x00E0EFF5, 0x00DAEDF3, 0x00E1EFF5, 0x00DAEDF3, 0x00DEEEF5,
    0x00DFEEF5, 0x00DEEEF5, 0x00DCEDF3, 0x00DFEEF5, 0x00DDEEF5, 0x00DBEEF5, 0x00DEEFF5, 0x00DDEFF5, 0x00E3F1F7,
    0x00DBEDF4, 0x00DEEFF5, 0x00E1F0F6, 0x00E1F1F7, 0x00DFF1F6, 0x00E0F0F6, 0x00DFF1F7, 0x00E0F1F9, 0x00D9ECF4,
    0x00E2F2F9, 0x00E2F4F9, 0x00D6EAF2, 0x00D5E8F0, 0x00D5E8EF, 0x00D2E5EE, 0x00CEE3EC, 0x00CCE1E9, 0x00CEE2E9,
    0x00CBE0E8, 0x00CDE0E8, 0x00CCE0E8, 0x00CEE1E8, 0x00CEE1E7, 0x00CCE0E8, 0x00CCE1E7, 0x00CCE0E8, 0x00C7DCE4,
    0x00C7DBE4, 0x00C7DCE5, 0x00CCE0E8, 0x00CADEE7, 0x00C7DDE6, 0x00C8DCE5, 0x00C9DEE8, 0x00C9DFE8, 0x00C5DCE4,
    0x00C9DCE4, 0x00C4DAE2, 0x00C6DBE3, 0x00C5DAE3, 0x00C6DCE4, 0x00C9DDE8, 0x00CEE2E9, 0x00CCE0E8, 0x00CDE0E9,
    0x00C7DCE3, 0x00CCE0E8, 0x00CEE1EA, 0x00C7DCE4, 0x00CBDFE6, 0x00CFE3EA, 0x00CEE2EA, 0x00D2E6EB, 0x00D2E5EB,
    0x00D1E4EB, 0x00CDE1E9, 0x00D1E5EB, 0x00CEE3EA, 0x00D0E4EB, 0x00CFE4EA, 0x00CDE3EB, 0x00D4E7EE, 0x00D3E6EE,
    0x00CCE1E8, 0x00D2E6ED, 0x00D2E6ED, 0x00D4E8EF, 0x00D1E6ED, 0x00D3E7EF, 0x00D1E7ED, 0x00CCE2EA, 0x00CEE3EB,
    0x00CCE2EB, 0x00CADFE9, 0x00C9DFE8, 0x00C8DEE7, 0x00C5DBE2, 0x00C5DAE2, 0x00C8DCE4, 0x00CBE0E8, 0x00C8DFE6,
    0x00C8DDE5, 0x00D0E3EA, 0x00CEE2EA, 0x00CEE3EA, 0x00C9DEE6, 0x00CADEE7, 0x00C5D9E2, 0x00C5DAE1, 0x00C6D9E3,
    0x00BFD4DC, 0x00BDCFD7, 0x00C0D4DC, 0x00C1D4DC, 0x00BFD2D8, 0x00C3D5DB, 0x00C5D7DE, 0x00BFD1D7, 0x00C0D2D9,
    0x00C3D7DC, 0x00CBDFE8, 0x00C7DAE3, 0x00C8DBE2, 0x00C5D9DF, 0x00C2D5DC, 0x00C4D6DE, 0x00BED0D6, 0x00BAC9CF,
    0x00BDCDD4, 0x00B9C9CF, 0x00BDCFD6, 0x00BDCED4, 0x00C0D0D7, 0x00BACBD1, 0x00BCCFD4, 0x00C3D6DD, 0x00C4D8DE,
    0x00CCE0E7, 0x00BACBD1, 0x00B7C8CE, 0x00B6C5CA, 0x00B5C3C7, 0x00B7C3C7, 0x00B3C0C3, 0x00B4C0C3, 0x00BECFD3,
    0x00CDDFE6, 0x00C7D9DF, 0x00C5D7DD, 0x00C7D7DE, 0x00C0D2D8, 0x00C1D3D9, 0x00BFD2D8, 0x00C0D4DA, 0x00C7D9DF,
    0x00CEDFE6, 0x00CDDFE5, 0x00D0E2E8, 0x00CFE1E7, 0x00CCDFE4, 0x00CADCE1, 0x00C9DBE2, 0x00CADDE3, 0x00C2D3DA,
    0x00BACBD1, 0x00BCCDD2, 0x00C8D9E0, 0x00CADCE2, 0x00CBDDE4, 0x00CEDFE5, 0x00CFE1E8, 0x00CDDFE5, 0x00CCDDE4,
    0x00CFE0E8, 0x00CDDFE5, 0x00CBDAE0, 0x00CCDAE0, 0x00C5D4D9, 0x00C4D2D7, 0x00C6D3D7, 0x00C0CDD2, 0x00C9DADE,
    0x00CBDBE1, 0x00C9DAE0, 0x00C9DADF, 0x00CADAE0, 0x00C7D7DD, 0x00CDDBE1, 0x00CADBE1, 0x00CEDCE2, 0x00CEDDE1,
    0x00CEDCE0, 0x00C8D6DA, 0x00CFDEE3, 0x00CCDBE0, 0x00CDDCE0, 0x00CFDFE4, 0x00CCDCE1, 0x00CFDEE5, 0x00CDDDE3,
    0x00CFDFE5, 0x00D0E1E6, 0x00D2E0E6, 0x00D3E3E8, 0x00CDDFE5, 0x00CFE0E6, 0x00D4E6EB, 0x00D0E3E7, 0x00D1E2E8,
    0x00D1E2E8, 0x00D1E2E8, 0x00D1E2E8, 0x00D2E2E8, 0x00CEDFE5, 0x00CFE0E5, 0x00D4E3EA, 0x00D4E4EA, 0x00D2E3E9,
    0x00D3E2E8, 0x00D2E2E7, 0x00D5E5EB, 0x00D3E2E9, 0x00D1E2E8, 0x00D0E2E7, 0x00D5E5EA, 0x00D3E3E9, 0x00D3E3EA,
    0x00D4E4EA, 0x00D4E3E9, 0x00D5E4EA, 0x00D2E2E8, 0x00D7E5EB, 0x00D2E5EA, 0x00D6E4E9, 0x00D8E5EA, 0x00D5E3E8,
    0x00D8E6EB, 0x00D8E7ED, 0x00D6E5EA, 0x00D6E6EB, 0x00D5E4EB, 0x00D6E5EB, 0x00D9E8ED, 0x00D6E6EC, 0x00D8E7ED,
    0x00D9E7EE, 0x00D8E7ED, 0x00D6E7EC, 0x00DBE9EF, 0x00D9E7ED, 0x00D9E7EC, 0x00D7E6EB, 0x00D6E5EB, 0x00D7E6EC,
    0x00D9E7ED, 0x00D4E5EB, 0x00D5E7ED, 0x00D6E6EC, 0x00D8E8EE, 0x00DAE9EF, 0x00DAE9EF, 0x00D8E8EE, 0x00D9E8EF,
    0x00D9E9F0, 0x00D9EAF0, 0x00DCEBF1, 0x00DAE9F1, 0x00DCEBF0, 0x00DDEBF0, 0x00DFECF1, 0x00DDEBF1, 0x00DCEAF0,
    0x00D7E7ED, 0x00D8E8EE, 0x00DCEAEF, 0x00DCEAEF, 0x00D8E8EF, 0x00D8E8EF, 0x00D9E9EF, 0x00DEEBF2, 0x00D7EAF0,
    0x00D4E8EE, 0x00D8EAF0, 0x00DBEAF0, 0x00DAEBF1, 0x00D8E8EF, 0x00D8E9F0, 0x00DCECF2, 0x00DDEDF2, 0x00DEECF2,
    0x00DEEDF3, 0x00D6E9EF, 0x00DEEDF1, 0x00DBECF1, 0x00DFEEF2, 0x00DBECF2, 0x00DFEEF3, 0x00DCEDF3, 0x00DEEDF3,
    0x00DDEDF4, 0x00E1EEF3, 0x00DAECF3, 0x00DEEEF4, 0x00DAEBF2, 0x00DDEDF3, 0x00D9EBF2, 0x00DCEBF1, 0x00D2E6EE,
    0x00DAEBF2, 0x00D8EAF1, 0x00DBEBF1, 0x00DBEBF2, 0x00DDECF2, 0x00DBEBF1, 0x00DAEBF1, 0x00DAEBF1, 0x00DEEDF3,
    0x00DDEDF4, 0x00DBECF3, 0x00DCEDF4, 0x00DCECF3, 0x00DBEDF2, 0x00DCEDF3, 0x00DBECF2, 0x00D8EBF2, 0x00D8EBF1,
    0x00E0EFF5, 0x00E1F0F5, 0x00E0F0F6, 0x00DBEDF3, 0x00DFF0F6, 0x00DEEEF4, 0x00DEEDF5, 0x00DBEDF3, 0x00DAEDF3,
    0x00DAECF3, 0x00DBECF3, 0x00DEEFF5, 0x00DEEFF5, 0x00DEEFF6, 0x00DDEFF5, 0x00DDEFF5, 0x00E0F0F6, 0x00E0F0F6,
    0x00DEEFF6, 0x00E1F2F8, 0x00E1F2F8, 0x00E4F3F9, 0x00E4F4F9, 0x00E4F4FA, 0x00E4F5FB, 0x00D3E9F4, 0x00D0E7F1,
    0x00CDE3ED, 0x00D0E7F1, 0x00CDE5F0, 0x00CEE7EF, 0x00CEE6EF, 0x00CEE5ED, 0x00D1E7EE, 0x00D0E6ED, 0x00D0E5EE,
    0x00D6E9F1, 0x00D4E9F0, 0x00D4E9F1, 0x00D3E9F2, 0x00D3E9F1, 0x00D3E9F1, 0x00D4EAF2, 0x00D2E8F1, 0x00D2E7F1,
    0x00D0E8F1, 0x00C9E0EB, 0x00C6DEE9, 0x00CFE5F0, 0x00D0E7F0, 0x00CEE4ED, 0x00CAE1E9, 0x00CBE0EA, 0x00CEE5ED,
    0x00CBE1EB, 0x00C3DBE4, 0x00C6DBE5, 0x00C1D9E2, 0x00C6DBE3, 0x00C5DAE2, 0x00CBDFE7, 0x00C9DCE6, 0x00C8DDE6,
    0x00CBDFE9, 0x00BED5E0, 0x00BFD7E1, 0x00C1D8E0, 0x00BFD5DD, 0x00BFD4DC, 0x00C1D6DE, 0x00C8DBE4, 0x00C9E0E8,
    0x00CDE1EA, 0x00CAE0E7, 0x00CEE3EA, 0x00D2E6EE, 0x00D4E8F0, 0x00D1E7EE, 0x00D1E5ED, 0x00D0E6EE, 0x00D0E5EC,
    0x00CEE6EE, 0x00CFE5EF, 0x00D1E6EE, 0x00CDE4ED, 0x00CFE4EE, 0x00CCE3ED, 0x00CDE4ED, 0x00CDE2ED, 0x00CAE3EC,
    0x00CEE4EE, 0x00CBE3EB, 0x00C5DCE4, 0x00C6DCE5, 0x00C0D6DD, 0x00C9DDE4, 0x00C4D8DF, 0x00C2D7DF, 0x00C9DCE4,
    0x00C3D7DF, 0x00C0D4DB, 0x00C4D8E1, 0x00BED3DB, 0x00BFD2DB, 0x00C5D9E1, 0x00C6DBE4, 0x00C3D8E2, 0x00C5D9E3,
    0x00CCDFE7, 0x00C8DBE5, 0x00C7DAE3, 0x00C7D9E1, 0x00CDDFE7, 0x00C9DBE3, 0x00C8DAE1, 0x00C4D6DE, 0x00BACCD3,
    0x00B3C4CB, 0x00B7C9D0, 0x00BED0D8, 0x00BBCED5, 0x00BBCCD3, 0x00B9CAD1, 0x00B6C7CE, 0x00B5C3C8, 0x00B8C9CE,
    0x00BECFD5, 0x00C3D5DC, 0x00BACBD2, 0x00B3C4C9, 0x00B8C8CF, 0x00BBCCD2, 0x00BED0D6, 0x00C1D2D9, 0x00B7C8CD,
    0x00B3C3C8, 0x00ABB9BC, 0x00ADBABC, 0x00ADB9BC, 0x00B3C4C9, 0x00C3D3DB, 0x00C4D5DC, 0x00C5D7DD, 0x00C2D4DB,
    0x00C2D5DA, 0x00C3D4DB, 0x00CADBE0, 0x00CCDBE2, 0x00CDDDE4, 0x00C0D3D9, 0x00C1D3D7, 0x00C9D9DF, 0x00CDDDE4,
    0x00CBDDE2, 0x00CBDEE4, 0x00CBDDE4, 0x00D1E2E8, 0x00CEDFE6, 0x00CCDEE5, 0x00C8D9E1, 0x00B9CBD2, 0x00B3C4C9,
    0x00BDCDD3, 0x00C5D5DC, 0x00BBCDD4, 0x00CCDEE5, 0x00C8DAE1, 0x00B2C2C7, 0x00B8C8CD, 0x00C9DAE0, 0x00CEDDE4,
    0x00CEDEE4, 0x00CCDDE3, 0x00CDDCE2, 0x00C9DAE0, 0x00CBDCE3, 0x00CADAE1, 0x00CADBE1, 0x00CDDCE2, 0x00C6D8DE,
    0x00CADBE1, 0x00CDDDE2, 0x00C5D6DB, 0x00D2E1E6, 0x00CEDDE3, 0x00D0DFE4, 0x00CFDFE4, 0x00D1E0E6, 0x00CEDDE3,
    0x00CEDEE3, 0x00CDDEE2, 0x00CFE2E6, 0x00D0DFE4, 0x00CDDEE3, 0x00D0E2E7, 0x00D0E1E6, 0x00D3E3E9, 0x00D2E1E8,
    0x00D1E2E7, 0x00D0E0E7, 0x00CFE0E7, 0x00D0E0E7, 0x00CFE1E7, 0x00D2E3E9, 0x00D3E2E8, 0x00D2E2E8, 0x00D2E1E7,
    0x00D0E0E6, 0x00D0E0E5, 0x00D3E1E8, 0x00CFDEE4, 0x00D5E4EA, 0x00D2E2E8, 0x00D5E5EB, 0x00D4E3E9, 0x00D3E3E9,
    0x00D1E3E9, 0x00D2E2E8, 0x00D5E4EA, 0x00D0E1E7, 0x00D5E4EA, 0x00D3E3E9, 0x00D3E3E8, 0x00D2E1E8, 0x00D3E4E8,
    0x00D4E2E8, 0x00D3E2E8, 0x00D4E4E8, 0x00D5E5EA, 0x00DAE7EC, 0x00D3E3E7, 0x00D3E2E8, 0x00D8E5EB, 0x00D5E5EB,
    0x00D3E3E9, 0x00DAE8EE, 0x00D5E4EA, 0x00D8E7EC, 0x00D3E2E8, 0x00D8E7ED, 0x00D5E5EB, 0x00D3E3E7, 0x00D7E5EB,
    0x00D9E6EC, 0x00D5E5EA, 0x00D9E7EC, 0x00D7E5EA, 0x00D5E4EA, 0x00D6E6EC, 0x00D5E6EA, 0x00DBE9ED, 0x00D6E6EC,
    0x00D8E7EC, 0x00D7E7ED, 0x00D7E8EE, 0x00D9E8EE, 0x00D9E8EE, 0x00D8E8EE, 0x00DCEAF0, 0x00DDEBF0, 0x00DBE9EF,
    0x00DAE9EF, 0x00DEEBF0, 0x00DBE9EF, 0x00DCEAEF, 0x00DEEBEF, 0x00D8E6ED, 0x00DCEAEF, 0x00DEEAEF, 0x00DCEAF0,
    0x00D6E8ED, 0x00D5E6EE, 0x00D8E8EE, 0x00DBEAF0, 0x00D7E9EF, 0x00D9EAF0, 0x00D7EAF0, 0x00DEECF2, 0x00DAEAF0,
    0x00D9E9F1, 0x00D9EAF1, 0x00DAEBF1, 0x00DAEBF1, 0x00DAECF0, 0x00DEEDF3, 0x00DFEDF1, 0x00DFEEF3, 0x00DEEDF2,
    0x00DDEDF2, 0x00DFEDF3, 0x00DFEEF2, 0x00DAECF2, 0x00DBECF2, 0x00E0EEF4, 0x00DFEDF3, 0x00DBECF1, 0x00D9ECF3,
    0x00D3E8F0, 0x00DBECF3, 0x00DCEBF1, 0x00D8E9F0, 0x00D7EAF1, 0x00DBEBF2, 0x00D9EAF2, 0x00DCEBF2, 0x00DAEAF0,
    0x00DDEBF2, 0x00DBEBF1, 0x00DAEBF1, 0x00DBEAF1, 0x00DEEDF3, 0x00DCECF3, 0x00DCEDF4, 0x00D9EBF2, 0x00DCECF3,
    0x00DCECF3, 0x00DBEDF3, 0x00DAECF2, 0x00DFEDF2, 0x00DBECF3, 0x00DEEFF5, 0x00DDEDF4, 0x00DEEEF4, 0x00E2F0F6,
    0x00DDEEF6, 0x00E1F0F6, 0x00E0EFF6, 0x00DEEFF5, 0x00DEEEF5, 0x00DDEEF5, 0x00DBEDF4, 0x00DBEDF4, 0x00E0F0F6,
    0x00E1EFF6, 0x00DFEFF6, 0x00DEF0F6, 0x00E1F0F6, 0x00DCEDF4, 0x00E0F2F8, 0x00E0F0F6, 0x00E3F3F9, 0x00DFF0F7,
    0x00E3F2F9, 0x00E3F4FA, 0x00E5F4FA, 0x00D5EDF6, 0x00D5EAF5, 0x00D5EBF5, 0x00D5EBF4, 0x00CEE6F2, 0x00D3E9F3,
    0x00D3E9F2, 0x00D4E9F3, 0x00D1E8F1, 0x00D4E9F2, 0x00D2E8F1, 0x00D7EBF3, 0x00D6E9F2, 0x00D4EAF3, 0x00D2E8F2,
    0x00D5EAF3, 0x00D3E8F2, 0x00D1E8F1, 0x00D2E8F2, 0x00D2E8F1, 0x00D1E7F2, 0x00CFE5EF, 0x00D1E8F1, 0x00D1E8F2,
    0x00D3E8F2, 0x00CDE4EF, 0x00CFE6F0, 0x00CCE4EF, 0x00CFE7F1, 0x00D3E8F2, 0x00CEE6F0, 0x00CFE7F1, 0x00CEE7F0,
    0x00CFE6F0, 0x00CEE6F0, 0x00D3E8F1, 0x00D2E7F1, 0x00CDE4EF, 0x00CDE3EE, 0x00C9E2EE, 0x00CCE4EF, 0x00D2E8F2,
    0x00D3E9F2, 0x00CFE6EF, 0x00D4E9F2, 0x00D2E8F0, 0x00CAE2EC, 0x00CDE3ED, 0x00C8DFE9, 0x00C6DDE7, 0x00C6DDE6,
    0x00CCE0E9, 0x00CBDFE8, 0x00CCDFE8, 0x00CADFE8, 0x00CCE1EA, 0x00CCE2EB, 0x00CDE5ED, 0x00CEE5EF, 0x00CEE5ED,
    0x00D0E5EE, 0x00CBE4EE, 0x00CDE4EE, 0x00CEE5EF, 0x00C7E2EC, 0x00CFE4EF, 0x00CCE3EE, 0x00CBE3ED, 0x00CCE3EF,
    0x00C9E2EC, 0x00C9E2EB, 0x00CAE1EB, 0x00C9E1EA, 0x00CBE2EC, 0x00CBE3ED, 0x00CCE4EE, 0x00CDE4F0, 0x00CBE4ED,
    0x00CBE3ED, 0x00CAE2EC, 0x00CFE5F0, 0x00CCE4EF, 0x00CFE5F1, 0x00CFE7F1, 0x00D0E7F2, 0x00CDE4EF, 0x00CEE5EF,
    0x00D1E6EF, 0x00CCE2EB, 0x00CBE1EB, 0x00CAE0E9, 0x00C7DCE6, 0x00C6DCE6, 0x00C7DEE8, 0x00C7DDE8, 0x00C5DAE4,
    0x00C9DEE9, 0x00C9DFE9, 0x00C4D8E2, 0x00C8DCE5, 0x00C3D7DF, 0x00BFD4DA, 0x00C3D8E0, 0x00C4D9E2, 0x00C1D5DE,
    0x00C2D5DE, 0x00C4D8E0, 0x00C3D5DD, 0x00BECFD6, 0x00BACCD3, 0x00C4D7DF, 0x00BCCED4, 0x00B5C6CC, 0x00B9CAD0,
    0x00BACCD2, 0x00CBDDE6, 0x00C4D8E0, 0x00C4D6DE, 0x00C1D4DA, 0x00BECFD6, 0x00C3D5DC, 0x00C5D5DC, 0x00BFD0D7,
    0x00C0D1D8, 0x00C1D3D9, 0x00CCDEE5, 0x00CADDE3, 0x00CBDDE3, 0x00CADEE4, 0x00CFE1E7, 0x00CDE0E6, 0x00CDDFE6,
    0x00CEE0E7, 0x00CEDEE6, 0x00CCDEE6, 0x00CADCE4, 0x00C7D8E1, 0x00C3D5DD, 0x00BFD1D9, 0x00B2C2CA, 0x00BFD2D9,
    0x00CDE0E7, 0x00BFD1D7, 0x00BACBD2, 0x00C4D6DC, 0x00CEDEE5, 0x00C3D5DB, 0x00C1D1D7, 0x00C8D8DF, 0x00C5D6DD,
    0x00C6D8DE, 0x00C9DAE1, 0x00C7D8DF, 0x00C6D7DE, 0x00C7D9DF, 0x00C9DAE1, 0x00CFDEE4, 0x00CEDEE3, 0x00D1E1E6,
    0x00D0DFE5, 0x00D1E0E6, 0x00D1E0E7, 0x00D0DFE5, 0x00D0E0E6, 0x00CEDEE4, 0x00CDDEE4, 0x00D0E1E7, 0x00D0DFE4,
    0x00CFDEE2, 0x00CEDDE3, 0x00CEDFE3, 0x00D0E1E7, 0x00D2E1E8, 0x00D2E2E8, 0x00D0E0E6, 0x00D1E1E7, 0x00D1E1E7,
    0x00D2E2E8, 0x00D1E2E8, 0x00D2E2E7, 0x00D1E1E7, 0x00CDDEE4, 0x00CBDBE0, 0x00CEDEE3, 0x00D0DEE4, 0x00D1E0E6,
    0x00D0E0E5, 0x00D0E0E6, 0x00D0E0E7, 0x00CFDFE6, 0x00D1E1E7, 0x00D4E3E9, 0x00D3E3E8, 0x00D4E4EA, 0x00D0E1E7,
    0x00D2E2E8, 0x00D3E3E9, 0x00D2E2E8, 0x00D2E3E9, 0x00D1E1E5, 0x00D3E2E8, 0x00D5E3E8, 0x00D2E2E6, 0x00CFE0E6,
    0x00D8E6ED, 0x00D4E4E7, 0x00D6E5EA, 0x00D5E3E7, 0x00D4E2E7, 0x00D4E3E8, 0x00D3E2E6, 0x00D6E6EC, 0x00D7E6EB,
    0x00D6E6EC, 0x00DCEAEF, 0x00D8E6EC, 0x00D5E5EA, 0x00D8E6EB, 0x00D8E6EC, 0x00D3E3E9, 0x00D6E4EA, 0x00D4E3EA,
    0x00D5E4E9, 0x00D6E5EB, 0x00D6E5EA, 0x00D9E7ED, 0x00D7E6EC, 0x00D8E7EE, 0x00D4E6EB, 0x00D5E7EC, 0x00D7E7EE,
    0x00D7E8EE, 0x00D5E6EC, 0x00DCEAF0, 0x00DBE9F0, 0x00DAE9EF, 0x00DBE9EE, 0x00DAE8EE, 0x00D9E7ED, 0x00DFEBEF,
    0x00DEEBEF, 0x00DDEAEE, 0x00DDEAEE, 0x00D9E8ED, 0x00DBE9EF, 0x00DAE8EE, 0x00D9E8EE, 0x00DBEAEF, 0x00DAE8F0,
    0x00D9EAEE, 0x00DEECF1, 0x00DBEBEF, 0x00DDECF1, 0x00DDECF3, 0x00DDECF1, 0x00DFEDF3, 0x00DDEDF0, 0x00DDECF1,
    0x00DCEBF0, 0x00DDEBF1, 0x00DAEBF1, 0x00DDECF2, 0x00DCECF1, 0x00DEECF2, 0x00DBEBF1, 0x00DDECF1, 0x00DCECF2,
    0x00DBEBF1, 0x00DFEDF3, 0x00DAEBF1, 0x00DEEDF3, 0x00DCEEF3, 0x00DCEDF3, 0x00DAEAF1, 0x00DBEBF1, 0x00D7E9F0,
    0x00D9EAF0, 0x00DAEAF1, 0x00D8EAF0, 0x00DAEBF1, 0x00D9EAF0, 0x00DAEAF2, 0x00D8EAF0, 0x00DBEBF1, 0x00DDECF2,
    0x00D7EAF2, 0x00DDEDF3, 0x00DCECF3, 0x00DBECF2, 0x00D8EAF1, 0x00D9EBF2, 0x00DAEBF2, 0x00DAEBF2, 0x00DDEDF3,
    0x00D8EBF2, 0x00D8EBF2, 0x00E0EEF5, 0x00DDEEF5, 0x00E1F0F6, 0x00DDEEF4, 0x00DDEEF5, 0x00DEEEF5, 0x00DDEEF4,
    0x00DFEFF6, 0x00DBEDF4, 0x00DFEFF5, 0x00DDEFF5, 0x00DFEFF5, 0x00DEEEF5, 0x00DFEFF6, 0x00DFEFF6, 0x00DFEFF6,
    0x00DFEFF7, 0x00DDEFF6, 0x00DEF0F6, 0x00E4F3F9, 0x00E2F2F8, 0x00E4F4F9, 0x00E0F2F8, 0x00E4F5FB, 0x00D7EDF7,
    0x00D2EBF3, 0x00D2EAF4, 0x00D4EBF4, 0x00D0E8F2, 0x00CFE6F2, 0x00D3EAF3, 0x00D3E9F3, 0x00CDE5F1, 0x00D5EAF2,
    0x00D5EBF3, 0x00D1E8F1, 0x00D5E9F3, 0x00D0E7F1, 0x00D6E9F3, 0x00D4EAF3, 0x00D3E9F1, 0x00D0E8F2, 0x00CCE5EF,
    0x00D1E7F2, 0x00CDE5F0, 0x00D3E8F3, 0x00D1E6F1, 0x00D0E6F1, 0x00D0E7F2, 0x00CAE4F0, 0x00CFE6F1, 0x00CBE5EF,
    0x00C9E4EE, 0x00CDE6F1, 0x00CCE5F0, 0x00CCE6F1, 0x00D1E7F2, 0x00CEE6F1, 0x00CCE5F0, 0x00CEE6F1, 0x00CEE6F2,
    0x00CDE6F1, 0x00D0E7F2, 0x00D1E8F3, 0x00CFE8F0, 0x00D1E7F1, 0x00D2EAF4, 0x00CEE8F1, 0x00D1EAF4, 0x00D1E9F3,
    0x00D4EAF3, 0x00D4EBF4, 0x00CEE8F1, 0x00D2E9F3, 0x00D0E8F3, 0x00D2E7F2, 0x00CFE6F1, 0x00CEE5EF, 0x00CAE2EC,
    0x00C9E0EB, 0x00C4DAE6, 0x00C1D9E4, 0x00BCD4E0, 0x00BFD7E2, 0x00BFD7E3, 0x00C9E3ED, 0x00CCE5EF, 0x00CFE6F0,
    0x00CBE5EF, 0x00CFE5F0, 0x00CEE6F0, 0x00CDE5EF, 0x00C9E1EC, 0x00CCE5F0, 0x00C9E5F0, 0x00CAE3EF, 0x00CBE4F0,
    0x00CDE5F0, 0x00C9E2EC, 0x00CEE5F0, 0x00CFE6F1, 0x00CDE5EF, 0x00CFE5F0, 0x00CCE4ED, 0x00D2E7F1, 0x00D4E8F1,
    0x00CBE4F0, 0x00CFE6F1, 0x00CFE6F1, 0x00CBE4EF, 0x00CDE6F0, 0x00D0E6F1, 0x00D1E7F3, 0x00C6E0EC, 0x00CBE3EF,
    0x00CBE2EF, 0x00CDE4F0, 0x00CDE5F0, 0x00CDE4EF, 0x00CBE3EF, 0x00CBE3EE, 0x00CCE3EE, 0x00CCE3ED, 0x00CEE3EF,
    0x00CFE7F1, 0x00CEE4F0, 0x00CCE3EE, 0x00CDE3ED, 0x00CFE5F0, 0x00CEE4EE, 0x00CAE2EC, 0x00CFE4EF, 0x00CDE4EF,
    0x00CCE2ED, 0x00CEE4EF, 0x00D2E7F1, 0x00CFE5EF, 0x00D0E5EE, 0x00D1E6F0, 0x00D1E7F2, 0x00CCE4F0, 0x00CDE4EF,
    0x00CFE6F0, 0x00CAE1EC, 0x00D1E6EF, 0x00CCE3EC, 0x00CAE0EA, 0x00C9E1EA, 0x00C7DBE3, 0x00C4D6DF, 0x00BACED6,
    0x00BED1DA, 0x00BACED8, 0x00C3D6DE, 0x00C2D7DE, 0x00C9DCE3, 0x00C9DCE3, 0x00CBDDE4, 0x00CBDDE5, 0x00CBDEE7,
    0x00C6D8E0, 0x00BFD0D7, 0x00B9CAD1, 0x00B9C8CF, 0x00BDCED4, 0x00C5D5DB, 0x00C8DAE0, 0x00C8D9E1, 0x00C5D7DD,
    0x00C6D8E0, 0x00C0D2D9, 0x00C1D2D8, 0x00C4D5DD, 0x00C5D7DE, 0x00C9D8DF, 0x00CADCE4, 0x00CCDDE4, 0x00CADAE2,
    0x00C8DAE0, 0x00C7D9DF, 0x00D0DFE5, 0x00CFDFE5, 0x00D1E1E7, 0x00D2E1E7, 0x00D2E1E8, 0x00D1E0E6, 0x00D1E2E8,
    0x00CEE1E9, 0x00D1E1E7, 0x00CFDEE4, 0x00CFDDE3, 0x00D0DFE5, 0x00D2E1E6, 0x00D1E1E5, 0x00D0E1E6, 0x00CDDDE3,
    0x00D4E3E9, 0x00D1E2E7, 0x00D3E3E9, 0x00D2E1E7, 0x00D4E4E9, 0x00D0E2E7, 0x00D0E1E7, 0x00D4E4EA, 0x00D0E1E7,
    0x00C9DCE1, 0x00C9D7DD, 0x00CDDBE0, 0x00CEDEE4, 0x00D1DFE6, 0x00D1E0E5, 0x00D0E1E6, 0x00CEDEE4, 0x00D1E2E8,
    0x00D5E5EA, 0x00CFE0E6, 0x00D3E3E9, 0x00D5E5EB, 0x00D0E1E7, 0x00D3E3E9, 0x00D0E1E7, 0x00D1E3E8, 0x00D0E1E8,
    0x00D0DFE4, 0x00D2E2E7, 0x00D1E1E7, 0x00D4E4E8, 0x00D3E3E7, 0x00D6E5EC, 0x00D3E2E6, 0x00D3E2E8, 0x00D3E2E6,
    0x00D3E1E6, 0x00D5E4EA, 0x00D4E4EA, 0x00D2E2E8, 0x00D4E4EA, 0x00D4E5EB, 0x00D5E5EA, 0x00D7E6ED, 0x00D6E5EA,
    0x00D6E4EA, 0x00D3E3E8, 0x00D4E3E9, 0x00D0E1E7, 0x00D3E4EA, 0x00D2E2E8, 0x00D2E2E9, 0x00D2E3E8, 0x00CEE1E7,
    0x00D6E6EC, 0x00D6E6EC, 0x00D1E2E9, 0x00D7E7ED, 0x00D6E6ED, 0x00D6E6EC, 0x00D7E6EC, 0x00D9E8EF, 0x00D8E8EE,
    0x00D9E9EF, 0x00D9E8ED, 0x00D7E6ED, 0x00D7E6EC, 0x00DCE9EF, 0x00D9E8EC, 0x00D9E7EC, 0x00D9E8EE, 0x00DAE9EE,
    0x00D9E9EF, 0x00D8E8ED, 0x00DAE8EE, 0x00DDEAEF, 0x00D9E9EF, 0x00DCEAF0, 0x00DCEBF1, 0x00DCEAEF, 0x00DBEAF0,
    0x00DAE9EF, 0x00DAEBF0, 0x00DEEBF2, 0x00DBE9F0, 0x00D8E9EF, 0x00DCEBF0, 0x00DDEAF0, 0x00D9EBF0, 0x00DAEAF0,
    0x00DCEBF0, 0x00DBEBF2, 0x00DCECF1, 0x00DEECF1, 0x00DBEAEF, 0x00DCEBF0, 0x00DEECF1, 0x00DFEDF1, 0x00E0EDF3,
    0x00E1EEF3, 0x00DFEDF2, 0x00D6EAF0, 0x00D7E9F0, 0x00D6E8EF, 0x00D5E8EE, 0x00DAEBF1, 0x00DCEBF2, 0x00D8E9F0,
    0x00D8EBF1, 0x00DBECF2, 0x00D9EAF1, 0x00D8EBF1, 0x00DCECF3, 0x00DAEBF2, 0x00DBEBF1, 0x00DAEBF2, 0x00DBECF3,
    0x00DBEBF3, 0x00D6E8EF, 0x00D2E7EE, 0x00DDEDF2, 0x00DCEDF3, 0x00DDEDF3, 0x00DAECF2, 0x00DDEDF4, 0x00DCEEF4,
    0x00DAECF3, 0x00E0F0F6, 0x00E0F0F7, 0x00DEEEF4, 0x00E2F2F6, 0x00E1F0F6, 0x00DAEDF4, 0x00DCEEF5, 0x00DAEDF4,
    0x00DDEFF6, 0x00D3EBF2, 0x00DEEFF5, 0x00DCEDF5, 0x00DFEFF6, 0x00DEF0F7, 0x00DDEFF5, 0x00DEF0F6, 0x00E3F2F8,
    0x00E2F1F8, 0x00E2F2F8, 0x00E4F4F9, 0x00E3F4FA, 0x00D4EDF8, 0x00D3EBF5, 0x00D4EAF5, 0x00D0E8F2, 0x00CEE7F2,
    0x00CFE7F3, 0x00D2E8F3, 0x00D3E9F3, 0x00D1EAF3, 0x00D4EAF3, 0x00D3E9F3, 0x00D5E9F2, 0x00D0E8F2, 0x00D0E7F1,
    0x00D4EAF4, 0x00D2E9F2, 0x00D3E8F2, 0x00D3E9F3, 0x00CFE7F1, 0x00D1E7F2, 0x00D0E6F1, 0x00D3E8F2, 0x00CCE5EF,
    0x00D1E6F1, 0x00D2E8F3, 0x00CEE6F0, 0x00CEE6F2, 0x00CCE4F0, 0x00CDE6F2, 0x00CAE4F0, 0x00CFE8F2, 0x00CCE5F0,
    0x00CFE6F1, 0x00CDE6F2, 0x00CCE5EF, 0x00CAE5EF, 0x00CDE6F1, 0x00CDE6F1, 0x00CEE6F0, 0x00D3E8F3, 0x00CFE7F1,
    0x00CFE7F2, 0x00CEE7F2, 0x00CBE7F1, 0x00D3EAF4, 0x00D2EAF4, 0x00D6EBF5, 0x00D4EBF5, 0x00D3EAF5, 0x00D4EBF6,
    0x00D0E9F3, 0x00CFE8F3, 0x00CDE6F2, 0x00CDE7F2, 0x00CDE6F2, 0x00CBE4EF, 0x00CCE6F1, 0x00CEE5F1, 0x00CCE4F0,
    0x00CCE5F1, 0x00C2DBE7, 0x00B8D0DD, 0x00C0D8E3, 0x00C5DCE7, 0x00CBE1ED, 0x00CCE4EF, 0x00CDE4EF, 0x00CBE4F0,
    0x00C6E2ED, 0x00CDE6F2, 0x00CBE5F1, 0x00CDE7F3, 0x00CDE6F1, 0x00CDE6F1, 0x00CEE7F1, 0x00CFE7F1, 0x00D2E6F1,
    0x00CFE5F0, 0x00CCE3ED, 0x00CEE5F0, 0x00CEE5EF, 0x00D0E7F2, 0x00C9E3EF, 0x00CBE3EF, 0x00D1E7F2, 0x00CDE6F1,
    0x00CAE4EE, 0x00CEE5F1, 0x00CDE5F0, 0x00CBE5F0, 0x00CBE4F0, 0x00CBE4F0, 0x00CCE4F0, 0x00C7E1ED, 0x00CEE5F0,
    0x00CDE5F0, 0x00CCE4EF, 0x00CBE3EF, 0x00CBE2EE, 0x00CAE3EF, 0x00CAE2EE, 0x00CDE5F0, 0x00CCE5F0, 0x00CEE5F1,
    0x00CFE5F1, 0x00D0E6F1, 0x00D1E7F1, 0x00D1E6F0, 0x00D2E7F2, 0x00CAE3EE, 0x00CBE3EF, 0x00CEE5F1, 0x00CDE5F1,
    0x00CBE4F0, 0x00CBE4F0, 0x00CDE5F1, 0x00CBE4F1, 0x00CDE5F2, 0x00CBE5F1, 0x00CDE6F1, 0x00CEE7F2, 0x00D0E7F2,
    0x00CFE7F1, 0x00CDE5F1, 0x00CBE4EF, 0x00CFE7F1, 0x00D1E8F3, 0x00CFE6F1, 0x00CCE1EC, 0x00C5DCE6, 0x00C3D9E3,
    0x00BCD1DC, 0x00C3D8E2, 0x00C3D8E1, 0x00C1D5DD, 0x00C9E0EC, 0x00C8DEEA, 0x00C9E0EC, 0x00C8DEEA, 0x00C7E0EC,
    0x00C5DBE5, 0x00C2D6DF, 0x00C2D6DF, 0x00BFD5DE, 0x00B9CDD6, 0x00B7CAD2, 0x00BBCFD7, 0x00C1D4DC, 0x00BACDD5,
    0x00BBCED5, 0x00C4D5DE, 0x00C8DBE2, 0x00C3D6DD, 0x00BFD1D7, 0x00C1D3DB, 0x00C9D9E0, 0x00C7D6DD, 0x00C7D8DD,
    0x00C7D8DE, 0x00CCDCE3, 0x00CCDDE2, 0x00CFDFE6, 0x00CFE1E7, 0x00D0E2EA, 0x00CCDFE5, 0x00CEDFE4, 0x00CEDEE3,
    0x00CDDEE5, 0x00CDDFE6, 0x00CEDFE7, 0x00D1E2E8, 0x00D0E0E5, 0x00D2E2E8, 0x00D3E4E9, 0x00D5E5EB, 0x00D3E3E9,
    0x00D6E5EB, 0x00D4E4EA, 0x00D3E2E9, 0x00D4E4EA, 0x00D4E3E9, 0x00D2E3E9, 0x00D1E2E8, 0x00D2E3E9, 0x00D2E3E8,
    0x00D1E2E7, 0x00D1E2E8, 0x00D0E0E6, 0x00D3E3E8, 0x00D0E0E6, 0x00D2E2E8, 0x00CFDFE5, 0x00D1E1E7, 0x00D1E2E9,
    0x00D5E5EA, 0x00D4E4E9, 0x00D4E3E9, 0x00D6E5EB, 0x00D7E5EA, 0x00D2E3E9, 0x00D5E5E9, 0x00D7E7ED, 0x00D8E7EB,
    0x00D4E4E8, 0x00D8E7EC, 0x00D8E7EC, 0x00D7E7EB, 0x00D3E4E8, 0x00D4E3E9, 0x00D6E6ED, 0x00D6E6EC, 0x00D5E5EB,
    0x00D6E5EB, 0x00D3E4EA, 0x00D5E5EB, 0x00D2E2E9, 0x00D4E3E9, 0x00D5E3E9, 0x00D5E3E8, 0x00D2E1E8, 0x00D0E1E7,
    0x00D0E0E6, 0x00D0E1E7, 0x00CEDFE6, 0x00D2E3E9, 0x00D1E2E8, 0x00D3E3E9, 0x00D1E2E9, 0x00D1E4E9, 0x00D8E7EE,
    0x00D6E7ED, 0x00D6E5EB, 0x00D7E6ED, 0x00D7E6ED, 0x00D7E7ED, 0x00D7E6EC, 0x00D9E8EF, 0x00D2E2E8, 0x00D6E6EC,
    0x00D6E4EB, 0x00D9E8ED, 0x00D8E6EC, 0x00D8E7ED, 0x00DDEAEF, 0x00DBE8ED, 0x00DBE9ED, 0x00D9E7ED, 0x00D6E5EB,
    0x00DBEAEF, 0x00DCEAEF, 0x00DCEAF1, 0x00DEECF2, 0x00DAE9F0, 0x00D7E8EF, 0x00D3E6EB, 0x00DBEAF0, 0x00DEEBF1,
    0x00DDECF0, 0x00DDECEF, 0x00DCEBF1, 0x00DBEBEF, 0x00D9EAEF, 0x00D8E9F0, 0x00D9EAF0, 0x00D8E9EF, 0x00DFEDF1,
    0x00DAEAF1, 0x00DAE9F0, 0x00DDECF2, 0x00DEECF1, 0x00DCEBF1, 0x00DCECF2, 0x00DCEBF1, 0x00DEEBF1, 0x00DBEBF0,
    0x00D5E7EE, 0x00D8E9EF, 0x00D6E8EE, 0x00D6E8EF, 0x00D8EAF1, 0x00DAEBF1, 0x00DBECF2, 0x00DBECF2, 0x00DCECF2,
    0x00DAEBF1, 0x00DBECF2, 0x00D7E9EF, 0x00DAEBF2, 0x00D7E9F0, 0x00D9EBF1, 0x00D7E9F0, 0x00D8E9F1, 0x00DBEBF2,
    0x00DAEAF1, 0x00DEEDF3, 0x00DAECF2, 0x00DCECF3, 0x00DCEDF3, 0x00E1F0F6, 0x00DFEFF5, 0x00DEF0F6, 0x00E1F0F7,
    0x00E2F1F7, 0x00E1F0F7, 0x00DFEFF6, 0x00DDEFF6, 0x00D8EDF4, 0x00DEEFF6, 0x00D9EDF5, 0x00DAEDF4, 0x00D6EDF4,
    0x00DAEEF5, 0x00DBEEF4, 0x00E3F1F7, 0x00E1F1F7, 0x00DFF0F7, 0x00DEF0F6, 0x00E1F2F8, 0x00E3F3FA, 0x00DFF2F9,
    0x00D2ECF6, 0x00D7EEF6, 0x00D4EBF5, 0x00D0E8F3, 0x00CEE7F3, 0x00CDE7F2, 0x00CDE6F3, 0x00D0E8F4, 0x00D4EAF4,
    0x00D1E9F4, 0x00D0E8F3, 0x00D3E8F2, 0x00CFE7F1, 0x00D0E8F2, 0x00CEE8F2, 0x00CFE6F1, 0x00CFE7F2, 0x00CEE7F0,
    0x00CFE7F2, 0x00D4E8F2, 0x00D1E6F1, 0x00CDE4F1, 0x00CBE5F0, 0x00CEE7F1, 0x00CEE5F1, 0x00CCE4F0, 0x00CAE4F0,
    0x00CDE5F0, 0x00CEE7F2, 0x00CDE7F1, 0x00CBE5F1, 0x00D0E8F2, 0x00CDE6F1, 0x00CAE4EF, 0x00CCE5F1, 0x00D0E6F2,
    0x00D0E7F2, 0x00CDE5F1, 0x00CAE4F0, 0x00C9E3EF, 0x00D1E7F3, 0x00CEE6F2, 0x00CAE5F1, 0x00CBE6F2, 0x00CDE6F2,
    0x00CBE6F1, 0x00CEE7F4, 0x00CEE7F4, 0x00D1E9F5, 0x00CCE6F2, 0x00D2EAF5, 0x00CBE5F0, 0x00C9E3EF, 0x00CEE7F3,
    0x00C7E2F1, 0x00CAE4F2, 0x00CAE4F2, 0x00CAE4F2, 0x00C8E3F2, 0x00CFE5F4, 0x00CEE7F2, 0x00CEE6F2, 0x00C3DDE9,
    0x00C3DCE7, 0x00C2D8E3, 0x00C2D9E4, 0x00C3DCE6, 0x00CBE4F0, 0x00C8E4F1, 0x00CBE4F3, 0x00C9E4F1, 0x00CAE4F1,
    0x00CBE5F2, 0x00CEE6F2, 0x00D0E7F2, 0x00CDE5F0, 0x00CFE6F2, 0x00CDE5EF, 0x00D0E6F1, 0x00CFE5F1, 0x00CCE5EF,
    0x00CDE4F0, 0x00D0E6F1, 0x00CFE6F0, 0x00CEE6F1, 0x00CCE5F0, 0x00CCE4F0, 0x00CEE6F1, 0x00CDE6F0, 0x00CDE6F1,
    0x00CAE4EF, 0x00CDE6F1, 0x00CCE4F0, 0x00CAE3EF, 0x00C9E2EF, 0x00CCE3F0, 0x00C8E2EE, 0x00CAE3EF, 0x00CBE4EF,
    0x00C9E3EE, 0x00CBE3EF, 0x00CAE3EF, 0x00CCE5F0, 0x00C9E2EE, 0x00CBE4EF, 0x00CDE4F1, 0x00CDE5F0, 0x00CDE4F0,
    0x00CBE4F0, 0x00CCE4EF, 0x00CAE2EE, 0x00CAE2EE, 0x00C9E2EE, 0x00C9E2EF, 0x00CAE4F0, 0x00CBE4F1, 0x00C7E1EF,
    0x00CFE7F2, 0x00CDE6F1, 0x00CEE6F2, 0x00C7E2EF, 0x00CFE8F2, 0x00D0E8F2, 0x00CFE8F3, 0x00CEE8F3, 0x00CCE5F1,
    0x00CCE5F1, 0x00CBE5F0, 0x00CCE5F0, 0x00CCE4F0, 0x00CBE4F0, 0x00CAE3EE, 0x00CAE3EF, 0x00CAE2EE, 0x00C9E0EC,
    0x00CAE2EE, 0x00C8E0EE, 0x00C7DFED, 0x00CBE3EF, 0x00CAE2F0, 0x00C7E2F0, 0x00CBE3F1, 0x00C9E2F0, 0x00C8E1EE,
    0x00C9E1EE, 0x00CAE0EC, 0x00C7DDE9, 0x00C5DCE7, 0x00C6DCE8, 0x00BDD4DF, 0x00B8D0DB, 0x00B2C8D2, 0x00BFD2DB,
    0x00C3D6DD, 0x00C2D5DD, 0x00C7D9E1, 0x00C6D7E0, 0x00BBCED6, 0x00BACDD6, 0x00BBCED5, 0x00C7D8DE, 0x00C0D2DA,
    0x00C5D6DD, 0x00C3D4DA, 0x00C5D6DD, 0x00C7D7DE, 0x00CADCE2, 0x00CDDFE3, 0x00D2E2E6, 0x00D2E1E5, 0x00CDDEE3,
    0x00CDDFE5, 0x00CDDFE5, 0x00CDDEE5, 0x00CEDFE6, 0x00D0E1E7, 0x00D1E0E6, 0x00D0E1E7, 0x00D1E1E7, 0x00CFDFE5,
    0x00CCDCE2, 0x00D0DFE4, 0x00CFDFE5, 0x00D3E3E9, 0x00D5E5EB, 0x00D3E5EB, 0x00D2E3E9, 0x00D2E3EA, 0x00D3E3EA,
    0x00D2E4EA, 0x00D2E2E8, 0x00D7E6EC, 0x00D4E4EA, 0x00D1E2E8, 0x00CDDFE5, 0x00D3E4EA, 0x00D2E3E9, 0x00CEE0E6,
    0x00CFE2E8, 0x00D4E4EA, 0x00D3E2E8, 0x00D3E4EA, 0x00D6E6EC, 0x00D0E1E6, 0x00D7E6EB, 0x00D4E4EA, 0x00D5E5E9,
    0x00D4E4E9, 0x00D4E4E9, 0x00D2E3E7, 0x00D0E1E7, 0x00D4E4EA, 0x00D5E4EA, 0x00D1E1E7, 0x00D1E1E7, 0x00D0DFE5,
    0x00D7E5EB, 0x00D3E3E9, 0x00D5E4EA, 0x00D3E3E9, 0x00D2E1E6, 0x00CDE0E5, 0x00D1E1E7, 0x00D1E0E6, 0x00D0E0E7,
    0x00D1E2E8, 0x00D4E3E9, 0x00D1E2E8, 0x00D0E2E9, 0x00D5E5EC, 0x00D6E6ED, 0x00D2E1E7, 0x00D3E3E9, 0x00D6E5EB,
    0x00D6E4EB, 0x00D4E3E9, 0x00D6E4EB, 0x00D8E6EC, 0x00D5E4EB, 0x00D6E5EC, 0x00D5E4EB, 0x00D7E6EC, 0x00D9E7ED,
    0x00D9E7ED, 0x00D9E7ED, 0x00D8E7EC, 0x00D8E8EE, 0x00D7E7EC, 0x00DAE7ED, 0x00DAE8EF, 0x00D5E6EC, 0x00D8E7ED,
    0x00D8E8EE, 0x00D7E7EE, 0x00DAE9EF, 0x00DAEAF0, 0x00DCEBF1, 0x00DAEAF0, 0x00DAEAF0, 0x00DBEAF0, 0x00DAE9EF,
    0x00D6E7EE, 0x00DAE9EF, 0x00D9E9EF, 0x00DCEBF1, 0x00D7E7EE, 0x00D4E6EC, 0x00DAE9F0, 0x00DCEAEF, 0x00DAE9EF,
    0x00DBEAF0, 0x00D1E5EB, 0x00D9E9EF, 0x00DAE9F1, 0x00DAEAF1, 0x00D9E9EE, 0x00D8E9EF, 0x00D8E9EF, 0x00DBEBF2,
    0x00DCEBF1, 0x00D8E9F0, 0x00D8EAF0, 0x00DCECF3, 0x00DCECF2, 0x00DBECF3, 0x00D9EAF1, 0x00DAEBF2, 0x00DAEBF1,
    0x00D9E9F0, 0x00DAEBF2, 0x00DBECF3, 0x00DAEAF1, 0x00D8E9F0, 0x00DBEBF1, 0x00DBECF3, 0x00DEEDF4, 0x00DDEEF4,
    0x00DBECF3, 0x00DCEDF4, 0x00E1F0F6, 0x00DCEEF5, 0x00E1F0F7, 0x00D9E9EF, 0x00D9EBF1, 0x00DDEFF6, 0x00DCEFF6,
    0x00DCEEF5, 0x00DBEEF6, 0x00D9EDF4, 0x00DEEFF7, 0x00DDF0F6, 0x00DEEFF5, 0x00DDEFF6, 0x00DDF0F5, 0x00DFF0F7,
    0x00E0F1F8, 0x00DFF1F8, 0x00E3F3FA, 0x00E1F3F9, 0x00E1F3F9, 0x00D0EBF6, 0x00D2EAF6, 0x00D2EBF6, 0x00CDE7F3,
    0x00CDE7F4, 0x00CDE6F2, 0x00CFE8F4, 0x00CDE6F0, 0x00D2EBF4, 0x00CEE6F2, 0x00CEE7F2, 0x00CCE5F1, 0x00CEE7F2,
    0x00CAE5F0, 0x00D2E8F3, 0x00D2E8F2, 0x00D3E9F3, 0x00D1E8F3, 0x00CFE7F1, 0x00D3E8F3, 0x00C8E2ED, 0x00CAE3EF,
    0x00CCE5F1, 0x00CEE6F2, 0x00CAE4F0, 0x00CCE5F1, 0x00D0E8F3, 0x00CAE4F0, 0x00CDE5F2, 0x00C9E5F1, 0x00C5E2F1,
    0x00CFE8F2, 0x00D0E7F2, 0x00CEE6EF, 0x00CCE5F0, 0x00CDE5F1, 0x00CCE4EF, 0x00CEE6F1, 0x00CBE4F0, 0x00CDE6F2,
    0x00D3E8F3, 0x00C9E3F1, 0x00CDE6F3, 0x00C9E6F3, 0x00C3E2F1, 0x00CCE6F3, 0x00CCE5F2, 0x00CCE7F4, 0x00CFE7F3,
    0x00D1EAF5, 0x00CFE8F5, 0x00CDE6F3, 0x00D0E9F5, 0x00C8E2F0, 0x00C6E3F2, 0x00C3E1F1, 0x00C4E1F1, 0x00C5E1F0,
    0x00C4E0EE, 0x00CBE4F2, 0x00CBE5F3, 0x00CDE5F3, 0x00CAE4F1, 0x00D0E8F4, 0x00D1E8F4, 0x00D0E8F3, 0x00CCE2EB,
    0x00BED5E0, 0x00C6DDE7, 0x00CBE3EE, 0x00C7E4F2, 0x00C8E2F1, 0x00C8E1EF, 0x00C9E2EE, 0x00CBE5EF, 0x00CBE5F0,
    0x00C7E2ED, 0x00D0E6F1, 0x00D0E6F1, 0x00CEE5F0, 0x00CBE3EE, 0x00CCE3EE, 0x00CAE4EE, 0x00CFE5F0, 0x00CBE4F0,
    0x00CAE4EF, 0x00CDE6F1, 0x00CCE4F0, 0x00D0E7F2, 0x00CFE7F2, 0x00C9E3F0, 0x00CBE3F0, 0x00CCE4F2, 0x00C7E2EF,
    0x00C9E3F0, 0x00C9E3EF, 0x00CCE5F0, 0x00CBE4EF, 0x00C9E3F1, 0x00CBE4F0, 0x00CBE3F1, 0x00CAE4F0, 0x00CAE2EF,
    0x00CBE5F1, 0x00CDE4F0, 0x00D0E7F3, 0x00CCE4F0, 0x00C9E2EF, 0x00C8E1EF, 0x00CBE3F1, 0x00C8E1EE, 0x00C8E2EE,
    0x00C8E2EF, 0x00CAE3F1, 0x00CAE4F0, 0x00C9E3F0, 0x00C4DFED, 0x00CAE4F1, 0x00D3E9F4, 0x00D0E8F2, 0x00CBE4F1,
    0x00CEE7F2, 0x00CAE4F0, 0x00CAE4F0, 0x00CBE5F1, 0x00CEE6F2, 0x00CCE6F2, 0x00CCE6F1, 0x00CAE4F0, 0x00CEE7F2,
    0x00CDE5F1, 0x00CFE7F2, 0x00CDE5F0, 0x00C9E2EE, 0x00CAE3EF, 0x00CCE3F0, 0x00C9E2ED, 0x00CCE4EF, 0x00CEE7F2,
    0x00C6E1EE, 0x00C9E3F1, 0x00C7E0EF, 0x00C8E2F1, 0x00C8E2F0, 0x00CDE4F2, 0x00CCE4F1, 0x00CEE4F1, 0x00CDE4F2,
    0x00CCE4F2, 0x00CCE4F1, 0x00CBE3F1, 0x00C6DFEC, 0x00BFD7E6, 0x00B4CCDA, 0x00B1CAD7, 0x00B3CCDB, 0x00BFD5E3,
    0x00C3DAE8, 0x00C5DCE9, 0x00C5DCE7, 0x00C3D9E5, 0x00C6DCE6, 0x00C1D7E2, 0x00BBD0DC, 0x00BCD2DE, 0x00C2D8E5,
    0x00BFD4E0, 0x00C0D4DE, 0x00BFD2DD, 0x00BFD0D8, 0x00C9D9E0, 0x00CBDCE3, 0x00C9DBE2, 0x00C8DBE1, 0x00CADDE5,
    0x00CCDCE4, 0x00CBDEE6, 0x00C2D5DD, 0x00C9DAE1, 0x00C5D7DD, 0x00CBDCE3, 0x00C9DAE1, 0x00C7D9E1, 0x00CBDAE2,
    0x00CDDDE5, 0x00CEDDE4, 0x00CCDCE3, 0x00CEDDE4, 0x00D2E0E7, 0x00CEDEE5, 0x00CFDFE6, 0x00D5E4EB, 0x00D0E1E8,
    0x00D3E4EA, 0x00D0E1E7, 0x00CEE0E6, 0x00CFE1E8, 0x00D1E3E8, 0x00D3E5EB, 0x00D8E7ED, 0x00D4E5EB, 0x00D2E4E9,
    0x00D8E8EE, 0x00D5E6EB, 0x00D4E5EB, 0x00D3E4EA, 0x00D1E2E7, 0x00D3E4EA, 0x00D7E8EE, 0x00D4E6EC, 0x00CFE2E7,
    0x00D5E5EB, 0x00D5E4EB, 0x00D4E4EA, 0x00D4E4E9, 0x00D3E2E8, 0x00D3E2E8, 0x00D5E4EA, 0x00D4E3EA, 0x00D4E3E9,
    0x00D2E1E7, 0x00D6E5E9, 0x00D1E1E7, 0x00CFE0E7, 0x00D1E3E8, 0x00D2E1E7, 0x00D3E2EA, 0x00D1E2E8, 0x00CFE0E7,
    0x00D1E1E7, 0x00D3E2E7, 0x00D2E1E6, 0x00D4E3EA, 0x00D9E6EC, 0x00D6E4E9, 0x00D1E0E4, 0x00D1E0E5, 0x00D5E4EB,
    0x00D8E7ED, 0x00D4E4EA, 0x00CEE0E7, 0x00D7E7ED, 0x00D9E7ED, 0x00D9E8ED, 0x00D8E5EB, 0x00D4E4EA, 0x00D5E4EA,
    0x00D8E6EA, 0x00DAE7EC, 0x00DAE8EE, 0x00D6E6EC, 0x00D7E6ED, 0x00D6E7EC, 0x00DAE9EE, 0x00D6E6EC, 0x00D6E7ED,
    0x00D4E6EB, 0x00D7E6ED, 0x00D4E6EC, 0x00DAE8EF, 0x00D9E9F0, 0x00D9E9EF, 0x00DAE9EF, 0x00D9E9EF, 0x00DBEAF0,
    0x00DEEEF1, 0x00D6E7ED, 0x00DBE9EF, 0x00DCEBF0, 0x00D3E6EC, 0x00DAE8EF, 0x00DAEAF0, 0x00D6E7ED, 0x00D7E9EF,
    0x00DBEAEF, 0x00DAE9EF, 0x00D6E7EC, 0x00D7E8EF, 0x00D7E8EF, 0x00D9E9F0, 0x00D9EBF0, 0x00D8EAF0, 0x00D8E9F0,
    0x00D9EBF1, 0x00D6E9EF, 0x00D9EBF2, 0x00DBEBF3, 0x00DDECF3, 0x00D7EAF0, 0x00DAEBF1, 0x00DBECF3, 0x00DAEBF1,
    0x00D9EAF0, 0x00DCEBF2, 0x00DBEDF3, 0x00DDECF3, 0x00D8EAF1, 0x00DBEDF3, 0x00DAEDF3, 0x00DFEFF7, 0x00DEF0F6,
    0x00DDEEF6, 0x00C8D4D9, 0x00BFC9CE, 0x00DCEDF5, 0x00DFF2F8, 0x00DFF0F7, 0x00DEEFF6, 0x00DBEEF5, 0x00DEEFF7,
    0x00DBEEF5, 0x00DBEEF5, 0x00DDEFF6, 0x00DBEEF5, 0x00DEF0F6, 0x00DEF0F7, 0x00DBF0F6, 0x00E0F2F9, 0x00E1F2F9,
    0x00DFF2F8, 0x00D1EBF6, 0x00D2EAF6, 0x00D2EAF5, 0x00D1E9F4, 0x00CEE7F3, 0x00CEE7F3, 0x00CEE7F2, 0x00D1E9F3,
    0x00D0EAF3, 0x00CBE6F2, 0x00CFE7F3, 0x00CBE5F0, 0x00CCE6F2, 0x00CDE7F2, 0x00CEE6F1, 0x00CAE4F2, 0x00CAE5F1,
    0x00CEE7F2, 0x00CFE7F2, 0x00CFE6F2, 0x00CBE4F1, 0x00CBE5F1, 0x00CBE5F1, 0x00CEE6F2, 0x00CCE5F2, 0x00CAE4F1,
    0x00CAE4F1, 0x00CCE6F1, 0x00CBE5F2, 0x00CBE5F1, 0x00CDE8F3, 0x00CBE6F2, 0x00CBE5F1, 0x00CDE5F1, 0x00CBE4F1,
    0x00CDE3F0, 0x00CBE5F1, 0x00CBE3EF, 0x00CDE6F1, 0x00CDE6F2, 0x00CFE7F4, 0x00C8E3F2, 0x00CAE4F2, 0x00CBE5F3,
    0x00C5DDE9, 0x00C9E3F1, 0x00CAE3EF, 0x00CCE6F3, 0x00C7E1EF, 0x00C9E4F2, 0x00CAE5F2, 0x00CCE6F3, 0x00CBE6F4,
    0x00C7E1EE, 0x00C5E1EF, 0x00C9E5F2, 0x00CDE6F3, 0x00CBE4F2, 0x00CCE5F3, 0x00C7E1EF, 0x00C6E0EE, 0x00CDE6F2,
    0x00CEE6F2, 0x00CEE3ED, 0x00C7DAE4, 0x00BED2DB, 0x00C6DAE4, 0x00C8DDE8, 0x00CBE1EC, 0x00C8DFEA, 0x00CAE3EF,
    0x00CAE3F0, 0x00CAE4F1, 0x00CAE3F0, 0x00CCE5F1, 0x00CDE6F1, 0x00CAE3EF, 0x00CDE5EF, 0x00CEE4EF, 0x00CBE3EE,
    0x00CBE3EE, 0x00CCE4EE, 0x00CBE4EF, 0x00CCE4EF, 0x00CEE6F1, 0x00CEE5F0, 0x00CDE4F1, 0x00CCE4F0, 0x00CBE5F1,
    0x00CEE5F1, 0x00CBE4F0, 0x00CFE6F2, 0x00CEE5F2, 0x00CBE5F1, 0x00CDE5F1, 0x00CDE6F2, 0x00CCE4F1, 0x00CCE4F1,
    0x00C8E2F0, 0x00CCE3F0, 0x00C7E2F0, 0x00C8E2F0, 0x00C8E2F0, 0x00C9E3F0, 0x00CCE4F1, 0x00CEE5F1, 0x00CBE4F1,
    0x00CCE5F0, 0x00CCE5F1, 0x00C8E1ED, 0x00CAE3F0, 0x00C8E2EF, 0x00C6E0ED, 0x00C7E1EE, 0x00CAE2EF, 0x00C5DFEF,
    0x00C6DFEF, 0x00C7E1F0, 0x00C9E3F2, 0x00C4DFEF, 0x00C6DFEF, 0x00C4DEED, 0x00C4DEED, 0x00C8E2F0, 0x00C9E3F2,
    0x00C6E0F1, 0x00C4DEEF, 0x00C8E2F0, 0x00C4DEED, 0x00C9E2F0, 0x00CAE3F1, 0x00CBE3F0, 0x00CEE5F2, 0x00CBE3F0,
    0x00CCE4F1, 0x00CDE5F2, 0x00C9E3F0, 0x00CDE4F1, 0x00CAE2F0, 0x00C8E2F0, 0x00C8E2F0, 0x00C6E0F0, 0x00C4DEEF,
    0x00C6DFF1, 0x00C6DFF0, 0x00C5DFF0, 0x00CAE2F2, 0x00C9E1F2, 0x00CAE2F1, 0x00C8E0F1, 0x00CBE3F3, 0x00CAE2F2,
    0x00C7E1F1, 0x00C6DFEF, 0x00C5DEEE, 0x00C1DBEC, 0x00C6DFEF, 0x00C8E0F0, 0x00CCE3F2, 0x00CDE4F2, 0x00CCE3F2,
    0x00CBE3F1, 0x00CCE3F2, 0x00C8E0EF, 0x00C8E1F0, 0x00C4DDEE, 0x00C7E0EF, 0x00C7DFEF, 0x00BFDAEA, 0x00C5DEED,
    0x00C3DBEA, 0x00C7DFEC, 0x00C6DDEA, 0x00C5DCE8, 0x00C6DCE9, 0x00C5DCE9, 0x00C2DAE8, 0x00C5DCE9, 0x00C4DBE7,
    0x00C5DCE8, 0x00C7DEE9, 0x00C7DEEA, 0x00C5DDE9, 0x00C6DBEA, 0x00C7DDEA, 0x00C5DCE9, 0x00C3D9E7, 0x00C6DBE7,
    0x00CADDE8, 0x00CBDEE8, 0x00C8DDE8, 0x00CDDFE9, 0x00D0E3EA, 0x00D1E3EB, 0x00D3E4EC, 0x00CFE2EB, 0x00D0E3EB,
    0x00D1E3EC, 0x00D5E6EE, 0x00D3E5ED, 0x00D4E6ED, 0x00D3E5EB, 0x00D6E6ED, 0x00D5E7ED, 0x00D3E5EC, 0x00D4E6ED,
    0x00D5E7ED, 0x00D4E6EC, 0x00D1E3EA, 0x00D0E2EA, 0x00D4E5EB, 0x00D4E5EC, 0x00D3E4EB, 0x00D6E6EC, 0x00D3E4EA,
    0x00D3E3E9, 0x00D6E6EB, 0x00D5E5EA, 0x00D5E4EA, 0x00D4E4EA, 0x00D3E3E9, 0x00D6E4EA, 0x00D3E4EA, 0x00D2E3E9,
    0x00D5E5EA, 0x00D2E3E8, 0x00D7E5EC, 0x00D3E3EA, 0x00D5E5EA, 0x00D5E5EB, 0x00D6E5EB, 0x00D7E6EB, 0x00D6E5EB,
    0x00D9E7ED, 0x00D6E7ED, 0x00D3E5EA, 0x00D7E8EE, 0x00D7E7ED, 0x00D6E6ED, 0x00D6E5EC, 0x00D4E4EA, 0x00D4E5EB,
    0x00D8E7ED, 0x00D8E7EC, 0x00D4E4E9, 0x00D3E4EA, 0x00D4E3EA, 0x00D1E3E9, 0x00D6E6EC, 0x00D7E6EC, 0x00D7E6EC,
    0x00D6E6EB, 0x00D9E7ED, 0x00D8E6EC, 0x00D5E6EC, 0x00D6E6EC, 0x00D5E6EC, 0x00D6E6ED, 0x00D6E7ED, 0x00D5E5ED,
    0x00D4E6EC, 0x00D9E7EE, 0x00D5E7ED, 0x00D5E7ED, 0x00D6E6ED, 0x00D5E6EC, 0x00D9E8EF, 0x00D5E7ED, 0x00D6E7ED,
    0x00D8E7EE, 0x00D7E7ED, 0x00D7E8EE, 0x00D7E8EF, 0x00D9E9EF, 0x00DAE9F0, 0x00D8E8EE, 0x00D8E9EE, 0x00DDECF1,
    0x00DDECF1, 0x00D9E9F0, 0x00D8E9EF, 0x00DCEBF2, 0x00DAEBF1, 0x00D8EAF0, 0x00D9EBF1, 0x00DAEBF2, 0x00D9EAF0,
    0x00DAEBF2, 0x00DAECF1, 0x00DDEDF3, 0x00DAEBF2, 0x00D8EAF0, 0x00DDEDF2, 0x00DBEAF0, 0x00DBECF2, 0x00DDECF3,
    0x00D9EBF2, 0x00DFEFF5, 0x00DCEEF5, 0x00DEEEF6, 0x00DFF1F7, 0x00CEDCE1, 0x00C0C9CD, 0x00CDDDE2, 0x00D6E6ED,
    0x00CCD9DF, 0x00CDD9DD, 0x00DAEBF1, 0x00DEF1F7, 0x00DDF0F7, 0x00DBEEF5, 0x00DCEFF5, 0x00DDEFF5, 0x00DDEFF6,
    0x00DFF0F7, 0x00DFF1F8, 0x00DCEFF5, 0x00DFF0F7, 0x00DCF0F7, 0x00DCEFF6, 0x00D3ECF7, 0x00D4EBF6, 0x00D2EAF6,
    0x00CFE8F4, 0x00D0E9F4, 0x00CCE6F2, 0x00D2E9F4, 0x00D0E8F4, 0x00CDE6F3, 0x00CAE5F0, 0x00CCE5F3, 0x00CAE5F1,
    0x00CAE5F1, 0x00CAE4F2, 0x00CAE4F0, 0x00C9E4F1, 0x00CAE5F2, 0x00CDE5F1, 0x00C9E2EE, 0x00CBE5F2, 0x00CCE5F1,
    0x00CCE5F2, 0x00CBE5F2, 0x00CCE5F2, 0x00C6E2F0, 0x00C6E1F0, 0x00C6E2F1, 0x00CBE4F2, 0x00C2DFED, 0x00C9E4F2,
    0x00CBE6F2, 0x00C8E3EF, 0x00BCD2DF, 0x00B4CAD5, 0x00C0D8E2, 0x00C8E0EC, 0x00C8E3F1, 0x00C8E1EF, 0x00C6E2F0,
    0x00C9E4F3, 0x00C8E4F4, 0x00C5E2EF, 0x00CAE4F1, 0x00BFD4DE, 0x00ADBDC6, 0x00ABC0C9, 0x00CAE4F0, 0x00CAE3F1,
    0x00B9CEDB, 0x00B9CFDB, 0x00B9D2DE, 0x00CBE6F4, 0x00C6E1EC, 0x00B2CBD8, 0x00BBD5E3, 0x00CBE5F3, 0x00C4DEED,
    0x00C3DCEB, 0x00B5CFE0, 0x00ACC6DD, 0x00B1CBE1, 0x00B7D1E3, 0x00C0D8E8, 0x00B9CEDF, 0x00B1C8DB, 0x00BAD0DD,
    0x00B9CBD7, 0x00B3C7D1, 0x00BACED7, 0x00C3D9E6, 0x00BAD1DB, 0x00BAD2DD, 0x00C2DBE5, 0x00CEE6F1, 0x00CBE4F0,
    0x00CAE3EF, 0x00CBE3F0, 0x00CAE3EE, 0x00C8E1ED, 0x00CCE4EE, 0x00CEE5F0, 0x00CBE3EF, 0x00CBE5EF, 0x00CAE3EF,
    0x00CEE6F1, 0x00D0E6F1, 0x00CEE6F0, 0x00CDE5F1, 0x00C7E2F0, 0x00CCE4F1, 0x00CDE6F2, 0x00CFE6F2, 0x00CCE4F1,
    0x00CFE6F3, 0x00CBE3EF, 0x00CAE2F1, 0x00CBE4F2, 0x00CCE5F1, 0x00CDE6F2, 0x00CFE6F3, 0x00CAE4F1, 0x00CDE6F2,
    0x00CDE5F2, 0x00CFE7F2, 0x00CDE5F1, 0x00CEE5F2, 0x00CBE4F0, 0x00CAE4F0, 0x00C8E1EF, 0x00C9E2EF, 0x00C2DCED,
    0x00B9D6E8, 0x00C0DBEC, 0x00BEDAEE, 0x00B3CFE8, 0x00AAC9EA, 0x00A5C5E7, 0x00A5C7E9, 0x00A5C6E8, 0x00A4C5E7,
    0x00A2C2E6, 0x009FC0E5, 0x00A1C2E7, 0x00A3C3E7, 0x00ACCBE9, 0x00B7D5EF, 0x00B5D2EB, 0x00BED9ED, 0x00C1DAED,
    0x00C3DDEF, 0x00B1CEE8, 0x00A5C4E3, 0x00ADC9E6, 0x00ABC9E6, 0x00AAC7E4, 0x00B6D2E9, 0x00BBD6EC, 0x00C5DFF0,
    0x00C6E0F0, 0x00C6E0EF, 0x00C7E0F0, 0x00C2DBF0, 0x00BFDBF1, 0x00BEDAEF, 0x00C0DBEF, 0x00BAD7EE, 0x00BED9EE,
    0x00B9D6EE, 0x00B4D1EB, 0x00B4D1EB, 0x00B0CDE9, 0x00B2D0EA, 0x00BAD5EC, 0x00C3DCF2, 0x00C3DDEF, 0x00C6DFF3,
    0x00C8E2F3, 0x00C4DDF0, 0x00BDD9EE, 0x00BAD7EC, 0x00BEDBED, 0x00C1DBEF, 0x00BEDAED, 0x00C3DEF0, 0x00BFDAED,
    0x00C5DFF1, 0x00C5DFEF, 0x00C5E0F2, 0x00C3DEEE, 0x00C4DFF0, 0x00BDDAEB, 0x00C8E2F0, 0x00C8E0EF, 0x00C9E1EF,
    0x00C8DFEE, 0x00CAE2EE, 0x00CBE0ED, 0x00CBE1ED, 0x00CBE0EC, 0x00CBE1ED, 0x00CDE1EE, 0x00C8DFED, 0x00C9DFED,
    0x00CAE0EE, 0x00CAE0EE, 0x00CBE1EE, 0x00CBE1EF, 0x00C9E1EE, 0x00C8DFED, 0x00C9E0ED, 0x00C7DFED, 0x00C9DFED,
    0x00CBE0EC, 0x00CDE3EE, 0x00CEE1ED, 0x00CDE3EC, 0x00D0E4EE, 0x00CBE0EB, 0x00CAE1EB, 0x00CDE2ED, 0x00CBE0EB,
    0x00D0E5ED, 0x00CFE4ED, 0x00D2E5ED, 0x00CDE2EC, 0x00D3E7F0, 0x00D0E4ED, 0x00CEE2EB, 0x00D0E5EE, 0x00C2DBE9,
    0x00C4DBE6, 0x00C9DEE8, 0x00C8DEE7, 0x00CBDFE8, 0x00CCE0E9, 0x00CADFE9, 0x00C9DFE8, 0x00C6DDE7, 0x00CADFE9,
    0x00CBDFE8, 0x00CFE2EC, 0x00CFE3EC, 0x00CDE2EA, 0x00CBE1E8, 0x00D6E6ED, 0x00D5E8ED, 0x00D8E9EF, 0x00D6E8EE,
    0x00D8E9EF, 0x00D4E6ED, 0x00D6E8EF, 0x00D3E5EC, 0x00D7E6ED, 0x00D4E6EC, 0x00D9E7ED, 0x00D6E7ED, 0x00D7E7ED,
    0x00D7E8EE, 0x00D3E7EE, 0x00D0E5ED, 0x00D2E5EC, 0x00D0E5EB, 0x00D3E6ED, 0x00D5E6ED, 0x00D5E7ED, 0x00D5E7EC,
    0x00D5E6ED, 0x00D6E6EB, 0x00D9E6ED, 0x00D5E5EB, 0x00D6E7ED, 0x00D8E8EE, 0x00D8E7ED, 0x00D8E8ED, 0x00D3E7EC,
    0x00D6E7ED, 0x00D5E6EC, 0x00D8E8ED, 0x00D8E7EC, 0x00D7E7ED, 0x00D6E7ED, 0x00D7E7ED, 0x00D7E8EE, 0x00D7E8EE,
    0x00DAE9EE, 0x00D5E6ED, 0x00DDEAEF, 0x00D7E7EE, 0x00D8E8EF, 0x00D5E6ED, 0x00D8E8EE, 0x00DAE9EF, 0x00D8E8EE,
    0x00D8E9EE, 0x00DBEAF0, 0x00DAEAF0, 0x00D9EAEE, 0x00DDEAEF, 0x00DCEBF2, 0x00D8E9F0, 0x00DAEBF1, 0x00D8E8EF,
    0x00D8EBF1, 0x00D3E6ED, 0x00DAEBF2, 0x00D5E7EE, 0x00D5E8EF, 0x00D9EAF1, 0x00DAEAF0, 0x00DBEBF3, 0x00D8EBF1,
    0x00DAECF2, 0x00D9EBF1, 0x00DAECF2, 0x00D9EAF0, 0x00DEEEF5, 0x00D7E9F0, 0x00DEEEF5, 0x00D7ECF3, 0x00E1F2F8,
    0x00D3E1E7, 0x00BDC5C9, 0x00CCDADF, 0x00D3E3EA, 0x00D2E4E9, 0x00C3CDD2, 0x00C3CED1, 0x00DAEBEF, 0x00E0F2F9,
    0x00E0F0F6, 0x00DAEEF4, 0x00DDEFF5, 0x00D9ECF5, 0x00DAEEF4, 0x00DEF0F6, 0x00DEF0F7, 0x00DEF1F7, 0x00E0F1F7,
    0x00D7EBF2, 0x00DCF2F8, 0x00D2ECF7, 0x00D2EAF6, 0x00D1EAF6, 0x00CCE7F3, 0x00CEE8F4, 0x00CFE9F4, 0x00CFE7F4,
    0x00CCE6F2, 0x00CFE7F3, 0x00D0E8F2, 0x00CFE7F3, 0x00CDE6F1, 0x00CBE5F2, 0x00CBE5F1, 0x00CEE7F2, 0x00CDE6F3,
    0x00CCE6F0, 0x00CCE5F1, 0x00CDE8F2, 0x00CCE5F1, 0x00CAE4F1, 0x00CAE5F1, 0x00CAE3F1, 0x00C7E2F0, 0x00C9E4F2,
    0x00C7E2EF, 0x00C5E0ED, 0x00C8E2EF, 0x00CBE6F3, 0x00C8E4F2, 0x00C2DDEB, 0x00B0C7D2, 0x00A9BCC7, 0x00A4B7C1,
    0x00A7BBC5, 0x00AABFC9, 0x00BDD6E2, 0x00B8D0DB, 0x00C1DBE8, 0x00B4CDD9, 0x00BAD3E0, 0x00AABFC8, 0x00A8BBC4,
    0x00A2B4BB, 0x009FB0BA, 0x0099ACB3, 0x00ABBFC8, 0x00C4DDE8, 0x00C7E2F0, 0x00C3DBE9, 0x00C6DFEC, 0x00CDE7F5,
    0x00CEE7F4, 0x00CBE6F3, 0x00CAE4F3, 0x00C8E2F2, 0x00C9E4F3, 0x00C6E3F1, 0x00BED9ED, 0x00A8C9E6, 0x009EC0E5,
    0x00AACAE5, 0x00C4E1F2, 0x00C5E0F3, 0x00C3DEF1, 0x00C7E2F4, 0x00C5E0F3, 0x00C5DFF2, 0x00C0DAEA, 0x00BED7E8,
    0x00BED6E6, 0x00B9D0DE, 0x00BED5E3, 0x00CAE2F0, 0x00C9E0EE, 0x00D0E7F3, 0x00CFE7F3, 0x00CEE6EF, 0x00C7E1EC,
    0x00CBE3EE, 0x00CDE4EE, 0x00CAE3EE, 0x00CCE4F0, 0x00CAE4EF, 0x00CCE3F0, 0x00C8E2EE, 0x00CAE3EF, 0x00D0E7F2,
    0x00CCE6F1, 0x00D1E8F3, 0x00CEE6F2, 0x00CBE4F1, 0x00CAE4F1, 0x00C9E3EF, 0x00CFE7F3, 0x00CFE6F2, 0x00CBE4F1,
    0x00CCE5F2, 0x00CFE6F3, 0x00CDE5F1, 0x00CEE5F2, 0x00CCE4F1, 0x00CAE4F1, 0x00C9E3F1, 0x00C9E3F2, 0x00C5DEEF,
    0x00BED8EC, 0x00B8D3EB, 0x00BBD6ED, 0x00BDD7EF, 0x00B6D3ED, 0x00BBD7EE, 0x00C3DBEE, 0x00C8E1F1, 0x00C7DFEF,
    0x00C6DEEE, 0x00C1DBEF, 0x00BFDAEF, 0x00C2DEF1, 0x00BDDBEE, 0x00BBD8ED, 0x00BDD8ED, 0x00BDD8ED, 0x00BED9EE,
    0x00BFDAEF, 0x00C1DCF0, 0x00C4E0EF, 0x00C4DEEF, 0x00C7DEED, 0x00C5DEEF, 0x00C7DFEF, 0x00C2DCED, 0x00B6D2EA,
    0x00AFCCE9, 0x0092B5E0, 0x008FB1DE, 0x0092B4E1, 0x009DBCE2, 0x00A2C0E4, 0x00AAC8E7, 0x00BDD9EE, 0x00C1DAEE,
    0x00BEDAEE, 0x00C0DCEF, 0x00BED9F0, 0x00BCDAEF, 0x00C1DBF0, 0x00B4D1EB, 0x00B2CFEB, 0x00ADCAE7, 0x00BAD5EE,
    0x00BBD7EF, 0x00B7D3ED, 0x00ADCBE8, 0x00AACAE9, 0x00B8D5EE, 0x00B8D4EC, 0x00C0DBEF, 0x00C2DCEE, 0x00C3DDEF,
    0x00C5DEEF, 0x00C4DEF1, 0x00C6E0F1, 0x00C7E0F0, 0x00C3DCEE, 0x00C6DFF1, 0x00C3DDEE, 0x00C4DFEF, 0x00C7E1F1,
    0x00C6E0F1, 0x00C2DEEF, 0x00C3DDED, 0x00C6DFEE, 0x00C0DAEC, 0x00C1DAEB, 0x00C0DAEB, 0x00C7DEED, 0x00C4DCED,
    0x00BDD8ED, 0x00BAD6EB, 0x00BCD6EB, 0x00CAE0ED, 0x00CADFEC, 0x00C5DBEA, 0x00C7DDEB, 0x00C7DFEE, 0x00C5DCEE,
    0x00C2DBEC, 0x00BFD7E8, 0x00C0D9EA, 0x00C4DCEB, 0x00C2D9E9, 0x00BFD7E8, 0x00C0D9E8, 0x00C4DAEA, 0x00C4DBEA,
    0x00C5DCEB, 0x00C8DEEC, 0x00C7DFED, 0x00C0D9E8, 0x00CAE0EA, 0x00CCE1EA, 0x00CCE2EA, 0x00CFE4EC, 0x00CFE4ED,
    0x00D2E5EE, 0x00D4E7F1, 0x00D5E9F1, 0x00D2E5EE, 0x00D5E9F0, 0x00D5E8EF, 0x00D5E9F0, 0x00D5E8F0, 0x00D9EBF2,
    0x00D7E8F0, 0x00D6E7EF, 0x00D7E8EF, 0x00D7E8EF, 0x00DCEBF1, 0x00DAEBF1, 0x00DBEBF1, 0x00DBEBF1, 0x00DCEBF1,
    0x00DAEAF1, 0x00D7E9EF, 0x00D9EAF1, 0x00D7E9EF, 0x00DAEBF0, 0x00DAEAF0, 0x00D8E9EF, 0x00DEECF2, 0x00D5E8ED,
    0x00DEECF0, 0x00DBEAF0, 0x00DBEAEF, 0x00DEECF0, 0x00DEEBEE, 0x00E1EDF2, 0x00E0EDF1, 0x00DEECF0, 0x00DDECF0,
    0x00DEEDF0, 0x00DCEBF0, 0x00DFEDF0, 0x00DEECF1, 0x00DFEDF1, 0x00DCEBEF, 0x00D8E8EE, 0x00D8E8EE, 0x00D7E8ED,
    0x00DCEAF0, 0x00D9E9EE, 0x00D8E8EE, 0x00D6E8EE, 0x00D9E9EF, 0x00DBEAEF, 0x00DCEBF0, 0x00DCEAEF, 0x00D2E5EC,
    0x00D8E8ED, 0x00D9E9EF, 0x00D8E8ED, 0x00DAE9EF, 0x00D7E8EE, 0x00DBE9F0, 0x00DAEAF0, 0x00DDEBEE, 0x00D8E8EE,
    0x00D8E8EE, 0x00D6E8ED, 0x00D8E7EE, 0x00CBE2EA, 0x00D4E7ED, 0x00D7E7EE, 0x00D8E8EF, 0x00D8E8EF, 0x00D8E9EF,
    0x00DBEAF0, 0x00D7E9EF, 0x00D6E8EE, 0x00D9EAF0, 0x00D9EBF1, 0x00DCECF2, 0x00D8EAF0, 0x00D9EBF1, 0x00D9EBF1,
    0x00D8EAF0, 0x00D7E9F0, 0x00D9EAF1, 0x00D9EBF1, 0x00D9EBF1, 0x00DFEDF3, 0x00DCEDF2, 0x00DFEEF3, 0x00DDEDF3,
    0x00DAECF2, 0x00DBEDF3, 0x00DFF0F6, 0x00DCF0F6, 0x00D7E7ED, 0x00C1CDD1, 0x00D7E7EE, 0x00E0F3F9, 0x00DFF4FA,
    0x00D0E0E6, 0x00CAD7DB, 0x00DCEDF3, 0x00D7E8EC, 0x00D2E2E6, 0x00DDEFF5, 0x00DDEFF6, 0x00DEF1F6, 0x00DCEFF5,
    0x00DCF0F5, 0x00DDF0F6, 0x00DEF0F7, 0x00D9EDF4, 0x00DCEFF6, 0x00DAEFF5, 0x00DFF2F9, 0x00D3ECF8, 0x00D3ECF6,
    0x00D5ECF7, 0x00CFE8F4, 0x00CDE7F3, 0x00CEE6F3, 0x00CFE8F3, 0x00CCE6F3, 0x00CEE7F4, 0x00CBE6F2, 0x00D0E7F3,
    0x00CDE6F0, 0x00CDE7F2, 0x00D1E9F4, 0x00CCE5F1, 0x00C8E3F0, 0x00C9E3EE, 0x00C9E1ED, 0x00C6E0EB, 0x00C1DAE6,
    0x00C7E0EC, 0x00C5DFEC, 0x00C5DDEA, 0x00C5DEEB, 0x00C5DEEB, 0x00C5DFEC, 0x00C2DCE9, 0x00C3DDEB, 0x00C1DCEA,
    0x00C6E1EF, 0x00C1DCE9, 0x00B9D1DE, 0x00BCD4E0, 0x00B1C8D5, 0x00B9D0DD, 0x00C3DCE8, 0x00BDD6E3, 0x00BDD5E2,
    0x00BAD2DF, 0x00B9D1DF, 0x00BAD3E0, 0x00A9C0CD, 0x00B3CBD7, 0x00B1C7D5, 0x00A6BBC5, 0x009EB1BB, 0x009EB0BA,
    0x00A8BEC9, 0x00C6E1EE, 0x00BCD6E4, 0x00C8E3F2, 0x00CCE7F4, 0x00CAE4F3, 0x00C8E3F2, 0x00CAE5F4, 0x00C8E3F2,
    0x00C7E3F2, 0x00C7E2F2, 0x00C6E2F2, 0x00C7E2F2, 0x00C4E0F1, 0x00C5E2F3, 0x00C7E2F4, 0x00C5E1F4, 0x00C8E3F5,
    0x00C5E0F3, 0x00C5DFF3, 0x00C3DEF4, 0x00C1DDF4, 0x00C1DCF2, 0x00C1DEF4, 0x00C1DEF4, 0x00C3DFF5, 0x00C5E1F4,
    0x00C5E1F4, 0x00C0DCF0, 0x00BCD9EF, 0x00C0DCF0, 0x00C6DFEF, 0x00BED9ED, 0x00CDE6F0, 0x00CEE6EF, 0x00CBE4F0,
    0x00CDE6F0, 0x00C9E3EE, 0x00CAE4EF, 0x00CFE6F1, 0x00D0E7F2, 0x00D1E9F3, 0x00D0E7F3, 0x00D0E7F3, 0x00D0E8F3,
    0x00CFE7F2, 0x00CEE7F3, 0x00C1D6E2, 0x00CEE6F4, 0x00CDE6F4, 0x00CCE5F3, 0x00CDE4F2, 0x00CCE5F2, 0x00CDE4F2,
    0x00C8E2F1, 0x00C9E3F2, 0x00CAE3F2, 0x00CBE5F3, 0x00CDE5F3, 0x00CEE6F2, 0x00CCE4F1, 0x00CCE4F2, 0x00C7E0F0,
    0x00C8E0F0, 0x00BED8EC, 0x00B5D2EB, 0x00ADCBE8, 0x00BDD9ED, 0x00C5DEF1, 0x00C3DDF1, 0x00C8E2F2, 0x00CDE4F2,
    0x00CBE3F3, 0x00C5DFF0, 0x00C4DEF0, 0x00BDD9EE, 0x00BEDAEE, 0x00B7D5ED, 0x00B6D5EB, 0x00BBD8EE, 0x00BAD7ED,
    0x00B7D3EA, 0x00BCD8EC, 0x00C1DAED, 0x00C5DFF0, 0x00C5DEEF, 0x00C2DBEC, 0x00B2D0EA, 0x009EC0E4, 0x00A1C3E4,
    0x009BBCE2, 0x00A0C1E4, 0x00A0C0E1, 0x00B0CEE9, 0x00BDD8EB, 0x00B1CEE8, 0x00B4D1EA, 0x00B8D5ED, 0x00B7D4EC,
    0x00B6D3EC, 0x00B7D4EC, 0x00B4D2EB, 0x00B5D2EC, 0x00A6C5E4, 0x009DBEE2, 0x00A2C2E5, 0x00A3C2E8, 0x009DBEE5,
    0x009DBEE4, 0x009DBDE4, 0x00A9C7E7, 0x00ADCBE8, 0x00B2CFE9, 0x00B7D2E9, 0x00B6D2EA, 0x00AFCEE8, 0x00ADCBE5,
    0x00B0CEE5, 0x00B6D3E8, 0x00AFCDE6, 0x00B2D0E8, 0x00B4D0E8, 0x00BBD6EC, 0x00BDD8ED, 0x00C3DCEE, 0x00C7DDEE,
    0x00C3DAEE, 0x00BBD4EA, 0x00C2DAEC, 0x00CFE3F3, 0x00D5E8F1, 0x00DAECF2, 0x00DBECF3, 0x00DBEDF4, 0x00DBECF2,
    0x00DCEBF2, 0x00DCECF2, 0x00E0EFF4, 0x00DFEEF3, 0x00DAECF3, 0x00D8EAF2, 0x00DAEBF1, 0x00D9EAF1, 0x00D8EBF1,
    0x00D8EBF2, 0x00D6E9F0, 0x00D6EAF1, 0x00D5E8F0, 0x00D8EAF0, 0x00D3E8F0, 0x00D3E7EF, 0x00D9EBF2, 0x00D7E9EF,
    0x00D4E7EE, 0x00D8E9F0, 0x00D6E9F0, 0x00D8EAF1, 0x00D7EAF1, 0x00D9EBF2, 0x00DAECF3, 0x00DEEDF4, 0x00D8EBF1,
    0x00DAEBF0, 0x00DBEBF0, 0x00DCECF2, 0x00DEEDF3, 0x00DEEDF3, 0x00DEECF2, 0x00DCEBF0, 0x00DEECF0, 0x00DFECF1,
    0x00DFECF2, 0x00DEEDF2, 0x00E1EEF3, 0x00DCECEF, 0x00DEECF2, 0x00DEEDF2, 0x00DDECF2, 0x00DFEDF3, 0x00DBEBF1,
    0x00DEECF1, 0x00DCECF0, 0x00DDECF2, 0x00DEECF1, 0x00DEEDF1, 0x00DCECF1, 0x00E0EEF2, 0x00DFEDF1, 0x00DDEBF0,
    0x00DFECF0, 0x00E0EDF1, 0x00DEEBEE, 0x00DFEDF1, 0x00E0EDF0, 0x00DFECF1, 0x00E0EDF1, 0x00E0EEF1, 0x00DBEAEF,
    0x00DAE9EF, 0x00DDECF1, 0x00DAEAF0, 0x00DAEAEF, 0x00D6E9EE, 0x00DCEBEF, 0x00DDEBF0, 0x00DCEAEF, 0x00D7E8ED,
    0x00DFECF0, 0x00DFEDF1, 0x00DEECF1, 0x00DDEBF0, 0x00DBEAEE, 0x00DDEBEE, 0x00DEEBEE, 0x00DEEDF1, 0x00DBEAEF,
    0x00D8EAEE, 0x00D9E9EF, 0x00DEEBEF, 0x00DDEBF1, 0x00DCEAF0, 0x00D9E9EF, 0x00D9EAEF, 0x00DAE9F0, 0x00D8E8ED,
    0x00D8E8EE, 0x00DAE9EF, 0x00DAEAF0, 0x00D7E9F0, 0x00DBEAF0, 0x00DAE9F0, 0x00D9EAF0, 0x00D7E9EE, 0x00DBEBF1,
    0x00DAEBEF, 0x00DCEBF1, 0x00DBEBF1, 0x00D9EAF1, 0x00DDECF2, 0x00DCECF2, 0x00D9ECF1, 0x00DAEBF1, 0x00DAEBF2,
    0x00D9EBF0, 0x00DCECF2, 0x00DAEBF1, 0x00DFEDF2, 0x00DCEDF3, 0x00DAEDF2, 0x00DCEEF4, 0x00E0F0F5, 0x00D3E2E7,
    0x00CBD9DD, 0x00CAD8DD, 0x00D1E0E6, 0x00CEDDE3, 0x00C9D8DD, 0x00C0CBCF, 0x00CBDADF, 0x00CEDEE3, 0x00CCDADD,
    0x00BFC7C9, 0x00CBDBDF, 0x00D9EEF4, 0x00DAEDF4, 0x00DAEDF5, 0x00DDF0F6, 0x00DBEEF5, 0x00D9EDF4, 0x00DBEEF5,
    0x00DDF0F6, 0x00DCF0F7, 0x00DFF2F9, 0x00CEE9F7, 0x00D1EAF6, 0x00CCE6F3, 0x00CEE8F3, 0x00D0E9F4, 0x00CEE6F2,
    0x00CCE6F3, 0x00CFE8F3, 0x00CDE6F1, 0x00CFE8F4, 0x00CDE7F3, 0x00CDE6F4, 0x00CFE9F3, 0x00D3EBF4, 0x00D1EAF4,
    0x00CFE7F3, 0x00CDE7F3, 0x00CEE7F2, 0x00CCE6F2, 0x00C9E4F0, 0x00CBE5F2, 0x00CBE5F3, 0x00C9E4F2, 0x00CEE8F5,
    0x00CFE8F4, 0x00CDE7F5, 0x00C9E5F4, 0x00CBE5F3, 0x00C8E3F2, 0x00CAE5F3, 0x00CAE4F4, 0x00CAE5F4, 0x00CAE5F4,
    0x00C8E3F1, 0x00C8E3F1, 0x00C5E1EF, 0x00C5E0EF, 0x00C9E3F2, 0x00C3DDEA, 0x00B5CEDB, 0x00B2C9D5, 0x00AAC0CC,
    0x00AAC0CD, 0x00ABC1CE, 0x00B1C7D4, 0x00A9BECB, 0x00A6BBC6, 0x00A6BBC7, 0x00ADC4D0, 0x00B6CEDB, 0x00B0C8D5,
    0x00ADC2CD, 0x00B0C6D3, 0x00BFD6E5, 0x00B6CFDF, 0x00BCD5E4, 0x00BFD9E8, 0x00C4E0EF, 0x00C3E2F1, 0x00C5E2F1,
    0x00C9E4F5, 0x00C8E2F4, 0x00C5E0F3, 0x00C5E1F3, 0x00C8E2F4, 0x00CAE5F4, 0x00C6E0F3, 0x00C4DFF2, 0x00C5DFF4,
    0x00C2DDF3, 0x00BDD9F2, 0x00BFDAF1, 0x00BFDCF1, 0x00C1DEF2, 0x00C2DFF2, 0x00C3DFF3, 0x00C2DDF0, 0x00C1DDF0,
    0x00BED9ED, 0x00B9D4EA, 0x00B7D4EB, 0x00B9D3EA, 0x00B0CCE7, 0x00B8D3EB, 0x00BCD6EC, 0x00BBD4E9, 0x00C4DEF0,
    0x00C1DCEF, 0x00BFDAEF, 0x00BDD9EF, 0x00BDD7ED, 0x00C3DDF1, 0x00C3DAEB, 0x00B8CBD4, 0x00A7B6BE, 0x00BED2DB,
    0x00C5DCE8, 0x00CDE6F3, 0x00C9E2F3, 0x00BFD9EC, 0x00C9E0F1, 0x00C7E0F1, 0x00C5DFF1, 0x00C2DCF0, 0x00C7E1F3,
    0x00B6D3EA, 0x00BED9EE, 0x00BCD7EC, 0x00BAD6EC, 0x00BED9EF, 0x00BFDAEE, 0x00B8D4E9, 0x00C3DBEE, 0x00CFE5F2,
    0x00D0E5F1, 0x00CEE5F2, 0x00CBE4F3, 0x00C6E1F2, 0x00C9E1F1, 0x00C8E1F3, 0x00CAE3F3, 0x00C7E0F1, 0x00C4DEF0,
    0x00C2DCEF, 0x00B9D5EC, 0x00BAD6EB, 0x00B7D4EC, 0x00B0CFE8, 0x00ADCCE7, 0x00ABCBE5, 0x00ADCDE5, 0x00B4D0E7,
    0x00BBD6EB, 0x00BDD8EC, 0x00BBD6EA, 0x00BBD6EA, 0x00AECBE2, 0x00AFCDE6, 0x00ABCAE5, 0x00A4C4E0, 0x00A8C6E3,
    0x00A9C8E3, 0x00A7C7E4, 0x00A3C2E0, 0x00ADCBE4, 0x00A7C6E3, 0x00A9C7E5, 0x00ABC9E4, 0x00A9C7E3, 0x00B2CFE6,
    0x00C2DAEB, 0x00C2DCEE, 0x00BAD4EA, 0x00B0CCE7, 0x00B0CDE8, 0x00BED8ED, 0x00BCD5E9, 0x00BCD4E8, 0x00BBD3E7,
    0x00C4DAEA, 0x00CFE3ED, 0x00D6E7EE, 0x00DBEBF1, 0x00DEECF2, 0x00E0EFF4, 0x00DFEDF3, 0x00E0EEF1, 0x00DEECF0,
    0x00DDEBEF, 0x00DFEEF3, 0x00E0EFF3, 0x00E1F0F3, 0x00E3F1F4, 0x00DFEEF1, 0x00DAECF0, 0x00D8EAEF, 0x00DAECF0,
    0x00DBECF1, 0x00D8EAEF, 0x00DDEDF2, 0x00DCEBF1, 0x00DBEAF0, 0x00DDECF2, 0x00DBECF1, 0x00D7E8ED, 0x00DBEAEF,
    0x00DFEDF2, 0x00DBECF1, 0x00D7EAEF, 0x00DBEBF1, 0x00D6E8ED, 0x00D7E9EE, 0x00DBEBF1, 0x00D9E9F0, 0x00D5E8EE,
    0x00D7E9EF, 0x00D4E7EE, 0x00D3E7EE, 0x00D9E9F0, 0x00DAEBF0, 0x00D6E9F0, 0x00D9E9F0, 0x00DDEDF2, 0x00DBEBF1,
    0x00DBECF2, 0x00DBECF2, 0x00DAEBF0, 0x00DEECF2, 0x00DAECF1, 0x00DEEDF1, 0x00DFEDEF, 0x00DDECF1, 0x00E2EEF2,
    0x00E0EEF2, 0x00DFEDF0, 0x00E1EDF1, 0x00E3EFF2, 0x00E2EEF1, 0x00DDECEF, 0x00DFEDF1, 0x00E3F0F3, 0x00DDEDF1,
    0x00DEEDF1, 0x00E3F0F3, 0x00E0EEF2, 0x00DEECF1, 0x00DBEDF1, 0x00E0EDF1, 0x00DFEDF0, 0x00E1EEF2, 0x00E2EFF2,
    0x00E0EDF0, 0x00E1EEF1, 0x00E2EEF2, 0x00E0EDF1, 0x00E0EDF0, 0x00E0ECF0, 0x00E0EDF1, 0x00DCEAEE, 0x00DFEDF1,
    0x00DFECF0, 0x00E2EEF2, 0x00DFECEF, 0x00DFEDEF, 0x00DBEBEE, 0x00DBEBF2, 0x00DAEBEF, 0x00DFECF0, 0x00DCEBEF,
    0x00DCEBEF, 0x00DDECF0, 0x00DCEAEE, 0x00DAEAEF, 0x00DAEBEF, 0x00DFEDF0, 0x00DFEDF2, 0x00DEEDF1, 0x00DCEBEF,
    0x00DEEBEF, 0x00DDEAEF, 0x00D9EAEE, 0x00D8E8EE, 0x00D6E8EF, 0x00D9E9EF, 0x00D9E8EE, 0x00D8E9EF, 0x00DDECF1,
    0x00DAEBF0, 0x00DAEBF0, 0x00DAEAEF, 0x00DAE9EF, 0x00D0E4EB, 0x00DAE9EF, 0x00D2E8F0, 0x00D7E9F0, 0x00D1E6EE,
    0x00DAEAEF, 0x00D7E7ED, 0x00D7E9EF, 0x00D8E9EF, 0x00D7E8EE, 0x00DAEAF0, 0x00DBEAF0, 0x00DBEAF0, 0x00DAEBF1,
    0x00D8EAEF, 0x00DCEBF1, 0x00DAEBF2, 0x00DAEBF1, 0x00DBEBF1, 0x00D9EBF1, 0x00DEECF1, 0x00DAEBF1, 0x00DFEEF3,
    0x00DEEEF3, 0x00DDEFF3, 0x00DEEEF4, 0x00D7E6EB, 0x00DAECF2, 0x00DDF0F5, 0x00C4D1D5, 0x00DDF2F9, 0x00DDF2F9,
    0x00CDDCE2, 0x00C7D4D9, 0x00D9EDF5, 0x00DAECF5, 0x00CEDCE1, 0x00C2CDD0, 0x00DBEEF4, 0x00DEF0F6, 0x00DDEFF6,
    0x00DBEEF5, 0x00DDEFF4, 0x00DBEEF5, 0x00D8EDF4, 0x00DBEEF5, 0x00DAEDF4, 0x00DDF0F7, 0x00D9EEF5, 0x00D0EAF7,
    0x00D0E9F6, 0x00CFE8F4, 0x00D0E8F5, 0x00D1E8F4, 0x00CEE6F3, 0x00CAE5F1, 0x00CCE6F3, 0x00CDE8F4, 0x00CFE7F3,
    0x00CEE7F4, 0x00CDE7F4, 0x00CEE7F3, 0x00CDE7F3, 0x00CBE6F1, 0x00CDE6F2, 0x00CBE5F1, 0x00CDE5F2, 0x00C9E2F2,
    0x00CBE5F2, 0x00CAE4F1, 0x00C7E3F1, 0x00C9E4F2, 0x00CBE5F4, 0x00CBE5F4, 0x00CDE7F4, 0x00C8E4F1, 0x00CAE4F2,
    0x00CAE5F3, 0x00C7E4F3, 0x00C7E3F1, 0x00C9E4F3, 0x00C7E3F2, 0x00C7E2F1, 0x00C7E2F1, 0x00C6E2F0, 0x00C8E3F1,
    0x00C6E2F0, 0x00C8E3F2, 0x00CAE4F3, 0x00C8E2F1, 0x00C4DEED, 0x00BFDAE8, 0x00BAD5E3, 0x00C0DAE7, 0x00B4CDDD,
    0x00B5CEDC, 0x00B9D3E1, 0x00C0DAE8, 0x00C2DCEB, 0x00C2DEED, 0x00C1DAE8, 0x00C2DCEA, 0x00BBD4E2, 0x00C0D9E7,
    0x00BFD8E7, 0x00BAD2E1, 0x00B7D1E0, 0x00BDD7E6, 0x00BED9E9, 0x00C0DAE9, 0x00C4DFEF, 0x00C1DCEC, 0x00C5DFEF,
    0x00C6E1F4, 0x00C6E1F4, 0x00C4E0F2, 0x00C7E1F2, 0x00C8E2F4, 0x00C4DFF1, 0x00C1DCF0, 0x00BEDAEF, 0x00BDD9EF,
    0x00BAD5EE, 0x00B6D3ED, 0x00B4D0EA, 0x00B7D3EB, 0x00B6D1EA, 0x00B3CFE7, 0x00BED8EC, 0x00BFDAEC, 0x00C1DCEF,
    0x00C2DCED, 0x00C3DCED, 0x00BFD9EC, 0x00B8D3EA, 0x00C2DDF0, 0x00B8D0E1, 0x00ACBFCC, 0x00B2C5CF, 0x009EADB8,
    0x00AAB9C2, 0x00A0AEB5, 0x009CAAB0, 0x00A2B2B8, 0x0099A8AD, 0x00A3B4BC, 0x00B2C8D1, 0x00B1C8D9, 0x00B7D2EB,
    0x00B8D3ED, 0x00B7D3EC, 0x00BAD6EF, 0x00B2D0EC, 0x00B3D0EC, 0x00B5D2ED, 0x00C0DBF1, 0x00BFDBF0, 0x00BCD8EE,
    0x00BAD8EE, 0x00BBD8EE, 0x00B4D2EA, 0x00BCD8ED, 0x00C1DAEE, 0x00C5DFF1, 0x00C1DBEE, 0x00C0DBEE, 0x00B8D5EC,
    0x00BCD9ED, 0x00BAD6ED, 0x00C2DCEF, 0x00BED9EE, 0x00B8D5EB, 0x00BBD6EB, 0x00B7D4EB, 0x00B2D0E7, 0x00B6D3E8,
    0x00B7D4E9, 0x00A8C8E3, 0x00AAC9E3, 0x00B0CDE4, 0x00A5C4DF, 0x00B0CDE5, 0x00B7D2E6, 0x00C3DBEB, 0x00C4DBEB,
    0x00C6DDEC, 0x00C9DFED, 0x00C0D8E9, 0x00C1DAEB, 0x00C7DDED, 0x00CAE0EE, 0x00CAE0ED, 0x00C6DDEC, 0x00CBE0ED,
    0x00C6DDEA, 0x00D0E4EF, 0x00D6E8F1, 0x00D6E8F0, 0x00DBECF1, 0x00DFEDF3, 0x00DDECF1, 0x00DFEDF1, 0x00DFEDF2,
    0x00E0EDF2, 0x00DFEDF3, 0x00E2EFF2, 0x00E0EEF2, 0x00E0EDF1, 0x00DFEEF1, 0x00E2EFF2, 0x00DEEDF1, 0x00E0EDF1,
    0x00DEECF0, 0x00E0EEF2, 0x00E0EEF1, 0x00E1EEF1, 0x00E0EDF1, 0x00DFEDF1, 0x00DEEDF1, 0x00E0EEF1, 0x00DFEDF0,
    0x00DFECF0, 0x00DFEDF0, 0x00DEEDF1, 0x00DEEDF1, 0x00E1EEF2, 0x00DDEDF0, 0x00DBEBEF, 0x00DDECF0, 0x00DDEDF0,
    0x00E0EEF2, 0x00DCEBEF, 0x00DCEBEF, 0x00D8E8EE, 0x00DCEBEF, 0x00DEECF1, 0x00DDECF1, 0x00D6E8ED, 0x00D9E9F0,
    0x00DBEBEF, 0x00DCEBEF, 0x00DCEAF0, 0x00D9E9EE, 0x00DAEAEF, 0x00DBEAEF, 0x00D6E8ED, 0x00D8E9EE, 0x00DAE9EE,
    0x00DBEAEF, 0x00DEECF1, 0x00D8E9EF, 0x00DEECF0, 0x00DEECF1, 0x00DEEDF1, 0x00DFEDF1, 0x00E1EEF1, 0x00E2EFF2,
    0x00E0EEF2, 0x00E1EEF1, 0x00E1EDF0, 0x00E0ECF0, 0x00DDEBEF, 0x00E1EEF1, 0x00E3EFF1, 0x00DFECF0, 0x00E1EEF1,
    0x00E1EDF1, 0x00E0EDF0, 0x00DFECF0, 0x00E1EEF2, 0x00E1EEF1, 0x00E1EEF1, 0x00E0EDF0, 0x00DEECF0, 0x00DDEBEF,
    0x00DFEDF0, 0x00E1EDF1, 0x00E0ECF0, 0x00DFEDF0, 0x00E1EDF1, 0x00E1EDF1, 0x00E0EDF2, 0x00DFEDF1, 0x00E0EDF0,
    0x00DFECF0, 0x00E0EDF0, 0x00DDEBEF, 0x00DEECEF, 0x00E1EDF1, 0x00E3EFF2, 0x00E2EEF2, 0x00DFECF1, 0x00DFECEF,
    0x00DEEDF0, 0x00D9EBF1, 0x00DCEBEF, 0x00E0ECF0, 0x00D9E9EE, 0x00DDEDF0, 0x00DDEBF0, 0x00DEECEF, 0x00DBEAEF,
    0x00DDECEF, 0x00DDEBF0, 0x00DEECF2, 0x00DBEBEF, 0x00DFEDF1, 0x00DBEBEE, 0x00DAEAEE, 0x00D9EAEE, 0x00DCEAEE,
    0x00D6E8EE, 0x00DAEAF0, 0x00D7E8EE, 0x00D8E9EF, 0x00DBE9EE, 0x00D9EAEF, 0x00DBEAEF, 0x00DCEBF0, 0x00D6E7ED,
    0x00D7E8EF, 0x00D8E9EF, 0x00D0E6EE, 0x00D7E8EF, 0x00D7E9EE, 0x00D8EAEF, 0x00D9EAF0, 0x00DAEBF1, 0x00D8E9EF,
    0x00D8E9EF, 0x00CFE4EA, 0x00DBEAF0, 0x00DDECF2, 0x00DCEBF0, 0x00D3E7EE, 0x00D9EAF0, 0x00D8EAF0, 0x00D7EAEF,
    0x00DCEBF2, 0x00D8EAF0, 0x00DBEBF1, 0x00DAEBF1, 0x00DEEDF3, 0x00DBECF2, 0x00DDEDF3, 0x00DDEEF4, 0x00DFF0F6,
    0x00DFF2F8, 0x00DCF0F5, 0x00C3CED2, 0x00D5E6ED, 0x00D3E3E9, 0x00C5D0D4, 0x00C8D6DB, 0x00CDDCE2, 0x00CDDCE1,
    0x00C9D6DC, 0x00CEDEE3, 0x00DEF0F6, 0x00DDEFF6, 0x00DAEDF4, 0x00DDEFF5, 0x00DDEFF6, 0x00DEF0F6, 0x00DBEEF5,
    0x00DAEEF5, 0x00DBEDF5, 0x00DBEFF6, 0x00D9EEF5, 0x00D1EAF7, 0x00D5EBF7, 0x00D1E8F6, 0x00CDE7F4, 0x00D1E9F4,
    0x00CFE7F3, 0x00D0E7F4, 0x00D0E8F3, 0x00D0E8F4, 0x00CDE7F2, 0x00D2E8F4, 0x00CFE8F2, 0x00CDE6F1, 0x00D0E9F3,
    0x00C9E4F0, 0x00CEE7F3, 0x00CBE5F1, 0x00CBE5F2, 0x00C8E3F1, 0x00C8E3EF, 0x00C5E1EF, 0x00C8E4F2, 0x00CBE5F3,
    0x00C9E4F3, 0x00C9E4F1, 0x00C9E3F3, 0x00CAE5F2, 0x00CBE5F2, 0x00C9E3F3, 0x00C9E3F3, 0x00C8E2F0, 0x00C9E5F2,
    0x00C6E1F0, 0x00CAE4F2, 0x00C8E3F1, 0x00C7E3F1, 0x00C9E4F3, 0x00C5E0EE, 0x00C6E1EF, 0x00C7E2F1, 0x00CBE5F3,
    0x00C9E5F3, 0x00C9E4F3, 0x00C9E3F1, 0x00CBE5F3, 0x00CAE5F4, 0x00CBE6F4, 0x00C8E3F2, 0x00C9E3F1, 0x00CAE4F2,
    0x00C4DFEF, 0x00BCD9E9, 0x00C6E1EF, 0x00C6DFEE, 0x00C7E1F0, 0x00C2DCEA, 0x00C3DDEC, 0x00C5DFED, 0x00C7E0EF,
    0x00C1DDEC, 0x00B1CAD8, 0x00AFC6D3, 0x00AABFCB, 0x00ACC1CC, 0x00BED8E7, 0x00C5E0F3, 0x00C7E1F4, 0x00C6E0F2,
    0x00C4DFF3, 0x00C6E1F2, 0x00C5DFF1, 0x00C3DFF0, 0x00C3DEF0, 0x00C5E0F1, 0x00C1DDF0, 0x00C6E1F3, 0x00C2DDF0,
    0x00C4DFF1, 0x00C1DDEF, 0x00C2DEEF, 0x00C1DDEF, 0x00C1DDEF, 0x00C1DCEF, 0x00C4DFF1, 0x00BDD7EB, 0x00C1DCEE,
    0x00C5DEF0, 0x00B4CBDA, 0x0091A1AC, 0x00909DA2, 0x00919CA0, 0x0099A4A8, 0x0097A4A8, 0x009BA9AD, 0x00A7B6BC,
    0x00A5B5BB, 0x009BABB0, 0x00A0B0B6, 0x00A0B2BA, 0x00B7CBD5, 0x00BAD1DE, 0x00BED4E0, 0x00BBD3DF, 0x00C8E2F3,
    0x00CAE4F4, 0x00C9E3F4, 0x00CAE5F6, 0x00C7E2F2, 0x00C9E4F4, 0x00C7E0F1, 0x00C7E1F2, 0x00C7E1F2, 0x00C6E0F2,
    0x00C9E1F3, 0x00C8E2F2, 0x00C2DCF0, 0x00BED9EC, 0x00B6D4EB, 0x00B8D4EB, 0x00ADCCE5, 0x00B1CEE7, 0x00B1CEE7,
    0x00B3D0E7, 0x00CCE2EE, 0x00D5E8F1, 0x00D0E5EF, 0x00D3E7EE, 0x00D5E8F0, 0x00D7E8F2, 0x00D7E8F1, 0x00DBEBF1,
    0x00D2E5EF, 0x00D6E9F1, 0x00DDECF2, 0x00DFEEF3, 0x00DFEEF3, 0x00E1EFF3, 0x00E4F2F6, 0x00E2F0F4, 0x00E4F1F5,
    0x00E3F0F4, 0x00E4F2F5, 0x00E4F2F5, 0x00E0EFF4, 0x00E0F0F4, 0x00E1EFF3, 0x00DFEEF1, 0x00DFEEF3, 0x00E0EFF3,
    0x00E0EFF1, 0x00DDECF1, 0x00E0EEF1, 0x00E0EEF1, 0x00DDEBEF, 0x00E0EFF1, 0x00E1EEF1, 0x00E1EDF0, 0x00E0EDF0,
    0x00DCEAED, 0x00DCEBEE, 0x00DEECF0, 0x00DAEAEC, 0x00DEECF0, 0x00DDEBEE, 0x00DDEBEF, 0x00DBEAEE, 0x00DDEBEF,
    0x00DCEAED, 0x00DCE9EC, 0x00DBE9EC, 0x00D5E5E9, 0x00DBE9EC, 0x00DCEAED, 0x00DBE9EC, 0x00DBE9ED, 0x00DBEAED,
    0x00DCEAED, 0x00DBEBEF, 0x00DCECF0, 0x00E1EFF3, 0x00E1EFF2, 0x00D8E9EE, 0x00DCECEF, 0x00E0EEF1, 0x00DEECF1,
    0x00DCECEF, 0x00DBEAEE, 0x00DDEAEF, 0x00D8E8ED, 0x00DCEBEF, 0x00E0EDF0, 0x00E1EDF1, 0x00DAEAED, 0x00DAEAEE,
    0x00DBE9EE, 0x00D5E6EA, 0x00D6E6EC, 0x00D6E7EB, 0x00DBE9EF, 0x00DAEAEE, 0x00E0ECF0, 0x00DAEAEF, 0x00DCEBEF,
    0x00DCEAEF, 0x00DFEDEF, 0x00E1EEF0, 0x00E0EDF1, 0x00E2EFF2, 0x00E2EEF2, 0x00E2EEF2, 0x00E2EDF0, 0x00E0ECF0,
    0x00E0EDEF, 0x00E1EEF0, 0x00E1EEF2, 0x00E1EEF1, 0x00E3EFF1, 0x00E1EEF1, 0x00DEEDF0, 0x00E1EEF1, 0x00E2EFF1,
    0x00E2EFF2, 0x00E3EFF2, 0x00E2EFF1, 0x00E3EFF1, 0x00DFEDEE, 0x00E2EEF1, 0x00E1EEF0, 0x00E2EDF0, 0x00E0EEF0,
    0x00DFECEF, 0x00E2EDF1, 0x00DFECEF, 0x00E1EDF0, 0x00E1EEF1, 0x00DEECF0, 0x00DFEBEF, 0x00DFEBEE, 0x00E0ECEE,
    0x00E0ECEF, 0x00E1EDF1, 0x00E1EDF1, 0x00E0EDF0, 0x00E0ECF0, 0x00E0EDF0, 0x00E2EEF2, 0x00DDECF0, 0x00DEECF0,
    0x00E1EDF1, 0x00DDEBF0, 0x00DFECF0, 0x00DAEAF0, 0x00DAEAEF, 0x00DBEBF0, 0x00DEECF0, 0x00DCEBF0, 0x00DCECF0,
    0x00DEECF1, 0x00DBE9EF, 0x00DAEAEF, 0x00D7E7ED, 0x00DDEBEF, 0x00DBEAEE, 0x00D9E9EF, 0x00DBEBF1, 0x00DCEAEF,
    0x00D8E8EE, 0x00D9EBEE, 0x00DDEAEF, 0x00DEEBF0, 0x00DDEBEF, 0x00DAEAF1, 0x00D7E8EF, 0x00DBEBF0, 0x00DBEBEF,
    0x00D9E9EF, 0x00D8E9EF, 0x00D8E9EF, 0x00D9E9F0, 0x00D5E8EE, 0x00D5E7EE, 0x00D8E8EF, 0x00DAE9F0, 0x00D7E9EF,
    0x00DAEAF0, 0x00D9EBF1, 0x00DAECF0, 0x00DBEBF1, 0x00D8EAEF, 0x00DCEBF2, 0x00DAECF1, 0x00DCEBF1, 0x00D9EAF0,
    0x00DDECF2, 0x00DDEDF2, 0x00DAECF2, 0x00D9EBF2, 0x00DDEFF5, 0x00DEF0F6, 0x00DBEFF5, 0x00C6D3D8, 0x00D0E1E6,
    0x00C9D3D7, 0x00D0DFE3, 0x00D8EFF7, 0x00DDF2F8, 0x00DAF1F8, 0x00D4E7ED, 0x00D5E7EC, 0x00DCEFF6, 0x00DDEEF5,
    0x00DDF0F6, 0x00DBEEF4, 0x00D9EEF5, 0x00DBEEF5, 0x00D8ECF3, 0x00D2E8F1, 0x00DAECF4, 0x00DAEDF6, 0x00D7ECF3,
    0x00D1EAF7, 0x00D3EAF9, 0x00CEE8F5, 0x00CFE8F6, 0x00CFE7F5, 0x00CFE6F4, 0x00D0E7F4, 0x00CFE7F3, 0x00D3E9F4,
    0x00D1E9F3, 0x00D0E7F3, 0x00D1EAF4, 0x00D1E9F4, 0x00D0E7F3, 0x00CCE6F1, 0x00CBE4F1, 0x00C8E2F0, 0x00C7E2F0,
    0x00C6E1EE, 0x00C9E3F1, 0x00C9E3F1, 0x00C8E3F1, 0x00C8E2F1, 0x00C5E0F0, 0x00C6E2F1, 0x00C7E1F1, 0x00C5E1F0,
    0x00C8E2F1, 0x00CAE4F2, 0x00C8E3F2, 0x00C7E1F0, 0x00C8E3F2, 0x00C9E4F2, 0x00C8E2F1, 0x00C6E1F0, 0x00C2DFED,
    0x00C4E1F0, 0x00C7E1F0, 0x00C9E4F2, 0x00C5DFEE, 0x00C7E1F0, 0x00C8E3F1, 0x00C8E3F1, 0x00C9E4F2, 0x00CDE7F3,
    0x00CBE5F4, 0x00C7E3F2, 0x00CBE5F3, 0x00C8E3F1, 0x00C9E4F2, 0x00CAE3F3, 0x00C9E4F3, 0x00C8E3F1, 0x00CAE4F3,
    0x00C7E1EF, 0x00C6E1F0, 0x00C4DEED, 0x00BFDAEA, 0x00B8D3E3, 0x00BDD9E9, 0x00C2DCED, 0x00B8D0DF, 0x00A9BCC8,
    0x00B9CCD9, 0x00AEC3CD, 0x00C2DBEB, 0x00C4DFF2, 0x00C7E1F2, 0x00C6E0F0, 0x00C7E1F2, 0x00C6E1F2, 0x00C3DEF0,
    0x00C6E0F2, 0x00C7E1F2, 0x00C6E2F3, 0x00C4DFF2, 0x00C3DFF1, 0x00C4E0F1, 0x00C5E0F1, 0x00C3DFF0, 0x00C6E1F3,
    0x00C7E1F2, 0x00C8E2F2, 0x00C9E2F2, 0x00C4DFF0, 0x00C5E0F1, 0x00C3DCF0, 0x00C5DEF2, 0x00B9D4E9, 0x00B1CCE4,
    0x00ADC4D6, 0x00A7BCC8, 0x00A3B1B9, 0x00A7B6BB, 0x00AAB6BC, 0x00ABBAC1, 0x00B6C6CC, 0x00A0AFB5, 0x009CAAB0,
    0x00A3B5BB, 0x00A6B7BE, 0x00A4B6BF, 0x00AEC1CA, 0x00B8CBD4, 0x00B7CAD3, 0x00BCD1DC, 0x00BCD3E1, 0x00C4DDED,
    0x00C3DCED, 0x00C5DDEC, 0x00C4E0F2, 0x00C8E2F3, 0x00C4DFF2, 0x00C2DCEF, 0x00BCDAF1, 0x00B9D7EF, 0x00C8E0F1,
    0x00D5E8F2, 0x00DBEBF3, 0x00E0F0F4, 0x00E0EFF5, 0x00D8EAF1, 0x00DBECF3, 0x00DFEEF4, 0x00E2F0F4, 0x00E1EFF4,
    0x00E0EEF3, 0x00E0EFF3, 0x00E1EFF4, 0x00E1EFF3, 0x00E5F2F5, 0x00E5F1F5, 0x00E2F0F3, 0x00E2F0F3, 0x00E5F1F5,
    0x00E2EEF2, 0x00DFEFF2, 0x00DDECF0, 0x00DFEDF2, 0x00DEECF0, 0x00DDECF0, 0x00DDEBEF, 0x00DCECEF, 0x00E0EFF2,
    0x00DDECF1, 0x00DAEBEF, 0x00DDEEF2, 0x00DDECF1, 0x00E1EEF2, 0x00DFEDF1, 0x00E0EEF2, 0x00E0EEF1, 0x00E3EFF2,
    0x00E0EEF1, 0x00DFEEF0, 0x00E0EEF1, 0x00DDEBEF, 0x00E3EFF2, 0x00E2EFF2, 0x00E2F0F2, 0x00E2F0F3, 0x00DEECEF,
    0x00E0EDF0, 0x00DFECF0, 0x00DEECEF, 0x00DDEBEF, 0x00E2EFF2, 0x00E0ECF0, 0x00DEECEF, 0x00DFECEF, 0x00E0EEF1,
    0x00E3F0F2, 0x00E1EEF1, 0x00E0EEF0, 0x00E1EFF2, 0x00E3F0F2, 0x00E2EEF2, 0x00E4F1F3, 0x00E5F1F3, 0x00E3F0F2,
    0x00E3F0F2, 0x00DFEDF0, 0x00E1EEF1, 0x00DFEDEF, 0x00E0EEF1, 0x00D9ECF0, 0x00DDECEF, 0x00E1EDF1, 0x00E2EFF1,
    0x00E0EBEF, 0x00E2EEF1, 0x00E2EFF2, 0x00DEECEF, 0x00DEEBEF, 0x00E1EDF1, 0x00DBEAEE, 0x00DCEAEE, 0x00DDEBEE,
    0x00DBEAEE, 0x00DEECF0, 0x00DDEBEE, 0x00DCE9ED, 0x00DFECF0, 0x00E0ECF0, 0x00DFECEF, 0x00DFECF0, 0x00E1EDF0,
    0x00E1EDF0, 0x00E1EEF1, 0x00E2EEF1, 0x00DCECEF, 0x00DEECEF, 0x00E3EFF1, 0x00E1EDF1, 0x00E2EEF1, 0x00E1EDF0,
    0x00E3EFF2, 0x00E0EDF0, 0x00E0ECEF, 0x00E0ECF0, 0x00E0EDF0, 0x00E2EEF1, 0x00E1EEF2, 0x00E4F0F2, 0x00E2EEF1,
    0x00E2EEF1, 0x00E0ECF0, 0x00E5EEF1, 0x00E2EDF0, 0x00E2EEF1, 0x00E1EDF0, 0x00E0EDF0, 0x00E1EDF0, 0x00E2EEF2,
    0x00E2EDF0, 0x00E0EDF0, 0x00DBEAF0, 0x00DDEBEF, 0x00E1EDF0, 0x00E1EDF0, 0x00DFECF0, 0x00DDEAEE, 0x00E1EDF0,
    0x00E1EDF0, 0x00DFECEF, 0x00E0EBEF, 0x00DDECEF, 0x00DEECEF, 0x00DFECEF, 0x00DEEBF0, 0x00DFECF0, 0x00DAEBEF,
    0x00DDECEF, 0x00DBECF0, 0x00DCEBF0, 0x00DFEDF2, 0x00DCEBEF, 0x00DCEBEF, 0x00D9E9ED, 0x00D6E8ED, 0x00DAE9ED,
    0x00D6E8EE, 0x00D8E9ED, 0x00D8EAEE, 0x00DBEAEF, 0x00DCEBF0, 0x00DAEBEE, 0x00DBEAEF, 0x00D8E9EE, 0x00D7E9EE,
    0x00D9EAF0, 0x00D8EAEF, 0x00D9EAF0, 0x00D4E8ED, 0x00D7E8EE, 0x00D9E9EF, 0x00D7E8EF, 0x00DAEBF1, 0x00D7E9EF,
    0x00D7E8EE, 0x00D4E6ED, 0x00CFE3EA, 0x00D8EAEF, 0x00DBEDF2, 0x00DAEBF0, 0x00DAEBF1, 0x00DDECF2, 0x00D9EBF1,
    0x00DBECF1, 0x00DCEBF1, 0x00DAEBF1, 0x00DDEBF2, 0x00D6E9EF, 0x00DBECF1, 0x00DDEBF1, 0x00D6EBF0, 0x00DCEEF4,
    0x00DDEFF5, 0x00DDEFF5, 0x00D9EEF5, 0x00D2E5EB, 0x00C8D4D8, 0x00D1E1E6, 0x00CCD9DE, 0x00D6E6EB, 0x00DCF3FA,
    0x00D5EBF1, 0x00C3CFD4, 0x00C3CFD4, 0x00D8EBF1, 0x00DCEFF6, 0x00DCEFF6, 0x00D8ECF4, 0x00D9EDF4, 0x00D5EAF2,
    0x00D6EAF3, 0x00D5EAF2, 0x00D9ECF3, 0x00DBEEF6, 0x00D8EDF4, 0x00D0E9F6, 0x00CFE8F5, 0x00CEE7F5, 0x00CFE7F4,
    0x00CCE5F3, 0x00CBE4F2, 0x00CCE4F1, 0x00CFE7F2, 0x00CAE3F1, 0x00CDE6F2, 0x00D0E7F3, 0x00CCE6F3, 0x00CCE6F2,
    0x00D0E7F4, 0x00CBE4F1, 0x00C9E3F1, 0x00C7E1F0, 0x00C6E0EF, 0x00C5E0EF, 0x00C8E1F0, 0x00C5DFF0, 0x00C6E1F0,
    0x00C7E1F0, 0x00C8E3F0, 0x00C9E3F1, 0x00C9E3F1, 0x00C7E1F0, 0x00C6E0F0, 0x00C6E0F0, 0x00C4DFEF, 0x00C6E0F0,
    0x00C3DFEF, 0x00C3DFEF, 0x00C2DEED, 0x00C6E0F0, 0x00C7E2F1, 0x00C5DFEF, 0x00C7E1F0, 0x00C5E0EF, 0x00C8E2F0,
    0x00C5E0EF, 0x00C9E4F2, 0x00C8E2F2, 0x00C7E1F0, 0x00CBE6F4, 0x00C7E2F1, 0x00C7E2F0, 0x00C9E4F3, 0x00C5E1EF,
    0x00C7E3F2, 0x00C8E2F2, 0x00C4DFEF, 0x00C7E2F2, 0x00C8E2F1, 0x00C8E2F2, 0x00C8E2F2, 0x00C4DEEF, 0x00C5E0F0,
    0x00C7E1F0, 0x00C6E0F0, 0x00C0DBEB, 0x00C3DDED, 0x00C1DBEB, 0x00BFD7E5, 0x00C1DAEA, 0x00C9E3F1, 0x00C4DFF1,
    0x00C3DEF0, 0x00C5DFF0, 0x00C5DEF1, 0x00C3DEEF, 0x00C3DDEF, 0x00C4DFEF, 0x00C5DFF2, 0x00C5DFF1, 0x00C2DDF1,
    0x00C1DEF0, 0x00C4E0F2, 0x00C4DFF3, 0x00C5E0F1, 0x00C5DFF1, 0x00C4DFF1, 0x00C7E1F3, 0x00C7E1F3, 0x00C6E0F1,
    0x00C6E0F1, 0x00C4DDF0, 0x00C3DDEF, 0x00C2DDEF, 0x00C7E1F1, 0x00C9E2F2, 0x00BDD9EC, 0x00C2D9E7, 0x00A3B6C1,
    0x00A0B0B7, 0x009EACB2, 0x00A4B2B8, 0x00A3B2B8, 0x00A5B6BC, 0x00AABAC1, 0x00AFC1C8, 0x00B6C8D0, 0x00ABBCC2,
    0x00B8C9D0, 0x00BCCFD7, 0x00B4C7CE, 0x00ADBFC5, 0x00A4B6BC, 0x00A3B5BB, 0x00B3C6CE, 0x00BACFD9, 0x00CDE5F5,
    0x00CEE7F5, 0x00D2E8F5, 0x00DBEEF7, 0x00E4F2F6, 0x00E6F3F7, 0x00E7F4F7, 0x00E7F4F7, 0x00E7F4F7, 0x00E5F3F6,
    0x00E3F0F4, 0x00DDECF1, 0x00D8E9ED, 0x00DDEBEF, 0x00DCEBEF, 0x00DFEDF0, 0x00DCEBF0, 0x00DBEBF1, 0x00DDEBF1,
    0x00DCEBEF, 0x00DDEBEF, 0x00DFEDF1, 0x00DEECF0, 0x00DFEDF0, 0x00E1EDF1, 0x00E1EFF3, 0x00DFEDF1, 0x00DEEDF0,
    0x00E2EFF2, 0x00DFECF1, 0x00DCEBF0, 0x00DCEBEE, 0x00DAEAEE, 0x00DAEAEF, 0x00DBEBF0, 0x00D9EAEE, 0x00DDECF0,
    0x00E0ECF0, 0x00DDECF0, 0x00E2EFF2, 0x00DCEBEF, 0x00E2EFF2, 0x00E2EFF3, 0x00E1EFF2, 0x00E1EFF1, 0x00E0EEF0,
    0x00E2EFF2, 0x00DEECEF, 0x00DBEBEE, 0x00DBEAEF, 0x00DEECEF, 0x00DEEBEF, 0x00E0EDF1, 0x00E1EEF1, 0x00E0EEF1,
    0x00DCEBEE, 0x00E0ECEF, 0x00DEECF0, 0x00DEEBF0, 0x00DEECEE, 0x00DEEBEF, 0x00DDEBEF, 0x00DDEBEE, 0x00DCEBEE,
    0x00E1EDF0, 0x00E1EFF1, 0x00E2EFF1, 0x00E1EFF0, 0x00E0EEF1, 0x00E3EFF3, 0x00DFEFF1, 0x00E0EEF1, 0x00E0EEF1,
    0x00DFEDF0, 0x00E0EEF1, 0x00DFEDF0, 0x00E1EEF0, 0x00E2EEF1, 0x00E2EFF2, 0x00E1EDF0, 0x00DEECEF, 0x00E2EEF1,
    0x00E2EFF2, 0x00E0EDF1, 0x00E1EDF1, 0x00DDEAED, 0x00E0ECF0, 0x00E1EDF0, 0x00E0ECEF, 0x00DEEBEE, 0x00E3EEF1,
    0x00E1EDF0, 0x00E1EDF1, 0x00DFEBEE, 0x00E1EDF0, 0x00E0ECF0, 0x00E1EEF1, 0x00E1EEF1, 0x00DFECF0, 0x00DEECEF,
    0x00DDECEF, 0x00DFECEF, 0x00E1EDF0, 0x00DCEBEF, 0x00DEEBEE, 0x00E0ECEF, 0x00E0EDF0, 0x00DFECEF, 0x00DEEBEF,
    0x00DFEDF0, 0x00DEECF0, 0x00DCECEF, 0x00DEECF0, 0x00E3EEF1, 0x00E0EDEF, 0x00DAE9EC, 0x00DDEAEE, 0x00DDEBED,
    0x00DDEBED, 0x00DDEBEE, 0x00D8E8ED, 0x00DAEAED, 0x00DCEAEE, 0x00DDEBEF, 0x00DEEBEE, 0x00DDEBEF, 0x00DDEBEF,
    0x00DEEBEF, 0x00DEEBEE, 0x00DDEAEE, 0x00E0EBEF, 0x00DFEBEF, 0x00DEEBEF, 0x00DEEBEE, 0x00DEEBEE, 0x00E0ECEF,
    0x00DDEBEE, 0x00DCEBEE, 0x00DCEAEE, 0x00DFECEF, 0x00DDEBEF, 0x00DCEAEF, 0x00D7E8ED, 0x00DFECF0, 0x00DBEAF0,
    0x00DBE9EE, 0x00DBE9EF, 0x00DBEAEF, 0x00D8E9EE, 0x00D9E9EE, 0x00D7E9EF, 0x00D8E8ED, 0x00DBEAEF, 0x00DDECEF,
    0x00D9EAF0, 0x00DCEBEE, 0x00DCEBF0, 0x00DFEDF2, 0x00D8EAEE, 0x00D9EBF0, 0x00E0EEF3, 0x00DEECF2, 0x00DAEBF1,
    0x00D9E9EF, 0x00D7E9EF, 0x00D9EAEF, 0x00D7E9EF, 0x00D9EAF1, 0x00D9EAF0, 0x00D9EAF0, 0x00D9EAF0, 0x00DCECF0,
    0x00DAEBF1, 0x00DBECF1, 0x00D9EBF1, 0x00D8EAEF, 0x00D9EBF1, 0x00D6E9EF, 0x00DAEAF2, 0x00D5E9EF, 0x00DBEAF1,
    0x00D5E8EE, 0x00DBECF2, 0x00D9EBF1, 0x00D9EBF2, 0x00DBEDF3, 0x00DEEFF5, 0x00D7E8EF, 0x00D0DEE3, 0x00D0E0E6,
    0x00D8EBF2, 0x00CCDAE1, 0x00CBDBE1, 0x00CBD7DB, 0x00CDDDE3, 0x00C5D4DB, 0x00CCE3ED, 0x00D4ECF8, 0x00D9EFF9,
    0x00D9EDF5, 0x00D8EBF2, 0x00D9ECF3, 0x00D9ECF4, 0x00D6ECF3, 0x00D9ECF4, 0x00D7EAF2, 0x00D7ECF3, 0x00D7ECF3,
    0x00D7EDF4, 0x00CEE7F5, 0x00CCE5F4, 0x00CAE3F3, 0x00CBE4F4, 0x00C9E2F2, 0x00C5DEEF, 0x00C7E0F0, 0x00CBE3F2,
    0x00CBE4F2, 0x00C9E2F1, 0x00C8E1F0, 0x00C9E2F1, 0x00CBE2F1, 0x00C7E0EF, 0x00C7E1F1, 0x00C4DFF1, 0x00C3DFF0,
    0x00C5DFF0, 0x00C3DDEE, 0x00CBE2F2, 0x00C3DFF0, 0x00C1DEEF, 0x00C7E1F0, 0x00C8E0F0, 0x00C7E0F1, 0x00C2DDEE,
    0x00C7E0F1, 0x00C4DFEF, 0x00C2DDED, 0x00C5DEEF, 0x00C2DDEE, 0x00C6E0F0, 0x00C6E0F0, 0x00C7E1F0, 0x00C6E1F1,
    0x00C3DEED, 0x00C7E3F2, 0x00C9E4F3, 0x00C8E2F2, 0x00C7E1F1, 0x00C7E2F1, 0x00C9E4F1, 0x00C8E2F1, 0x00C7E2F1,
    0x00CBE5F3, 0x00C3DEED, 0x00CDE7F4, 0x00CBE4F2, 0x00C8E3F2, 0x00C7E1F1, 0x00CCE5F3, 0x00C8E2F0, 0x00C7E1F1,
    0x00CBE4F3, 0x00C5DFEF, 0x00C5DFEF, 0x00C2DDED, 0x00C1DCEC, 0x00C2DCEC, 0x00C0DCED, 0x00C9E3F2, 0x00C7E1F2,
    0x00BFDAED, 0x00C2DCED, 0x00BDD8EC, 0x00B1CEE6, 0x00ABC7E0, 0x00AECAE3, 0x00BDD9ED, 0x00C3DEF0, 0x00BDD8EC,
    0x00C0DCEE, 0x00C1DCEE, 0x00C4DFF0, 0x00C6E0F1, 0x00C0DCEF, 0x00BFDBEF, 0x00C1DDEF, 0x00C2DCF0, 0x00C5E0F0,
    0x00C2DDEF, 0x00C3DDEF, 0x00C0DBEE, 0x00C2DCEF, 0x00C0DCF0, 0x00C4DEF0, 0x00C2DCEF, 0x00C5DEF0, 0x00C5DEF1,
    0x00C5DDF0, 0x00C2DCEF, 0x00C3DCEE, 0x00C2DCEF, 0x00C7E0F0, 0x00B6CEDE, 0x00B0C4D0, 0x00AABCC5, 0x00AABAC1,
    0x00AEC1C6, 0x00B4C5CC, 0x00ADBFC6, 0x00AFC0C7, 0x00A8B8BF, 0x00AAB8BE, 0x00AFBFC5, 0x00B3C4CB, 0x00B4C5CB,
    0x00B8C9CF, 0x00B5C8CD, 0x00B0C2CA, 0x00A3B2B9, 0x00C7D6DB, 0x00DEECF2, 0x00E4F2F7, 0x00E5F3F8, 0x00E7F4F8,
    0x00E5F3F6, 0x00E4F1F4, 0x00E1F0F3, 0x00E1EEF2, 0x00DFEDF2, 0x00DEECF1, 0x00DFEDF2, 0x00DBEBF0, 0x00E0EDF1,
    0x00E0EEF2, 0x00DDECF0, 0x00DBEAF0, 0x00D7E7ED, 0x00D6E6EB, 0x00DCECF0, 0x00D8E8ED, 0x00D7E8ED, 0x00D9E9EE,
    0x00DEECEF, 0x00D8E7EC, 0x00D9E8EC, 0x00D8E7EC, 0x00D8E7EB, 0x00DBE7ED, 0x00DAE8EE, 0x00DBE9EF, 0x00D8E7EC,
    0x00D5E6EC, 0x00D6E6ED, 0x00DDEBF0, 0x00DEEBF1, 0x00DDECF0, 0x00E0EDF0, 0x00DDECEF, 0x00E0ECEF, 0x00E0EDF0,
    0x00E2EFF2, 0x00DFEDF0, 0x00DEEDF0, 0x00DDECF0, 0x00DCECF0, 0x00DAEAEE, 0x00D9E9ED, 0x00DCEBEF, 0x00DDEBEE,
    0x00DEECEF, 0x00DFEDF0, 0x00DEEBEE, 0x00DDEBF0, 0x00DFEBEF, 0x00DEEBEF, 0x00DFEBEE, 0x00DFECF0, 0x00DEECF0,
    0x00DEEDF0, 0x00E4F0F2, 0x00E1EFF1, 0x00DAE9EC, 0x00DDEBED, 0x00DCEBED, 0x00DBEAED, 0x00DEEBEE, 0x00DFECEE,
    0x00DEEAEE, 0x00DAE9EB, 0x00DFECF0, 0x00DCEBEE, 0x00DCECF0, 0x00DAEAEE, 0x00DDEAED, 0x00DEECEF, 0x00E0ECEF,
    0x00DFEBEE, 0x00E2EEF0, 0x00E1EDF0, 0x00E2EFF1, 0x00E3EFF3, 0x00E0ECF0, 0x00E0EEF1, 0x00DDECF0, 0x00E0EDF0,
    0x00DFECEF, 0x00E1EDF0, 0x00E1EDF0, 0x00DEECEF, 0x00DEEAEE, 0x00DDEAEE, 0x00DEEBEE, 0x00E1EDF0, 0x00E2EEF1,
    0x00DFECEF, 0x00E1EDF1, 0x00E1ECF0, 0x00E0EDF0, 0x00DEEBEF, 0x00DFECF1, 0x00DCEAEE, 0x00DDEBF0, 0x00DAE8ED,
    0x00DDEAED, 0x00DCEAEE, 0x00DBEAED, 0x00DAEAED, 0x00DAE9ED, 0x00D9E8EC, 0x00D7E8EC, 0x00D9E9ED, 0x00DAEAED,
    0x00DFECEF, 0x00DAE9EC, 0x00DCE8EC, 0x00D9E8EB, 0x00DEEBEE, 0x00DDEAED, 0x00DDEAED, 0x00DDEAED, 0x00DDEAED,
    0x00DEEAEE, 0x00DBE9ED, 0x00DDEAEE, 0x00DEEBEE, 0x00DAEAEE, 0x00DBE8EC, 0x00DAE9EC, 0x00DCEAED, 0x00DAE9EC,
    0x00DDEBEE, 0x00DDEBEE, 0x00E0ECEF, 0x00E0ECEE, 0x00DFEBED, 0x00DDEBEE, 0x00D9E8EC, 0x00DBE9ED, 0x00DCEAEF,
    0x00D9EAED, 0x00DCEAEE, 0x00DCEAEF, 0x00DBE9ED, 0x00D8E8EE, 0x00DDEBEE, 0x00D8E8ED, 0x00DAE9EF, 0x00DDEBF0,
    0x00D8EAEE, 0x00DAEAEE, 0x00D7EAEE, 0x00DCEBEF, 0x00D8EAEF, 0x00D6E9EF, 0x00DAEBF2, 0x00D8EAEF, 0x00E0EDF3,
    0x00DCEBF1, 0x00DBEAEF, 0x00DBEBF0, 0x00DCEBF1, 0x00DAEAF0, 0x00D8E9EF, 0x00D9EBEF, 0x00D8EAEF, 0x00DBEBF0,
    0x00DBEBF0, 0x00D9EAF0, 0x00D8E9F0, 0x00D3E5EA, 0x00DCEBF0, 0x00D4E8ED, 0x00D7E9EF, 0x00D5E8EF, 0x00D6EAEF,
    0x00DCEBF1, 0x00D8E9F0, 0x00D6E9EF, 0x00D8EAF0, 0x00D8EAF1, 0x00D9EBF1, 0x00D4E9EF, 0x00DCEDF2, 0x00DBEDF2,
    0x00DCEEF4, 0x00DCECF1, 0x00D7E7ED, 0x00DCEEF4, 0x00D6E6ED, 0x00C8D4DA, 0x00D0E1E8, 0x00D6E9F0, 0x00C6D1D4,
    0x00C9DBE2, 0x00B4C7D3, 0x00B0CEE0, 0x00C4E4F2, 0x00D5EDF6, 0x00D7ECF5, 0x00DBEFF6, 0x00DAEDF5, 0x00D8EDF4,
    0x00D9EDF5, 0x00D9ECF3, 0x00D7ECF5, 0x00D8ECF4, 0x00D9EDF4, 0x00DBEFF7, 0x00CFE8F6, 0x00CBE4F4, 0x00CBE4F4,
    0x00CBE4F4, 0x00C8E2F2, 0x00C7E0F0, 0x00C6DFF0, 0x00C6DFF0, 0x00C7E0F1, 0x00C4DEEF, 0x00C7E1F0, 0x00C8E1F1,
    0x00C9E1F2, 0x00C5DFF1, 0x00C2DDEF, 0x00C1DCF0, 0x00BFDCEE, 0x00C4DEEF, 0x00C2DDEE, 0x00C8E0F0, 0x00C3DDEF,
    0x00C1DCEF, 0x00C5DFEF, 0x00C3DEEF, 0x00C4DEEF, 0x00C3DEEE, 0x00C3DDED, 0x00BFDBEC, 0x00C0DCEF, 0x00C1DDEE,
    0x00C2DDED, 0x00C4DFEF, 0x00C3DDEE, 0x00C3DFEE, 0x00C5E1F0, 0x00C8E3F1, 0x00C8E2F1, 0x00C8E3F1, 0x00C7E2F0,
    0x00C7E1F1, 0x00C8E2F2, 0x00C6E1F0, 0x00C7E2F0, 0x00C7E2F0, 0x00C8E2F1, 0x00C7E2F1, 0x00C9E3F1, 0x00C8E1F0,
    0x00C9E3F2, 0x00C7E1F0, 0x00CAE3F2, 0x00C3DFEE, 0x00C8E2F1, 0x00CAE4F3, 0x00C6E0EF, 0x00C7E1F0, 0x00C5DFEF,
    0x00C5DFEF, 0x00C5E0EF, 0x00C7E1F1, 0x00C7E0F0, 0x00C3DEEF, 0x00C6DFEF, 0x00C7E1F0, 0x00C7E1EF, 0x00C5E0EF,
    0x00C4DEEF, 0x00C3DEEE, 0x00C3DDEE, 0x00C4DFF1, 0x00BED9EC, 0x00BEDAED, 0x00BFDAEF, 0x00BBD8ED, 0x00A3C3E0,
    0x00A5C4E2, 0x00B3D1E8, 0x00B5D2E9, 0x00AFCBE6, 0x00BAD5EB, 0x00AECAE5, 0x00B6D0E9, 0x00B5D0E8, 0x00B9D4EC,
    0x009FBDDF, 0x00A4C1E2, 0x00A3BFE0, 0x00A6C3E4, 0x00B1CDE8, 0x00B5D1EA, 0x00BAD4EB, 0x00BED9EE, 0x00C1DAEE,
    0x00C0DBEE, 0x00C3DCEE, 0x00C1DAED, 0x00BCD5E7, 0x00B6CCDA, 0x00B1C6D3, 0x00ADBFCB, 0x00AABDC6, 0x00B1C3CB,
    0x00B1C4CC, 0x00B0C2C9, 0x00B2C4CB, 0x00B4C5CC, 0x00B8C9D0, 0x00B6C6CD, 0x00BBCDD3, 0x00B8C7CE, 0x00B5C6CD,
    0x00A8B9BF, 0x00B3C2C7, 0x00C4D3D7, 0x00C9D8DC, 0x00CFDCE0, 0x00D5E2E7, 0x00D3E0E4, 0x00D7E6EB, 0x00DCEAEE,
    0x00D9E7EC, 0x00E2F0F4, 0x00E1EFF4, 0x00E1EEF2, 0x00E1EFF4, 0x00E1EEF3, 0x00E1EEF2, 0x00DFEEF2, 0x00DAEAEF,
    0x00E1EFF3, 0x00DEECF1, 0x00DFEDF2, 0x00DEECF0, 0x00DFEDF1, 0x00E0EDF1, 0x00DEECF1, 0x00DBEBF0, 0x00DAEAEF,
    0x00DBEAEE, 0x00D9E9ED, 0x00D8E8EB, 0x00D8E7EB, 0x00DBE9ED, 0x00DCEAED, 0x00DBEAEE, 0x00DFEDF1, 0x00DFEDF0,
    0x00DBEBEF, 0x00DFEDF1, 0x00E2EFF2, 0x00E3EFF2, 0x00E0EFF1, 0x00E2F0F3, 0x00E1EFF2, 0x00E4F1F3, 0x00E3F0F3,
    0x00E1EFF2, 0x00DFEDF1, 0x00DAEAED, 0x00DFEDF1, 0x00DEECF0, 0x00D9E9EC, 0x00DCEAEE, 0x00DAEAEE, 0x00DDEBEF,
    0x00DCEBEF, 0x00E0EDF0, 0x00E2EEF1, 0x00E1EEF1, 0x00E0EDF0, 0x00E0EEF1, 0x00E3EFF3, 0x00E1EFF1, 0x00DEEDF0,
    0x00DFECEF, 0x00E0EEF0, 0x00DEECEE, 0x00E3EFF2, 0x00E3EFF1, 0x00E1EEF0, 0x00DFEDEF, 0x00DEECEF, 0x00DBEBEE,
    0x00DBEAED, 0x00DCEBEE, 0x00DCEAED, 0x00D8E8EC, 0x00DFECEE, 0x00E0ECF0, 0x00E0EDEF, 0x00DFEDF0, 0x00DDEBEE,
    0x00DFEBEE, 0x00DBE8EB, 0x00DBE9EC, 0x00DBE9ED, 0x00DEEBEE, 0x00DBE9ED, 0x00D5E5E8, 0x00DAE8EC, 0x00DBE9EC,
    0x00DCE9ED, 0x00DAE8EB, 0x00DCEAED, 0x00DDEAED, 0x00DDEAED, 0x00DEEAEE, 0x00DCE9ED, 0x00DEEAEE, 0x00DDEBEE,
    0x00DBE9EC, 0x00DCE9EC, 0x00DCE9EC, 0x00DAE8EB, 0x00DDEAED, 0x00DDEAED, 0x00D7E7EA, 0x00D9E8EB, 0x00DAE9EC,
    0x00DBE9ED, 0x00DAE9EC, 0x00DBE9EC, 0x00DBE9EC, 0x00D9E8EB, 0x00D9E7EA, 0x00D7E7EA, 0x00DEEBEE, 0x00DBE9EC,
    0x00DAE8EB, 0x00DCE8EC, 0x00D7E7EA, 0x00DBE9EC, 0x00D9E8EB, 0x00DCEAED, 0x00DBEAED, 0x00DAEAED, 0x00D9E8EC,
    0x00D8E8EB, 0x00DCEBEE, 0x00D6E8EB, 0x00DAE8EC, 0x00DAE9EC, 0x00DCEAED, 0x00DAE9EC, 0x00DCEAEE, 0x00DDEAEE,
    0x00DFEBEF, 0x00DCE9ED, 0x00D8E7EC, 0x00DAE9ED, 0x00DCEAEE, 0x00D9E9ED, 0x00DBEAEE, 0x00DDEBEF, 0x00DCEAEE,
    0x00DAE9ED, 0x00DBE9ED, 0x00D8E8ED, 0x00D7E7EC, 0x00D9E8EE, 0x00D7E8EE, 0x00D9E9EE, 0x00DAEAEF, 0x00DCEBF0,
    0x00DDEBF0, 0x00DAEAEF, 0x00D6E9EE, 0x00D9EAEF, 0x00DDEAF0, 0x00D9EAEF, 0x00DEECF1, 0x00DDECF1, 0x00DEECF1,
    0x00DAEBF0, 0x00D8E9EE, 0x00DAEAF0, 0x00D9EAF0, 0x00DBEBF0, 0x00DAEAEF, 0x00D8E9F0, 0x00D5E6EC, 0x00D6E8EE,
    0x00DBEAF0, 0x00D6E9EE, 0x00DAEBF1, 0x00D7EAF0, 0x00D6E9EF, 0x00D6E8EF, 0x00D7E8EF, 0x00D9EAF1, 0x00D9EBF1,
    0x00D5E9EF, 0x00D6EAF0, 0x00D5E9F0, 0x00D8EBF1, 0x00DCEDF3, 0x00D9ECF2, 0x00DFEFF4, 0x00DAEAF0, 0x00D0DEE4,
    0x00CEDDE2, 0x00D5E8EE, 0x00D1E1E7, 0x00C7D3D7, 0x00C9D8DD, 0x00C3D1D6, 0x00C6DEEB, 0x009FB7C6, 0x00B6D0DD,
    0x00D1E8F1, 0x00DDF0F9, 0x00DAEEF7, 0x00D7ECF4, 0x00D4EAF2, 0x00D8EBF4, 0x00D5EBF3, 0x00D4EBF3, 0x00D8EDF5,
    0x00DCEFF6, 0x00D5ECF4, 0x00C5E1F4, 0x00C7E1F3, 0x00C9E2F3, 0x00C8E3F2, 0x00C6E1F1, 0x00C8E1F3, 0x00C5DEEF,
    0x00C3DDEF, 0x00C6DFF0, 0x00C7E0F0, 0x00CBE3F0, 0x00C8E1F1, 0x00C6DFF0, 0x00C9E1F1, 0x00C6DFEF, 0x00C8E1F2,
    0x00BFDAEC, 0x00C4DDF0, 0x00C1DDF0, 0x00C6DDEF, 0x00C6E0F0, 0x00C3DDEE, 0x00C2DCEE, 0x00C1DDEF, 0x00BFDAED,
    0x00BEDAEE, 0x00C0DBEF, 0x00BEDAEC, 0x00BCD7ED, 0x00BDD9EB, 0x00C0DBEE, 0x00BDDBEC, 0x00BEDAEC, 0x00C0DCED,
    0x00C2DEEE, 0x00C3DDEE, 0x00C7E1F0, 0x00C8E2F1, 0x00C7E1F1, 0x00C8E1F0, 0x00C7E3F1, 0x00C5DFEF, 0x00C2DCEC,
    0x00C8E1F0, 0x00C8E3F1, 0x00C6E1F0, 0x00C5DFEF, 0x00C4DFEF, 0x00C5DFEF, 0x00CAE4F2, 0x00C3DEEE, 0x00C3DEEE,
    0x00C9E3F1, 0x00C9E3F2, 0x00C5DEEE, 0x00C5DFEE, 0x00C2DBEB, 0x00C5DFEF, 0x00C7E1F1, 0x00C5DFEF, 0x00C6E0F1,
    0x00C6E0F0, 0x00C5DFEE, 0x00C6E0F1, 0x00C3DDEE, 0x00C8E3F1, 0x00C7DFEF, 0x00C6DFEE, 0x00C7E0EF, 0x00C6DFF0,
    0x00C4DEEE, 0x00CAE3F2, 0x00C9E3F2, 0x00C5E0F1, 0x00BED9EF, 0x00B7D3EA, 0x00AECBE6, 0x00A5C3E0, 0x009CBADB,
    0x00B5D3EA, 0x00B8D3EA, 0x00B1CEE8, 0x00A7C4E3, 0x00ACC9E7, 0x009CBBE0, 0x008FAFDB, 0x0085A7D7, 0x0082A4D5,
    0x007FA3D3, 0x0086A8D8, 0x008BACDA, 0x0092B2DB, 0x00B8D3EC, 0x00BFD8ED, 0x00C3DDF0, 0x00C3DDF0, 0x00C1DBF0,
    0x00C0DDF0, 0x00BEDAEE, 0x00BDDAED, 0x00B6CFE3, 0x00A8BDCB, 0x00A7BAC4, 0x00B9CBD4, 0x00B3C5CB, 0x00B4C3C9,
    0x00B5C5CC, 0x00B3C4CB, 0x00B2C2C9, 0x00BBCCD3, 0x00B3C5CB, 0x00B1C0C7, 0x00B1C1C7, 0x00B0C0C7, 0x00AEBFC5,
    0x00A9B8BD, 0x00A5B2B8, 0x009BA7AC, 0x00A2AEB3, 0x00ABB9BE, 0x00A2AEB3, 0x00ABB7BB, 0x00C3CED2, 0x00E5F1F3,
    0x00E3F0F5, 0x00E1EFF3, 0x00DFEEF1, 0x00DFEDF2, 0x00DCECF0, 0x00E0EEF2, 0x00DFECF1, 0x00DEEDF2, 0x00DCEAEE,
    0x00DBEAED, 0x00DBE9EC, 0x00DDEAF0, 0x00DFEDF1, 0x00E0EDF1, 0x00E0ECF0, 0x00DFEDF3, 0x00DDEDF2, 0x00D6E9EE,
    0x00DDEBF0, 0x00DEECEF, 0x00DBE9EE, 0x00CFE1E5, 0x00D4E5E9, 0x00DAE8EC, 0x00DBEBEE, 0x00E3F0F2, 0x00E4EFF2,
    0x00E1EEF0, 0x00DFECEE, 0x00DCEBEF, 0x00E0EEF1, 0x00E2EFF3, 0x00E1EEF1, 0x00E1EEF2, 0x00DCEBF0, 0x00DFEDF1,
    0x00DDECF1, 0x00DAE9ED, 0x00DBE9ED, 0x00D9E8EC, 0x00D8E7EA, 0x00DBE9EC, 0x00DEEBEF, 0x00DFEDF0, 0x00DCEBEF,
    0x00DFEEF1, 0x00E0EEF0, 0x00E0EEF2, 0x00DFEEF1, 0x00DFEDF1, 0x00DDECEF, 0x00E1EDF1, 0x00E2EEF1, 0x00E3EFF1,
    0x00E1EDF1, 0x00E0EEEF, 0x00E0EDEF, 0x00DFEDEF, 0x00DFEDF0, 0x00E1ECF0, 0x00DDECEE, 0x00E1EDF0, 0x00D7E7EC,
    0x00DEECEF, 0x00E1EEF1, 0x00E0EDEF, 0x00E2EFF2, 0x00E3F0F2, 0x00E0EDEF, 0x00E0EEF2, 0x00DFECEF, 0x00DAE8EC,
    0x00D7E6E9, 0x00D9E7EB, 0x00DAE9EC, 0x00D7E6EA, 0x00D6E5EA, 0x00D9E8EB, 0x00DDEAEC, 0x00DFECEE, 0x00E0ECEF,
    0x00DEEBEE, 0x00DEEBEE, 0x00DAE8EB, 0x00DBE8EC, 0x00D8E7EA, 0x00D9E7E9, 0x00D9E7EB, 0x00D6E3E7, 0x00D4E2E5,
    0x00D9E6EA, 0x00D5E4E8, 0x00D5E5E8, 0x00D6E5E8, 0x00D8E6E8, 0x00D8E7EB, 0x00D9E8EA, 0x00D8E6E9, 0x00D8E6E9,
    0x00D8E7EA, 0x00DAE7EB, 0x00D6E5E9, 0x00D6E5E8, 0x00D9E7EB, 0x00D9E6EA, 0x00D6E5E9, 0x00D5E6E9, 0x00D8E6EB,
    0x00D9E7EA, 0x00D9E7EA, 0x00D8E7EB, 0x00D5E5E8, 0x00DDEBEE, 0x00DBE9EC, 0x00DEEBEE, 0x00DAE8EB, 0x00D9E7EB,
    0x00D6E6EA, 0x00D7E7EB, 0x00D9E8EB, 0x00DBE9EC, 0x00DBE8EC, 0x00DDEAEE, 0x00DBE9ED, 0x00DBEAEF, 0x00DBE9EE,
    0x00DAE8EC, 0x00DBEAEF, 0x00DBE9EF, 0x00DAE9ED, 0x00DFECF0, 0x00E2EEF1, 0x00DEEBEE, 0x00DAE9ED, 0x00DAEAEE,
    0x00DBE9EE, 0x00D6E7ED, 0x00D9EAEF, 0x00DBEBF0, 0x00DCEBEF, 0x00DAEAEE, 0x00DBEBF0, 0x00DEECF0, 0x00DDECEF,
    0x00DCEAEF, 0x00DDECF1, 0x00DBEAEE, 0x00DAEBF0, 0x00DCECF1, 0x00DCECF1, 0x00DEEEF1, 0x00DCECF1, 0x00DBEBF0,
    0x00DBEBF1, 0x00DAEBF1, 0x00D9EBF0, 0x00D6E7EE, 0x00D9EAEF, 0x00D6E8EE, 0x00D2E6EC, 0x00DBEBF1, 0x00D8E9EF,
    0x00D8EAF0, 0x00D6E8EF, 0x00D5E7EE, 0x00D9EAF0, 0x00DAEBF1, 0x00D8EAEF, 0x00D9EAF1, 0x00D8EBF2, 0x00DCEDF2,
    0x00DAECF2, 0x00DCEFF4, 0x00DDEDF4, 0x00DBEBF0, 0x00DAEBF1, 0x00DBEDF3, 0x00CCD8DE, 0x00C7D4D9, 0x00D5E9EF,
    0x00D3E7ED, 0x00C1CCCF, 0x00D3EBF7, 0x00CBE1E9, 0x00BAC8CA, 0x00C4D0D3, 0x00D0DEE3, 0x00D7EAF1, 0x00D9EDF5,
    0x00D8ECF4, 0x00DAEDF4, 0x00D4EAF3, 0x00D3EAF2, 0x00D8EDF5, 0x00DDF1F7, 0x00D4ECF5, 0x00C3DFF4, 0x00C0DDF3,
    0x00C6E0F3, 0x00C7E0F3, 0x00C4DFF2, 0x00C5DEF0, 0x00C4DCEF, 0x00C5DEEF, 0x00C9E0F1, 0x00C6DEF0, 0x00C1DCEF,
    0x00C3DDEF, 0x00C2DDEF, 0x00BCD8ED, 0x00C6DFF0, 0x00C5DFF0, 0x00C3DEF0, 0x00C1DBEE, 0x00C0DCEE, 0x00C2DBEF,
    0x00C0DBEF, 0x00C1DBF1, 0x00BED9EF, 0x00BBD7ED, 0x00BCD9EE, 0x00BAD7ED, 0x00B9D5EC, 0x00B8D4EB, 0x00C0DAEE,
    0x00B7D5E9, 0x00BDD8ED, 0x00B8D5EA, 0x00C1DCEE, 0x00BEDBED, 0x00BBD6EB, 0x00B8D4E9, 0x00BED8EC, 0x00BAD5EA,
    0x00BFDBED, 0x00C1DDEE, 0x00C5DFF1, 0x00BFD9EC, 0x00C1DCED, 0x00BFDAEB, 0x00C8E2F0, 0x00C3DEEE, 0x00C3DFEF,
    0x00C4E0EF, 0x00C6E0EF, 0x00C4DFEF, 0x00C3DEEE, 0x00C3DEEE, 0x00C5E0F0, 0x00C6E0F1, 0x00C5E0F0, 0x00C6E0EF,
    0x00C7E2F2, 0x00C9E3F2, 0x00CAE3F2, 0x00C8E2F0, 0x00C6E0F0, 0x00CBE3F1, 0x00C6DFEF, 0x00C6DFEC, 0x00C7E0EF,
    0x00C8E1EE, 0x00C7E1F1, 0x00C9E2F1, 0x00CBE2F2, 0x00C8E1F1, 0x00C4DFEF, 0x00C4DDF0, 0x00C3DEF1, 0x00C9E2F2,
    0x00C7E0F1, 0x00C7DFF0, 0x00C9E2F2, 0x00C8E1F1, 0x00C1DCF0, 0x00A2BFDD, 0x00A4C1DC, 0x00B2CBE2, 0x00BFD8E9,
    0x00C3DAEB, 0x00C5DDED, 0x00C9E1EF, 0x00A7C3E2, 0x0092B2DB, 0x0080A3D4, 0x0085A7D7, 0x0084A7D8, 0x0085A9D9,
    0x0087AAD9, 0x009CBBE0, 0x00C0DBEF, 0x00BCD8EE, 0x00B9D8EE, 0x00B9D8EF, 0x00BAD8F1, 0x00B2D2EC, 0x00BCD9EF,
    0x00B7D2E9, 0x00AEC6DA, 0x00BBD1E1, 0x00B4C6D0, 0x00ABBBC1, 0x00A6B6BE, 0x00A3B3BB, 0x00B6C9CF, 0x00A9BBC0,
    0x00ABBDC3, 0x00B5C7CE, 0x00BFD0D7, 0x00B9CAD2, 0x00BCCED5, 0x00BBCDD4, 0x00B8C9D1, 0x00B1C2C9, 0x00A7B5BB,
    0x009AAAAF, 0x00A0ADB3, 0x0097A3A9, 0x0096A3A8, 0x009BA7AB, 0x00AFB8BB, 0x00E5F2F5, 0x00E1EEF2, 0x00DFEDF3,
    0x00DEECF0, 0x00DEECF1, 0x00DFECF0, 0x00E2EEF2, 0x00DDECF1, 0x00E0EEF1, 0x00E0EDF0, 0x00DEECF0, 0x00DBEBED,
    0x00DDECF0, 0x00E1EEF2, 0x00E0EFF2, 0x00E2EEF2, 0x00E1EFF2, 0x00E0EEF2, 0x00DFECF1, 0x00DDECF1, 0x00DAEAEE,
    0x00DCEBF0, 0x00D6E8ED, 0x00D4E6EA, 0x00D6E6E9, 0x00D8E6E8, 0x00D9E5E6, 0x00DAE5E6, 0x00DBE7E8, 0x00DDE9EB,
    0x00DEEBEF, 0x00DBE9EC, 0x00DCE9ED, 0x00DAE9EE, 0x00D9E9EE, 0x00D8E8EC, 0x00D5E7EC, 0x00DBEAEF, 0x00DBEAED,
    0x00DBE9EC, 0x00D5E4E7, 0x00D7E4E8, 0x00DAE8EB, 0x00DDEAED, 0x00D9E8EA, 0x00D9E7EA, 0x00D8E8EB, 0x00D9E8EB,
    0x00D7E7EA, 0x00DAE8EA, 0x00D7E7EA, 0x00DDECEF, 0x00DDECEF, 0x00DEEBEE, 0x00DFEDF0, 0x00E0EDEF, 0x00E1EDEF,
    0x00DCEBED, 0x00DDEBED, 0x00DAE9EC, 0x00E0EDF0, 0x00E0EDF1, 0x00DFEDEF, 0x00E1EEF1, 0x00E1EEF1, 0x00DEECEE,
    0x00DCEBED, 0x00DDEBEE, 0x00DCEBEE, 0x00DEECEE, 0x00DEEBEE, 0x00DDEBEE, 0x00DAE9EC, 0x00DDE9ED, 0x00D7E7EB,
    0x00DAE7EB, 0x00DBE9EC, 0x00DAE7EB, 0x00D9E8EB, 0x00D9E7EA, 0x00D8E7EB, 0x00D9E8EB, 0x00D7E6EA, 0x00D7E5E9,
    0x00D7E7E9, 0x00D9E7EB, 0x00D9E8EB, 0x00DAE8EB, 0x00D5E4E7, 0x00DBE8EB, 0x00DBE8EB, 0x00DCE9EB, 0x00D8E7E9,
    0x00D7E5E8, 0x00D7E5E9, 0x00D5E4E7, 0x00D4E4E7, 0x00D8E6E9, 0x00D5E5E9, 0x00D2E3E7, 0x00D9E7EA, 0x00D9E7EA,
    0x00D7E6E9, 0x00D6E5E8, 0x00D5E4E7, 0x00D4E4E7, 0x00D7E5E9, 0x00D3E3E6, 0x00D7E7EA, 0x00D7E6E9, 0x00D8E7EA,
    0x00D8E6EA, 0x00D7E6EA, 0x00DBE8EB, 0x00D9E7EC, 0x00D5E5EA, 0x00D4E6E8, 0x00D2E5E9, 0x00D6E6E9, 0x00D6E7EB,
    0x00DBE9EC, 0x00DAE8EB, 0x00D9E8EB, 0x00D9E8EB, 0x00D9E8EB, 0x00D9E8EC, 0x00DAE9EC, 0x00DCEAED, 0x00DEEBEF,
    0x00D9E9EC, 0x00E0ECF0, 0x00DEECF0, 0x00DAE9ED, 0x00DAE9ED, 0x00DAEAEF, 0x00D8EAEF, 0x00DAEBF0, 0x00DCECEF,
    0x00D9EAEF, 0x00D6E9EE, 0x00DBEAEE, 0x00D8E9EF, 0x00D5E7ED, 0x00D9E9EE, 0x00D9E8EE, 0x00DBEBEF, 0x00D7E9ED,
    0x00DDECF0, 0x00DAEAEF, 0x00DDEDF2, 0x00DAEBF0, 0x00DDEDF3, 0x00DDEDF3, 0x00DDEBF2, 0x00D9EAEF, 0x00D6E8EE,
    0x00D8E9EF, 0x00D6E7EE, 0x00D9E9F0, 0x00D2E6ED, 0x00D8E9F0, 0x00D6E8EE, 0x00DBEBF0, 0x00D9EAEF, 0x00D6E9F0,
    0x00D7E9F0, 0x00D6E9EF, 0x00D8E9F0, 0x00D8EAF1, 0x00D8E9F0, 0x00DAECF3, 0x00DAECF1, 0x00DCEDF4, 0x00DDEEF5,
    0x00D5E5EA, 0x00CCDADF, 0x00D1E3E9, 0x00D7ECF5, 0x00D8EEF5, 0x00CFE2E8, 0x00C3CFD4, 0x00D7ECF4, 0x00DDF3FA,
    0x00D7E9ED, 0x00C6D1D4, 0x00C2CCCF, 0x00C3D1D5, 0x00CEE1E8, 0x00D6EBF3, 0x00DAEDF5, 0x00DDF0F7, 0x00D6EBF3,
    0x00D7ECF5, 0x00D5EBF4, 0x00D8EFF8, 0x00C6E1F5, 0x00C2DFF3, 0x00C2DDF2, 0x00C4DEF3, 0x00C2DCF0, 0x00C3DBF0,
    0x00C0DBEF, 0x00C5DFEF, 0x00C5DEEE, 0x00C3DDEE, 0x00C3DDF0, 0x00C5DEF0, 0x00C3DDEF, 0x00C1DBEF, 0x00C0DAEE,
    0x00C0DBEF, 0x00BEDAEE, 0x00BEDAEE, 0x00C0DBEF, 0x00BBDAEE, 0x00BDD8EE, 0x00B8D6EC, 0x00BEDAEE, 0x00BDD8ED,
    0x00C0DBF0, 0x00C4DDF0, 0x00C8E1F1, 0x00C2DCEE, 0x00C2DCEF, 0x00BCD7EC, 0x00B0CEE6, 0x00B8D5E9, 0x00B9D5EB,
    0x00C0DBEF, 0x00BAD6EA, 0x00BED8EB, 0x00BCD6EA, 0x00B8D2E6, 0x00AFC9E2, 0x00BAD4E7, 0x00B0CBE0, 0x00B1CBDF,
    0x00AAC4DA, 0x00ABC6DB, 0x00B2CCE2, 0x00AEC9DF, 0x00B2CCE1, 0x00B2CCDF, 0x00B6D1E4, 0x00B2CBE0, 0x00B5D0E2,
    0x00B7D1E3, 0x00B7D2E6, 0x00B3CEE4, 0x00AAC6DD, 0x00B2CCE2, 0x00C2DAEA, 0x00BCD7EC, 0x00B7D3E9, 0x00B3CFE7,
    0x00B6D0E7, 0x00A5C1E0, 0x00AFCBE3, 0x00B4CEE5, 0x00B1CDE5, 0x00ACC9E3, 0x00A2BFDC, 0x00A3C0DE, 0x00A7C3E0,
    0x00A6C4E0, 0x00ACC9E5, 0x00BEDAEF, 0x00C1DDEF, 0x00C2DBEF, 0x00B5D0E8, 0x00BAD5EA, 0x00C4DCEE, 0x00C6DFF2,
    0x00C7E0F1, 0x00B5D1E7, 0x00A9C5E1, 0x00AFCBE4, 0x00A8C5E0, 0x0095B6D7, 0x008EB0D5, 0x009FBCDA, 0x00BCD5E9,
    0x00B3CFE8, 0x0091B3DA, 0x0086A9D8, 0x008FB0DB, 0x0090B3DD, 0x0097B8DE, 0x0082A6D8, 0x008EB1DC, 0x00A8CAEB,
    0x00A6C7E9, 0x00B0D2EF, 0x00ADCAE6, 0x00A1BDD7, 0x00A4BFD9, 0x00A9C3DC, 0x00ACC7E1, 0x00A3BED6, 0x00AFC9DF,
    0x00A3BEDC, 0x00A0BFE0, 0x009DBBDD, 0x0098B2CF, 0x00A5B9C8, 0x00B2C5CE, 0x00A8B9C0, 0x00A1B2B7, 0x00ACBDC4,
    0x00A8B8BF, 0x00ACBDC4, 0x00ABBCC3, 0x00A9BBC2, 0x00B9CDD4, 0x00ACBFC5, 0x00B9CAD2, 0x00ACBEC5, 0x009BAAAF,
    0x009AA9AE, 0x0099A8AD, 0x00919A9E, 0x00B2BCC1, 0x00D9E6EA, 0x00D8E7EC, 0x00D8E7EC, 0x00D9E9ED, 0x00DDEBEE,
    0x00DFECF0, 0x00E0EDEF, 0x00E0EDF1, 0x00DEEBEF, 0x00DAE9EE, 0x00DAE8ED, 0x00D9E8EC, 0x00DCEBEF, 0x00D9E8ED,
    0x00D7E8EC, 0x00D6E7EB, 0x00D7E8EE, 0x00DAE9EE, 0x00D8E9EE, 0x00D8E7EB, 0x00DAE9ED, 0x00DBEAEE, 0x00DFEEF1,
    0x00DBEBEE, 0x00E3F0F4, 0x00DFEEF1, 0x00DDEBEF, 0x00DDEBEF, 0x00DBEBEF, 0x00D2E3E8, 0x00D3E5E8, 0x00D8E7EB,
    0x00E1EEF2, 0x00E1EFF4, 0x00DDEDF0, 0x00DAEAEE, 0x00DAE9EC, 0x00DBE9EC, 0x00D7E6E9, 0x00DDEBEE, 0x00DCEAEE,
    0x00D7E8EB, 0x00D8E8EB, 0x00D7E7EB, 0x00DCECEE, 0x00DAE9EB, 0x00DAE9EC, 0x00DDEBEE, 0x00D8E8EB, 0x00DCEBEE,
    0x00D9E9EC, 0x00DAE8EB, 0x00DAE9EB, 0x00D9E7E9, 0x00DEEAED, 0x00DAE8EC, 0x00D9E8EB, 0x00D9E6E9, 0x00DAE8EB,
    0x00DBE8EC, 0x00D8E7EA, 0x00D9E8EA, 0x00DBE9EC, 0x00DFECEE, 0x00DCEBEE, 0x00DAEAEC, 0x00DBE9EC, 0x00D7E8EB,
    0x00DAE9EC, 0x00D9E8EC, 0x00DBE9EC, 0x00D9E8EB, 0x00DAE9EC, 0x00DBEAED, 0x00DBEAED, 0x00DCE9EC, 0x00DFECEF,
    0x00D6E5E9, 0x00D9E7EA, 0x00DCEAED, 0x00DBEAEC, 0x00DAE9EC, 0x00DAE9EC, 0x00DBE9EC, 0x00DAE9EC, 0x00D9E8EB,
    0x00D8E7EA, 0x00D7E4E8, 0x00D5E3E7, 0x00D4E2E4, 0x00D7E5E8, 0x00D2E2E5, 0x00D6E4E8, 0x00D8E6EA, 0x00DAE7EA,
    0x00DBE7EA, 0x00DAE6E8, 0x00DBE7E9, 0x00D7E5E7, 0x00D5E4E7, 0x00D6E5E7, 0x00D8E5E7, 0x00D6E5E9, 0x00D7E6E9,
    0x00D9E7E9, 0x00D7E6E9, 0x00D5E4E7, 0x00D2E2E6, 0x00D7E5E8, 0x00D6E5E8, 0x00D5E4E7, 0x00D7E4E7, 0x00D4E3E6,
    0x00D2E0E4, 0x00D0E0E3, 0x00CEE0E3, 0x00D4E4E7, 0x00D5E4E8, 0x00D9E6E9, 0x00D7E4E6, 0x00D8E5E7, 0x00DBE8EB,
    0x00D6E5E7, 0x00D9E7EA, 0x00DAE9EC, 0x00D9E7EB, 0x00DAE8EB, 0x00D9E9EC, 0x00DCEBEE, 0x00D8E8EC, 0x00D4E7EC,
    0x00D5E7EB, 0x00DAEAEF, 0x00D9EAEF, 0x00D9EAEE, 0x00D9EAEE, 0x00D7E9ED, 0x00DAEAEF, 0x00D8E8ED, 0x00DBEBEE,
    0x00DBEAEE, 0x00D7E9EE, 0x00D9EAEE, 0x00DEEAEF, 0x00D0E7F0, 0x00DDECF0, 0x00DDECF1, 0x00DAEAEF, 0x00DBECF2,
    0x00DDECF2, 0x00DAEBF1, 0x00D7E9EF, 0x00DBEBF1, 0x00DCECF1, 0x00DBEBF1, 0x00D8EAEF, 0x00D6E8EE, 0x00D9EBF0,
    0x00D6E8EF, 0x00D9EAF0, 0x00D7E8EF, 0x00D9E9EF, 0x00D4E7ED, 0x00D5E7EE, 0x00D8E9F0, 0x00D7E9F0, 0x00D7E9F0,
    0x00D7EAF1, 0x00D7EAF1, 0x00DAECF3, 0x00DAEAF0, 0x00D2E1E5, 0x00D5E6ED, 0x00DBF0F8, 0x00D6EBF5, 0x00CEDFE6,
    0x00CCDDE3, 0x00C3CFD3, 0x00CAD9DD, 0x00D9EFF9, 0x00DAF1FA, 0x00D9EFF9, 0x00D7EBF4, 0x00D1E6EE, 0x00D9EEF8,
    0x00D7ECF4, 0x00D4E9F2, 0x00D3E9F2, 0x00DAEDF7, 0x00D8EDF6, 0x00D7ECF5, 0x00D6EDF4, 0x00D9EFF8, 0x00C3DFF5,
    0x00BCD9F1, 0x00C4DEF1, 0x00C3DEF1, 0x00C4DDEF, 0x00C3DDEF, 0x00C2DDED, 0x00C2DBED, 0x00C4DCEF, 0x00C1DBEF,
    0x00C3DCEF, 0x00BED9ED, 0x00C1DDEF, 0x00C2DBEE, 0x00C2DDF0, 0x00C1DCF1, 0x00BED8EC, 0x00B8D2E6, 0x00B8D2E6,
    0x00B9D5EA, 0x00B9D3E8, 0x00B9D5E9, 0x00BAD5E8, 0x00BCD6EA, 0x00BCD8EC, 0x00B5D2E7, 0x00C0D9ED, 0x00C1DBEF,
    0x00C0DAF0, 0x00C1DCEE, 0x00BFDBEE, 0x00C1DDF0, 0x00C3DDEE, 0x00C5DEF0, 0x00C5DFEF, 0x00C3DDEF, 0x00B9D4E6,
    0x00C4DEEF, 0x00C4DEEF, 0x00C1DAEC, 0x00C4DEEF, 0x00C0D9EC, 0x00C2DCEE, 0x00BED9EC, 0x00BDD7E9, 0x00BED9EB,
    0x00C3DDEE, 0x00BCD6E8, 0x00B1CBDF, 0x00B5CFE3, 0x00B2CFE5, 0x00B3CFE5, 0x00AECAE1, 0x00B2CFE5, 0x00B9D4EA,
    0x00B3CFE8, 0x00A0BDDC, 0x0092B0D5, 0x008DAAD2, 0x008AA8D1, 0x0097B4D7, 0x0095B3DA, 0x0091B0D6, 0x0096B3D8,
    0x009BB9DB, 0x00A0BEDE, 0x009EBCDB, 0x00B9D5EA, 0x00BDD8EB, 0x00B5D2EA, 0x00AAC8E5, 0x0092B4DA, 0x00ACCBE9,
    0x00BCD9EF, 0x00B7D3EB, 0x00AAC7E3, 0x00B4CFE8, 0x00AFCBE4, 0x00BDD7ED, 0x00C5DEEF, 0x00BED8EC, 0x00A2C0DC,
    0x00AECBE3, 0x009ABBDB, 0x0089ACD4, 0x009DBBDA, 0x00A4C0DC, 0x00A8C6E2, 0x00B0CFEB, 0x008BAFDB, 0x0093B5DF,
    0x0098B8DF, 0x00ADC8E4, 0x00A4C2E2, 0x0097B6DC, 0x00AAC8E5, 0x00B6D0E8, 0x00AFCAE1, 0x008DA9C4, 0x00AFCAE5,
    0x00B1CDE7, 0x00B5CFE6, 0x00B6D0E8, 0x00B1CBE6, 0x00B3CEE8, 0x00AECBE8, 0x00AAC9E7, 0x009FBEE3, 0x0095B7E1,
    0x0091B2D9, 0x00B2CBE5, 0x00B6CBD6, 0x00ACBFC6, 0x009FAFB6, 0x00A3B5BA, 0x00ACBEC6, 0x00AEC0C8, 0x00A8BAC0,
    0x00A9BAC1, 0x00AFBFC7, 0x00A3B4BB, 0x00B9CAD3, 0x00B1C4CB, 0x00A8B9C0, 0x009CADB2, 0x00919FA3, 0x0097A5AA,
    0x00B3BDC1, 0x00DDEBEF, 0x00E1EEF1, 0x00E1EDF1, 0x00DEEBEE, 0x00D9E8EC, 0x00D8E7EA, 0x00DFECF0, 0x00E4F1F4,
    0x00E4F3F6, 0x00E4F2F6, 0x00DDECF1, 0x00D8E8ED, 0x00D7E7ED, 0x00DBEBEF, 0x00E0EEF3, 0x00DEEEF3, 0x00DBEBF0,
    0x00E2F0F4, 0x00E3F1F4, 0x00E1EFF2, 0x00DEEDF1, 0x00D7E7EB, 0x00D6E6EA, 0x00D9E8EB, 0x00DAE7EA, 0x00DDEAEC,
    0x00DBE9ED, 0x00E2EFF2, 0x00E0EEF3, 0x00DEEDF1, 0x00DBECEF, 0x00D8E7EA, 0x00D5E6EB, 0x00DDEDF0, 0x00DDECF0,
    0x00DCEBEF, 0x00DDEDF1, 0x00D5E4E6, 0x00D2E0E2, 0x00D1E0E3, 0x00DBE9EB, 0x00DEECF0, 0x00DEECF0, 0x00D9E7EB,
    0x00D4E4E7, 0x00DBEAED, 0x00DFEDF0, 0x00DEEDF0, 0x00DEEBEF, 0x00DDEBEF, 0x00DBEBEE, 0x00DCEBEE, 0x00D7E6E9,
    0x00D6E3E7, 0x00D7E6E9, 0x00DAE7EA, 0x00DCE8EC, 0x00DDE9EB, 0x00DCE8EB, 0x00DCEAEB, 0x00DDEAED, 0x00DCEAED,
    0x00D8E7E9, 0x00D6E5E8, 0x00D8E7E9, 0x00D7E6E8, 0x00D6E7EA, 0x00DAE8EB, 0x00DBEAED, 0x00DEEBEE, 0x00DDEBEF,
    0x00D6E5E8, 0x00D5E4E8, 0x00D7E6E9, 0x00D7E6E9, 0x00D7E6EA, 0x00DAE8EB, 0x00D9E8EB, 0x00DBEAED, 0x00DBEAED,
    0x00DBEAEC, 0x00DAE9ED, 0x00DDEBEF, 0x00DDEBEE, 0x00DBE9EC, 0x00D8E7EA, 0x00DAE8EB, 0x00D9E7EA, 0x00D6E4E7,
    0x00D8E4E8, 0x00D8E6E8, 0x00DBE8EA, 0x00DAE9EC, 0x00DBE9EB, 0x00D9E7EA, 0x00D8E6E8, 0x00D8E5E8, 0x00D6E5E8,
    0x00D8E5E8, 0x00D9E6EA, 0x00D8E5E8, 0x00D9E8EB, 0x00D5E5E8, 0x00D9E8EB, 0x00DBE8EB, 0x00DAE7E9, 0x00DAE8E9,
    0x00DEEBEC, 0x00DBE9ED, 0x00DBE9EC, 0x00DAE8EC, 0x00DAE8EA, 0x00DBE9EC, 0x00D9E8EB, 0x00D7E6E9, 0x00D9E8EB,
    0x00DBEAED, 0x00DBE9ED, 0x00D9E8EB, 0x00DBE9EC, 0x00D8E7EA, 0x00D7E7EA, 0x00D7E7EA, 0x00D7E7EA, 0x00D9E8EB,
    0x00D6E6E9, 0x00D3E4E7, 0x00D9E8ED, 0x00DAE8EC, 0x00D7E8EF, 0x00D9E9EE, 0x00DAE9EC, 0x00D7E7ED, 0x00DDEBEF,
    0x00DDEBEE, 0x00DDEBF0, 0x00DBEBF0, 0x00DCEAEF, 0x00DCEBEF, 0x00D7E9EE, 0x00D6E6EC, 0x00DAE9EE, 0x00DBE9ED,
    0x00D5E8ED, 0x00DAE9ED, 0x00DCEAF0, 0x00DAEBF1, 0x00DAEAF0, 0x00DBEBF2, 0x00DDEDF2, 0x00D9ECF1, 0x00DBECF1,
    0x00D9EAF0, 0x00DBEBF1, 0x00DBEBF1, 0x00D6E9EF, 0x00D9E9F0, 0x00D3E7EE, 0x00D6E8EE, 0x00D8E8EF, 0x00D5E6ED,
    0x00D8E8EF, 0x00D5E7EF, 0x00D1E4EC, 0x00D4E7EF, 0x00D3E6EE, 0x00D9EAF3, 0x00D6E9F1, 0x00D2E6EE, 0x00D8ECF4,
    0x00D8EDF4, 0x00D8EDF6, 0x00DDF0F8, 0x00D7EDF6, 0x00D7EBF4, 0x00C5D0D5, 0x00C4CFD3, 0x00D2E7EE, 0x00D8EEF9,
    0x00D6ECF7, 0x00D7EDF8, 0x00D7EDF8, 0x00D6ECF6, 0x00D6EBF5, 0x00D9EDF6, 0x00D3E9F1, 0x00D6EBF4, 0x00D5EAF5,
    0x00D9EDF6, 0x00DAEFF7, 0x00DBEFF6, 0x00DBF1F9, 0x00C4E0F3, 0x00BEDBF0, 0x00C7E1F2, 0x00C5E0F1, 0x00C3DEF0,
    0x00C2DBEF, 0x00C1DBEE, 0x00C1DBEE, 0x00C3DDEE, 0x00C4DEEF, 0x00C2DDEE, 0x00C0DAEE, 0x00BED9EB, 0x00C3DDF0,
    0x00C1DBEE, 0x00C1DBF0, 0x00BCD7EA, 0x00B5CFE2, 0x00ABC4D9, 0x00B7D1E5, 0x00AFC9DD, 0x00B3CDE2, 0x00B9D3E7,
    0x00B8D2E7, 0x00BDD8EA, 0x00B8D4E8, 0x00BBD8EB, 0x00B8D3E7, 0x00B7D3E8, 0x00B1CDDE, 0x00BBD5E9, 0x00BBD7EC,
    0x00B4CFE3, 0x00B9D5E8, 0x00BBD7EA, 0x00C0D9ED, 0x00C3DCEE, 0x00BED8EB, 0x00C1DBEC, 0x00BAD3E6, 0x00B3CEE0,
    0x00B0C9DE, 0x00B6D0E3, 0x00AEC9DD, 0x00B5CFE3, 0x00ACC8DD, 0x00B9D3E7, 0x00C1DBED, 0x00C0DAED, 0x00BED9EA,
    0x00C0DAEB, 0x00BED9EC, 0x00BED8EB, 0x00C3DEEF, 0x00BAD4E8, 0x00A0BDD9, 0x00A8C5E1, 0x00B3D0E4, 0x00A3C1DC,
    0x009DBBDA, 0x0093B2D6, 0x0092B1D6, 0x0094B2D7, 0x0092B1D7, 0x009DBBDC, 0x00A7C4E0, 0x0091B2D8, 0x0090B1D7,
    0x009DBEE0, 0x00A3C2E2, 0x00AAC9E5, 0x00A0C0E1, 0x00A8C7E4, 0x00A3C3E2, 0x00A5C3E3, 0x00A3C2E2, 0x009BBBDD,
    0x00A1C0E0, 0x00A7C4E1, 0x00B1CEE6, 0x00B8D3E7, 0x00A7C5E0, 0x0091B3D6, 0x0090B1D5, 0x008EB0D5, 0x0084A7D0,
    0x0093B2D4, 0x009FBBD7, 0x00B3CEE4, 0x00A6C4E1, 0x00A5C3DE, 0x00A2BFDB, 0x00AFCAE0, 0x00C0D7E9, 0x00D2E5F1,
    0x00E0EFF4, 0x00D4E4EA, 0x00A9C1D6, 0x0099B6D2, 0x00AFC9E3, 0x00AEC9E3, 0x00ADC9E4, 0x00ABC7E3, 0x00ACC7E3,
    0x00B3CEE5, 0x00B0CBE6, 0x00ABC8E4, 0x00A1BFE2, 0x0093B4DE, 0x0095B6E0, 0x00A0BFE4, 0x009EB9D6, 0x00B6CBD4,
    0x00A3B6BD, 0x009FB1B7, 0x0098AAAF, 0x0098A9AE, 0x00A1B2B9, 0x00ADBFC6, 0x00AFC2C9, 0x00A9B9BF, 0x00B3C4CB,
    0x00B4C7CD, 0x00ABBCC3, 0x00A1B1B8, 0x009CACB2, 0x00A7B8C0, 0x009CACB1, 0x00ADBDC2, 0x00DDEBEE, 0x00E3EFF3,
    0x00DAE8EC, 0x00D9E7EA, 0x00E6F1F5, 0x00DBE9EB, 0x00DBEAEE, 0x00D7E6EA, 0x00DDEDF1, 0x00E4F1F5, 0x00E3F3F8,
    0x00D6E8ED, 0x00DBEBEF, 0x00D3E4EA, 0x00D4E5EB, 0x00D5E6EC, 0x00DBE9EE, 0x00DAE9ED, 0x00DCEAEE, 0x00DFEFF4,
    0x00E4F2F6, 0x00E3F3F5, 0x00E2F0F3, 0x00DAE9ED, 0x00D2E2E6, 0x00CEDEE0, 0x00D1DFE0, 0x00D2E2E4, 0x00D8E7EA,
    0x00DFEDF1, 0x00DDEDF1, 0x00D4E6EA, 0x00D4E6EA, 0x00DEEDF1, 0x00DBEBEE, 0x00DFEEF2, 0x00DAEAED, 0x00D6E6E8,
    0x00D3E2E5, 0x00D2E2E4, 0x00D7E5E8, 0x00D9E8EB, 0x00D8E7E9, 0x00DAE9EB, 0x00D9E8EB, 0x00D5E5E8, 0x00DEEDEF,
    0x00D8E8EC, 0x00DAE9ED, 0x00DCEBEE, 0x00DBE9EC, 0x00DBEAEC, 0x00D7E6E8, 0x00DAE8EB, 0x00DAE7EA, 0x00DAE8EB,
    0x00D5E6EB, 0x00D7E8EB, 0x00D8E8EB, 0x00DEEBED, 0x00DBE9EC, 0x00DAE9EB, 0x00D8E7EA, 0x00D7E5E8, 0x00D7E5E8,
    0x00D2E2E4, 0x00D6E5E8, 0x00D8E6E9, 0x00D6E4E7, 0x00D5E5E8, 0x00D6E5E8, 0x00DBE8EB, 0x00D5E4E8, 0x00D8E7EA,
    0x00D7E6E9, 0x00DAE8EC, 0x00D8E8EB, 0x00DDEBEE, 0x00DDEBEE, 0x00DBE9EC, 0x00DCEAED, 0x00DCEAED, 0x00DDEAEE,
    0x00DDEBEE, 0x00DDEAED, 0x00DDEAED, 0x00DAE9EC, 0x00D9E7EA, 0x00D9E7EB, 0x00DCE9EB, 0x00DCE8EC, 0x00DAE7EB,
    0x00DAE8EB, 0x00DAE8EA, 0x00DAE8EB, 0x00DAE7EA, 0x00D8E7EA, 0x00DAE8EC, 0x00DBE8EC, 0x00D7E8EB, 0x00DAE8EB,
    0x00DBE9EC, 0x00DAE8EB, 0x00DBE9ED, 0x00DBE8EB, 0x00DDE9EB, 0x00DCEAEC, 0x00DEEBEE, 0x00DDEAED, 0x00DDEAED,
    0x00D8E7EA, 0x00D8E9EB, 0x00DCE9EC, 0x00DAE9EC, 0x00D9E8EB, 0x00D9E8EC, 0x00D9E8EC, 0x00D9E8EB, 0x00DAE9EC,
    0x00DBEAED, 0x00DAE9EC, 0x00D9EAED, 0x00DBEAEF, 0x00DAEAEE, 0x00D9E8EE, 0x00D9E8EC, 0x00DBEAEE, 0x00DBEAEF,
    0x00D8E8EE, 0x00D6E7EC, 0x00D6E7EC, 0x00D7E8EC, 0x00D8E8ED, 0x00D7E7EC, 0x00D7E8EE, 0x00D8EAEE, 0x00D9E9EE,
    0x00D9E9EE, 0x00D7E8ED, 0x00DAEAEE, 0x00DAEAEE, 0x00D8E8ED, 0x00DAE9ED, 0x00DAE9EE, 0x00D8E8EF, 0x00D3E5EB,
    0x00D8E9EE, 0x00D9E9EE, 0x00D9E9EF, 0x00D7E8EE, 0x00D6E7EE, 0x00D2E5EB, 0x00D5E7EE, 0x00D5E8EF, 0x00D5E7EE,
    0x00D3E7F0, 0x00D0E5EC, 0x00D0E5ED, 0x00D1E5ED, 0x00CBE2EA, 0x00D0E6EE, 0x00D4E7EF, 0x00CFE6F0, 0x00D1E7EF,
    0x00D3E6EF, 0x00D1E5EE, 0x00D2E7F0, 0x00D3E9F1, 0x00D6EAF4, 0x00D7EBF4, 0x00D9EDF6, 0x00D7ECF6, 0x00D8EEF6,
    0x00DAEEF8, 0x00D5E7F0, 0x00D3E6ED, 0x00D5ECF6, 0x00D7EDF8, 0x00D7EEF8, 0x00D4EDF7, 0x00D5EDF7, 0x00D8EDF7,
    0x00D7EDF7, 0x00D4EBF4, 0x00D8EDF6, 0x00D8EDF6, 0x00D8EDF6, 0x00D5ECF5, 0x00D7EDF7, 0x00D8EDF7, 0x00DAEFF9,
    0x00C3DFF2, 0x00C8E3F3, 0x00C9E2F3, 0x00CAE3F4, 0x00C7E1F1, 0x00C4DFF0, 0x00C4DFF0, 0x00C5DFF0, 0x00C7E0F0,
    0x00C7DFF0, 0x00C6DFF1, 0x00BFDBEC, 0x00C7E1F1, 0x00C6E0F1, 0x00C2DDF1, 0x00C3DEF1, 0x00C2DBF1, 0x00C1DBEF,
    0x00BFDAEF, 0x00BFDAEF, 0x00BDDAF0, 0x00BBD8EE, 0x00BCD8EF, 0x00BBD7ED, 0x00BAD7EE, 0x00B6D4ED, 0x00B4D2E7,
    0x00ADCAE0, 0x00B8D4EA, 0x00A5BFD3, 0x00A3BDD2, 0x00A2BDD2, 0x00A4C1D5, 0x00B6D3E6, 0x00C1DCF1, 0x00C4DFF2,
    0x00BCD7EC, 0x00B8D3E7, 0x00C0D9EA, 0x00C0DAEB, 0x00C0D9E9, 0x00BBD5E7, 0x00BED7E9, 0x00BCD7E9, 0x00BED8EB,
    0x00BFDAED, 0x00C3DDEF, 0x00C6E0F1, 0x00C6E2F2, 0x00C6E0F1, 0x00C8E2F1, 0x00C8E1F2, 0x00C4E0F0, 0x00C7E4F3,
    0x00C7E2F2, 0x00BFDBED, 0x00BEDBEE, 0x00B4D2E8, 0x00A0BEDC, 0x00B1CFE5, 0x00A8C5DF, 0x00A1BFDF, 0x009DBCDC,
    0x00A7C4E1, 0x00A4C1DF, 0x0093B5DA, 0x0090B2D8, 0x0093B5DA, 0x009FC1DF, 0x0097B9DD, 0x0098BADE, 0x009ABBDB,
    0x009FBFDD, 0x00A5C3DC, 0x00B4D0E5, 0x00A5C4E0, 0x00BFD9EC, 0x00CCE2F1, 0x00D0E3F1, 0x00D8EBF3, 0x00DAECF3,
    0x00CEE1EE, 0x00CBE0EC, 0x00C8DDEA, 0x00C8DEEB, 0x00BBD4E6, 0x00D1E3ED, 0x00DBEBEF, 0x00DDECF1, 0x00DAE9EE,
    0x00DEECF1, 0x00DCEBF0, 0x00DCEAEE, 0x00DEEAED, 0x00E3EEF1, 0x00DFECEF, 0x00A2B7CA, 0x009BB9D5, 0x0090AFCC,
    0x00AFC9E1, 0x00A0BCD9, 0x00A6C3DD, 0x00AECAE4, 0x009CBADA, 0x00B0CBE5, 0x00B6D1E6, 0x00B5CFE7, 0x00ACC8E4,
    0x0093B3DB, 0x0093B3DE, 0x008CAEDB, 0x0086A9D6, 0x00ABC2D7, 0x00C2D4DB, 0x00C6D9DE, 0x00B3C6CD, 0x00A8BBC1,
    0x00A6B8BE, 0x00C4D6DC, 0x00CDDFE4, 0x00BFD0D6, 0x00CEDEE3, 0x00D3E4E8, 0x00D5E5EA, 0x00CDDDE3, 0x00C9DADF,
    0x00C9D9DF, 0x00C3D3D9, 0x00C2D1D6, 0x00E0EEF1, 0x00E5F2F5, 0x00D4E3E7, 0x00D3E3E6, 0x00E5F1F5, 0x00D4E4E6,
    0x00DFEDF2, 0x00D2E2E7, 0x00D5E7EB, 0x00E2F0F6, 0x00E1F1F6, 0x00D9EAEE, 0x00E2EFF3, 0x00D4E5EA, 0x00D7E6EB,
    0x00D1E2E9, 0x00DCECF2, 0x00DFEEF4, 0x00DAEAEE, 0x00CEE0E5, 0x00DCEBF0, 0x00E6F4F7, 0x00E5F2F5, 0x00DEEEF1,
    0x00DEEDF1, 0x00D7E7EB, 0x00CDDEE1, 0x00CDDEE2, 0x00D6E7EB, 0x00DAEAEF, 0x00DDEDF1, 0x00E0EFF3, 0x00D9EBEF,
    0x00DEEDF1, 0x00DAEAED, 0x00DFEEF2, 0x00DAE9EC, 0x00D7E4E7, 0x00D5E3E6, 0x00D6E4E6, 0x00D6E4E6, 0x00D2E1E4,
    0x00D5E3E6, 0x00D8E6E9, 0x00D7E6E9, 0x00D3E2E5, 0x00DEECEF, 0x00DAEAED, 0x00DDECEF, 0x00DDEBED, 0x00D8E8EB,
    0x00DEECEF, 0x00DBE8EB, 0x00DAE8EA, 0x00DAE8EA, 0x00DEEBED, 0x00D9E9ED, 0x00D7E7ED, 0x00D3E6EB, 0x00DDEAED,
    0x00DEEAED, 0x00D7E6E9, 0x00DBE9EC, 0x00DAE8EB, 0x00DFEBEE, 0x00D9E8EA, 0x00D8E7EA, 0x00DAE9EC, 0x00D8E8EB,
    0x00D8E7EA, 0x00D6E5E7, 0x00D8E6E9, 0x00DAE8EB, 0x00DCE9ED, 0x00D9E7EB, 0x00DAE8EB, 0x00D6E5E9, 0x00D8E7EA,
    0x00DAE9ED, 0x00DBEAED, 0x00DCE9ED, 0x00DCEBEE, 0x00DEEBEE, 0x00DBEAED, 0x00DFEDF0, 0x00DBE9EC, 0x00DAE9EC,
    0x00DFEAED, 0x00D8E8EB, 0x00DAE8EB, 0x00DDE9EB, 0x00DAE7E9, 0x00DAE8EA, 0x00DEEBED, 0x00DEEBED, 0x00DCEBEE,
    0x00DCEAEC, 0x00DCEAEC, 0x00DAEAED, 0x00D8E8EB, 0x00D9E9EC, 0x00DCEAEC, 0x00DBE9EC, 0x00D9E8EB, 0x00D8E8EC,
    0x00DCECEF, 0x00D7E8EE, 0x00DAE9EB, 0x00D9E8EB, 0x00DDE8EC, 0x00D7E9EB, 0x00D9E8EC, 0x00DBE9EB, 0x00DBE9ED,
    0x00DBE7EB, 0x00D9E9EE, 0x00D7E7EB, 0x00DBEAED, 0x00DDEAED, 0x00DBEAED, 0x00DCEBEE, 0x00DCEBEE, 0x00D9E9ED,
    0x00DAEAEF, 0x00D8E8EC, 0x00D9E8ED, 0x00DAEAF0, 0x00DBEBF0, 0x00D8E8ED, 0x00D6E8EE, 0x00D9E9ED, 0x00D6E6EB,
    0x00D4E6EB, 0x00D6E6EC, 0x00D8E7ED, 0x00DCEBF0, 0x00D8E9EE, 0x00DAEAEE, 0x00D7E8ED, 0x00DCEAEE, 0x00D7E8EE,
    0x00D9E9EE, 0x00D7E7ED, 0x00D9E8EE, 0x00D6E8ED, 0x00D6E8ED, 0x00D8E9EF, 0x00D5E7EC, 0x00D4E7EE, 0x00D4E7ED,
    0x00D3E7ED, 0x00D4E7ED, 0x00D6E9F0, 0x00D2E5ED, 0x00D1E4EC, 0x00D0E6EF, 0x00D2E6EE, 0x00CEE4EE, 0x00CFE6F1,
    0x00D0E7F0, 0x00D0E7F1, 0x00D4E8F1, 0x00D4E9F1, 0x00D4E8F0, 0x00D2E7F1, 0x00D4E9F2, 0x00D2E8F2, 0x00D5EAF5,
    0x00D3E9F4, 0x00D3E9F3, 0x00D9EDF5, 0x00D7EDF7, 0x00D8EDF7, 0x00DAEEF8, 0x00DAEEF7, 0x00D9EEF7, 0x00D4ECF7,
    0x00D3EBF6, 0x00D3ECF7, 0x00D1ECF6, 0x00D2EBF5, 0x00D8EEF9, 0x00D5EBF6, 0x00D3EAF5, 0x00D6ECF7, 0x00D5EAF5,
    0x00D4ECF6, 0x00D0E9F3, 0x00D6ECF6, 0x00D7EDF7, 0x00D3EBF6, 0x00C2DEF3, 0x00C2DDF1, 0x00C5E0F2, 0x00C5E0F3,
    0x00C4DFF1, 0x00C4DEF1, 0x00C3DCEF, 0x00C8E1F2, 0x00C3DCEE, 0x00C3DDF0, 0x00C1DDF0, 0x00C5E0F1, 0x00C4DEF1,
    0x00C0DBEF, 0x00C3DEF3, 0x00C1DCEF, 0x00BDD9EE, 0x00BDDAEE, 0x00BDD9EF, 0x00C1DCEF, 0x00BDDBEF, 0x00C4DFF0,
    0x00BEDBEE, 0x00BDD9EE, 0x00BCD9EE, 0x00BCD9ED, 0x00BDD9EF, 0x00BEDAEF, 0x00C0DBF0, 0x00BDDBEF, 0x00C2DEF1,
    0x00C1DEF1, 0x00BEDBF1, 0x00C1DDF2, 0x00C3DEF3, 0x00C0DEF4, 0x00BAD8EF, 0x00B2D0E7, 0x00B2CEE7, 0x00A9C6E1,
    0x00AECBE5, 0x00AAC7E2, 0x00AECCE6, 0x00BBD7EB, 0x00BFDAEC, 0x00C2DDEF, 0x00C2DCEF, 0x00BDD8EC, 0x00B4CFE5,
    0x0098B7D7, 0x0089A9D0, 0x0092B0D6, 0x00AAC8E4, 0x00B1CDE8, 0x00B8D5EA, 0x00B3D0E7, 0x00B1CCE5, 0x0092B2D9,
    0x00A0C0DF, 0x00A7C5E0, 0x00B5CFE4, 0x00B4CFE3, 0x00A3BFDB, 0x00AAC6DF, 0x00C1D8EA, 0x00B3CEE5, 0x00BCD4E6,
    0x00C2D8E9, 0x00B8D0E4, 0x00BDD6E8, 0x00C1D8E8, 0x00B6CDE0, 0x00D0E2EA, 0x00D7E6EC, 0x00D9E7EC, 0x00D5E3E8,
    0x00DAE7E9, 0x00DBE7E9, 0x00D9E5E6, 0x00D5E2E4, 0x00D4E1E3, 0x00D8E5E6, 0x00DDEAEC, 0x00DDEAEC, 0x00D9E6E9,
    0x00D9E6E9, 0x00DBE8EB, 0x00DBEAED, 0x00DDEBEE, 0x00DCEBEE, 0x00DBE8EB, 0x00D8E8EB, 0x00DEECEF, 0x00E1EFF1,
    0x00E2EEF1, 0x00B5C6CF, 0x0094AEC5, 0x0090AEC9, 0x008BA8C6, 0x0097B2CE, 0x0092AFCC, 0x0091AFCB, 0x0097B3CD,
    0x008CABCE, 0x008CACCF, 0x0097B6D7, 0x009AB9DA, 0x00A1BFDD, 0x0092B0D6, 0x009DBBDF, 0x008FAFDA, 0x0080A3D3,
    0x0096B3D8, 0x00DEEDF2, 0x00E2EFF2, 0x00DBE9ED, 0x00D8E8ED, 0x00DDECF0, 0x00E4F2F6, 0x00E2F0F3, 0x00DCEAED,
    0x00D7E4E7, 0x00D7E4E6, 0x00DCE9EB, 0x00DEEBEE, 0x00DDEAEC, 0x00DDEAEC, 0x00DCE9EC, 0x00DDEBEE, 0x00DAE8EB,
    0x00D3E4E7, 0x00D7E7EB, 0x00DCEAEE, 0x00D8E7EA, 0x00DCEBEF, 0x00DCEBEF, 0x00E0EDF2, 0x00E1EFF3, 0x00DDEBEE,
    0x00D0E1E7, 0x00D5E5EB, 0x00D2E4E9, 0x00D5E7EC, 0x00DBEBF1, 0x00D3E7EC, 0x00D9ECF2, 0x00DBEBF1, 0x00D4E6EB,
    0x00DBECF0, 0x00DEEEF1, 0x00E2F0F4, 0x00E1F0F5, 0x00DDEDF0, 0x00DDECF0, 0x00D3E5EB, 0x00D5E7EC, 0x00DBEBEF,
    0x00DAEBEF, 0x00D2E4E9, 0x00DCEDF1, 0x00DFEEF3, 0x00DFEEF1, 0x00DFEDF0, 0x00DAEAED, 0x00DCEBEE, 0x00DCEAED,
    0x00D9E8EC, 0x00D3E2E4, 0x00D3E1E4, 0x00D1DFE2, 0x00D9E7E9, 0x00D8E7EA, 0x00D3E3E5, 0x00D1E1E4, 0x00D7E6E8,
    0x00DBEAED, 0x00DBEAED, 0x00DAE8EB, 0x00D8E7EA, 0x00D9E9EC, 0x00D9E7EB, 0x00DDEAEC, 0x00DAE9EB, 0x00DDEAEC,
    0x00DEEAED, 0x00DCE9EB, 0x00DFECED, 0x00DEEBED, 0x00DBE8EB, 0x00DAE8EA, 0x00D2E3E6, 0x00DCE9EC, 0x00D8E7EA,
    0x00DBE9EC, 0x00D9E8EB, 0x00D9E7EA, 0x00D6E7EA, 0x00DAE7EB, 0x00DAE8EB, 0x00D9E7EA, 0x00D9E7EA, 0x00DDEAEC,
    0x00DBE9EB, 0x00DAE9EC, 0x00DCE9ED, 0x00D9E9EC, 0x00D9E8EB, 0x00DDEBEE, 0x00DCE9ED, 0x00D8E9EC, 0x00DEEBEF,
    0x00DEEBED, 0x00DCEBEE, 0x00D9E8EB, 0x00DBE9ED, 0x00D9E8EB, 0x00DAE8EC, 0x00D7E7EB, 0x00DAE7EB, 0x00DDE9EC,
    0x00DDEAEC, 0x00DAE8EA, 0x00DBE8EC, 0x00DBE8EC, 0x00D6E6EB, 0x00DAE9EC, 0x00DCEAEC, 0x00D8E8EB, 0x00D7E7EB,
    0x00DCE9ED, 0x00D9EAEC, 0x00DBE9ED, 0x00DBEAED, 0x00D9E9EC, 0x00DDECEE, 0x00DBE9ED, 0x00DBEAED, 0x00DCEAED,
    0x00DAE9ED, 0x00D7E8EC, 0x00D8E8EC, 0x00DCE9ED, 0x00DBE9EC, 0x00DDEAEE, 0x00D8E7EB, 0x00D7E7EC, 0x00D9E8EC,
    0x00DBEAEE, 0x00DAE9EC, 0x00D9E9ED, 0x00DBEBEE, 0x00D8EAEF, 0x00D9E9EE, 0x00D8E8EC, 0x00D6E7EC, 0x00D6E7EB,
    0x00D5E6EC, 0x00D5E6EB, 0x00D9E8EC, 0x00D8E6EC, 0x00D3E5EA, 0x00D4E6E9, 0x00D3E5EA, 0x00D6E7EB, 0x00D7E9EE,
    0x00D7E9EE, 0x00D6E8EE, 0x00D5E7ED, 0x00D4E5EB, 0x00D2E4EB, 0x00D1E3EA, 0x00D3E5EC, 0x00CCE0E9, 0x00C9DEE7,
    0x00CDE1EA, 0x00C7DCE7, 0x00CBE0EA, 0x00CBE1EB, 0x00CAE1EB, 0x00CDE4EE, 0x00CBE2ED, 0x00D0E4EE, 0x00CBE2EC,
    0x00C9E0EC, 0x00C9E1EC, 0x00C8DFEB, 0x00C8E0EC, 0x00C8E2EE, 0x00CAE3F0, 0x00CBE4F0, 0x00CCE3EF, 0x00CAE3EE,
    0x00CDE4F0, 0x00CCE2EE, 0x00CDE4F0, 0x00D2E9F3, 0x00D1E7F1, 0x00CFE7F3, 0x00CFE6F0, 0x00D5EAF5, 0x00D3E9F3,
    0x00D6ECF5, 0x00D8EEF8, 0x00D8EDF7, 0x00D6ECF6, 0x00D3EBF6, 0x00D0E9F3, 0x00CFE8F4, 0x00CCE6F1, 0x00D3EBF5,
    0x00D5EBF6, 0x00D2EAF5, 0x00D1EAF4, 0x00D1E9F4, 0x00D3EBF5, 0x00D5ECF6, 0x00D1E9F3, 0x00D3EAF6, 0x00D0E9F4,
    0x00D0E9F5, 0x00C2E0F4, 0x00C9E4F6, 0x00C9E3F4, 0x00C3DEF1, 0x00C1DBEC, 0x00BAD6E8, 0x00BEDAEC, 0x00C1DBED,
    0x00C1DCEE, 0x00C5DFEF, 0x00C1DCEF, 0x00C0DAED, 0x00BEDAED, 0x00BFDCED, 0x00BEDBED, 0x00C0DBEF, 0x00C3DDEE,
    0x00C7DFF0, 0x00C1DAEC, 0x00C3DEF0, 0x00C9E1F1, 0x00BFD9EC, 0x00C2DCEE, 0x00C5DFF0, 0x00C3DEEF, 0x00C6E0F1,
    0x00B8D3E9, 0x00BEDAEE, 0x00C0DDF1, 0x00C1DDF0, 0x00C1DEF3, 0x00C0DDF2, 0x00BEDDF2, 0x00BEDCF2, 0x00BEDBF1,
    0x00BAD8EF, 0x00A9CBE6, 0x00A6C6E2, 0x00ABC9E5, 0x00A6C5E0, 0x00ABC9E4, 0x00AAC8E2, 0x00A9C7E1, 0x00A8C5DF,
    0x00A9C5DF, 0x00B2CDE5, 0x00A8C5E1, 0x0090B0D4, 0x008DADD4, 0x008BABD3, 0x008AABD5, 0x008BAAD5, 0x008BACD7,
    0x008FAFD9, 0x008AABD6, 0x008AABD8, 0x008BACD8, 0x0088AAD8, 0x0085A7D7, 0x0084A6D7, 0x0095B2D7, 0x00D6E8EE,
    0x00DFEEF1, 0x00DFECEF, 0x00DDECEF, 0x00DBE9EC, 0x00DAE8EA, 0x00D8E6E9, 0x00D8E4E7, 0x00D6E3E5, 0x00D4E0E3,
    0x00D5E2E4, 0x00D6E2E4, 0x00D4E0E1, 0x00D6E2E4, 0x00DCE7E9, 0x00D3DFE1, 0x00D5E2E5, 0x00D5E2E5, 0x00D3E1E3,
    0x00D2DFE1, 0x00CFDCDD, 0x00D4E1E3, 0x00D3E1E3, 0x00D6E4E7, 0x00DBEAED, 0x00DDEBEE, 0x00E0EEF1, 0x00E0EFF2,
    0x00DCEBEF, 0x00D8E8EC, 0x00DCEAEE, 0x00DFECEF, 0x00DFECF0, 0x00D7E5E6, 0x00C8D7DE, 0x00C9DAE2, 0x00AEC4D2,
    0x009EB7CA, 0x00A9C2D3, 0x00BDD1DE, 0x00A4BCD0, 0x00C3D6E0, 0x00C9DBE4, 0x00C8DAE3, 0x00C9DCE5, 0x00C3D6E0,
    0x00BBD1E0, 0x00C0D7E5, 0x00C2D6E3, 0x00D0E1EB, 0x00D0E2EC, 0x00DAEAF0, 0x00E1EEF0, 0x00DBE9EB, 0x00D8E6EA,
    0x00E0EDF0, 0x00DBE8EB, 0x00D5E2E6, 0x00CFDEE0, 0x00CDDCE0, 0x00D1E0E2, 0x00D5E4E7, 0x00D5E5E7, 0x00DCEBEE,
    0x00E1EFF3, 0x00E0EDEF, 0x00DFECEF, 0x00DDEBED, 0x00DAE8EB, 0x00DBEBED, 0x00DDE9ED, 0x00DAE8EA, 0x00DAE8EA,
    0x00DCE9EC, 0x00DBE9ED, 0x00D8E9EC, 0x00DAE9EE, 0x00DCEAEE, 0x00DCEBF0, 0x00DAE9EE, 0x00DAEAEF, 0x00DDECF1,
    0x00D8EAEE, 0x00D7E9ED, 0x00DBEAEE, 0x00D9E9ED, 0x00D9E8EB, 0x00D9E5E9, 0x00D4E4E7, 0x00D7E7EB, 0x00DAEAEF,
    0x00DBEBF0, 0x00DCECEF, 0x00E0EFF3, 0x00DCEBEE, 0x00DCEBEF, 0x00E0EEF3, 0x00E0EFF3, 0x00E1EFF3, 0x00DFEEF1,
    0x00DFEEF2, 0x00DFEDF0, 0x00DDEAED, 0x00DBE9EC, 0x00D4E3E6, 0x00D3E2E5, 0x00D5E4E6, 0x00D4E3E6, 0x00D4E3E6,
    0x00D6E4E7, 0x00D7E6E9, 0x00DBE9EC, 0x00DBEAEC, 0x00DCEAED, 0x00DBEAED, 0x00DBE8EC, 0x00DBE9EB, 0x00DFEBEE,
    0x00D9E8EB, 0x00DAE9EC, 0x00DAE8EB, 0x00DDEAED, 0x00DDEAED, 0x00DBE8EB, 0x00DCE9EC, 0x00DBE9EC, 0x00D8E7E9,
    0x00DCEAEC, 0x00DCE9ED, 0x00DAE7EA, 0x00D8E7E9, 0x00D6E6E9, 0x00DCE9EC, 0x00DBE9EC, 0x00D9E8EA, 0x00D8E7EB,
    0x00DCEAEE, 0x00DAE9EC, 0x00DDEAEE, 0x00DBE9EC, 0x00DCE9EC, 0x00DAE8EC, 0x00DBE8EB, 0x00DCE9ED, 0x00D8E7EA,
    0x00DAE8EC, 0x00DBE9ED, 0x00DDEBEE, 0x00DAE9EC, 0x00DCEAED, 0x00DCEAEF, 0x00DCEBEE, 0x00DAE9ED, 0x00DBEAED,
    0x00DDEAEE, 0x00DCEAED, 0x00DAE8EC, 0x00DDEAED, 0x00DDE8EC, 0x00DDEAED, 0x00DDEAEC, 0x00DBE8EB, 0x00DCE8EC,
    0x00DBE8EB, 0x00DBE8EB, 0x00DBE9EC, 0x00DAE8EB, 0x00DEEAEC, 0x00DBE9EB, 0x00DDEAED, 0x00DCE9EC, 0x00DDEAED,
    0x00DDE9EC, 0x00DBE9EC, 0x00DBE9ED, 0x00DBE9EC, 0x00D9E7EC, 0x00D8E7EB, 0x00D5E5EB, 0x00D3E5E8, 0x00D5E4EA,
    0x00D7E7EB, 0x00D7E7ED, 0x00D4E5E9, 0x00D8E8EC, 0x00D4E5EA, 0x00D4E4EA, 0x00C4D7DF, 0x00C7DAE1, 0x00D5E6ED,
    0x00C9DDE6, 0x00C5DAE3, 0x00CBDEE7, 0x00BED3DD, 0x00C0D4DD, 0x00BDD2DB, 0x00C7DCE4, 0x00C9DDE5, 0x00C2D8E0,
    0x00CBDEE7, 0x00C4DAE2, 0x00C7DBE4, 0x00C3D8E2, 0x00C5DBE4, 0x00C4DBE5, 0x00C7DEE9, 0x00C8DEE9, 0x00C9E0EB,
    0x00C8DDE9, 0x00C1D9E5, 0x00C2D9E7, 0x00C7DFEC, 0x00C6DEEB, 0x00C8E0ED, 0x00C7E1EE, 0x00CCE5F2, 0x00CCE5F1,
    0x00CBE4F1, 0x00CCE5F1, 0x00CAE4F0, 0x00CCE4EF, 0x00CDE6F1, 0x00CCE5F0, 0x00CEE6F3, 0x00CCE5F1, 0x00CBE4F1,
    0x00CAE4F1, 0x00C9E3EF, 0x00CEE6F3, 0x00CCE4F0, 0x00CDE5F1, 0x00D0E8F3, 0x00D0E8F3, 0x00CCE5F1, 0x00D2E9F4,
    0x00CEE6F1, 0x00CFE7F2, 0x00D0E9F2, 0x00D3EAF5, 0x00D3EBF5, 0x00D5ECF6, 0x00D6ECF7, 0x00D4EBF5, 0x00D7ECF7,
    0x00D4EBF6, 0x00D5EDF7, 0x00D3EBF6, 0x00CEE8F3, 0x00D2EBF5, 0x00D0EAF5, 0x00D4ECF6, 0x00D3ECF6, 0x00D3EBF6,
    0x00CDE7F3, 0x00D1EAF5, 0x00CDE7F1, 0x00D1E9F4, 0x00D2EAF5, 0x00D1EAF5, 0x00C1E1F6, 0x00C4E0F3, 0x00C8E2F5,
    0x00BCD9EA, 0x00BED9EB, 0x00C6E1F2, 0x00C3DFF0, 0x00C2DDF0, 0x00C0DAEC, 0x00C9E3F3, 0x00C1DDF0, 0x00C4E0F1,
    0x00C5E1F2, 0x00C4DFF0, 0x00C1DCEE, 0x00C1DDF0, 0x00BDD9ED, 0x00BDD8EB, 0x00B9D5E9, 0x00B8D5E9, 0x00B6D3E8,
    0x00BBD7E9, 0x00B1CEE3, 0x00B4D0E6, 0x00ADC9E1, 0x00A6C3DC, 0x00A5C1DD, 0x00A5C1DD, 0x00B1CCE3, 0x00ACC9E2,
    0x00B6D1E3, 0x00B0CCE0, 0x00AFCBDE, 0x00B7D1E3, 0x00B3CEDF, 0x00B8D2E4, 0x00BDD6E8, 0x00C1DBE9, 0x00C7DEEB,
    0x00CBE1ED, 0x00CEE2EC, 0x00D3E5EE, 0x00D6E7EE, 0x00D5E6EE, 0x00D0E3E9, 0x00D0E2E9, 0x00CDE0EA, 0x00B6D0E4,
    0x00A2C0DF, 0x009FBEDE, 0x00A2C2E1, 0x009DBDE0, 0x009ABADF, 0x0097B7DC, 0x0099B7DC, 0x00AAC7E4, 0x0098B7DE,
    0x0088AAD8, 0x0089A9D7, 0x0093B3E0, 0x0091B0DC, 0x00C0D4E4, 0x00DEEBED, 0x00DBE8E8, 0x00DCE8E9, 0x00D9E4E6,
    0x00D7E1E4, 0x00D4DEDE, 0x00D3DFDF, 0x00D6E2E3, 0x00D4DFE1, 0x00D5E0E2, 0x00D7E2E4, 0x00D7E2E3, 0x00D4E0E1,
    0x00CBD6D6, 0x00CAD6D6, 0x00CBD6D7, 0x00CEDADB, 0x00CDDADB, 0x00CEDCDE, 0x00DCE9ED, 0x00E1EEF3, 0x00D6E4E6,
    0x00D9E7E9, 0x00E6F3F6, 0x00DFEDF0, 0x00DFEDEF, 0x00D9E9EC, 0x00D0E2E6, 0x00CFDFE3, 0x00CBDADC, 0x00D4E0E1,
    0x00DEEAEC, 0x00DCE9EB, 0x00DDEBEC, 0x00DFEBED, 0x00E0EBEE, 0x00DEEAEE, 0x00DCE9EC, 0x00DEEAED, 0x00E0ECEF,
    0x00E4EFF1, 0x00E4F0F2, 0x00E1EEF1, 0x00DFECF0, 0x00DFEBF0, 0x00DEEBEF, 0x00E0EDF3, 0x00D8E6EA, 0x00D4E3E7,
    0x00D2E0E3, 0x00D0DEE1, 0x00D1DFE2, 0x00D1DDE0, 0x00CFDDE0, 0x00D6E3E5, 0x00DCE8EB, 0x00DDEBEE, 0x00E1EFF2,
    0x00E0EEF1, 0x00DEEDF0, 0x00DEEBEF, 0x00DAE7EA, 0x00D8E6E9, 0x00D9E6E9, 0x00D9E6E8, 0x00D5E2E4, 0x00D2E0E0,
    0x00D1DFE1, 0x00D2E0E2, 0x00D4E2E5, 0x00D6E3E7, 0x00DDEAED, 0x00DBE8EC, 0x00DAE7EA, 0x00D4E2E5, 0x00CFDEE1,
    0x00D3E0E3, 0x00D5E4E7, 0x00DCEAEE, 0x00DCECF1, 0x00D7E7EB, 0x00D0E2E7, 0x00CBDDE0, 0x00CFDEE3, 0x00D1E0E6,
    0x00D3E4E8, 0x00D8E8EC, 0x00D9EAED, 0x00DFEFF2, 0x00DEECEF, 0x00DEEDF1, 0x00D9E8EA, 0x00DCE9EC, 0x00DCEBEE,
    0x00DCE9EB, 0x00DAE8EA, 0x00DDE9EC, 0x00DBE9EB, 0x00D6E4E6, 0x00D8E5E7, 0x00D6E4E7, 0x00D8E5E8, 0x00DBE8EA,
    0x00DCEAEC, 0x00DEEBEE, 0x00DFEBEE, 0x00DFECEE, 0x00DDEBEE, 0x00DDEAED, 0x00DDEAED, 0x00DBE8EB, 0x00D9E8EA,
    0x00D9E8EB, 0x00DCEAEC, 0x00DDEAED, 0x00DDEAED, 0x00DCEAED, 0x00DBE9EC, 0x00D9E7E9, 0x00D9E8EA, 0x00DBE8EB,
    0x00DBE8EC, 0x00D6E6E8, 0x00D8E6E9, 0x00D7E6E9, 0x00D5E6E8, 0x00D9E8EA, 0x00D9E7EA, 0x00DCE8EC, 0x00D8E7EB,
    0x00D8E8EB, 0x00DCEBEE, 0x00DDEBEE, 0x00DCEAED, 0x00DDECEF, 0x00DBEAEE, 0x00DCEBEE, 0x00DAE8ED, 0x00D9E9EE,
    0x00D9E9EF, 0x00D7E8EC, 0x00D9E8EE, 0x00DAEAEE, 0x00D8E8EB, 0x00D7E7EA, 0x00DAE9ED, 0x00D8E8EB, 0x00D8E8EB,
    0x00DBE9ED, 0x00D8E7EC, 0x00D8E8EC, 0x00D8E8EC, 0x00DCEBEE, 0x00D7E8EB, 0x00D8E7EC, 0x00D7E6EB, 0x00DAE7EB,
    0x00D8E7EA, 0x00D8E7EB, 0x00D7E7EA, 0x00D7E6EA, 0x00D6E6EB, 0x00D7E5EA, 0x00D5E5E9, 0x00D6E5E9, 0x00D4E4E9,
    0x00D7E5E9, 0x00D5E7EA, 0x00D9E8ED, 0x00DCE9EE, 0x00DCEAEE, 0x00DCEAEE, 0x00DCE9EC, 0x00D5E5EB, 0x00D7E7EB,
    0x00D3E4EA, 0x00D6E6EA, 0x00D2E1E7, 0x00CFDFE4, 0x00CFE0E8, 0x00CADCE4, 0x00C3D7DF, 0x00C1D6DE, 0x00C1D6DE,
    0x00B8CED7, 0x00BBD2DD, 0x00C7DEE9, 0x00C1D8E1, 0x00C5DBE5, 0x00C1D9E4, 0x00C4DDE9, 0x00C4DEEB, 0x00C3DDEA,
    0x00C7E1EF, 0x00CDE5F2, 0x00CDE6F2, 0x00CCE5F1, 0x00CCE6F3, 0x00CAE2EF, 0x00C8E2EF, 0x00CBE4F1, 0x00C9E3EF,
    0x00CAE3F0, 0x00CBE4F2, 0x00CBE5F4, 0x00C9E3F1, 0x00C9E3F2, 0x00C8E3F1, 0x00C9E3F3, 0x00C9E4F3, 0x00C9E3F1,
    0x00C9E4F2, 0x00CBE3F1, 0x00CCE5F2, 0x00CEE5F2, 0x00CBE4F2, 0x00CBE3F1, 0x00CAE4F1, 0x00CDE6F1, 0x00CEE4F0,
    0x00CBE4EF, 0x00CDE6F1, 0x00CFE7F3, 0x00CDE7F2, 0x00CFE8F4, 0x00CAE4F1, 0x00CBE5F1, 0x00CCE5F2, 0x00CFE8F3,
    0x00CDE5F1, 0x00CEE6F2, 0x00CEE6F2, 0x00CEE6F2, 0x00D1E8F4, 0x00CDE5F0, 0x00CEE7F3, 0x00D3EAF4, 0x00D4ECF7,
    0x00CFE7F0, 0x00D5ECF7, 0x00D5ECF7, 0x00D2EBF6, 0x00D7ECF7, 0x00D3EBF5, 0x00D9F0FA, 0x00D6ECF6, 0x00D2E8F1,
    0x00D3EBF6, 0x00D0EAF5, 0x00D6EDF8, 0x00D3EBF7, 0x00D1EAF5, 0x00CFE9F5, 0x00CCE6F3, 0x00CFE9F4, 0x00D2E9F4,
    0x00CCE7F2, 0x00CFE8F3, 0x00C3E1F6, 0x00C3E0F3, 0x00C7E2F3, 0x00BFDDEF, 0x00C5E1F2, 0x00C7E3F5, 0x00C6E0F2,
    0x00C6E2F3, 0x00C7E1F1, 0x00CBE5F4, 0x00C1DDED, 0x00C1DCED, 0x00B6D1E4, 0x00B7D3E6, 0x00B4D1E4, 0x00BAD5E7,
    0x00B8D4E5, 0x00BDD8E9, 0x00BCD7E6, 0x00C8DEEC, 0x00CEE3EE, 0x00D3E6EF, 0x00D0E3EC, 0x00D3E6EE, 0x00D1E3EC,
    0x00C6DCE9, 0x00C8DDE7, 0x00C9DFE9, 0x00C3D8E3, 0x00BFD5E1, 0x00C0D6DE, 0x00C1D6DC, 0x00C1D5DB, 0x00C6D9DD,
    0x00C2D4D7, 0x00C4D5D9, 0x00C7D6DA, 0x00CADADC, 0x00D0DEE1, 0x00D1E0E2, 0x00D4E2E4, 0x00CEDBDD, 0x00D1DEE0,
    0x00D0DEE0, 0x00D1E0E2, 0x00CDDBDF, 0x00D1DFE2, 0x00D0E0E6, 0x00C6D8E2, 0x00CCDDE7, 0x00D6E6ED, 0x00D3E4EE,
    0x00CFE0EB, 0x00D0E1EA, 0x00D2E2EB, 0x00D1E3EC, 0x00C0D6E7, 0x00B8D0E5, 0x00AEC6E1, 0x00C6DBE9, 0x00D5E3ED,
    0x00D9E8E9, 0x00D6E3E4, 0x00D7E3E5, 0x00D5E0E1, 0x00D4DFE0, 0x00D5DEE0, 0x00D4DFE0, 0x00D2DDDD, 0x00D3DEDF,
    0x00D5DFE1, 0x00D3DFE0, 0x00D5E0E3, 0x00D6E1E2, 0x00DBE7E9, 0x00D2DEE0, 0x00CEDBDD, 0x00D3DFE1, 0x00D1DDE1,
    0x00CBD9DB, 0x00CCD9DC, 0x00D0DEE1, 0x00D6E3E6, 0x00D6E4E7, 0x00D8E6E9, 0x00D9E6E8, 0x00DFEDF0, 0x00DEECEF,
    0x00E0EDF0, 0x00DDEBEE, 0x00D9E6EA, 0x00DAE7EA, 0x00D7E4E5, 0x00D6E2E5, 0x00D8E4E6, 0x00DBE6E8, 0x00DAE5E8,
    0x00DAE6E7, 0x00DAE4E7, 0x00DBE6E8, 0x00DBE5E8, 0x00DDE8EA, 0x00DFE9EB, 0x00E0EBED, 0x00E0EAEC, 0x00DDE9EB,
    0x00DBE6E8, 0x00D8E5E6, 0x00D9E5E8, 0x00DCE9EC, 0x00E0ECEF, 0x00DEEBED, 0x00DDE9EC, 0x00DEEBED, 0x00DEEBED,
    0x00DBE8EA, 0x00DDEAEC, 0x00DBE7EA, 0x00D9E7EA, 0x00DBE7EA, 0x00DCE8EB, 0x00DAE8EB, 0x00DAE7E9, 0x00DDE9EC,
    0x00DDEAED, 0x00DDEAED, 0x00DDE9EC, 0x00DBE7EA, 0x00D8E5E8, 0x00D5E3E5, 0x00D7E4E6, 0x00D5E2E5, 0x00D5E2E4,
    0x00D6E3E6, 0x00D5E3E7, 0x00D7E5E9, 0x00D8E7EC, 0x00DAE8ED, 0x00DBEAEF, 0x00D8E8EC, 0x00DCE9EE, 0x00DAEAEF,
    0x00DBEAEF, 0x00DDECF0, 0x00DCEAEE, 0x00DCEBEF, 0x00DDECEF, 0x00DCEAEE, 0x00D8E8EB, 0x00D7E5E8, 0x00D5E5E7,
    0x00D7E5E7, 0x00D9E7EB, 0x00D6E6E9, 0x00D6E5E8, 0x00D5E5E7, 0x00D7E5E8, 0x00D8E6E9, 0x00DBE8EB, 0x00D9E6E9,
    0x00DAE8E9, 0x00DDEAEC, 0x00DFECEE, 0x00E1EEEF, 0x00E0EDEF, 0x00DFECEE, 0x00DEEAED, 0x00DDEBED, 0x00DEEAED,
    0x00DCEAEC, 0x00DBE8EB, 0x00DAE9EC, 0x00DBE9EC, 0x00D8E7E9, 0x00DAE9EB, 0x00D8E6E9, 0x00D8E7EA, 0x00D9E7EB,
    0x00D8E7EA, 0x00DAE7EA, 0x00DBE9EB, 0x00D7E6E8, 0x00D7E6E9, 0x00D7E6E9, 0x00D6E5E9, 0x00D8E6E9, 0x00D9E7EA,
    0x00D7E7E9, 0x00D8E7EA, 0x00DAE9EB, 0x00DAE8EB, 0x00DAE9EC, 0x00DBEAED, 0x00DDEBEE, 0x00DCEAEE, 0x00DAE9ED,
    0x00DCEBEE, 0x00DBEAEE, 0x00D9E9EE, 0x00DBEAEE, 0x00D9E9ED, 0x00D9E8EC, 0x00D9E8EC, 0x00D8E7EB, 0x00D8E8ED,
    0x00D8E8EC, 0x00D9E9ED, 0x00DBE9ED, 0x00D7E7EA, 0x00D9E8ED, 0x00DAE9EC, 0x00D9E8ED, 0x00D7E7EB, 0x00D9E9ED,
    0x00DAE9EE, 0x00D6E7EB, 0x00D3E5E8, 0x00D5E6EA, 0x00D4E5E9, 0x00D2E4E9, 0x00D6E6EA, 0x00D3E5E9, 0x00D7E7EC,
    0x00D2E4E9, 0x00D8E7EC, 0x00D7E7EC, 0x00D8E8EB, 0x00D9E8EC, 0x00DBE8EC, 0x00DAE9ED, 0x00DBE9ED, 0x00D9E8EC,
    0x00D2E3E9, 0x00CCDDE3, 0x00CCDDE4, 0x00C0D5DC, 0x00C6D9DF, 0x00C0D5DD, 0x00C5DAE3, 0x00C5DAE5, 0x00BED5E0,
    0x00BED6E1, 0x00BFD8E3, 0x00C8E0EC, 0x00C2DBE8, 0x00C5DEEB, 0x00C9E1EF, 0x00C5DFED, 0x00CAE4F1, 0x00CDE5F1,
    0x00CAE4F1, 0x00C9E3F0, 0x00CBE5F1, 0x00CBE6F2, 0x00CBE5F2, 0x00CAE4F2, 0x00CBE5F2, 0x00CCE6F3, 0x00CCE5F3,
    0x00C7E3F1, 0x00C9E3F1, 0x00C9E3F1, 0x00CCE4F2, 0x00C9E2EF, 0x00CCE4F3, 0x00CAE5F3, 0x00CBE5F2, 0x00CCE5F4,
    0x00CBE4F2, 0x00CCE6F4, 0x00CBE5F3, 0x00CCE5F3, 0x00C9E4F2, 0x00C8E3F0, 0x00CCE5F2, 0x00CEE5F2, 0x00CAE5F1,
    0x00C9E4F1, 0x00C8E2F0, 0x00C9E3F1, 0x00CDE5F2, 0x00CCE5F2, 0x00CAE4F1, 0x00C7E1EE, 0x00CBE5F3, 0x00CBE5F2,
    0x00CBE5F2, 0x00CCE6F2, 0x00CAE4F1, 0x00C9E3F0, 0x00CEE7F3, 0x00CFE7F3, 0x00CDE6F2, 0x00CDE6F1, 0x00CDE6F1,
    0x00D0E7F3, 0x00CFE7F2, 0x00CFE8F4, 0x00D4EAF6, 0x00D4EDF8, 0x00C3D2D6, 0x00CCDFE7, 0x00D6EDF7, 0x00D7EFF8,
    0x00D4E6EF, 0x00D3EBF5, 0x00D7EEF9, 0x00D5ECF4, 0x00C2CFD6, 0x00CAE0E8, 0x00D1EBF6, 0x00CFE9F5, 0x00CDE8F4,
    0x00D2EBF6, 0x00CEE8F4, 0x00CEE8F3, 0x00CFE7F3, 0x00D0E8F4, 0x00D2E9F4, 0x00D1EAF5, 0x00CAE6F6, 0x00D0E9F5,
    0x00CFE7F4, 0x00CDE6F3, 0x00C9E2F0, 0x00CBE4EF, 0x00CBE0EC, 0x00D2E7F1, 0x00D1E7F2, 0x00D1E6F2, 0x00CFE4EE,
    0x00CAE1EC, 0x00C9E0EA, 0x00C9DEE9, 0x00CEE2EB, 0x00D0E2E9, 0x00D1E2E9, 0x00D1E1E6, 0x00CFDFE1, 0x00D3E1E4,
    0x00D0E0E2, 0x00CEDCDF, 0x00CFDDE0, 0x00CADADD, 0x00D0DFE1, 0x00CADADE, 0x00C4D6D9, 0x00C6D9DE, 0x00C1D4DC,
    0x00C1D4DB, 0x00C4D6DB, 0x00C7D7D9, 0x00CAD9DB, 0x00CAD7D9, 0x00C9D7D8, 0x00CAD8D8, 0x00C9D6D7, 0x00C7D5D5,
    0x00CBD8D7, 0x00C8D5D4, 0x00C9D6D5, 0x00CAD7D6, 0x00CBD7D6, 0x00CDDAD9, 0x00D0DCDC, 0x00D7E2E1, 0x00D4DFDF,
    0x00D6E0E1, 0x00D5E1E1, 0x00D2DDDD, 0x00D1DDDC, 0x00D1DBDB, 0x00D1DCDB, 0x00D3DEDD, 0x00D7E2E2, 0x00DAE5E4,
    0x00DAE4E5, 0x00DCE8EA, 0x00DDE9EA, 0x00DBE7E8, 0x00D7E3E5, 0x00D6E2E2, 0x00D7E4E4, 0x00DEE9EC, 0x00DCE8EA,
    0x00DDE8EA, 0x00D5E1E2, 0x00CFD9DB, 0x00CAD5D6, 0x00CED8D9, 0x00CDD8D9, 0x00CFD9DB, 0x00CDD7D8, 0x00CCD5D5,
    0x00CFD9DA, 0x00D2DDDE, 0x00D6E3E5, 0x00DDE8EC, 0x00D5E3E6, 0x00D0DDE1, 0x00C5D1D3, 0x00C2D0CF, 0x00CAD7D7,
    0x00C7D4D4, 0x00D0DCDD, 0x00D6E3E5, 0x00DBE8EA, 0x00DDEAED, 0x00D6E5E7, 0x00DAE7EA, 0x00D4E3E6, 0x00D3E2E4,
    0x00D4E1E3, 0x00D4E1E5, 0x00D7E3E5, 0x00DAE6E9, 0x00D9E5E8, 0x00D8E5E7, 0x00DFE9EC, 0x00DFECEE, 0x00E1ECEE,
    0x00E0ECEE, 0x00E5F0F2, 0x00E4F0F2, 0x00E5F0F2, 0x00E7F1F3, 0x00E6F0F3, 0x00E4EEF2, 0x00E1EDF0, 0x00E5F1F3,
    0x00E1EDF0, 0x00DFECEF, 0x00DDEAED, 0x00DCEAEC, 0x00DEEBEE, 0x00DAE6E9, 0x00E0EDF0, 0x00DFECEF, 0x00DEECEF,
    0x00DDE9ED, 0x00E1EEF1, 0x00E3EFF2, 0x00DBE8E9, 0x00D8E2E5, 0x00CDD9DA, 0x00D2DFE0, 0x00CFDBDB, 0x00CBD8DA,
    0x00CDD9DC, 0x00CBD8DA, 0x00C9D5D6, 0x00CBD8D8, 0x00CCD8D9, 0x00CDDADB, 0x00CEDBDC, 0x00CFDCDD, 0x00D5E1E4,
    0x00D7E4E6, 0x00DAE7EA, 0x00DAE8EB, 0x00E0EDF0, 0x00DEEBF0, 0x00DDE9ED, 0x00D7E4E6, 0x00D2E1E3, 0x00D5E4E7,
    0x00D2E1E4, 0x00CEDEE0, 0x00CDDBDD, 0x00CDDBDF, 0x00D1E0E2, 0x00D3E1E6, 0x00D6E5E9, 0x00DAE8EC, 0x00DEEDF0,
    0x00DEECEF, 0x00DFEDEF, 0x00E3F0F2, 0x00E3F0F2, 0x00E0EEF0, 0x00E0EDEF, 0x00DDEAEC, 0x00DBE9EC, 0x00DCE9EB,
    0x00DBE9EC, 0x00DBE9EB, 0x00DCEAEC, 0x00D9E8EA, 0x00DCEAED, 0x00DEEBEE, 0x00DEEBED, 0x00E2EFF1, 0x00DFECEF,
    0x00DDEBED, 0x00DFECEF, 0x00DEEAED, 0x00DDEBED, 0x00DCEAED, 0x00DBE9EC, 0x00DAE8EB, 0x00DEEBEE, 0x00DEEBED,
    0x00D9E7EA, 0x00DBEAED, 0x00D8E6E9, 0x00DCE9EC, 0x00DAE9EC, 0x00D9E8EB, 0x00D7E7EA, 0x00DCE9EC, 0x00DBEAED,
    0x00DBE9EC, 0x00DAE9ED, 0x00DAE7EB, 0x00DAE9ED, 0x00D9E8EC, 0x00DAE7EC, 0x00D7E6EB, 0x00D3E4EA, 0x00D6E5EA,
    0x00D7E7EC, 0x00D7E7EB, 0x00DAEAED, 0x00DAE9EC, 0x00DCEAED, 0x00DEECF0, 0x00DBE9EC, 0x00DCE9EE, 0x00D9E9ED,
    0x00D8E8ED, 0x00D7E6EB, 0x00DAE9EE, 0x00D8E9EE, 0x00DBE9ED, 0x00DBEAEF, 0x00DCEBF0, 0x00DAE9EE, 0x00DAE9ED,
    0x00D9E8EE, 0x00D8E8EC, 0x00DAE8EC, 0x00DAE9EE, 0x00DAE9ED, 0x00DAEAEF, 0x00DBE9EE, 0x00D6E7EC, 0x00D7E8ED,
    0x00D8E7EC, 0x00D7E8EC, 0x00D5E5EA, 0x00BDD0D7, 0x00B8CDD5, 0x00B8CCD5, 0x00B7CDD5, 0x00BCD3DD, 0x00C9DFEA,
    0x00C0D8E2, 0x00C5DDE9, 0x00C6DFEB, 0x00C6E0EC, 0x00C7E1EE, 0x00CBE4F3, 0x00CFE7F4, 0x00CEE7F3, 0x00C9E3F1,
    0x00CCE5F2, 0x00CBE4F1, 0x00CCE5F2, 0x00CDE5F3, 0x00CBE4F1, 0x00CBE4F1, 0x00CBE5F2, 0x00CAE4F0, 0x00CDE5F2,
    0x00CCE5F2, 0x00CCE6F3, 0x00CBE5F1, 0x00CDE6F3, 0x00C9E3F2, 0x00CAE3F1, 0x00CAE3F0, 0x00C8E3F0, 0x00C9E3F0,
    0x00CCE5F0, 0x00CAE4F0, 0x00CCE5F2, 0x00CCE6F2, 0x00CAE4F2, 0x00CDE5F3, 0x00C7E2F0, 0x00C7E1F0, 0x00CCE6F3,
    0x00CAE4F1, 0x00CAE3F0, 0x00CCE6F3, 0x00CDE4F1, 0x00C7E3F1, 0x00C9E3F1, 0x00CDE4F0, 0x00CAE4F2, 0x00CBE5F2,
    0x00C8E3F1, 0x00CAE4F1, 0x00CCE7F5, 0x00C8E2F0, 0x00CBE5F2, 0x00CCE6F4, 0x00CAE5F2, 0x00CCE6F3, 0x00CBE5F1,
    0x00CEE7F3, 0x00D2EAF5, 0x00CDE6F1, 0x00CCE5F1, 0x00CEE6F2, 0x00CFE7F3, 0x00D0E8F3, 0x00CFE8F3, 0x00D4EBF7,
    0x00D4ECF8, 0x00C7D4DA, 0x00C6D8DE, 0x00D7EDF8, 0x00D8EFFA, 0x00CDDDE4, 0x00CBDEE6, 0x00D9F0FB, 0x00D8EEF8,
    0x00C2D0D7, 0x00C8DEE8, 0x00D2ECF8, 0x00CFE9F6, 0x00D0EAF6, 0x00CEE8F5, 0x00CEE9F5, 0x00CDE7F4, 0x00D0E9F4,
    0x00D2EAF4, 0x00D4EAF6, 0x00D2EAF5, 0x00D9EAF0, 0x00D8E8EE, 0x00D1E3E8, 0x00D5E5E9, 0x00D4E3E7, 0x00D2E1E4,
    0x00D0E0E2, 0x00CEDDE0, 0x00CCDCDF, 0x00D1E0E3, 0x00D1E0E2, 0x00D0DFE1, 0x00D2E1E3, 0x00D3E1E4, 0x00D5E1E3,
    0x00D5E1E3, 0x00D5E1E3, 0x00D6E3E4, 0x00D7E3E4, 0x00D5E1E1, 0x00D3E0E1, 0x00D8E4E6, 0x00D7E4E5, 0x00D1DEDF,
    0x00D2DFE0, 0x00D0DDDD, 0x00CFDDDD, 0x00CFDCDC, 0x00CFDDDD, 0x00CCDADA, 0x00CDDBDA, 0x00CBD9D8, 0x00CBDAD9,
    0x00CDD9DA, 0x00CCDADB, 0x00CDDADA, 0x00CBD7D8, 0x00CAD8D7, 0x00CBD9DA, 0x00CBDADB, 0x00CBD9DA, 0x00C8D8D8,
    0x00CCD9D9, 0x00CDD9D9, 0x00C9D7D8, 0x00CCD9D9, 0x00D0DDDC, 0x00CBD8D6, 0x00CCD9D8, 0x00D2DEDE, 0x00D3DFDF,
    0x00D5E1E2, 0x00D0DEDD, 0x00D3DFDF, 0x00D6E2E3, 0x00D7E1E2, 0x00D6E2E2, 0x00D6E2E3, 0x00DEEAEA, 0x00E2ECED,
    0x00E0EDED, 0x00DFEAEB, 0x00D8E4E5, 0x00D9E3E2, 0x00D6E2E3, 0x00D5E1E2, 0x00D7E3E4, 0x00D9E5E6, 0x00D6E2E2,
    0x00D9E4E4, 0x00D5E1E2, 0x00D8E3E4, 0x00D8E4E6, 0x00D9E5E7, 0x00DAE6E8, 0x00DAE6E8, 0x00DCE9EC, 0x00E2EFF3,
    0x00DDEAEC, 0x00D6E4E7, 0x00D0DFE2, 0x00D2DFE1, 0x00D8E4E7, 0x00D8E5E7, 0x00D3E0E1, 0x00CCDADA, 0x00C9D7D5,
    0x00CAD6D5, 0x00CBD7D7, 0x00CCD9D8, 0x00D1DFDF, 0x00D9E6E8, 0x00DAE6E8, 0x00D5E4E5, 0x00D5E3E4, 0x00D3E1E2,
    0x00D9E5E7, 0x00DAE8E9, 0x00D5E2E3, 0x00D4E1E3, 0x00D6E3E5, 0x00D5E2E4, 0x00D9E6E8, 0x00D3E1E3, 0x00D2DFE1,
    0x00D7E4E6, 0x00D7E4E5, 0x00DBE7E9, 0x00D7E5E6, 0x00D7E4E6, 0x00D9E6E8, 0x00D8E6E9, 0x00D5E4E6, 0x00D5E3E6,
    0x00D7E5E7, 0x00D6E4E6, 0x00D5E3E5, 0x00D7E4E6, 0x00D4E2E4, 0x00D2DFE1, 0x00D3E0E2, 0x00D6E3E4, 0x00D2DFDF,
    0x00CBD8D7, 0x00C8D5D5, 0x00C8D5D5, 0x00C9D6D6, 0x00C9D6D8, 0x00C7D5D6, 0x00C7D6D6, 0x00C8D5D6, 0x00C6D5D5,
    0x00C6D3D3, 0x00C6D3D3, 0x00CCD9DB, 0x00D0DCDE, 0x00D2DEDF, 0x00CEDBDB, 0x00C9D6D5, 0x00CBD9D8, 0x00CEDCDC,
    0x00D4E1E3, 0x00D2DFE2, 0x00D4E1E2, 0x00D4E2E5, 0x00DAE7EA, 0x00DAE8EA, 0x00DBE9EC, 0x00DAE7EA, 0x00D4E2E4,
    0x00D5E2E4, 0x00CEDEE1, 0x00D2E1E3, 0x00D2E1E4, 0x00D4E2E4, 0x00D3E2E5, 0x00D3E2E5, 0x00D8E7E9, 0x00D6E4E7,
    0x00D9E7E9, 0x00D8E6E8, 0x00D7E5E7, 0x00D8E5E8, 0x00D6E3E6, 0x00D6E3E5, 0x00D8E5E7, 0x00DAE6E8, 0x00D9E6E8,
    0x00D8E5E6, 0x00DBE7E9, 0x00D9E7E9, 0x00DBE8E9, 0x00D9E7EA, 0x00D8E7E9, 0x00D8E6E9, 0x00D3E3E6, 0x00D7E6E9,
    0x00D3E4E8, 0x00D4E4E8, 0x00D1E3E6, 0x00D4E4E8, 0x00D2E4E7, 0x00CFE2E6, 0x00CEE1E6, 0x00D6E6E9, 0x00D1E3E7,
    0x00D6E5E8, 0x00D4E3E7, 0x00D0E1E4, 0x00D2E2E5, 0x00D1E2E5, 0x00D6E5E8, 0x00D2E4E8, 0x00D1E2E6, 0x00D0E1E6,
    0x00D5E4E8, 0x00D4E4EA, 0x00D6E6EA, 0x00D5E7EB, 0x00DBE8EC, 0x00D7E6EB, 0x00D5E5E9, 0x00D6E5E9, 0x00D8E7EA,
    0x00D9E6EA, 0x00D6E5EA, 0x00D5E5EA, 0x00D5E4E9, 0x00D4E5EA, 0x00D5E6EA, 0x00D8E8ED, 0x00DDECF1, 0x00DBEAF0,
    0x00DCEBF1, 0x00DAEAEF, 0x00D9E9EE, 0x00DBEAEF, 0x00D9EAEF, 0x00DCEBEF, 0x00DAE9EF, 0x00DBE9EF, 0x00DAE9EF,
    0x00DBEAF0, 0x00D9E9EF, 0x00D8E8EC, 0x00CFE0E7, 0x00C7DAE0, 0x00C5D7DE, 0x00B9CDD6, 0x00B8CED6, 0x00BCD2DC,
    0x00C0D8E4, 0x00C4DCE8, 0x00C7DFEA, 0x00C5DEE9, 0x00CAE2EF, 0x00CBE4F1, 0x00CCE4F1, 0x00C7E0ED, 0x00CEE7F4,
    0x00CEE7F3, 0x00CDE6F3, 0x00CDE7F3, 0x00CEE7F3, 0x00CDE5F2, 0x00CCE4F1, 0x00CBE3F1, 0x00CAE4F0, 0x00C9E3F0,
    0x00C9E3F1, 0x00CDE6F2, 0x00CCE5F3, 0x00CCE6F2, 0x00CCE4F1, 0x00C8E1EF, 0x00CCE6F3, 0x00CDE6F2, 0x00CEE7F3,
    0x00CAE4F1, 0x00C9E3F0, 0x00CDE5F2, 0x00CEE6F2, 0x00CCE5F1, 0x00CCE5F1, 0x00CEE7F2, 0x00CDE6F2, 0x00CCE5F3,
    0x00CBE5F1, 0x00CBE5F3, 0x00CAE4F1, 0x00CDE6F3, 0x00CAE3F1, 0x00CBE5F3, 0x00CAE4F1, 0x00C9E3F2, 0x00C9E3F0,
    0x00CFE6F3, 0x00C9E3F0, 0x00CCE5F2, 0x00CAE5F2, 0x00C8E3F1, 0x00CAE5F2, 0x00C8E3F1, 0x00C8E2F1, 0x00CBE5F2,
    0x00CDE6F3, 0x00C9E4F1, 0x00CAE4F2, 0x00CEE8F3, 0x00CEE7F4, 0x00CFE6F3, 0x00C9E3EF, 0x00CEE7F3, 0x00CAE4F0,
    0x00CDE6F3, 0x00CDE7F3, 0x00CCE6F3, 0x00D0E9F5, 0x00CFEAF5, 0x00D2EBF9, 0x00C6D6DC, 0x00C9DDE5, 0x00D8EEF9,
    0x00DAF1FA, 0x00CEE0E8, 0x00C9DCE5, 0x00D7EEFA, 0x00D4EBF5, 0x00C1CFD6, 0x00C2D3DC, 0x00C4D9E4, 0x00CBE6F4,
    0x00CDE7F4, 0x00CFE9F6, 0x00D1EAF5, 0x00D0E9F4, 0x00CEE8F3, 0x00D3EAF4, 0x00D4EBF5, 0x00D4ECF7, 0x00DBE8EA,
    0x00D9E7E9, 0x00D9E6E7, 0x00D5E3E4, 0x00D5E2E3, 0x00D3E0E1, 0x00D2DFDE, 0x00D2DEDF, 0x00CEDCDC, 0x00D1DDDE,
    0x00D0DDDE, 0x00CFDCDD, 0x00CEDBDB, 0x00CDDBDB, 0x00CDDADB, 0x00CDDADC, 0x00CCDBDC, 0x00CCDADB, 0x00CDDBDB,
    0x00CFDDDD, 0x00CEDCDC, 0x00CDDBDC, 0x00CFDDDE, 0x00CFDCDD, 0x00D0DDDE, 0x00D7E2E3, 0x00D6E2E3, 0x00D3E0DF,
    0x00D4E0E1, 0x00D3E0E0, 0x00D4E0E0, 0x00D4E1E1, 0x00D4E1E1, 0x00D4E0E0, 0x00D2DFE0, 0x00D3DFDF, 0x00D1DEDE,
    0x00D0DDDD, 0x00CEDBDA, 0x00CEDBDA, 0x00C9D6D6, 0x00CAD7D6, 0x00CCD8D8, 0x00CAD7D6, 0x00CBD8D8, 0x00C7D4D3,
    0x00CAD6D5, 0x00CAD8D8, 0x00CEDBDC, 0x00CBD8D7, 0x00CCD9D9, 0x00CEDBDB, 0x00CAD7D6, 0x00C9D6D6, 0x00C8D5D5,
    0x00C9D5D5, 0x00C9D6D6, 0x00C9D7D7, 0x00CCDAD8, 0x00C9D7D6, 0x00CBD9D8, 0x00CAD7D7, 0x00C7D5D5, 0x00C4D2D1,
    0x00CBD7D7, 0x00C9D6D5, 0x00CAD7D7, 0x00C9D7D6, 0x00C8D5D4, 0x00C6D3D2, 0x00C5D2D1, 0x00CAD6D6, 0x00C6D4D3,
    0x00C5D3D2, 0x00C5D3D3, 0x00C7D4D4, 0x00C8D6D6, 0x00CBD7D8, 0x00CDDADA, 0x00DBE6E8, 0x00DEEAEC, 0x00DDE9EB,
    0x00DEEAEC, 0x00DEEAED, 0x00DDE9EC, 0x00E2EEF1, 0x00E2EEF0, 0x00E0EBEE, 0x00DAE7E9, 0x00DCE8E9, 0x00D7E2E3,
    0x00D5E0E1, 0x00D6E2E3, 0x00D7E1E2, 0x00D9E4E6, 0x00D8E5E5, 0x00D7E3E5, 0x00D3DFE1, 0x00D2DFE1, 0x00D3E0E2,
    0x00D0DDDF, 0x00D4E2E3, 0x00D6E3E5, 0x00D8E4E6, 0x00D7E5E7, 0x00D5E2E4, 0x00D9E6E8, 0x00DAE6E8, 0x00DCE9EB,
    0x00DDEBED, 0x00D9E8EA, 0x00D5E3E5, 0x00D6E4E6, 0x00D9E7E9, 0x00DBE8EC, 0x00D9E7EA, 0x00DEEBEE, 0x00DEEAED,
    0x00DFECEF, 0x00E0ECEF, 0x00E2EFF2, 0x00E2EDF1, 0x00DEEBED, 0x00DBE7EA, 0x00D7E4E6, 0x00D2E0E1, 0x00D5E1E4,
    0x00D2DFE2, 0x00D1DFE1, 0x00D3E1E3, 0x00D1DEE0, 0x00CFDEE0, 0x00CEDBDC, 0x00CCDADA, 0x00CDDBDB, 0x00CBD8D9,
    0x00CAD8D8, 0x00C9D6D6, 0x00CAD7D7, 0x00CBD8D9, 0x00CAD6D6, 0x00C7D4D4, 0x00CAD7D8, 0x00CEDADA, 0x00CEDBDC,
    0x00C9D6D6, 0x00CCD8D8, 0x00CEDBDD, 0x00D5E3E6, 0x00D6E6E8, 0x00D8E6E9, 0x00D7E6E8, 0x00DAE8EB, 0x00DAEAED,
    0x00D5E4E8, 0x00D6E5E8, 0x00D1E2E4, 0x00D6E5E8, 0x00D7E6EA, 0x00DCEAED, 0x00DBE9EB, 0x00D8E7E9, 0x00DBE8EB,
    0x00DDEAEE, 0x00DFECEF, 0x00DDEAEE, 0x00E0ECF0, 0x00DDE9ED, 0x00D8E6E8, 0x00D6E3E6, 0x00D5E4E7, 0x00D5E3E6,
    0x00D5E5E9, 0x00D3E2E5, 0x00D6E6E8, 0x00D4E4E7, 0x00D2E2E5, 0x00D7E6E9, 0x00D5E3E7, 0x00D5E5E8, 0x00D8E6EA,
    0x00D7E6EA, 0x00D6E4E8, 0x00D7E6E9, 0x00DAE8EB, 0x00DDEAEE, 0x00DDEAED, 0x00DFECEF, 0x00DEEBEE, 0x00DEEBEE,
    0x00DAE9EC, 0x00DAE8EB, 0x00D9E7EB, 0x00D7E7EA, 0x00D8E8EB, 0x00DAE9ED, 0x00DBEAED, 0x00DAE8EB, 0x00DAE9EF,
    0x00DCE9ED, 0x00DDEBEF, 0x00DCEBF0, 0x00DCEBEF, 0x00DEECEF, 0x00DEEBEF, 0x00DCEBEF, 0x00DBE9ED, 0x00D7E7EC,
    0x00DAE9EE, 0x00D7E7EE, 0x00D6E7ED, 0x00DCEBF0, 0x00DCECF2, 0x00D5E5EC, 0x00DCEBF1, 0x00DBEBF1, 0x00D8E9EF,
    0x00D6E8ED, 0x00D5E6EB, 0x00D7E8ED, 0x00D6E7EB, 0x00CDDFE6, 0x00CEE1E8, 0x00BBD2DD, 0x00C6DCE7, 0x00C5DDE9,
    0x00C4DDE8, 0x00C0D8E3, 0x00BED7E2, 0x00C7E0EC, 0x00CAE3F0, 0x00CCE5F2, 0x00CFE8F4, 0x00CFE7F3, 0x00D0E8F4,
    0x00CBE4F1, 0x00CFE6F3, 0x00CCE5F3, 0x00CAE4F1, 0x00CBE4F2, 0x00CEE6F4, 0x00CAE4F1, 0x00CAE4F1, 0x00CDE5F3,
    0x00CAE4F1, 0x00CAE3F0, 0x00CAE2F0, 0x00C9E3EF, 0x00CCE4F1, 0x00CAE4F0, 0x00CBE4F2, 0x00CBE5F2, 0x00CAE3F0,
    0x00CBE4F0, 0x00CDE5F1, 0x00CDE5F1, 0x00CBE3F1, 0x00C8E2F0, 0x00CBE4F1, 0x00C9E3EF, 0x00CAE2F0, 0x00C9E3F0,
    0x00CAE3F0, 0x00CCE5F1, 0x00CCE4F1, 0x00CAE3F0, 0x00CAE3F2, 0x00CBE5F2, 0x00CBE5F2, 0x00CAE3F2, 0x00C7E2F0,
    0x00C8E3F1, 0x00C8E2F1, 0x00CBE4F3, 0x00C9E3F1, 0x00C9E3F1, 0x00CAE3F2, 0x00C9E4F2, 0x00CBE5F2, 0x00C8E3F0,
    0x00C5E1F0, 0x00CAE3F1, 0x00C6E1F0, 0x00C5E0EF, 0x00C5E0EF, 0x00C9E3F1, 0x00C8E2F0, 0x00CBE5F2, 0x00CDE6F4,
    0x00CEE7F3, 0x00CCE6F3, 0x00CDE6F2, 0x00CDE5F2, 0x00CFE7F2, 0x00CEE7F2, 0x00CFE8F3, 0x00CDE7F3, 0x00D0E9F5,
    0x00D0E9F6, 0x00CEE7F3, 0x00C2D2D8, 0x00C4D2D9, 0x00C2CFD5, 0x00CADAE1, 0x00C2D2D9, 0x00C0D0D7, 0x00C8D9E1,
    0x00C9DBE5, 0x00BFCDD4, 0x00C4D7E1, 0x00C8DFEB, 0x00CDE8F6, 0x00CEE9F7, 0x00CFE9F5, 0x00CEE8F5, 0x00CEE8F4,
    0x00D4EAF5, 0x00D1E9F5, 0x00D1EAF4, 0x00D0E9F5, 0x00DDEAED, 0x00DEEAEE, 0x00D8E4E5, 0x00D2DFDF, 0x00D2DEDE,
    0x00D7E3E3, 0x00D5E1E2, 0x00D1DDDD, 0x00D2DFDE, 0x00D3DEDF, 0x00D0DDDD, 0x00D2E0DF, 0x00D2DFDF, 0x00D5E0E3,
    0x00D4E0E2, 0x00D2DEE0, 0x00D1DEDF, 0x00D1DEDF, 0x00CFDCDE, 0x00D0DEDF, 0x00CEDDDD, 0x00D4E1E3, 0x00D1DEDE,
    0x00D3DFE0, 0x00D1DDDD, 0x00D6E0E1, 0x00D1DCDC, 0x00D0DBDB, 0x00D1DCDC, 0x00CFDBDA, 0x00CFDAD9, 0x00CDD9D9,
    0x00CAD6D5, 0x00CAD6D5, 0x00CAD7D6, 0x00CDD8D8, 0x00CBD7D6, 0x00C9D5D4, 0x00C9D3D3, 0x00C3CECD, 0x00C3CFCF,
    0x00C7D2D1, 0x00C5D1D1, 0x00C6D2D1, 0x00C6D2D2, 0x00C8D4D4, 0x00CAD6D5, 0x00C8D5D5, 0x00CAD6D6, 0x00CAD6D6,
    0x00C8D4D5, 0x00C4D1D1, 0x00CBD8D8, 0x00CFDCDD, 0x00D3E0E1, 0x00CDDBDC, 0x00D3E1E2, 0x00D0DEDE, 0x00CAD8D7,
    0x00CCD9D8, 0x00C8D6D5, 0x00C5D3D2, 0x00C4D2D1, 0x00C5D2D2, 0x00CBD9D8, 0x00C4D1D0, 0x00C8D5D4, 0x00C8D5D4,
    0x00CAD6D5, 0x00C7D3D2, 0x00C2CFCD, 0x00C7D4D2, 0x00C8D5D4, 0x00C4D1D2, 0x00C6D4D4, 0x00CBD8D9, 0x00CBD8D8,
    0x00C9D8D8, 0x00C8D6D6, 0x00C8D6D5, 0x00C8D4D4, 0x00C9D6D4, 0x00CAD7D5, 0x00CAD7D6, 0x00CAD7D7, 0x00CBD7D7,
    0x00CCD8D7, 0x00CDD8D9, 0x00CED9D9, 0x00CFDBDC, 0x00D9E6E7, 0x00E7F2F5, 0x00E2EEF0, 0x00D8E4E6, 0x00D8E5E7,
    0x00D6E4E5, 0x00D5E1E3, 0x00D4E1E3, 0x00D7E4E6, 0x00D6E2E5, 0x00D7E4E6, 0x00D6E3E5, 0x00D6E4E6, 0x00DBE8EA,
    0x00DAE7E9, 0x00DCE9EA, 0x00DEEBED, 0x00E1EDEF, 0x00DEEBED, 0x00DBE8EB, 0x00DAE8EA, 0x00DAE9EC, 0x00DBE8EB,
    0x00D8E4E7, 0x00D4E2E5, 0x00D9E7E9, 0x00D6E4E7, 0x00D4E1E4, 0x00D1DEE0, 0x00CDDADB, 0x00CEDBDD, 0x00CFDCDE,
    0x00CDDBDC, 0x00D5E2E4, 0x00D8E6E8, 0x00D5E3E5, 0x00D5E3E3, 0x00D3E2E4, 0x00D5E4E6, 0x00CEDCDE, 0x00CAD8D9,
    0x00CDDCDE, 0x00CCD9DB, 0x00CCD9DB, 0x00CDDADB, 0x00CCDBDC, 0x00C9D7D7, 0x00C6D3D3, 0x00C7D5D5, 0x00C9D7D7,
    0x00CFDBDD, 0x00D1DEE0, 0x00D1DEE1, 0x00CDDBDD, 0x00CEDDE0, 0x00D5E5E8, 0x00DBE9ED, 0x00DBECEF, 0x00DAE9EC,
    0x00D4E5E6, 0x00D6E5E8, 0x00D9E8ED, 0x00DAE9EC, 0x00D9E9EC, 0x00DAEBED, 0x00DDECEF, 0x00DCEBEE, 0x00DBEAED,
    0x00D9E8EB, 0x00D8E8EB, 0x00DAEAEC, 0x00DAEAEC, 0x00D8E7EA, 0x00D8E6EA, 0x00D5E3E6, 0x00D2E1E3, 0x00D2DFE1,
    0x00D0E0E2, 0x00D9E7E9, 0x00D8E6E9, 0x00D7E6E9, 0x00D5E5E8, 0x00D6E5E8, 0x00D7E7EA, 0x00DBE9EC, 0x00DDEBEE,
    0x00DBEAED, 0x00DDEBEE, 0x00DAEAEF, 0x00D7E9EC, 0x00D9E7EC, 0x00D9E9ED, 0x00DCEAED, 0x00DEECF0, 0x00D3E6E8,
    0x00CEE1E5, 0x00CCE0E3, 0x00D4E4E8, 0x00DAEAED, 0x00DDEAED, 0x00D9E8EB, 0x00E0ECF0, 0x00DFECEF, 0x00DDEBEE,
    0x00DDEBEF, 0x00DDECF1, 0x00DDE9ED, 0x00DDEBF0, 0x00DEEBF0, 0x00DBE9ED, 0x00D8E7ED, 0x00D1E0E8, 0x00D5E5EC,
    0x00D0E1EA, 0x00CBDFE8, 0x00C6DAE5, 0x00C7DDE8, 0x00CADFEC, 0x00C8DEEA, 0x00CEE3EE, 0x00CDE1ED, 0x00C7DCE7,
    0x00C9DEEA, 0x00BFD6E1, 0x00C9DFEA, 0x00C9DFEB, 0x00C2D9E7, 0x00C3DBE7, 0x00C3DBE8, 0x00C2DBE7, 0x00C1D8E5,
    0x00C9E1ED, 0x00C3DBE9, 0x00C3DEEB, 0x00C8E3F0, 0x00C4DFEC, 0x00C9E3F1, 0x00CAE4F1, 0x00CDE6F3, 0x00CCE6F1,
    0x00CAE4F2, 0x00D0E7F5, 0x00CFE6F4, 0x00CEE7F4, 0x00CBE5F1, 0x00CDE7F3, 0x00CDE6F3, 0x00C9E4F1, 0x00CDE6F3,
    0x00CDE5F2, 0x00CCE3F1, 0x00CFE7F3, 0x00CDE5F3, 0x00C9E2F0, 0x00CCE4F1, 0x00CCE4F0, 0x00CDE4F0, 0x00CCE4F0,
    0x00CCE4F0, 0x00CAE3EF, 0x00CEE6F2, 0x00CDE5F1, 0x00CCE5F1, 0x00CBE4F0, 0x00CBE4EF, 0x00CEE5F1, 0x00CBE4F0,
    0x00CBE4F0, 0x00C9E3F1, 0x00C9E3EF, 0x00CAE3EF, 0x00C5DFEB, 0x00C9E3EF, 0x00CCE4F2, 0x00CDE5F2, 0x00CCE4F0,
    0x00CDE5F3, 0x00CAE4F0, 0x00CCE5F1, 0x00CDE6F2, 0x00CAE3F0, 0x00CBE4F2, 0x00C7E1F0, 0x00C8E2F1, 0x00CAE3F1,
    0x00C7E2F0, 0x00CAE4F1, 0x00CDE6F2, 0x00CBE4F2, 0x00CCE6F2, 0x00CAE4F2, 0x00C6E0EF, 0x00C8E2F0, 0x00C7E2F0,
    0x00C7E2EF, 0x00CAE3F1, 0x00CDE6F3, 0x00CDE6F2, 0x00CCE6F2, 0x00CEE5F2, 0x00CCE6F2, 0x00CBE4F0, 0x00CBE5F1,
    0x00CFE7F3, 0x00CFE7F4, 0x00CFE7F3, 0x00D1E9F5, 0x00C6DBE4, 0x00BCCBD3, 0x00C0D0D8, 0x00BDC8CD, 0x00C6D7E0,
    0x00CCE2EE, 0x00D2EBF6, 0x00C9DEE8, 0x00C8DBE7, 0x00D4E9F6, 0x00D1E6F2, 0x00BFCDD5, 0x00C8DDE8, 0x00D1EBF9,
    0x00CDE7F4, 0x00CFE9F7, 0x00CFE9F6, 0x00D0E9F6, 0x00D0EAF5, 0x00CEE7F4, 0x00CFE7F3, 0x00D0E9F5, 0x00CDE8F6,
    0x00DCE9EC, 0x00D9E6E9, 0x00DCE9EB, 0x00DAE6E8, 0x00D7E4E6, 0x00D7E4E4, 0x00DAE6E8, 0x00DDE8EB, 0x00DDE9EB,
    0x00DFE9EC, 0x00DDEAEB, 0x00DDE9EB, 0x00DBE7E9, 0x00D9E5E8, 0x00D7E4E6, 0x00D6E2E4, 0x00D5E3E4, 0x00D3E0E1,
    0x00CFDDDF, 0x00D1DEDF, 0x00D1DFE1, 0x00D3E0E2, 0x00D4E0E1, 0x00D3E0E2, 0x00D6E2E3, 0x00D5E1E2, 0x00D4E0E1,
    0x00D4E0E0, 0x00D3DFDF, 0x00D5E0E0, 0x00D3DEDE, 0x00CFDBDB, 0x00CFDBDB, 0x00CFDADB, 0x00CCD9D9, 0x00CEDBDB,
    0x00CDD9D9, 0x00CDD9D9, 0x00CBD8D7, 0x00C9D6D4, 0x00C4D4D4, 0x00C5D2D0, 0x00C5D2D1, 0x00C9D5D5, 0x00C9D6D5,
    0x00C9D5D5, 0x00C9D6D5, 0x00CBD8D8, 0x00CCD8D8, 0x00CAD7D6, 0x00C7D4D3, 0x00C7D4D3, 0x00C9D6D6, 0x00C8D5D4,
    0x00C8D5D5, 0x00C8D5D5, 0x00CAD7D7, 0x00C9D6D6, 0x00CAD7D6, 0x00CBD7D7, 0x00CAD6D6, 0x00CBD7D7, 0x00C8D4D4,
    0x00C7D4D3, 0x00C6D3D2, 0x00CAD8D8, 0x00C6D5D4, 0x00C9D6D4, 0x00CAD6D6, 0x00C8D4D3, 0x00C7D4D3, 0x00C7D3D1,
    0x00C9D5D4, 0x00CAD9D9, 0x00C2D1D2, 0x00C9D6D6, 0x00C8D4D5, 0x00C7D4D4, 0x00C7D4D4, 0x00C9D6D4, 0x00C8D6D5,
    0x00CDD9D9, 0x00CDDADA, 0x00CEDADA, 0x00D4E0E1, 0x00D6E2E2, 0x00D2DFDF, 0x00D2DEDE, 0x00D2DFE0, 0x00D4E1E2,
    0x00D6E3E3, 0x00D7E4E6, 0x00D7E4E6, 0x00D7E4E5, 0x00D8E5E6, 0x00DBE7E9, 0x00DFEAED, 0x00DEEBED, 0x00DDE9EB,
    0x00DBE7EA, 0x00D9E6E9, 0x00D7E4E6, 0x00D7E4E6, 0x00D8E5E7, 0x00D9E6E8, 0x00D8E5E7, 0x00D8E6E8, 0x00D8E5E8,
    0x00DCE9EC, 0x00DEEBEE, 0x00D6E4E6, 0x00D8E6E8, 0x00D7E4E7, 0x00D7E5E7, 0x00D5E3E4, 0x00D3E0E2, 0x00D2E0E2,
    0x00D0DFE0, 0x00CDDDDE, 0x00D2E0E1, 0x00D5E3E5, 0x00D6E3E5, 0x00D5E3E5, 0x00D7E4E6, 0x00D3E1E3, 0x00D1DFE2,
    0x00D2DFE1, 0x00CBDBDE, 0x00C9D9DC, 0x00CCDADC, 0x00CDDCDE, 0x00CEDCDD, 0x00CCDBDC, 0x00CBD9DB, 0x00CFDDDE,
    0x00D1DFE0, 0x00D7E4E6, 0x00D2DFE1, 0x00D4E1E3, 0x00D7E3E6, 0x00D9E5E7, 0x00D2DFE0, 0x00D1DEE0, 0x00D5E2E4,
    0x00D7E6E9, 0x00D6E6E9, 0x00D6E6EA, 0x00DAEAED, 0x00DCEBEF, 0x00D9E9EC, 0x00DAE9EC, 0x00DAEAED, 0x00DBE9ED,
    0x00D8E9EC, 0x00D8E8EB, 0x00DAEAED, 0x00DDEDF0, 0x00E0EFF2, 0x00DFEEF1, 0x00DCEDEF, 0x00DCEBEE, 0x00D8EAEC,
    0x00DBEBEE, 0x00DBEBEF, 0x00D9EBEE, 0x00D9EAED, 0x00DCEAEC, 0x00D9E7EA, 0x00D8E7EA, 0x00D6E5E8, 0x00D6E5E8,
    0x00D7E5E8, 0x00D7E6E9, 0x00D4E5E8, 0x00D9E8EB, 0x00D9E8EB, 0x00DCEAEC, 0x00DBEAED, 0x00DBEAED, 0x00D9E8EC,
    0x00DDEBEF, 0x00D8E8EC, 0x00DCEAED, 0x00DDECF0, 0x00DBEAED, 0x00DDECF1, 0x00DCEAEE, 0x00DCEBEF, 0x00DCEBEE,
    0x00DDECF0, 0x00D9EBEE, 0x00DBEBF0, 0x00DAEAEF, 0x00D4E2E7, 0x00D9E7EC, 0x00D1E2E9, 0x00CEE0E9, 0x00CFE3ED,
    0x00D1E6F0, 0x00CFE5F0, 0x00CDE4F1, 0x00CBE2F0, 0x00CCE4F2, 0x00CCE4F3, 0x00CBE5F3, 0x00CAE3F2, 0x00C8E3F1,
    0x00C7E2F1, 0x00C7E2F1, 0x00CAE3F3, 0x00CAE3F3, 0x00C9E3F2, 0x00CAE4F3, 0x00CAE5F4, 0x00CAE4F3, 0x00CBE5F4,
    0x00CBE5F4, 0x00CBE6F4, 0x00CCE6F4, 0x00CBE6F4, 0x00C9E3F2, 0x00CBE5F3, 0x00CCE6F4, 0x00CDE6F3, 0x00CCE6F2,
    0x00CAE4F1, 0x00CAE4F0, 0x00CBE5F2, 0x00CCE5F2, 0x00CDE6F3, 0x00CBE5F2, 0x00CEE6F2, 0x00CDE7F3, 0x00CBE5F2,
    0x00CDE6F3, 0x00CEE7F3, 0x00CBE5F2, 0x00CCE6F3, 0x00CEE6F4, 0x00CFE7F3, 0x00CBE3F0, 0x00CBE4F1, 0x00CCE4F1,
    0x00CDE5F2, 0x00CBE3F0, 0x00CDE4F1, 0x00CFE6F4, 0x00CAE3F0, 0x00CBE3EF, 0x00CEE5F1, 0x00CDE4F0, 0x00CBE3EF,
    0x00CCE5F1, 0x00CEE5F1, 0x00CEE5F1, 0x00CDE5F0, 0x00CFE5F2, 0x00CBE4F1, 0x00C8E1EE, 0x00C9E2EF, 0x00CBE3F0,
    0x00C9E3F0, 0x00CAE3EF, 0x00CBE3F0, 0x00CCE4F1, 0x00CDE5F1, 0x00C9E3F1, 0x00CBE4F1, 0x00C9E2F0, 0x00CEE6F3,
    0x00C9E3EF, 0x00CCE4F1, 0x00C8E2F0, 0x00C8E1EF, 0x00C8E1EF, 0x00C8E2F0, 0x00C9E2F0, 0x00CAE3F1, 0x00C8E3F1,
    0x00C9E3F1, 0x00C8E3F1, 0x00C8E2F0, 0x00C6E0EF, 0x00C6E0EF, 0x00C8E2F0, 0x00CCE5F2, 0x00CEE6F2, 0x00CCE5F3,
    0x00CDE6F3, 0x00CDE6F2, 0x00CBE5F1, 0x00D0E8F4, 0x00CEE7F2, 0x00CFE7F3, 0x00CFE7F3, 0x00D0E9F4, 0x00D0E8F4,
    0x00D0E8F4, 0x00D0E8F4, 0x00CFEAF6, 0x00BECAD0, 0x00CBE0EA, 0x00D0E9F7, 0x00D2EBF7, 0x00CADEE8, 0x00C1D2DA,
    0x00C6D7E0, 0x00C4D7DF, 0x00BDCBD1, 0x00C8DDE8, 0x00D3ECF9, 0x00CFE9F7, 0x00D0EAF7, 0x00CDE7F4, 0x00CEE8F4,
    0x00CDE8F4, 0x00CCE7F4, 0x00CEE8F4, 0x00D2EAF6, 0x00D0EBF7, 0x00E6F2F5, 0x00E2EFF2, 0x00DFECEF, 0x00DAE7EB,
    0x00DCE9EC, 0x00DFEBEE, 0x00DFEBEE, 0x00DEE9EC, 0x00D9E5E7, 0x00D8E4E6, 0x00D6E2E4, 0x00D2DFE0, 0x00D2DFE1,
    0x00D0DDDF, 0x00D2DFE1, 0x00D2DFE1, 0x00CFDEDE, 0x00D3E0E0, 0x00DBE7E9, 0x00DBE7E8, 0x00DAE6E7, 0x00DAE6E6,
    0x00D8E4E5, 0x00D1DFDF, 0x00CEDCDC, 0x00CEDCDC, 0x00CFDDDD, 0x00CBDADA, 0x00CAD8D7, 0x00CFDBDC, 0x00CDD9D9,
    0x00CCD6D6, 0x00CAD7D6, 0x00CCD7D7, 0x00CBD9D8, 0x00C9D7D7, 0x00CBD9D9, 0x00CEDADA, 0x00CBDADB, 0x00CAD8D7,
    0x00C7D5D5, 0x00C5D1CF, 0x00C4D0CF, 0x00C5D2D0, 0x00C8D4D4, 0x00CDD9D9, 0x00C9D6D5, 0x00CDD9D8, 0x00CBD8D7,
    0x00C9D6D5, 0x00C9D7D6, 0x00C6D4D2, 0x00C6D4D3, 0x00C5D3D2, 0x00C6D3D3, 0x00C7D5D4, 0x00C7D5D4, 0x00C9D7D6,
    0x00C9D6D5, 0x00CBD8D8, 0x00CAD7D6, 0x00CDD9D8, 0x00CCD9D9, 0x00CFDBDA, 0x00C9D5D4, 0x00CBD7D7, 0x00CBD8D7,
    0x00CCD8D7, 0x00CBD6D6, 0x00C9D5D5, 0x00C8D5D4, 0x00CBD6D6, 0x00CBD7D7, 0x00C7D5D6, 0x00C3D2D2, 0x00C8D5D5,
    0x00CCD9D9, 0x00CAD9D8, 0x00CAD8D8, 0x00CFDCDC, 0x00CEDBDB, 0x00D6E1E2, 0x00DCE7E9, 0x00DDE7EA, 0x00DAE5E6,
    0x00D9E4E4, 0x00DAE6E7, 0x00DBE7E9, 0x00DCE9EC, 0x00DBE8EA, 0x00D7E4E6, 0x00D5E2E4, 0x00D5E2E3, 0x00D5E2E2,
    0x00D4E1E1, 0x00D5E1E2, 0x00D8E3E5, 0x00D3DFE0, 0x00D3DFE1, 0x00D2DEE0, 0x00D3DFE2, 0x00D6E3E4, 0x00D7E4E6,
    0x00D9E6E8, 0x00D5E2E3, 0x00D2E0E2, 0x00D0DDDF, 0x00D0DDDF, 0x00D1DFDF, 0x00D7E3E6, 0x00D4E2E3, 0x00D4E1E4,
    0x00D5E3E5, 0x00D7E5E7, 0x00D9E7E8, 0x00D6E4E6, 0x00CFDEE1, 0x00CEDDDD, 0x00D0DFE1, 0x00D0DDDE, 0x00D3E0E1,
    0x00D2DFE1, 0x00D0DEE0, 0x00CEDDE0, 0x00D7E4E6, 0x00D7E5E7, 0x00DBE8EB, 0x00CBDDDE, 0x00CCDCDF, 0x00D1E0E3,
    0x00D6E4E7, 0x00DAE7EA, 0x00DBE9EC, 0x00DEEBEE, 0x00E0ECF0, 0x00E0EBED, 0x00D4DFE0, 0x00CEDADB, 0x00D1DDDF,
    0x00CDDADB, 0x00CEDCDD, 0x00CEDCDE, 0x00D6E5E8, 0x00D9E6E9, 0x00D4E3E6, 0x00D3E3E8, 0x00D8E9EC, 0x00D9E9ED,
    0x00DDECF1, 0x00DCECF0, 0x00DCECEF, 0x00DDECEF, 0x00DCEBEE, 0x00D8E8EB, 0x00D5E4E7, 0x00D0E1E3, 0x00CFDFE3,
    0x00D6E5E9, 0x00DBEBF1, 0x00DDEDF0, 0x00DEEDF0, 0x00DDEDF0, 0x00DEEDF0, 0x00DFEDF1, 0x00D9EAED, 0x00DDEDF0,
    0x00DDEBEE, 0x00E0EDF0, 0x00E0EFF2, 0x00DFEDEF, 0x00DDEBED, 0x00DCEBEE, 0x00DEEBEE, 0x00D7E7EA, 0x00DBEAED,
    0x00DAE9EC, 0x00E0EEF1, 0x00DDECEE, 0x00DBEBEE, 0x00D7E6E9, 0x00DAE8EB, 0x00D7E6E9, 0x00D4E4E7, 0x00D8E6EA,
    0x00DBE9ED, 0x00D9E9EE, 0x00D6E5ED, 0x00D2E3EA, 0x00D0E0E8, 0x00CDE0E9, 0x00CADEE8, 0x00C5DDE7, 0x00CDE3F0,
    0x00CBE1EC, 0x00D0E6F0, 0x00CEE5F0, 0x00CAE4F0, 0x00C8E2EF, 0x00C9E1F0, 0x00C9E2F1, 0x00C6E0F0, 0x00CAE4F3,
    0x00C9E5F3, 0x00CAE5F3, 0x00C5E0EF, 0x00C8E2F2, 0x00C5DFEF, 0x00C6E0F0, 0x00C5E1F0, 0x00C7E1F0, 0x00C9E3F2,
    0x00C9E4F3, 0x00C9E3F2, 0x00CBE4F4, 0x00C5E1F0, 0x00CAE4F3, 0x00C7E3F4, 0x00C9E5F4, 0x00CBE5F3, 0x00C8E5F4,
    0x00CAE5F3, 0x00C9E4F3, 0x00C5E2F0, 0x00CBE6F4, 0x00CEE7F4, 0x00CAE5F2, 0x00C8E1EF, 0x00CBE4F1, 0x00CAE2EF,
    0x00CBE4F1, 0x00CAE5F2, 0x00CCE5F3, 0x00CBE5F2, 0x00CDE6F3, 0x00CDE6F3, 0x00CEE8F5, 0x00CEE8F4, 0x00CBE5F2,
    0x00CAE2EF, 0x00CBE3F1, 0x00CDE4F0, 0x00CCE5F2, 0x00CCE3F1, 0x00C8E1EF, 0x00C7E1EE, 0x00C8E1EE, 0x00CEE4F3,
    0x00CAE3EF, 0x00CEE6F1, 0x00CEE5F2, 0x00CDE5F0, 0x00CBE3EF, 0x00CDE3EF, 0x00CCE3F1, 0x00CBE3F1, 0x00CAE2EF,
    0x00CBE4F1, 0x00C5DFED, 0x00CAE2EF, 0x00C7E1EE, 0x00C6E0EE, 0x00C7E1EF, 0x00C9E2EE, 0x00C9E2EE, 0x00CBE2F0,
    0x00C9E3F1, 0x00C7E1EF, 0x00C8E2F1, 0x00CDE5F1, 0x00CFE6F2, 0x00CCE4F1, 0x00CBE3EF, 0x00C9E2F0, 0x00CFE7F2,
    0x00C9E2EF, 0x00C7E1EE, 0x00C9E2EF, 0x00C8E2F0, 0x00CBE4F1, 0x00CAE4F1, 0x00CCE5F1, 0x00CBE3F0, 0x00C8E2F1,
    0x00C5E1EE, 0x00CAE4F1, 0x00CAE3F0, 0x00CCE5F3, 0x00CBE4F2, 0x00CCE6F3, 0x00CEE6F3, 0x00CEE8F3, 0x00CDE6F3,
    0x00CCE6F2, 0x00CDE5F1, 0x00CCE5F1, 0x00D2E9F4, 0x00D2EAF5, 0x00CFE9F4, 0x00D1EBF7, 0x00CDE2ED, 0x00BCC7CC,
    0x00C1CED4, 0x00C7DBE3, 0x00D1EBF8, 0x00C8DEE8, 0x00C5D6E0, 0x00D3E8F5, 0x00D2E6F3, 0x00BFCDD3, 0x00C8DEE9,
    0x00D4EDFA, 0x00D0EAF7, 0x00CEE8F5, 0x00CDE7F2, 0x00D1EAF5, 0x00CFE8F5, 0x00D0E9F5, 0x00CEE8F4, 0x00D0E9F5,
    0x00D1EBF8, 0x00D6E4E5, 0x00D5E2E2, 0x00D3E1E1, 0x00D3E2E1, 0x00D2DFDF, 0x00D3DFE1, 0x00D1DFE0, 0x00D2E0DF,
    0x00CFDEDE, 0x00D0DEDF, 0x00D4E1E1, 0x00CEDDDE, 0x00CDDCDD, 0x00CDDCDD, 0x00CDDBDD, 0x00D2DFE0, 0x00D5E2E2,
    0x00D6E2E3, 0x00D7E3E4, 0x00D6E3E3, 0x00D7E4E5, 0x00D9E5E5, 0x00D8E4E5, 0x00D6E2E3, 0x00D3E1E1, 0x00D2DFE0,
    0x00CEDCDC, 0x00CEDCDC, 0x00CBD9D9, 0x00CBD8D8, 0x00CAD7D6, 0x00C8D5D4, 0x00C5D4D3, 0x00C9D7D7, 0x00C8D6D6,
    0x00C7D6D6, 0x00C6D5D4, 0x00CCDAD9, 0x00CCDADA, 0x00CDDADB, 0x00CDDAD9, 0x00C8D5D4, 0x00C9D6D5, 0x00CDD9D8,
    0x00CDDADA, 0x00D1DEDE, 0x00CFDDDE, 0x00D1DEDF, 0x00CFDCDC, 0x00CBD8D7, 0x00CEDADA, 0x00CBD8D7, 0x00C9D6D6,
    0x00CAD7D8, 0x00CAD8D8, 0x00CCD9D9, 0x00C9D7D6, 0x00C9D7D6, 0x00C8D6D5, 0x00CBD7D7, 0x00CBD7D6, 0x00C9D6D6,
    0x00CCD8D7, 0x00CDD9D8, 0x00CDD9D8, 0x00CAD7D7, 0x00CAD8D6, 0x00CAD7D7, 0x00CCD9D8, 0x00C9D9DA, 0x00CAD7D6,
    0x00C9D5D4, 0x00CAD7D6, 0x00CBD8D7, 0x00CDDADA, 0x00CEDAD9, 0x00CEDADA, 0x00CCD9D8, 0x00CAD8D7, 0x00CAD6D7,
    0x00CBD8D7, 0x00CDD9D9, 0x00CCD9D9, 0x00CBD8D9, 0x00CEDCDD, 0x00CDDADA, 0x00CAD7D6, 0x00CCD9D9, 0x00CCD9DA,
    0x00D0DCDE, 0x00CFDCDC, 0x00D6E2E4, 0x00DBE6E9, 0x00DEE9EC, 0x00DEEAED, 0x00DDE9EB, 0x00DEE9EC, 0x00DFEBED,
    0x00DFEBEE, 0x00E1ECEE, 0x00DFEBED, 0x00E0ECEE, 0x00DFEBED, 0x00DAE8EA, 0x00DBE8E9, 0x00DCE8E9, 0x00DBE8E8,
    0x00DBE7E9, 0x00D9E5E6, 0x00DBE8EA, 0x00DFEBED, 0x00DEEBEE, 0x00D9E8EA, 0x00DAE8EA, 0x00D8E6E8, 0x00DCEAED,
    0x00D7E5E8, 0x00D5E3E6, 0x00D4E2E4, 0x00D7E4E6, 0x00DCE8EC, 0x00DDE8EB, 0x00D9E6E9, 0x00D8E5E8, 0x00DDEAED,
    0x00E0ECEF, 0x00E0EDF0, 0x00DEECEE, 0x00E0ECF0, 0x00DEECEF, 0x00DEEBEE, 0x00D9E6E8, 0x00D8E5E6, 0x00D1DFE0,
    0x00D8E4E5, 0x00D4E0E2, 0x00D4E0E1, 0x00D0DEDF, 0x00CFDBDB, 0x00CCDAD9, 0x00D1DEDF, 0x00D0DFE0, 0x00D3E1E4,
    0x00D5E3E5, 0x00D6E5E7, 0x00D6E6E8, 0x00D7E8EB, 0x00DCECEF, 0x00DCEAEF, 0x00DAEBEF, 0x00D9EAED, 0x00D9E9ED,
    0x00D8E9EC, 0x00DAEAEC, 0x00D7E8EB, 0x00DBEBEE, 0x00DBEBEE, 0x00D9E9ED, 0x00D8E7EA, 0x00D8E8EB, 0x00DAE8EB,
    0x00D9E8EA, 0x00D8E6E8, 0x00D8E7EB, 0x00DAE8EB, 0x00DCEAED, 0x00DDECEF, 0x00DCEAED, 0x00DDEAEE, 0x00D9E8EB,
    0x00D7E7EA, 0x00D8E8EB, 0x00D9E8EC, 0x00D6E7EA, 0x00D9E9EC, 0x00D8E7EB, 0x00DAE9EC, 0x00DBEAED, 0x00D5E6EA,
    0x00D8E7EA, 0x00D6E5E8, 0x00D9E8EB, 0x00D9E7EA, 0x00C5DAE6, 0x00BED6E6, 0x00CADFEB, 0x00CCE2EE, 0x00CAE2F0,
    0x00CBE4F2, 0x00CFE6F4, 0x00CEE6F4, 0x00CEE6F3, 0x00CBE5F3, 0x00C9E3F1, 0x00C6E0EF, 0x00C8E2F0, 0x00C8E3F2,
    0x00C9E3F1, 0x00CDE6F3, 0x00C8E2F0, 0x00CAE4F2, 0x00CAE3F1, 0x00C8E2F1, 0x00C7E1F1, 0x00C4DFEF, 0x00C4DEEE,
    0x00C5E0F0, 0x00C5E0EF, 0x00C3E0EF, 0x00C5E0F0, 0x00C6E0F0, 0x00C3DFEF, 0x00C6E1F1, 0x00C7E3F3, 0x00C6E2F2,
    0x00C4DEED, 0x00BCD4E3, 0x00C4DEED, 0x00C8E3F2, 0x00C9E4F4, 0x00C4DEEC, 0x00C3DCE9, 0x00C6E1F0, 0x00CAE6F4,
    0x00C8E2F1, 0x00CBE5F2, 0x00C1D8E2, 0x00BBD0DA, 0x00BCD0DA, 0x00BCD3DD, 0x00C4DDE9, 0x00C9E3F0, 0x00C9E2EF,
    0x00CCE5F2, 0x00CCE5F1, 0x00C8E2EF, 0x00C9E1EE, 0x00C9E2EF, 0x00C7E0EC, 0x00C8E1ED, 0x00CCE4F0, 0x00C7E0EC,
    0x00CBE3F1, 0x00CCE4F1, 0x00CCE4F0, 0x00C9E3F0, 0x00C8E1EF, 0x00C9E1ED, 0x00C7DFEB, 0x00CAE2EF, 0x00C7E1ED,
    0x00CAE2EE, 0x00C8E0ED, 0x00C1DBE9, 0x00C5DFEB, 0x00C7E0ED, 0x00C9E1EE, 0x00C7E0ED, 0x00C8E1EE, 0x00CBE3F0,
    0x00C8E1EE, 0x00C9E1EF, 0x00C6DFEC, 0x00C5DEEC, 0x00C5DFED, 0x00C6DFEE, 0x00CAE3F0, 0x00CBE4F1, 0x00CCE4F1,
    0x00CBE4F2, 0x00CEE6F2, 0x00CCE4F1, 0x00CCE4F0, 0x00CBE3F1, 0x00CAE3EF, 0x00CDE5F1, 0x00CCE4F2, 0x00CCE4F1,
    0x00CAE3F2, 0x00C9E3F1, 0x00CAE3F2, 0x00C9E2F0, 0x00CAE3F1, 0x00C9E2F1, 0x00CFE5F3, 0x00CEE6F3, 0x00C9E3F2,
    0x00CAE4F2, 0x00CCE4F1, 0x00CEE6F3, 0x00D1E8F3, 0x00CFE6F3, 0x00CFE7F3, 0x00CCE6F2, 0x00CCE6F2, 0x00CDE6F2,
    0x00CEE7F2, 0x00D1EAF6, 0x00CDE9F4, 0x00C2D2DA, 0x00BFCBD2, 0x00CADDE6, 0x00BECCD3, 0x00CCE3EE, 0x00C7DDE8,
    0x00C4D6DF, 0x00CDE0EB, 0x00C9DCE5, 0x00BECBD1, 0x00C8DFE9, 0x00D3ECF9, 0x00D0EAF8, 0x00CFE9F6, 0x00CDE8F5,
    0x00D3EBF6, 0x00D4EBF5, 0x00D1E9F5, 0x00CFE9F4, 0x00D1EBF6, 0x00CFE9F6, 0x00D5E3E2, 0x00D6E3E3, 0x00D5E2E2,
    0x00D8E4E4, 0x00D5E2E2, 0x00D2DFDE, 0x00D4E1E1, 0x00D5E1E1, 0x00D4E1E1, 0x00D0DDDD, 0x00D0DDDD, 0x00CFDDDE,
    0x00CCDBDB, 0x00D0DEDE, 0x00D6E2E3, 0x00D8E3E5, 0x00D3E1E1, 0x00D5E1E2, 0x00D2E0E1, 0x00D1E0E0, 0x00D2E0E1,
    0x00D2E0E1, 0x00D6E3E4, 0x00D7E3E4, 0x00D4E1E1, 0x00D8E4E5, 0x00D5E1E3, 0x00D5E1E2, 0x00D6E2E3, 0x00D1DEDF,
    0x00D0DCDD, 0x00D0DBDD, 0x00CFDBDC, 0x00D2DCDD, 0x00D1DDDC, 0x00D2DEDE, 0x00D3DFDF, 0x00D1DDDC, 0x00CFDBDB,
    0x00D3DEDE, 0x00D3DFDF, 0x00D0DCDB, 0x00CEDBDA, 0x00D1DCDB, 0x00D0DCDC, 0x00CCDAD9, 0x00CCDAD9, 0x00CFDCDC,
    0x00D3DEDE, 0x00D6E1E2, 0x00D7E2E4, 0x00D3DFE0, 0x00D4E0E1, 0x00D7E3E5, 0x00D5E2E3, 0x00D1DEDF, 0x00CDDAD9,
    0x00CFDCDC, 0x00CFDCDB, 0x00CCD8D8, 0x00CCD9D8, 0x00C9D6D5, 0x00CCD8D8, 0x00CBD8D7, 0x00C8D6D4, 0x00CAD8D7,
    0x00CCD9D9, 0x00CBD8D8, 0x00CCD9D8, 0x00C9D6D5, 0x00CBD8D7, 0x00C8D5D4, 0x00C7D4D2, 0x00C9D4D3, 0x00C7D4D2,
    0x00CED9D7, 0x00CDD9D9, 0x00CEDAD9, 0x00CFDAD9, 0x00D1DDDC, 0x00D0DCDB, 0x00D0DBDB, 0x00CDD9D8, 0x00CDD8D7,
    0x00C8D4D4, 0x00C9D6D5, 0x00C5D2D1, 0x00C9D5D5, 0x00C6D4D3, 0x00C6D3D3, 0x00C9D6D5, 0x00C8D5D4, 0x00CAD7D6,
    0x00C9D4D3, 0x00CBD7D6, 0x00CCD7D7, 0x00CCD8D8, 0x00CCD8D8, 0x00CCDAD9, 0x00CEDADA, 0x00CDD9D9, 0x00CEDBDA,
    0x00CCDAD9, 0x00CCD9D9, 0x00CCD8D8, 0x00CDD9DA, 0x00CEDADB, 0x00CCD9DA, 0x00CBD8D8, 0x00CEDCDB, 0x00CDDADB,
    0x00CEDBDA, 0x00CEDBDC, 0x00D1DEDE, 0x00D4E0E1, 0x00D2DEDF, 0x00CCD9DA, 0x00CEDADB, 0x00CDDADA, 0x00CFDCDE,
    0x00CFDDDF, 0x00D2DEE0, 0x00D0DFE1, 0x00D3E1E2, 0x00D2E0E3, 0x00D3E1E3, 0x00D2E1E3, 0x00D4E1E4, 0x00D1DFE2,
    0x00D2E1E4, 0x00D4E1E4, 0x00D3E2E4, 0x00D6E4E5, 0x00D9E6E9, 0x00D6E5E9, 0x00D6E5E8, 0x00D3E3E8, 0x00D2E3E6,
    0x00D4E4E8, 0x00D4E4E8, 0x00D2E3E8, 0x00D5E5E9, 0x00D3E5E8, 0x00D7E6EA, 0x00D5E6E9, 0x00D6E6E9, 0x00D3E2E7,
    0x00D3E3E6, 0x00D2E3E6, 0x00D5E6E8, 0x00D7E6E9, 0x00D8E7EB, 0x00D9E9EC, 0x00D9E9EC, 0x00DCEBEE, 0x00DDECEF,
    0x00D9E9EC, 0x00D7E8EB, 0x00DBEAEE, 0x00DDECF0, 0x00DAEAED, 0x00D6E6E9, 0x00DDECEF, 0x00DBECEF, 0x00DCEBEE,
    0x00DCEBEE, 0x00D8E8EA, 0x00DDECEF, 0x00DCEBEE, 0x00DEEEF2, 0x00DDEDF0, 0x00D9EAED, 0x00DBEBEE, 0x00DDEDF1,
    0x00DAEBEF, 0x00D9EAED, 0x00DAEAED, 0x00DAEAEE, 0x00DAE9ED, 0x00D6E6EB, 0x00D4E6EC, 0x00CCDEE7, 0x00BED6E7,
    0x00B6D4EA, 0x00C6E0F0, 0x00C8E1F1, 0x00C9E3F3, 0x00C7E1F1, 0x00CAE3F3, 0x00C7E1F1, 0x00CBE5F2, 0x00C9E3F1,
    0x00CAE3F2, 0x00C8E2F1, 0x00C8E2F0, 0x00C9E3F1, 0x00C9E3F1, 0x00CAE4F2, 0x00C9E3F2, 0x00C7E1F1, 0x00C9E3F1,
    0x00C8E2EF, 0x00C7E1F0, 0x00C6E0F0, 0x00C6E0EF, 0x00CAE4F2, 0x00C5DFEE, 0x00C5E0EF, 0x00C6E1F0, 0x00C5DFEF,
    0x00C9E2F1, 0x00C5E0EF, 0x00C9E4F4, 0x00C9E4F3, 0x00C9E3F3, 0x00BFD9E8, 0x00C3DDEB, 0x00C8E2F1, 0x00C9E4F3,
    0x00C6E1F0, 0x00B6CCD9, 0x00BED7E4, 0x00C6E0EE, 0x00C7E0F0, 0x00C2DDEB, 0x00C8E1EF, 0x00C4DDEB, 0x00CBE3F0,
    0x00C6DDEA, 0x00C6DFEC, 0x00BDD4E2, 0x00BCD4E0, 0x00BED5E2, 0x00C4DDEB, 0x00BFD6E4, 0x00C0D8E4, 0x00C3DAE6,
    0x00C3DAE6, 0x00C4DBE9, 0x00C4DCE8, 0x00C4DDEA, 0x00BFD8E3, 0x00C1DAE8, 0x00C3DDEA, 0x00C5DFEC, 0x00C6E0ED,
    0x00BCD6E3, 0x00C7E0ED, 0x00C7DEEB, 0x00C2DAE7, 0x00C4DDE9, 0x00CAE1EE, 0x00C3DBE8, 0x00C3DBE9, 0x00C4DDEA,
    0x00C6DEEC, 0x00C6DFEB, 0x00C3DCE9, 0x00C2DCEA, 0x00C4DCE9, 0x00C6DFEC, 0x00C1DBE8, 0x00C8E0EC, 0x00C7DFEB,
    0x00C6DFEB, 0x00C8E0ED, 0x00C2DCE9, 0x00C9E2EE, 0x00C6E0EE, 0x00C8E1EE, 0x00CBE4F1, 0x00CEE5F2, 0x00CDE4F2,
    0x00CBE4F0, 0x00CCE4F1, 0x00CBE2F0, 0x00C9E3F0, 0x00CBE3F1, 0x00C6E0ED, 0x00C9E3F0, 0x00CAE4F1, 0x00C9E2F2,
    0x00C8E3F0, 0x00C7E3F0, 0x00C9E3F1, 0x00CAE4F1, 0x00CAE5F1, 0x00CBE5F1, 0x00CDE5F2, 0x00CAE4F0, 0x00CFE7F3,
    0x00CBE5F2, 0x00CEE7F3, 0x00CDE7F4, 0x00CDE7F3, 0x00CEE8F3, 0x00CEE7F3, 0x00CDE7F4, 0x00C6DAE4, 0x00C3D4DC,
    0x00C5D5DB, 0x00CCDFEA, 0x00CFE7F3, 0x00D0EAF7, 0x00C6DBE6, 0x00C0D2DA, 0x00CCE1EB, 0x00CDE2ED, 0x00BDCBD2,
    0x00C7DFEA, 0x00D3ECFA, 0x00CFEAF7, 0x00CFE9F7, 0x00D2EBF7, 0x00D2EAF5, 0x00D1EAF5, 0x00D2EAF5, 0x00D0EAF5,
    0x00D2EAF6, 0x00D1EBF7, 0x00D3E1E3, 0x00D7E4E3, 0x00D6E4E3, 0x00D5E0E0, 0x00D5E1E1, 0x00D4E0DF, 0x00D3DFDF,
    0x00D3DFE0, 0x00D1DFDE, 0x00CFDCDC, 0x00D2DFDF, 0x00CEDBDB, 0x00D2DFDF, 0x00CEDCDB, 0x00CEDBDA, 0x00CEDBDA,
    0x00CEDBDA, 0x00CEDCDB, 0x00CAD9D8, 0x00D1DEDE, 0x00CFDFDE, 0x00CADBDA, 0x00CCDBDA, 0x00CEDAD9, 0x00CFDCDB,
    0x00CCD9D7, 0x00CDDAD8, 0x00CEDBD9, 0x00CEDBD9, 0x00CFDCDB, 0x00D4DFDE, 0x00D3DEDC, 0x00D1DDDB, 0x00D2DDDC,
    0x00D1DCDB, 0x00D2DEDD, 0x00D3DDDD, 0x00D5DFDF, 0x00D3DEDE, 0x00D0DBDA, 0x00D0DCDC, 0x00CFDADA, 0x00CBD7D6,
    0x00CED9D9, 0x00D3DEE1, 0x00D4E0E2, 0x00D8E5E6, 0x00DAE7E8, 0x00DCE6E9, 0x00DAE5E6, 0x00D2DEDE, 0x00D1DCDC,
    0x00CEDADA, 0x00CEDAD9, 0x00D2DEDE, 0x00D5E0E1, 0x00D2DEDE, 0x00CDDAD9, 0x00D1DEDD, 0x00D3E0DF, 0x00D2DFDF,
    0x00CEDBDA, 0x00CDDADA, 0x00D3E0E0, 0x00CAD7D7, 0x00C9D7D6, 0x00C7D5D4, 0x00C7D5D5, 0x00C4D3D3, 0x00C6D4D3,
    0x00C8D5D5, 0x00CAD7D6, 0x00CCD8D7, 0x00CBD7D6, 0x00CAD7D5, 0x00CED9D8, 0x00CEDAD9, 0x00CAD7D5, 0x00CDD7D7,
    0x00CED9D7, 0x00CDD7D6, 0x00C8D4D3, 0x00CED9D9, 0x00CCD7D7, 0x00C6D3D2, 0x00C5D3D2, 0x00C5D2D2, 0x00CAD6D5,
    0x00C6D3D2, 0x00CAD8D7, 0x00C9D6D5, 0x00CAD7D7, 0x00C9D6D5, 0x00CCD9D9, 0x00CCDADA, 0x00CCDADA, 0x00CDDBDB,
    0x00CEDADA, 0x00CFDDDC, 0x00CDDADA, 0x00CBD9D8, 0x00CDDAD9, 0x00CBD9D8, 0x00CFDCDC, 0x00CFDBDD, 0x00D5E1E2,
    0x00D4E1E3, 0x00D4E2E4, 0x00D6E4E5, 0x00D5E3E5, 0x00D8E5E7, 0x00DBE9EB, 0x00D7E5E7, 0x00D8E6E8, 0x00D8E5E8,
    0x00D4E1E3, 0x00D1DFE1, 0x00D1DEE1, 0x00D3E0E2, 0x00D7E4E7, 0x00DAE8EA, 0x00DEEAEC, 0x00DCEAEC, 0x00DBE8EA,
    0x00D9E7E9, 0x00D8E4E6, 0x00D5E3E5, 0x00D8E6E8, 0x00D7E4E6, 0x00D2E0E2, 0x00D0DFE1, 0x00CEDFE2, 0x00D0E0E3,
    0x00CFDFE3, 0x00D4E4E7, 0x00D5E6EB, 0x00D4E5EA, 0x00D9E8EC, 0x00D8E8EC, 0x00D9E9EC, 0x00D9EAED, 0x00D7E7EA,
    0x00D3E6EB, 0x00D8EAEE, 0x00DAECEF, 0x00D2E6EB, 0x00D9EBF0, 0x00DAEDF0, 0x00D8EAED, 0x00DDEEF1, 0x00D7E9EC,
    0x00D8E9ED, 0x00DAECEF, 0x00DCECEF, 0x00D6E8EB, 0x00D5E6E9, 0x00D6E7EA, 0x00DDEDF0, 0x00DCECEF, 0x00DBEBEE,
    0x00DEEDF0, 0x00DFEEF1, 0x00DFEDF0, 0x00DFEEF1, 0x00DCECF0, 0x00DDECEF, 0x00DCEBEF, 0x00DDECEF, 0x00D9E9EE,
    0x00D7E7EA, 0x00D8E9EE, 0x00DAEBEF, 0x00DAEBF0, 0x00DCEDF2, 0x00DAEBF0, 0x00CDE1EB, 0x00BFD7E6, 0x00B3CDE2,
    0x00B2CDE2, 0x00AAC7DC, 0x00B5D1E5, 0x00BAD7EB, 0x00C6E1F1, 0x00CAE3F1, 0x00C4DEEE, 0x00C7E1F0, 0x00CBE3F1,
    0x00C9E2F2, 0x00C3DDED, 0x00C7E2F1, 0x00CCE5F4, 0x00CBE5F2, 0x00C8E2EF, 0x00C5E0EE, 0x00C9E2F0, 0x00C9E3F1,
    0x00C9E4F2, 0x00C8E2F1, 0x00C9E3F2, 0x00C5E0EF, 0x00C5DFEE, 0x00C9E3F1, 0x00C9E3F1, 0x00C1DEEC, 0x00C8E2F1,
    0x00C7E1EF, 0x00C5E1F0, 0x00C9E3F1, 0x00C9E2F0, 0x00CAE3F1, 0x00C8E1F1, 0x00C8E2F0, 0x00C6DEEB, 0x00C7DFED,
    0x00CAE2EF, 0x00C9E1F0, 0x00C7E0EF, 0x00C5DDEB, 0x00C1DAE6, 0x00C6DFED, 0x00CAE4F2, 0x00C7E2F1, 0x00C3DEEE,
    0x00B8D3E2, 0x00C0DAE7, 0x00BFDAE8, 0x00C6DEEB, 0x00C7DFEC, 0x00CDE4F0, 0x00CAE2EF, 0x00C2DAE6, 0x00C0D9E6,
    0x00BFD8E3, 0x00C0D8E7, 0x00BED7E3, 0x00C4DCE9, 0x00BCD5E0, 0x00C1D9E5, 0x00C6DFED, 0x00C0DAE7, 0x00C3DCEA,
    0x00C0DBE7, 0x00C3DBEA, 0x00C1DAE7, 0x00BBD4E0, 0x00C8E0ED, 0x00C9E1EE, 0x00C8E0ED, 0x00C7E0EE, 0x00C6DEED,
    0x00CBE2EF, 0x00CBE3F1, 0x00C8E0EE, 0x00C8E0ED, 0x00CBE3F0, 0x00C0D9E5, 0x00C9E2F0, 0x00C8E0ED, 0x00C3DDEA,
    0x00C5DDEB, 0x00C6DEEB, 0x00CBE3EE, 0x00C8DFEC, 0x00C7E0ED, 0x00C7DFEB, 0x00C8E0ED, 0x00C4DDEA, 0x00C7E0EE,
    0x00C8E2EF, 0x00C8E1EF, 0x00C7E1EF, 0x00CEE5F2, 0x00C7E0EE, 0x00C2DCEA, 0x00C9E1EE, 0x00C7E0EE, 0x00C5DEEC,
    0x00C2DCEA, 0x00C3DDEA, 0x00C5DFEC, 0x00C1DAE7, 0x00C0D8E6, 0x00C0D8E6, 0x00B9D2DF, 0x00C5DDEB, 0x00C9E1F0,
    0x00C7E2F0, 0x00C9E2F0, 0x00C5DFEC, 0x00CCE5F1, 0x00CCE4F0, 0x00CAE4F0, 0x00CEE6F3, 0x00CDE6F3, 0x00CBE5F2,
    0x00D0E9F5, 0x00CDE6F3, 0x00C9E1EB, 0x00C0D0D8, 0x00D0E8F4, 0x00C4D3DB, 0x00C9DEE8, 0x00D3EBF7, 0x00D3ECF7,
    0x00C5DBE6, 0x00C4D8E2, 0x00D0E5F2, 0x00CCE2EE, 0x00BBCAD2, 0x00C1D6E0, 0x00C5D5DE, 0x00C0CFD5, 0x00CCE4EF,
    0x00CFE7F6, 0x00D5EDF7, 0x00D0E9F4, 0x00D3EBF7, 0x00CEE8F4, 0x00CEE8F5, 0x00CEE9F6, 0x00CFDFDF, 0x00D3E0E0,
    0x00CFDEDE, 0x00D2DFDE, 0x00D3DFDF, 0x00D3DFDE, 0x00D3DFDF, 0x00D3E0DF, 0x00D2DFDF, 0x00D2DFDE, 0x00D4E0E0,
    0x00D3E0DF, 0x00D0DEDD, 0x00D3E0DF, 0x00D0DDDC, 0x00D1DDDD, 0x00D1DEDE, 0x00D0DDDD, 0x00CCDADA, 0x00D0DDDE,
    0x00CDDCDC, 0x00D1DEDD, 0x00CFDDDC, 0x00D0DCDD, 0x00CFDDDC, 0x00CFDCDB, 0x00D2DDDB, 0x00CFDBD9, 0x00CEDAD9,
    0x00CDDAD8, 0x00CDDAD9, 0x00D1DCDB, 0x00CCD9D8, 0x00CCD7D7, 0x00C7D5D3, 0x00CCD8D7, 0x00CDD9D8, 0x00CBD7D7,
    0x00CAD7D6, 0x00CCD9D7, 0x00CDDAD8, 0x00CFDBDA, 0x00CEDAD8, 0x00CFDAD9, 0x00D0DBDB, 0x00D1DDDD, 0x00CFDBDA,
    0x00D1DCDC, 0x00D2DEDE, 0x00D7E2E3, 0x00DAE5E6, 0x00DAE4E6, 0x00D7E3E4, 0x00D4DEDE, 0x00D2DEDF, 0x00D1DDDD,
    0x00D1DDDD, 0x00D3DEDF, 0x00D2DFDF, 0x00D3DFE0, 0x00D2E0E0, 0x00D3DFE0, 0x00D1DEDE, 0x00D1DEDE, 0x00D0DDDD,
    0x00D1DDDD, 0x00CFDDDD, 0x00CDDADA, 0x00CBD9D8, 0x00CEDBDB, 0x00C9D6D6, 0x00CAD8D7, 0x00C9D7D6, 0x00CBD9D8,
    0x00CDD9D8, 0x00CAD7D7, 0x00C9D7D7, 0x00C9D7D6, 0x00C9D7D7, 0x00C8D7D6, 0x00C9D6D6, 0x00C7D6D5, 0x00CBD8D7,
    0x00CDDADA, 0x00CEDADA, 0x00CAD8D7, 0x00CAD7D6, 0x00CBD8D8, 0x00CAD8D7, 0x00CFDBDB, 0x00CBD8D8, 0x00C9D7D7,
    0x00CDDAD9, 0x00CDDADB, 0x00CEDCDC, 0x00D0DCDC, 0x00D3E0DF, 0x00D5E1E2, 0x00D6E3E3, 0x00D7E4E5, 0x00D9E5E6,
    0x00D8E5E7, 0x00DAE7E8, 0x00DBE8E9, 0x00DAE6E8, 0x00DBE8EA, 0x00DBE8EA, 0x00D9E7E9, 0x00D8E6E8, 0x00D7E7E8,
    0x00D8E6E8, 0x00D8E7E9, 0x00DCEAEC, 0x00DDEBED, 0x00DBEAEC, 0x00D9E9EB, 0x00D6E8EA, 0x00D8E7EA, 0x00D6E5E8,
    0x00D8E7EA, 0x00D8E7E9, 0x00D8E7EA, 0x00D8E7E9, 0x00D8E7EA, 0x00DCEAEC, 0x00D7E6E8, 0x00D3E5E8, 0x00D0E3E7,
    0x00D0E3E7, 0x00D2E3E6, 0x00D1E3E7, 0x00D4E4E8, 0x00D7E6EB, 0x00D2E4E8, 0x00D7E6EC, 0x00D5E6EA, 0x00D8E8EB,
    0x00DAE9ED, 0x00DBEAED, 0x00D9E8ED, 0x00D8E9EC, 0x00D7E8EC, 0x00D8E9ED, 0x00D9EAEF, 0x00DAEBEF, 0x00D8EAEE,
    0x00D8EAEF, 0x00D9EBEF, 0x00DBEBEF, 0x00DBECF0, 0x00D8EAED, 0x00D4E7EC, 0x00D8EAEE, 0x00D8EAED, 0x00D8EAEE,
    0x00D6E9EC, 0x00D7E9EC, 0x00DEEDF0, 0x00DDECEF, 0x00DDECEF, 0x00DAEAEE, 0x00DBEBEE, 0x00DBEAEF, 0x00DBEAED,
    0x00D8E8ED, 0x00DAE9ED, 0x00D6E6EA, 0x00D5E6EA, 0x00D5E5EB, 0x00D3E4EA, 0x00C7DCEA, 0x00BBD3E6, 0x00BBD3E4,
    0x00B7D0E2, 0x00B8D1E3, 0x00BAD4E7, 0x00C3DEEE, 0x00C3DEEF, 0x00C1DDED, 0x00C5E0F0, 0x00C9E3F2, 0x00C8E3F1,
    0x00C7E1EF, 0x00CBE4F2, 0x00C9E3F1, 0x00C7E1F0, 0x00C9E3F1, 0x00C4DEEE, 0x00C8E2F1, 0x00CAE4F2, 0x00C7E1F1,
    0x00C8E2F1, 0x00C9E3F1, 0x00C9E3F1, 0x00CAE3F1, 0x00C8E2F0, 0x00C8E2F0, 0x00C7E2F1, 0x00C5E0EF, 0x00C8E3F2,
    0x00C7E1F0, 0x00CAE4F1, 0x00C6E0EF, 0x00C0DBE8, 0x00C4DDEB, 0x00C2DBE7, 0x00C3DCE9, 0x00C2DAE7, 0x00C2D9E7,
    0x00C3DCE8, 0x00C3DBE9, 0x00C2DBE9, 0x00BCD5E3, 0x00BBD3E2, 0x00BCD4E1, 0x00BAD2E0, 0x00BCD5E3, 0x00BDD5E3,
    0x00C1D9E6, 0x00BCD1DD, 0x00BDD5E1, 0x00C3DCEA, 0x00C5DEEC, 0x00C1DBE8, 0x00C8E1EE, 0x00CAE2F0, 0x00CAE1EF,
    0x00CDE4F1, 0x00CCE4F0, 0x00CDE5F1, 0x00CCE4F2, 0x00CBE4F0, 0x00CEE6F2, 0x00CDE5F2, 0x00CBE4F1, 0x00CBE3F1,
    0x00CAE2F0, 0x00CAE3F1, 0x00C9E3F1, 0x00C8E1F0, 0x00C6E0EF, 0x00C7E1F0, 0x00C7E0EE, 0x00C7E0EF, 0x00C6DFEC,
    0x00C7E0EE, 0x00C8E1EF, 0x00C7E0EE, 0x00C3DEEC, 0x00C4DDEB, 0x00C3DCE8, 0x00C5DDEA, 0x00C3DBE9, 0x00C3DBE8,
    0x00C7DEEB, 0x00C6DFEB, 0x00C7DFEC, 0x00C2DAE8, 0x00C3DCE8, 0x00CAE2EF, 0x00C7E0EC, 0x00C4DDE9, 0x00CAE2EE,
    0x00CDE3F0, 0x00C7DFEC, 0x00C5DFED, 0x00C8E0EE, 0x00C7DFEE, 0x00C6DFED, 0x00C7E0EE, 0x00C8E1EF, 0x00CBE4F1,
    0x00CAE4F0, 0x00CBE4F1, 0x00CBE4F0, 0x00CCE5F1, 0x00CAE2EF, 0x00C7E1EE, 0x00C8E2EF, 0x00CCE5F3, 0x00CCE6F3,
    0x00C9E3F2, 0x00C7E1F0, 0x00C2DDEB, 0x00C7E1EF, 0x00CAE3F0, 0x00C8E1EF, 0x00CBE3F1, 0x00CAE4F1, 0x00CCE4F1,
    0x00CEE6F2, 0x00CCE5F0, 0x00CCE5F2, 0x00CEE7F3, 0x00CDE6F3, 0x00CDE7F4, 0x00CCE3EF, 0x00C2D6DF, 0x00CCE4EF,
    0x00D0E9F6, 0x00C4D3DA, 0x00C7DCE5, 0x00CADFEA, 0x00C9DDE7, 0x00C3D6E0, 0x00C3D5DF, 0x00CADDE8, 0x00C8DCE9,
    0x00C2D7E4, 0x00C2DDE9, 0x00CDE3ED, 0x00CDE2EB, 0x00CFE7F2, 0x00CDE7F5, 0x00D4EBF7, 0x00CEE7F3, 0x00D1EAF6,
    0x00D4EBF6, 0x00D3EBF6, 0x00CFEAF6, 0x00CFDFE0, 0x00D1DFDF, 0x00D1DFDF, 0x00D2DEDE, 0x00D3E0E0, 0x00D2DFDE,
    0x00D1DEDD, 0x00D4E0E0, 0x00D4DFDF, 0x00D1DFDE, 0x00D3DFDE, 0x00CFDDDC, 0x00D2DFDE, 0x00CEDDDC, 0x00CFDEDD,
    0x00D1DEDE, 0x00CDDADB, 0x00CBD9D8, 0x00CDDADA, 0x00D3E0DF, 0x00CEDCDD, 0x00D0DCDC, 0x00CCDBDB, 0x00CDDBD9,
    0x00CDDCDC, 0x00CEDBD9, 0x00D2DCDC, 0x00CDD9D7, 0x00D0DBDA, 0x00CDD9D8, 0x00D0DCDA, 0x00D0DADA, 0x00CBD8D7,
    0x00CDD9D9, 0x00CCDAD8, 0x00CDDAD8, 0x00CEDAD8, 0x00CAD7D5, 0x00CAD7D5, 0x00C8D5D3, 0x00CDD9D8, 0x00CBD8D6,
    0x00CBD7D5, 0x00CCD8D6, 0x00CFDAD8, 0x00CEDAD8, 0x00CFDCD9, 0x00CDD9D7, 0x00CDD8D6, 0x00CBD5D4, 0x00C7D3D1,
    0x00CCD8D8, 0x00CFDADA, 0x00CBD7D7, 0x00CBD7D7, 0x00CBD7D6, 0x00CCD8D8, 0x00CDD9D9, 0x00D5E3E2, 0x00D1DEDF,
    0x00CBD8D8, 0x00CAD7D6, 0x00CDD9D9, 0x00CEDBDA, 0x00D5E1E1, 0x00D5E1E2, 0x00D8E4E4, 0x00D3E0E0, 0x00D0DDDD,
    0x00D0DDDD, 0x00CEDCDC, 0x00CDDCDB, 0x00CCDBDC, 0x00CBDBDB, 0x00CCDDDD, 0x00C7D9D8, 0x00CEDDDC, 0x00CFDCDB,
    0x00D1DDDC, 0x00CFDCDB, 0x00D1DEDD, 0x00CFDCDD, 0x00CFDCDB, 0x00D1DDDC, 0x00D1DDDD, 0x00D1DDDC, 0x00D3DFDF,
    0x00D3DFDF, 0x00D3DFDF, 0x00D4E0DF, 0x00D3DEDF, 0x00D4E1E0, 0x00D7E2E3, 0x00DAE4E5, 0x00DBE5E5, 0x00DFEAEB,
    0x00E0EAEC, 0x00DFE9EC, 0x00DBE6E7, 0x00D9E5E6, 0x00DEE9EB, 0x00E2EFF1, 0x00E0ECEF, 0x00E0EDEE, 0x00DDEAEC,
    0x00D9E6E7, 0x00DEEBED, 0x00DBE9EB, 0x00D8E7E9, 0x00DEEBED, 0x00DAE9EB, 0x00DDEBED, 0x00DCEAED, 0x00DCEAED,
    0x00DFEDF0, 0x00D9E9EC, 0x00D8E8EB, 0x00D9EAED, 0x00D8E9EB, 0x00DBE9EC, 0x00DCEDEF, 0x00DBEBED, 0x00DCEBED,
    0x00DDECEE, 0x00DEEBEE, 0x00DCECEF, 0x00DAEAED, 0x00D9E9ED, 0x00D6E7EA, 0x00D2E3E7, 0x00D1E3E8, 0x00D5E6E9,
    0x00D7E7EC, 0x00D5E7E9, 0x00D9E7EC, 0x00D9E9EC, 0x00D4E5E8, 0x00D8E7EC, 0x00D7E8EB, 0x00D7E7EC, 0x00DAEAED,
    0x00D7E8EB, 0x00D9E9ED, 0x00D8EAED, 0x00DAECEF, 0x00DCEDF0, 0x00DCEDF0, 0x00D8EBEF, 0x00DCEDF0, 0x00DDEDF0,
    0x00DCEDF0, 0x00D9EBEE, 0x00DBECEF, 0x00DCECEF, 0x00DBECF0, 0x00DCEDF0, 0x00D9EAED, 0x00DAEAEE, 0x00DAEAED,
    0x00D8E9ED, 0x00D6E6E9, 0x00D7E8EB, 0x00D4E5E9, 0x00D4E5E9, 0x00D2E2E7, 0x00D2E2E6, 0x00D1E1E7, 0x00D0E2E7,
    0x00C7DCE5, 0x00B7D2E5, 0x00ACCBE4, 0x00B8D5EB, 0x00BBD7EA, 0x00C3DEEF, 0x00C9E3F1, 0x00CCE6F2, 0x00CBE5F3,
    0x00CAE4F3, 0x00C7E1F0, 0x00C7E1F0, 0x00C7E2F0, 0x00C8E2F2, 0x00C5DFED, 0x00C7E1EF, 0x00C4DEED, 0x00C8E2F0,
    0x00CCE5F2, 0x00C5DFEF, 0x00C7E0EF, 0x00C8E2F1, 0x00C2DDED, 0x00C8E3F2, 0x00C8E2F0, 0x00CAE3F2, 0x00CAE4F1,
    0x00C8E2EF, 0x00C9E3F1, 0x00C8E2F1, 0x00C1DCEA, 0x00C7E0EF, 0x00C4DEED, 0x00C3DDEC, 0x00B8D0DE, 0x00B9D1DD,
    0x00C3DBE8, 0x00C5DEEA, 0x00C7E0EE, 0x00C2DCEA, 0x00C6E0F0, 0x00C6E0EF, 0x00C9E2F1, 0x00C9E4F1, 0x00C7E2F0,
    0x00C7E2F1, 0x00CAE4F2, 0x00C6E0F0, 0x00C8E1F1, 0x00CAE3F2, 0x00C9E3F2, 0x00CBE4F2, 0x00CCE6F4, 0x00CEE6F3,
    0x00CEE6F3, 0x00CAE3F0, 0x00CEE5F3, 0x00CAE2EF, 0x00CCE3F0, 0x00CBE2EE, 0x00CFE6F2, 0x00CDE4F0, 0x00CCE5F2,
    0x00CBE3EF, 0x00CDE5F1, 0x00CEE5F1, 0x00CAE3F0, 0x00C7E1EE, 0x00CCE4F2, 0x00CCE5F2, 0x00CAE4F2, 0x00C9E2F1,
    0x00CAE4F2, 0x00C5DFED, 0x00C7E1EF, 0x00C8E2EF, 0x00C9E2EF, 0x00C6E0EE, 0x00C7E1EE, 0x00CAE3F2, 0x00C8E3F1,
    0x00C6E0EE, 0x00C9E3F0, 0x00CBE3F1, 0x00C8E1EE, 0x00C8E2EF, 0x00CAE2EE, 0x00C9E2EE, 0x00C8E1EE, 0x00C8E1ED,
    0x00C7E0EC, 0x00CDE4F1, 0x00C9E1EE, 0x00C5DDEB, 0x00C7E0EC, 0x00CCE3F0, 0x00C5DEEB, 0x00C6E0ED, 0x00C3DBE8,
    0x00C7DEED, 0x00C1DBE8, 0x00C6DFED, 0x00C5DFED, 0x00CCE4F1, 0x00CCE5F2, 0x00CBE4F2, 0x00C9E2EF, 0x00CBE4F1,
    0x00CBE3EF, 0x00CEE6F2, 0x00C7E1EE, 0x00CBE3F1, 0x00C8E1EF, 0x00C8E2F2, 0x00C7E1EF, 0x00C6E0EE, 0x00C9E3F1,
    0x00C8E2EF, 0x00CAE3EF, 0x00CDE5F3, 0x00D0E7F3, 0x00CBE5F1, 0x00CFE6F2, 0x00D0E7F3, 0x00CCE5F2, 0x00CAE3F1,
    0x00CCE6F3, 0x00D1E8F4, 0x00CCE4F0, 0x00CCE4F0, 0x00CCE5F2, 0x00D1EAF6, 0x00C4D2D8, 0x00C8DDE5, 0x00D0E7F2,
    0x00D0E8F5, 0x00CFE7F3, 0x00C4D5DF, 0x00D2EDFA, 0x00C9E3F1, 0x00ACC6D5, 0x00B3D8EB, 0x00CBEDFA, 0x00D6F0FB,
    0x00D2ECF9, 0x00CAE5F2, 0x00D2EAF8, 0x00CEE8F3, 0x00D1EAF5, 0x00D4ECF6, 0x00CCE6F2, 0x00CFEAF6, 0x00CFDFE0,
    0x00D5E2E2, 0x00D0DEDE, 0x00CFDCDB, 0x00CDDAD9, 0x00D2DFDE, 0x00D0DDDC, 0x00D1DDDB, 0x00CFDCDB, 0x00D1DFDE,
    0x00CFDDDC, 0x00D0DEDD, 0x00D1DEDD, 0x00CFDCDB, 0x00CDDBDA, 0x00D4E1E1, 0x00D2DFDF, 0x00CFDDDD, 0x00CCD8D8,
    0x00CAD7D6, 0x00D0DDDD, 0x00CFDCDC, 0x00CCDADA, 0x00CEDBDA, 0x00CCDAD9, 0x00CEDBD9, 0x00CFDAD9, 0x00CDDAD8,
    0x00CEDAD9, 0x00CED9D9, 0x00CFDAD9, 0x00CCD8D8, 0x00CAD8D6, 0x00CEDBDA, 0x00CCD9D8, 0x00CEDBDA, 0x00CEDBDA,
    0x00CCD9D7, 0x00CCD9D7, 0x00CAD8D7, 0x00D0DCDA, 0x00CEDAD8, 0x00CCD9D7, 0x00C9D6D4, 0x00D0DBD9, 0x00CEDAD8,
    0x00CDDAD7, 0x00CCD8D7, 0x00CFDCDB, 0x00CEDADA, 0x00CEDBD9, 0x00CCD8D8, 0x00CBD7D6, 0x00C7D7D7, 0x00CAD8D9,
    0x00CBD8D8, 0x00CAD8D9, 0x00CCDBDB, 0x00CCD8D8, 0x00CCD9DA, 0x00D1DEDE, 0x00D2E0E0, 0x00D3DFE0, 0x00CFDCDC,
    0x00CEDCDB, 0x00D0DDDD, 0x00D2DEDE, 0x00D2DFDF, 0x00D4E0E0, 0x00D4E0E1, 0x00D3E0E0, 0x00D2DEDD, 0x00D2DFDF,
    0x00D8E3E4, 0x00D4E1E2, 0x00D4E0E0, 0x00D2DFDF, 0x00D3DFDE, 0x00D2DEDE, 0x00D2DFDF, 0x00D0DCDB, 0x00D4E0DE,
    0x00D4DFDE, 0x00D2DEDE, 0x00CDDADA, 0x00CEDCDB, 0x00CEDADB, 0x00CEDBDA, 0x00CDDAD9, 0x00CAD8D7, 0x00D0DCDB,
    0x00CBD8D7, 0x00D0DCDC, 0x00D2DFDE, 0x00D1DDDD, 0x00D3DFDF, 0x00D4E0E1, 0x00D4E0E1, 0x00D6E3E3, 0x00D4E1E0,
    0x00D4E1E2, 0x00D3E0E1, 0x00D8E5E7, 0x00D9E6E8, 0x00DAE7E9, 0x00DDEBED, 0x00DCEAEC, 0x00DDEAEC, 0x00DAE8EA,
    0x00DCE9EB, 0x00D9E7E9, 0x00D7E6E8, 0x00D5E5E8, 0x00D5E6E9, 0x00D8E6E9, 0x00D4E6E9, 0x00D4E6E9, 0x00D8E7EB,
    0x00D7E9EB, 0x00DAE9EC, 0x00D8E8EC, 0x00DAE8EC, 0x00DAEAEE, 0x00DCECEE, 0x00D9EAEE, 0x00DBEAED, 0x00DAECEF,
    0x00DAEAEF, 0x00DCEBEF, 0x00D7E8EB, 0x00D8E9EC, 0x00D6E9EC, 0x00DAE9ED, 0x00DBEAEE, 0x00DBECEF, 0x00DEECF0,
    0x00DEEDF0, 0x00DCEBEF, 0x00DDECEF, 0x00DBEBEE, 0x00E0EEF2, 0x00DBEAED, 0x00DDEDF0, 0x00E2F1F4, 0x00DDEDF0,
    0x00DFEFF2, 0x00E0EFF2, 0x00DDECF0, 0x00DFEDF1, 0x00DCEBEF, 0x00DDECEF, 0x00DCECEF, 0x00DCEBEF, 0x00DFEEF1,
    0x00DCEBEF, 0x00DCEBF0, 0x00D8E8ED, 0x00D4E5EC, 0x00D5E6ED, 0x00CBDEE7, 0x00C6DAE7, 0x00BBD3E3, 0x00B8D1E2,
    0x00B9D3E4, 0x00BBD3E3, 0x00C0D7E6, 0x00B9D2E4, 0x00BBD3E6, 0x00B6D2E7, 0x00B6D5E9, 0x00C4DFEF, 0x00C5DFEF,
    0x00C3DFEF, 0x00C6E1F0, 0x00C5E1F0, 0x00C7E1F0, 0x00C6E0F0, 0x00C5E0F0, 0x00C6E2F1, 0x00C8E2F1, 0x00C6E1F0,
    0x00C2DDEB, 0x00C4DFED, 0x00C9E1EF, 0x00C8E1F0, 0x00C8E1EF, 0x00C9E3F2, 0x00C8E2F1, 0x00C6E0F0, 0x00C7E0EF,
    0x00C7E2F1, 0x00C6E1F0, 0x00C8E3F2, 0x00C7E2F1, 0x00BED4E0, 0x00BCD3DE, 0x00C0D7E5, 0x00BFD7E4, 0x00C0D8E5,
    0x00C2DAE7, 0x00C1DBE8, 0x00C3DDE9, 0x00C7E0EE, 0x00CBE4F0, 0x00CAE3F0, 0x00CBE5F1, 0x00CBE3F1, 0x00CBE5F3,
    0x00CDE6F4, 0x00C9E4F2, 0x00C9E3F1, 0x00C8E2F0, 0x00CAE4F1, 0x00CAE3F0, 0x00CDE6F3, 0x00CAE3F1, 0x00CBE4F2,
    0x00C9E2F0, 0x00CEE6F3, 0x00CBE3F1, 0x00CAE3F0, 0x00CEE5F3, 0x00CFE7F3, 0x00CFE6F2, 0x00C7E0EC, 0x00CBE3F0,
    0x00D0E6F2, 0x00D0E7F2, 0x00CDE3F0, 0x00CCE4F0, 0x00CFE6F2, 0x00D0E6F2, 0x00CFE6F2, 0x00D0E6F3, 0x00D0E7F5,
    0x00CDE6F2, 0x00CDE5F1, 0x00CBE4F1, 0x00CCE5F2, 0x00CCE6F3, 0x00C6E0EE, 0x00CCE5F2, 0x00CAE3F0, 0x00CBE4F0,
    0x00CEE5F2, 0x00CDE5F3, 0x00C9E3F0, 0x00C7E1EF, 0x00C9E2EF, 0x00C7E1EE, 0x00C9E2EE, 0x00CCE4F2, 0x00CCE4F1,
    0x00CAE3F1, 0x00C8E1EE, 0x00C9E1EE, 0x00C9E2EF, 0x00C8E1EE, 0x00C3DEEB, 0x00C8E2EF, 0x00C9E2EF, 0x00C8E2EE,
    0x00CCE4F0, 0x00CAE4F0, 0x00CAE2EE, 0x00C9E1EF, 0x00C9E2EE, 0x00C9E0EF, 0x00CBE3F0, 0x00C6E0EE, 0x00C8E2F0,
    0x00C8E2EE, 0x00C8E2EF, 0x00C9E3F0, 0x00CBE5F1, 0x00CCE5F1, 0x00CDE5F2, 0x00C9E2F0, 0x00C7E2F0, 0x00C8E2EF,
    0x00C8E2F0, 0x00CCE6F2, 0x00C7E1EF, 0x00C4DFEE, 0x00C8E2EF, 0x00CBE3F0, 0x00C6E1EF, 0x00CCE5F2, 0x00CDE4F3,
    0x00CDE6F2, 0x00D0E7F2, 0x00C8E2EF, 0x00D0E8F3, 0x00CEE6F2, 0x00CCE5F1, 0x00D0E8F4, 0x00D1E9F6, 0x00D1E9F5,
    0x00D2E9F5, 0x00D0E9F5, 0x00C3D0D8, 0x00CBDDE7, 0x00D2E8F4, 0x00D0E8F6, 0x00C5D6E0, 0x00BDCBD2, 0x00CBE5F1,
    0x00CEEBF9, 0x00B3CCDB, 0x009EB3C1, 0x00BFD7E0, 0x00D3ECF8, 0x00D0EBF7, 0x00CEE9F5, 0x00CCE6F4, 0x00CFE8F4,
    0x00D1E8F5, 0x00D1E9F6, 0x00D2EAF5, 0x00D2EBF7, 0x00D0DFE1, 0x00CFDEDF, 0x00D3E1E2, 0x00D5E3E3, 0x00D2E0E0,
    0x00D4E1E1, 0x00D4E1E1, 0x00D1DFDF, 0x00D1DFDF, 0x00CDDBDA, 0x00D0DDDD, 0x00CEDBDB, 0x00D0DDDC, 0x00D1DEDD,
    0x00CEDDDC, 0x00D1DDDD, 0x00CEDDDC, 0x00CDDBDA, 0x00CEDCDA, 0x00CEDBDB, 0x00CFDCDC, 0x00CDDAD9, 0x00CFDCDA,
    0x00D1DDDC, 0x00CEDBD9, 0x00D1DEDD, 0x00CBD7D5, 0x00CBD8D6, 0x00CED9D8, 0x00CDDAD9, 0x00CFDAD8, 0x00CEDADA,
    0x00CEDBDA, 0x00CEDAD9, 0x00CFDBDA, 0x00D0DDDC, 0x00CEDBDA, 0x00CEDBD9, 0x00CCD9D8, 0x00CCD9D8, 0x00D2DDDC,
    0x00CDDAD8, 0x00CEDAD9, 0x00D1DDDC, 0x00D0DCDA, 0x00CEDBD9, 0x00CDDAD8, 0x00C6D5D4, 0x00CCD9D8, 0x00CED9D8,
    0x00CFDBDB, 0x00CEDBDA, 0x00CCD9D8, 0x00CDD9D9, 0x00CCD8D7, 0x00D2DEDE, 0x00C9D7D7, 0x00CDDADA, 0x00CBD9D7,
    0x00CEDCDC, 0x00CCDADB, 0x00CDDAD9, 0x00CEDCDC, 0x00CEDCDB, 0x00CDDBD9, 0x00CEDBDB, 0x00CBD8D8, 0x00CCD9D8,
    0x00CBD8D8, 0x00CEDBDA, 0x00CBDAD9, 0x00CAD7D8, 0x00C9D6D6, 0x00C8D5D4, 0x00CDDAD9, 0x00D0DDDD, 0x00D6E2E2,
    0x00D7E2E2, 0x00D7E1E2, 0x00D5E3E2, 0x00D3E0DF, 0x00D3DFDE, 0x00D2DFDF, 0x00D5E0E0, 0x00D6E1E2, 0x00D8E2E2,
    0x00D0DEDC, 0x00D0DCDC, 0x00CEDBDB, 0x00CAD9D8, 0x00D0DCDC, 0x00CFDDDB, 0x00CDDAD8, 0x00CFDCDA, 0x00CEDAD9,
    0x00CED9D8, 0x00CED9D8, 0x00CEDBDA, 0x00D2DEDE, 0x00D1DEDF, 0x00D2DFE0, 0x00D6E2E5, 0x00D5E1E4, 0x00CFDEE0,
    0x00D5E2E4, 0x00D4E2E4, 0x00DAE7E8, 0x00DCE9EB, 0x00DDEAEC, 0x00DCEAEB, 0x00DEEAEC, 0x00DBEAEC, 0x00D7E7EA,
    0x00D9E9EC, 0x00D6E6E9, 0x00D7E8EB, 0x00D6E5E8, 0x00D4E5E8, 0x00D3E4E6, 0x00D6E7EA, 0x00D5E5E8, 0x00D6E6E9,
    0x00D5E6E8, 0x00D4E5E8, 0x00D6E7EA, 0x00D6E8EC, 0x00DAEBEE, 0x00D9EAEC, 0x00DBEBEE, 0x00DBEBEE, 0x00DBEBEF,
    0x00D6E8EB, 0x00DBEAEE, 0x00D4E7EC, 0x00D1E7EB, 0x00DBEAEE, 0x00DBEBEF, 0x00DBEAEE, 0x00DBEBF0, 0x00DFEDF1,
    0x00DDECF0, 0x00DDECF0, 0x00D9EAED, 0x00DCEBF0, 0x00DAEAED, 0x00DAE9ED, 0x00D7E7EB, 0x00DAE9EC, 0x00D7E7EE,
    0x00D1E3E9, 0x00D1E3EE, 0x00CBDFEA, 0x00C8DCE8, 0x00C3DAE8, 0x00BFD8EA, 0x00BBD4E6, 0x00BFD7EA, 0x00BBD6E8,
    0x00B8D3E7, 0x00BBD6E9, 0x00C0DBEB, 0x00C6E1EF, 0x00C9E3F0, 0x00C8E3EF, 0x00CBE4F0, 0x00C9E3EF, 0x00C8E2EE,
    0x00C8E2EF, 0x00C7E1EF, 0x00C8E2F0, 0x00CAE3F2, 0x00C7E0EF, 0x00C5DFED, 0x00C2DEEC, 0x00C3E0EF, 0x00C7E1F1,
    0x00C0DCEC, 0x00BCD9E9, 0x00C0DDEB, 0x00C8E2F1, 0x00C6E0EF, 0x00C3DCE8, 0x00C4DDE9, 0x00C4DDEA, 0x00C4DDE9,
    0x00C2DBEA, 0x00C4DDEC, 0x00BED6E2, 0x00C7E0ED, 0x00C8E1F0, 0x00C8E2F1, 0x00C5DDEA, 0x00BED6E2, 0x00C1DAE6,
    0x00C3DBE8, 0x00C7E0ED, 0x00C7E1EE, 0x00C8E2F0, 0x00C9E3F1, 0x00C8E2F0, 0x00C8E1EF, 0x00CCE3F1, 0x00CAE2EF,
    0x00CAE2EF, 0x00CAE3EF, 0x00CCE4F0, 0x00CAE4F2, 0x00CBE5F2, 0x00CDE6F4, 0x00CCE5F2, 0x00CAE4F2, 0x00CDE5F2,
    0x00CBE5F2, 0x00CFE7F4, 0x00CDE5F3, 0x00CBE4F1, 0x00CDE4F2, 0x00CCE4F1, 0x00CEE5F3, 0x00CBE3EF, 0x00CEE5F1,
    0x00CCE3F0, 0x00CCE3F1, 0x00C9E1EE, 0x00CAE2EE, 0x00CCE3F0, 0x00CFE5F2, 0x00CFE6F2, 0x00CDE5F1, 0x00CEE5F1,
    0x00CFE6F2, 0x00D0E6F2, 0x00D0E7F3, 0x00CDE5F1, 0x00D1E8F5, 0x00CFE6F3, 0x00CEE6F4, 0x00CDE6F3, 0x00CFE6F2,
    0x00CDE5F3, 0x00CAE4F1, 0x00CBE3F2, 0x00C9E2F0, 0x00CBE3F1, 0x00CCE4F2, 0x00CAE2EF, 0x00C9E3F1, 0x00C9E3F0,
    0x00C9E3F1, 0x00C9E3F0, 0x00CCE4F1, 0x00CAE2EF, 0x00CAE3EF, 0x00CDE5F1, 0x00CBE3EF, 0x00C9E2EF, 0x00CAE3EF,
    0x00C7E0ED, 0x00C7E1ED, 0x00CCE4F1, 0x00CEE6F2, 0x00CDE5F1, 0x00CEE6F3, 0x00CEE6F2, 0x00CDE5F1, 0x00CEE5F2,
    0x00CEE6F3, 0x00CCE5F1, 0x00C9E2EE, 0x00CCE4F1, 0x00CCE5F2, 0x00CDE5F2, 0x00CEE6F2, 0x00CCE5F1, 0x00CDE5F3,
    0x00CEE6F1, 0x00CBE4F0, 0x00CBE5F1, 0x00C9E3F0, 0x00CFE8F3, 0x00C9E3F1, 0x00CCE5F2, 0x00CAE5F2, 0x00C9E3F0,
    0x00C6E1EF, 0x00CBE4F2, 0x00C9E4F1, 0x00C9E3F0, 0x00CEE4F1, 0x00CAE4F1, 0x00CBE4F1, 0x00BEDCED, 0x00CBE3EF,
    0x00CCE3EF, 0x00CFE7F2, 0x00CEE6F2, 0x00D0E7F3, 0x00D0E8F4, 0x00D1E9F5, 0x00CEE5F0, 0x00C2CFD5, 0x00CADFE9,
    0x00CFE7F4, 0x00C6D7E0, 0x00C1CFD7, 0x00CCE5F2, 0x00CFEAF8, 0x00CFEBF9, 0x00CDE9F8, 0x00C4D8E2, 0x00B9C1C5,
    0x00C4D5DE, 0x00CEE9F6, 0x00CEE8F5, 0x00CDE7F3, 0x00CFE8F4, 0x00CFE8F4, 0x00CCE6F3, 0x00CFE7F3, 0x00D0E9F6,
    0x00D1E0E2, 0x00D5E4E5, 0x00D4E1E1, 0x00D3E0E1, 0x00D3E0DF, 0x00D1DEDE, 0x00CFDDDB, 0x00D0DEDD, 0x00CFDBDB,
    0x00CFDBDB, 0x00CDDAD9, 0x00CAD8D7, 0x00CEDBDB, 0x00CEDBDA, 0x00CFDDDC, 0x00CEDADA, 0x00CEDCDB, 0x00CEDDDB,
    0x00CCD9D8, 0x00CDDAD9, 0x00CEDDDD, 0x00CCD9D7, 0x00CFDCDA, 0x00D0DBDA, 0x00D2DEDD, 0x00D2DDDD, 0x00CFDCDA,
    0x00CEDBDA, 0x00CDDBD9, 0x00CEDBDA, 0x00CDDBDB, 0x00CDDBDA, 0x00D0DDDC, 0x00CEDBD9, 0x00CFDDDC, 0x00D0DDDC,
    0x00D0DDDC, 0x00CEDCDA, 0x00CFDBDA, 0x00CDDAD8, 0x00CAD8D6, 0x00CCDAD9, 0x00CFDBD9, 0x00CFDADA, 0x00D0DDDB,
    0x00D0DCDB, 0x00CCD9D8, 0x00C4D6DA, 0x00C7D6D8, 0x00CFDBD9, 0x00D1DCDC, 0x00CEDAD9, 0x00CCD7D7, 0x00CFDBDB,
    0x00CDDAD9, 0x00D1DCDD, 0x00D0DEDD, 0x00D0DBDB, 0x00CAD7D6, 0x00CFDCDB, 0x00D7E3E3, 0x00D0DEE0, 0x00D1DEDF,
    0x00D1DFDE, 0x00CEDCDE, 0x00CFDDDD, 0x00D0E0E0, 0x00CFDCDC, 0x00D1DEDF, 0x00D2DFE0, 0x00CFDCDC, 0x00CCD9DB,
    0x00D2DEDF, 0x00D5E2E2, 0x00D2DFDE, 0x00CEDBDB, 0x00CBD8D8, 0x00CCD9D8, 0x00CCD9D9, 0x00CCDADA, 0x00CBD8D7,
    0x00CDD8D8, 0x00CBD7D7, 0x00CBD6D6, 0x00CCD9D8, 0x00D4DFDF, 0x00D2DFDE, 0x00D2DEDF, 0x00D1DEDF, 0x00D0DEDF,
    0x00D1DEE0, 0x00D3E0E3, 0x00D2E0E1, 0x00D3E1E3, 0x00D4E1E4, 0x00D3E1E3, 0x00D4E1E3, 0x00D4E2E3, 0x00D2E0E1,
    0x00D4E0E1, 0x00D4E2E3, 0x00D5E2E4, 0x00D8E4E7, 0x00D8E6E8, 0x00D8E6E9, 0x00D5E3E5, 0x00D3E2E5, 0x00D3E1E3,
    0x00D3E0E3, 0x00D5E3E5, 0x00D3E2E4, 0x00D6E4E6, 0x00D6E4E6, 0x00D9E6E8, 0x00DBE8EB, 0x00DCEAEB, 0x00DCE8EB,
    0x00DCEAEC, 0x00DEEAED, 0x00D5E7E9, 0x00D7E6E9, 0x00D4E5E8, 0x00D6E6E9, 0x00D2E5E7, 0x00D3E4E8, 0x00D2E5E8,
    0x00D3E6EB, 0x00D3E7ED, 0x00D3E7EC, 0x00D1E6E9, 0x00D2E6EB, 0x00D4E7EC, 0x00D6E8EB, 0x00D8E9EE, 0x00D9E9EC,
    0x00D3E5EA, 0x00D5E5EB, 0x00D3E5EA, 0x00D6E7EA, 0x00DAE9EE, 0x00D7E7EB, 0x00D7E6EC, 0x00D6E6EA, 0x00DCEAEE,
    0x00DCEBEE, 0x00D9E9EC, 0x00D5E6EB, 0x00C6DBEA, 0x00BAD2E5, 0x00B7D4E9, 0x00B6D3EA, 0x00B6D5EB, 0x00BEDAEF,
    0x00C0DBEF, 0x00BED9ED, 0x00C3DEF0, 0x00C5DFF1, 0x00C6E1F2, 0x00C7E2F2, 0x00C7E2F1, 0x00C5E0F0, 0x00C4E0EF,
    0x00C7E1F0, 0x00C6E2F0, 0x00C8E1F1, 0x00CAE4F2, 0x00C8E2F1, 0x00C9E3F1, 0x00C6E2EF, 0x00C6E2F0, 0x00CDE5F3,
    0x00C7E1EE, 0x00C4DDEB, 0x00BFDAE7, 0x00C9E3F2, 0x00C9E3F2, 0x00C5E1F0, 0x00C6E2F1, 0x00C8E2F2, 0x00C8E2F0,
    0x00C0D9E5, 0x00BBCFD9, 0x00B6CAD3, 0x00B9CED9, 0x00C3DCE9, 0x00CAE2F1, 0x00CAE3F1, 0x00C6E0ED, 0x00C9E1EF,
    0x00C7DFED, 0x00BFD9E6, 0x00B5C9D4, 0x00B6CAD4, 0x00B5C8D3, 0x00B6CBD5, 0x00BFD8E3, 0x00CAE3F1, 0x00C9E3F0,
    0x00C8E2F0, 0x00CAE4F2, 0x00CAE4F1, 0x00CAE2EF, 0x00CCE4F0, 0x00CEE6F2, 0x00CCE4F1, 0x00CEE6F2, 0x00C9E3F0,
    0x00CDE6F2, 0x00CCE5F0, 0x00CCE5F1, 0x00C8E2EE, 0x00CEE7F4, 0x00CDE6F2, 0x00CDE5F1, 0x00CDE5F2, 0x00CBE5F2,
    0x00CDE5F2, 0x00CCE3F1, 0x00CCE4F2, 0x00CEE4F1, 0x00CDE4F1, 0x00CCE3F2, 0x00CCE4F0, 0x00CAE2EF, 0x00CBE2EE,
    0x00CDE4F1, 0x00CBE1EE, 0x00CDE4F1, 0x00CDE4F0, 0x00CDE4F1, 0x00CDE5F2, 0x00CEE4F0, 0x00CCE4F2, 0x00CBE4F0,
    0x00D0E6F3, 0x00CDE5F1, 0x00C9E2EF, 0x00C8E2EF, 0x00CFE6F3, 0x00CEE7F3, 0x00CBE4F2, 0x00C8E2F0, 0x00CAE4F2,
    0x00CBE3F1, 0x00CCE4F1, 0x00CBE5F2, 0x00CBE3F0, 0x00C9E1EF, 0x00C7E1EE, 0x00CBE4F0, 0x00CBE4F2, 0x00CBE3F0,
    0x00CCE4F1, 0x00CEE6F3, 0x00CCE4F1, 0x00CBE3EF, 0x00CAE3F0, 0x00C9E2EE, 0x00CBE4F1, 0x00CBE3F0, 0x00CAE3F1,
    0x00CBE5F2, 0x00CDE5F1, 0x00D1E8F5, 0x00CEE6F2, 0x00CDE6F2, 0x00CCE5F2, 0x00CCE4F0, 0x00CAE3EF, 0x00CBE4F0,
    0x00CDE5F2, 0x00CAE3F2, 0x00C9E3F1, 0x00CEE6F3, 0x00CFE7F3, 0x00CDE6F2, 0x00D0E8F4, 0x00CEE7F2, 0x00CCE5F2,
    0x00C9E3F1, 0x00C9E3F0, 0x00CDE6F2, 0x00CDE6F2, 0x00CDE6F3, 0x00CAE3EF, 0x00C7E1F0, 0x00C5E0EE, 0x00C6E1EE,
    0x00CDE5F2, 0x00CAE4F1, 0x00CCE4F1, 0x00CBE3F0, 0x00CDE4F0, 0x00CCE5F1, 0x00D1E8F3, 0x00CFE6F2, 0x00CEE6F2,
    0x00D0E7F3, 0x00D1E7F4, 0x00D1E7F2, 0x00C1CED4, 0x00CDE2EB, 0x00C6D9E3, 0x00C4D7DF, 0x00CEE6F3, 0x00CCE7F4,
    0x00CDE7F3, 0x00D1EAF6, 0x00D0EAF7, 0x00D1EBF7, 0x00C2CFD6, 0x00C5D8E0, 0x00CFE8F4, 0x00D0E8F6, 0x00CFE8F4,
    0x00CFE8F4, 0x00D0E8F5, 0x00CFE7F4, 0x00D1E8F4, 0x00CFE9F4, 0x00D1E1E2, 0x00D4E3E4, 0x00D5E3E3, 0x00D5E3E2,
    0x00D5E2E1, 0x00D3E0DF, 0x00D0DEDD, 0x00D2DEDE, 0x00D1DEDD, 0x00D2DFDE, 0x00CFDCDC, 0x00CCDAD9, 0x00CFDBDB,
    0x00D1DDDD, 0x00D1DDDD, 0x00CFDCDD, 0x00CFDDDB, 0x00CEDCDB, 0x00CBD9D8, 0x00CEDBDB, 0x00D0DDDE, 0x00CCD9D7,
    0x00CDDAD8, 0x00CBD8D6, 0x00CCD8D6, 0x00CCD8D8, 0x00CFDBDA, 0x00CFDBDB, 0x00D0DCDB, 0x00CFDBDB, 0x00D1DDDD,
    0x00CCDAD9, 0x00CDDADA, 0x00CEDBDB, 0x00CCDAD9, 0x00D1DEDD, 0x00D0DDDC, 0x00CFDCDB, 0x00D0DDDD, 0x00D1DFDF,
    0x00D1DEDE, 0x00D0DDDC, 0x00D1DDDB, 0x00D1DCDC, 0x00D0DCDC, 0x00D1DDDC, 0x00D0DDDC, 0x00CFDCDD, 0x00CFDCDC,
    0x00D2DFDE, 0x00D0DDDE, 0x00CEDBDA, 0x00CEDBDA, 0x00CEDADB, 0x00CDDBDA, 0x00D1DDDD, 0x00D1DDDC, 0x00CFDCDB,
    0x00CEDBDA, 0x00D3E0DF, 0x00D2DFDE, 0x00D3E0E0, 0x00D4E0E1, 0x00D3E1E1, 0x00D1DEDE, 0x00D1DEDF, 0x00D1DEDF,
    0x00CDDBDC, 0x00CBDADB, 0x00D0DEDF, 0x00D0DEDF, 0x00CCDBDB, 0x00D1DEDF, 0x00D3DFDF, 0x00D4E0E1, 0x00D3E0E0,
    0x00D3DFE0, 0x00D5E2E3, 0x00D3E0E0, 0x00D2E0E1, 0x00D2E0E1, 0x00CDDEDF, 0x00D2DFE1, 0x00D0DFE0, 0x00CEDCDC,
    0x00CEDCDE, 0x00CEDCDD, 0x00CEDDDE, 0x00D4E1E2, 0x00D1DFE2, 0x00D3E1E3, 0x00D4E2E3, 0x00D4E2E4, 0x00D5E2E4,
    0x00D5E2E5, 0x00D5E3E5, 0x00D6E4E6, 0x00D4E4E6, 0x00D7E5E7, 0x00D5E3E4, 0x00D7E5E8, 0x00D8E5E8, 0x00D9E7E9,
    0x00D8E6E8, 0x00DAE8EA, 0x00D9E6E8, 0x00D8E7E9, 0x00D8E7E9, 0x00D9E8EA, 0x00DAE7EA, 0x00DAE8EA, 0x00DAE9EB,
    0x00DBE8EB, 0x00DAE8EB, 0x00D7E6E9, 0x00D9E8EA, 0x00D7E5E7, 0x00D5E4E7, 0x00D4E3E7, 0x00D3E4E7, 0x00D4E4E7,
    0x00D2E2E5, 0x00D8E7EB, 0x00D5E7E9, 0x00D7E7EA, 0x00D9E9EC, 0x00D7E8EB, 0x00DAE9EC, 0x00DAE9EB, 0x00DBEAEE,
    0x00D9E9EC, 0x00DDEAEE, 0x00D9E9EC, 0x00DAE8EC, 0x00DAE9EC, 0x00D4E5EA, 0x00D9E8ED, 0x00D5E7EB, 0x00DBEAEE,
    0x00DCEBEE, 0x00D8E9ED, 0x00D9E9ED, 0x00DCECEF, 0x00D9E8EE, 0x00D0E2EC, 0x00C4DBE9, 0x00C1DAEC, 0x00B9D5EC,
    0x00B5D4EB, 0x00C1DCF1, 0x00C1DEF1, 0x00C2DDF1, 0x00C4DFF2, 0x00C3DEF1, 0x00C2DDF0, 0x00C6E0F1, 0x00CDE6F4,
    0x00CAE3F2, 0x00C5E0F2, 0x00C7E1F1, 0x00C7E1F1, 0x00C8E3F1, 0x00CAE3F2, 0x00CAE4F2, 0x00C9E4F1, 0x00CBE4F2,
    0x00C9E3F2, 0x00C7E1F0, 0x00C6E0EF, 0x00C9E3F2, 0x00CCE4F2, 0x00CDE5F2, 0x00CDE5F3, 0x00CAE4F3, 0x00C9E3F1,
    0x00C9E3F1, 0x00C8E3F2, 0x00C7E2F1, 0x00C9E3F3, 0x00CAE3F2, 0x00C9E3F2, 0x00C9E1EF, 0x00C7E0ED, 0x00C6E0EE,
    0x00C8E1F0, 0x00C6E0EF, 0x00CAE3F1, 0x00CBE3F1, 0x00C8E2EF, 0x00CBE3F0, 0x00CDE4F1, 0x00CCE3F2, 0x00C8E1EE,
    0x00C8E1EF, 0x00CAE4F2, 0x00C7E1EF, 0x00CDE6F3, 0x00CBE4F0, 0x00CBE4F1, 0x00C9E4F1, 0x00CAE4F1, 0x00CEE6F2,
    0x00CDE5F1, 0x00CEE6F2, 0x00CEE6F3, 0x00D0E7F3, 0x00CCE5F2, 0x00CFE6F3, 0x00D1E7F3, 0x00CDE7F2, 0x00CFE7F3,
    0x00D0E8F6, 0x00CCE5F2, 0x00CDE5F2, 0x00CEE5F2, 0x00CCE4F2, 0x00CEE5F2, 0x00CEE6F2, 0x00CCE3F0, 0x00CDE4F1,
    0x00CDE4F1, 0x00CBE2F0, 0x00CBE3F0, 0x00CBE3F0, 0x00CDE4F1, 0x00CEE6F2, 0x00CCE4F0, 0x00D0E6F3, 0x00CFE7F3,
    0x00CDE6F2, 0x00CDE5F1, 0x00CFE6F2, 0x00CFE6F2, 0x00CDE5F0, 0x00D2E8F4, 0x00CEE6F3, 0x00CBE4F2, 0x00CAE3F0,
    0x00CDE5F2, 0x00D0E8F4, 0x00CAE4F1, 0x00CFE7F3, 0x00CBE4F1, 0x00CDE5F3, 0x00CBE4F1, 0x00CCE4F2, 0x00CDE5F1,
    0x00CAE4F1, 0x00CBE4F2, 0x00CDE4F2, 0x00CBE4F1, 0x00CCE4F1, 0x00CBE4F2, 0x00CCE4F2, 0x00C7E0EE, 0x00CBE4F0,
    0x00C9E2EF, 0x00CAE3F0, 0x00CCE3F0, 0x00CCE3F0, 0x00CCE5F1, 0x00CAE4F0, 0x00CDE5F2, 0x00CBE4F1, 0x00CEE7F3,
    0x00CDE6F2, 0x00CBE5F2, 0x00CCE5F2, 0x00CAE4F1, 0x00CBE4F2, 0x00CBE4F2, 0x00CCE6F3, 0x00CEE7F3, 0x00CFE7F4,
    0x00CCE6F2, 0x00CFE7F3, 0x00CDE6F2, 0x00CAE4F1, 0x00CBE5F1, 0x00CBE5F2, 0x00CBE4F2, 0x00CDE6F3, 0x00CCE5F3,
    0x00CEE6F4, 0x00C9E3F0, 0x00C8E2EF, 0x00C7E2F0, 0x00C9E3F0, 0x00CBE4F1, 0x00CCE5F2, 0x00CEE5F2, 0x00CDE6F1,
    0x00CFE6F1, 0x00D0E7F2, 0x00CEE5F2, 0x00CCE4F1, 0x00CDE5F1, 0x00CFE7F2, 0x00D4EAF5, 0x00D3EAF5, 0x00CEE1EB,
    0x00D1E8F3, 0x00CDE3EF, 0x00CCE6F2, 0x00CCE5F2, 0x00CEE6F2, 0x00CCE5F0, 0x00CAE4F1, 0x00CDE7F3, 0x00D0EBF6,
    0x00D0E8F3, 0x00D1E9F4, 0x00CFE8F4, 0x00CBE6F2, 0x00D2E9F4, 0x00CDE7F3, 0x00D2EAF5, 0x00CEE7F3, 0x00CDE6F2,
    0x00CDE7F4, 0x00D2E3E5, 0x00D8E5E6, 0x00D7E4E4, 0x00D6E4E3, 0x00D6E3E3, 0x00D4E1E0, 0x00D3DFE0, 0x00D3DFDF,
    0x00D4E0E0, 0x00CEDCDB, 0x00D0DDDD, 0x00CEDBDA, 0x00D2DFDF, 0x00C7D9D8, 0x00CDDCDC, 0x00D2DFE0, 0x00D2E0E0,
    0x00D0DFDF, 0x00D1DFDE, 0x00D5E2E2, 0x00D4E0E0, 0x00D3DFDE, 0x00D0DDDB, 0x00CCDAD7, 0x00CCD9D7, 0x00C9D7D5,
    0x00CDD9D9, 0x00CBD6D6, 0x00CCD8D8, 0x00CCD9D8, 0x00D0DCDC, 0x00CEDADB, 0x00D0DDDD, 0x00D2E0DF, 0x00D4E1E1,
    0x00D0DFDF, 0x00D0DEDD, 0x00D7E4E4, 0x00D4E1E2, 0x00D2DFDF, 0x00D3DFDF, 0x00D1DEDE, 0x00D2E0DE, 0x00D1DEDF,
    0x00D4E1E2, 0x00D5E0E2, 0x00D3E0E1, 0x00D2DEDE, 0x00D3E0E1, 0x00D6E4E4, 0x00D3E1E1, 0x00D3E0E2, 0x00D2E0E1,
    0x00CFDFDF, 0x00D2E0E2, 0x00D1DEDF, 0x00D2DFE0, 0x00D0DEDD, 0x00D1DFDE, 0x00D9E4E5, 0x00D8E4E5, 0x00D7E2E2,
    0x00D6E2E3, 0x00D5E2E3, 0x00D7E3E3, 0x00D4E2E1, 0x00D5E2E3, 0x00D7E4E5, 0x00D5E2E4, 0x00D7E3E5, 0x00D4E1E4,
    0x00D1E0E0, 0x00D3E1E3, 0x00D2E0E2, 0x00D4E2E3, 0x00D0DFE0, 0x00CEDDDF, 0x00D2DFE1, 0x00D1DFE2, 0x00D3E1E3,
    0x00D2E1E2, 0x00D2E1E2, 0x00D4E1E2, 0x00D3E1E3, 0x00CEDEE0, 0x00D0E0E2, 0x00D1DFE1, 0x00D2E2E3, 0x00D3E0E2,
    0x00D4E2E4, 0x00D5E2E4, 0x00CFDFE1, 0x00D3E1E3, 0x00D1E0E2, 0x00D2E0E2, 0x00D3E2E4, 0x00D4E3E5, 0x00D7E5E7,
    0x00DAE8EB, 0x00DAE7EA, 0x00D8E6E8, 0x00DCEAED, 0x00DCE9EC, 0x00DAE8EB, 0x00DBE8EB, 0x00DBE8EA, 0x00DBE7EA,
    0x00D6E4E6, 0x00D7E5E7, 0x00D6E3E6, 0x00D2E2E4, 0x00D7E5E7, 0x00D5E4E6, 0x00D7E5E7, 0x00D7E7E9, 0x00D6E7E9,
    0x00DAE8EC, 0x00D7E7EA, 0x00D6E8EC, 0x00D5E6E9, 0x00D8E8EB, 0x00DAE9EC, 0x00DCEAED, 0x00DAEAED, 0x00DBEAED,
    0x00DDECEE, 0x00DEEDEF, 0x00DFEDF0, 0x00DDECEF, 0x00DAEAED, 0x00D9E9EC, 0x00E1EEF0, 0x00DBEAED, 0x00E1EEF0,
    0x00E0EDF0, 0x00DAEAEE, 0x00DEEDF0, 0x00DDEDF0, 0x00E0EDF1, 0x00E2EFF2, 0x00DEEDEF, 0x00D9E9F1, 0x00CADFEB,
    0x00B7D0E6, 0x00BEDAEF, 0x00C3DEF3, 0x00C9E3F3, 0x00C5DFF1, 0x00C4DFF2, 0x00C3DDF0, 0x00C4DFF1, 0x00C5E0F1,
    0x00C4DFF0, 0x00C5DEF1, 0x00C5E0F1, 0x00C6E0F0, 0x00CFE8F4, 0x00CCE6F3, 0x00C9E3F2, 0x00CAE4F1, 0x00CEE6F3,
    0x00CBE6F3, 0x00CAE5F2, 0x00CAE4F2, 0x00C8E2F1, 0x00C7E1F0, 0x00C9E3F3, 0x00C9E4F2, 0x00C6E0F0, 0x00C2DDEC,
    0x00CAE3F1, 0x00D0E5F3, 0x00CCE4F2, 0x00C4E0EE, 0x00C7E2F0, 0x00C8E2F1, 0x00C8E2F0, 0x00CAE4F3, 0x00CAE4F3,
    0x00CAE4F3, 0x00C9E4F2, 0x00CDE5F4, 0x00CAE4F3, 0x00CAE3F1, 0x00CAE3F1, 0x00C9E3F1, 0x00C9E2EF, 0x00C9E3F1,
    0x00C8E2EF, 0x00CBE2F0, 0x00CBE3F1, 0x00C8E2EF, 0x00CAE3F0, 0x00CBE5F3, 0x00CAE4F2, 0x00CBE5F1, 0x00C7E1EF,
    0x00CBE5F3, 0x00C9E3F1, 0x00CDE6F2, 0x00CDE5F3, 0x00C8E3F0, 0x00CDE6F4, 0x00CAE4F0, 0x00CEE7F4, 0x00CFE6F4,
    0x00CBE5F1, 0x00CDE6F2, 0x00CCE6F2, 0x00CCE6F2, 0x00CBE4F2, 0x00CFE8F5, 0x00CCE5F1, 0x00CBE3F0, 0x00CDE4F0,
    0x00CCE5F2, 0x00D0E6F4, 0x00CCE4F2, 0x00CCE4F2, 0x00CAE2F0, 0x00C9E2F0, 0x00CBE2EF, 0x00CCE4F1, 0x00CDE5F3,
    0x00C7E1EE, 0x00CDE5F2, 0x00CFE7F3, 0x00CDE5F2, 0x00C5DFED, 0x00CDE5F3, 0x00CEE6F2, 0x00D0E7F4, 0x00CFE6F2,
    0x00CCE5F0, 0x00CEE6F3, 0x00CEE6F2, 0x00C9E3F0, 0x00CFE7F3, 0x00CFE6F1, 0x00CEE5F2, 0x00CAE3F1, 0x00CCE4F2,
    0x00CAE3F0, 0x00CFE7F3, 0x00C8E1EE, 0x00CBE4F0, 0x00CEE6F2, 0x00C8E2F0, 0x00C7E1EF, 0x00C9E2F0, 0x00C9E3F2,
    0x00CBE3F1, 0x00CBE3F1, 0x00CAE3F0, 0x00CAE3F0, 0x00C9E2F0, 0x00CBE4F1, 0x00CCE4F1, 0x00C9E1EF, 0x00CAE3F0,
    0x00CBE4F2, 0x00C8E2EE, 0x00CEE6F3, 0x00CAE4F2, 0x00CCE6F4, 0x00CBE5F4, 0x00CCE6F4, 0x00C8E2F1, 0x00C8E2F0,
    0x00C8E2F1, 0x00CAE4F2, 0x00CCE5F3, 0x00CEE6F3, 0x00CEE6F2, 0x00CBE5F1, 0x00CEE6F2, 0x00CBE6F2, 0x00C9E3F1,
    0x00CBE5F0, 0x00CCE6F3, 0x00CAE4F1, 0x00CCE5F3, 0x00C8E3F0, 0x00CEE6F2, 0x00C9E3EF, 0x00CDE6F2, 0x00C9E2F0,
    0x00C6E1EF, 0x00C5DFED, 0x00CCE5F1, 0x00CEE5F3, 0x00C9E2EE, 0x00CBE4F1, 0x00CBE4F0, 0x00CBE3F0, 0x00CAE3F0,
    0x00CEE5F1, 0x00CFE6F2, 0x00D1E8F4, 0x00D4E8F4, 0x00D6EAF5, 0x00D1E8F4, 0x00CCE4F1, 0x00CAE2EF, 0x00C8E2ED,
    0x00CCE3F0, 0x00CDE5F1, 0x00CDE5F1, 0x00D2E9F4, 0x00D0E9F4, 0x00D0E9F5, 0x00CEE8F3, 0x00CEE7F4, 0x00CAE5F2,
    0x00D2E9F4, 0x00CFE7F3, 0x00CBE5F2, 0x00CCE6F2, 0x00CCE5F2, 0x00C9E4F1, 0x00D4E4E5, 0x00D8E6E6, 0x00D7E5E6,
    0x00D6E3E3, 0x00D6E4E4, 0x00D1DFDF, 0x00D3E0E0, 0x00D4E0E0, 0x00D1DFDE, 0x00D2E0DF, 0x00D1DFDE, 0x00D4E1E0,
    0x00D4E0E0, 0x00D1E0DF, 0x00D3E1E0, 0x00D4E2E3, 0x00D2E0E1, 0x00D3E1E2, 0x00D5E3E3, 0x00D1DFE0, 0x00D4E1E2,
    0x00CFDDDD, 0x00D4E1E3, 0x00D5E2E4, 0x00D2E1E2, 0x00CFDDDC, 0x00D0DDDC, 0x00CCDAD9, 0x00CCD9D8, 0x00CCDAD9,
    0x00CEDBDB, 0x00CFDCDC, 0x00CBD9D8, 0x00CEDBDB, 0x00D1DEDE, 0x00D3E1E1, 0x00D5E2E2, 0x00D5E2E3, 0x00D6E3E3,
    0x00DAE6E7, 0x00D7E4E6, 0x00D7E4E5, 0x00D7E4E4, 0x00D6E3E5, 0x00D8E5E6, 0x00D9E6E7, 0x00D6E3E4, 0x00D6E4E4,
    0x00D8E4E5, 0x00D7E5E5, 0x00D7E4E5, 0x00D4E1E3, 0x00D5E2E3, 0x00D2E1E1, 0x00D1DFE0, 0x00D3E3E4, 0x00D6E4E6,
    0x00D5E3E5, 0x00D5E3E4, 0x00D1E0E2, 0x00CFDEE0, 0x00D1E0E0, 0x00D7E4E6, 0x00D6E3E4, 0x00D3E0E1, 0x00D4E2E2,
    0x00D3E0E1, 0x00D3E1E2, 0x00D3E1E3, 0x00D5E2E4, 0x00D4E2E5, 0x00D4E3E4, 0x00D4E3E5, 0x00D6E4E7, 0x00D7E5E6,
    0x00D7E5E7, 0x00D9E7E9, 0x00D7E5E7, 0x00D8E5E7, 0x00DAE6E8, 0x00D8E6E8, 0x00D9E6E7, 0x00D8E6E8, 0x00DAE5E8,
    0x00D7E5E7, 0x00D8E5E7, 0x00D7E4E7, 0x00D9E5E8, 0x00D9E6E8, 0x00DCE8E9, 0x00DDE9EA, 0x00D9E7E7, 0x00D9E6E8,
    0x00D7E5E7, 0x00D7E5E7, 0x00D5E4E6, 0x00D3E3E5, 0x00D7E5E8, 0x00D5E4E7, 0x00D2E2E5, 0x00D2E2E5, 0x00D9E7EA,
    0x00D9E8EB, 0x00D6E6E9, 0x00DFECEF, 0x00DBE9EC, 0x00DBEAED, 0x00DEEBEE, 0x00DCEAEC, 0x00DBE9EC, 0x00DCEAEC,
    0x00DCE9EC, 0x00DCEAEC, 0x00DEEBED, 0x00DAE9EB, 0x00DCEAEC, 0x00DCEAED, 0x00DCEBEE, 0x00DAEAEE, 0x00DBEBEE,
    0x00D4E7EB, 0x00D4E7EB, 0x00D6E8EC, 0x00D6E7EB, 0x00D8E9EC, 0x00DCEBEE, 0x00D9EAEF, 0x00DCEBEF, 0x00DDECF0,
    0x00DEEDF0, 0x00E0EFF2, 0x00E2EFF2, 0x00E2EFF2, 0x00E4F0F2, 0x00E2EFF2, 0x00E1EFF2, 0x00E0EDF1, 0x00DDECF0,
    0x00D8E7ED, 0x00CBE0EC, 0x00C8DEEC, 0x00C4DDED, 0x00C2DEF0, 0x00C3DFF0, 0x00C5E0F1, 0x00C5DFF1, 0x00C3DEF1,
    0x00C5E0F1, 0x00C7E0F1, 0x00C8E2F1, 0x00C9E2F2, 0x00C8E1F1, 0x00C9E3F2, 0x00CCE6F3, 0x00CBE5F3, 0x00C9E3F3,
    0x00C9E3F2, 0x00CBE5F4, 0x00C9E3F1, 0x00CEE7F4, 0x00CBE5F3, 0x00C7E2F0, 0x00C9E3F2, 0x00C9E4F3, 0x00C8E3F2,
    0x00C8E3F2, 0x00C9E3F2, 0x00CCE6F5, 0x00CBE6F3, 0x00C8E3F1, 0x00C9E3F1, 0x00CDE5F2, 0x00C7E1EF, 0x00C9E3F1,
    0x00C9E3F1, 0x00C6E1F0, 0x00C4E0EF, 0x00C8E2EF, 0x00CAE4F2, 0x00CAE4F2, 0x00CCE6F3, 0x00CAE5F3, 0x00C8E2F1,
    0x00C9E2F1, 0x00C7E1EF, 0x00C7E1EE, 0x00CBE3F0, 0x00C6DFEE, 0x00C9E3F1, 0x00C8E2EF, 0x00CCE4F1, 0x00CBE4F1,
    0x00C7E1EE, 0x00C9E3F0, 0x00C8E1EF, 0x00CCE6F4, 0x00C8E2EF, 0x00CCE5F2, 0x00CAE4F1, 0x00CCE6F2, 0x00CCE5F3,
    0x00C6E1EF, 0x00C9E4F1, 0x00CCE6F3, 0x00C8DEEB, 0x00CAE4F1, 0x00CDE6F4, 0x00CCE5F2, 0x00CAE4F0, 0x00CBE4F1,
    0x00CBE5F2, 0x00CEE6F4, 0x00CDE6F2, 0x00CAE4F1, 0x00CDE6F1, 0x00CCE5F1, 0x00CEE6F3, 0x00CDE4F2, 0x00CEE6F2,
    0x00CBE3F1, 0x00CAE2EF, 0x00CAE3F0, 0x00CBE2EF, 0x00CFE6F3, 0x00CBE4F0, 0x00CAE3F0, 0x00CFE6F2, 0x00CDE6F2,
    0x00CDE7F3, 0x00CAE4F2, 0x00CBE4F2, 0x00D0E8F4, 0x00CEE6F3, 0x00D0E7F4, 0x00CEE7F3, 0x00CEE7F3, 0x00CBE5F1,
    0x00D2E9F5, 0x00D2E8F4, 0x00CAE2F0, 0x00C7E1EF, 0x00C9E3F1, 0x00C9E2F0, 0x00CCE4F2, 0x00CBE3F1, 0x00C8E2EF,
    0x00C8E1EF, 0x00C6E0EE, 0x00CAE3F0, 0x00C7E2F0, 0x00C5DFED, 0x00CAE3F0, 0x00C8E2EF, 0x00C9E3F1, 0x00C8E1F0,
    0x00CAE1EF, 0x00CAE3F2, 0x00C8E2EF, 0x00C9E3F1, 0x00C8E3F0, 0x00CBE4F2, 0x00C9E3EF, 0x00CDE5F3, 0x00CAE5F3,
    0x00CAE4F2, 0x00CAE4F2, 0x00CBE5F3, 0x00CAE4F2, 0x00CBE5F4, 0x00CCE6F4, 0x00CDE6F3, 0x00CAE4F1, 0x00CBE4F2,
    0x00CCE4F1, 0x00CEE6F2, 0x00CCE6F3, 0x00CDE6F2, 0x00CBE5F1, 0x00CAE4F1, 0x00CBE4F1, 0x00CDE6F3, 0x00CDE6F2,
    0x00CDE6F2, 0x00CAE3F1, 0x00CAE4F1, 0x00CAE3F0, 0x00CDE5F1, 0x00C9E2F0, 0x00C9E2EF, 0x00CCE5F2, 0x00CAE4F2,
    0x00CCE5F1, 0x00C9E3EF, 0x00CCE4F1, 0x00D0E6F2, 0x00CBE3F0, 0x00C8E2EF, 0x00C9E3F0, 0x00CEE6F1, 0x00CFE6F2,
    0x00CEE5F1, 0x00CCE4EF, 0x00CCE4F0, 0x00CFE6F2, 0x00C8E0EE, 0x00CBE3F0, 0x00C6E0EC, 0x00CEE5F1, 0x00D2E8F4,
    0x00CBE5F1, 0x00CDE6F3, 0x00CFE8F4, 0x00CEE6F2, 0x00C8E3F1, 0x00CAE5F2, 0x00CEE7F4, 0x00CDE7F2, 0x00CCE6F2,
    0x00CDE6F4, 0x00CDE7F3, 0x00DAE9EC, 0x00DCEAEB, 0x00D8E6E7, 0x00DAE8E7, 0x00D9E6E8, 0x00D8E6E6, 0x00D7E4E5,
    0x00D6E3E4, 0x00D5E3E2, 0x00D6E3E3, 0x00D5E2E2, 0x00D6E3E3, 0x00D5E3E3, 0x00D7E3E4, 0x00D3E1E1, 0x00D2E0DF,
    0x00D0DFDF, 0x00D4E2E3, 0x00D3E2E4, 0x00D1E0E1, 0x00D6E3E5, 0x00D4E2E4, 0x00D5E2E3, 0x00D5E3E5, 0x00D6E3E5,
    0x00D6E5E6, 0x00D6E4E7, 0x00D4E3E3, 0x00D6E3E3, 0x00D2DFE0, 0x00D1E0E1, 0x00CFDEDE, 0x00D0DEDF, 0x00D2E0E0,
    0x00D2DFE0, 0x00D2E0E1, 0x00D3E1E2, 0x00CFDEDE, 0x00D1DEDF, 0x00D2E0E1, 0x00CDDDDF, 0x00D0DEE0, 0x00CFDFE2,
    0x00D0DFE1, 0x00D2E0E2, 0x00D5E4E5, 0x00D7E5E7, 0x00D5E3E5, 0x00D9E6E8, 0x00DBE8E9, 0x00DAE9EA, 0x00DAE7E8,
    0x00DBE8E9, 0x00DBE8E8, 0x00D9E6E8, 0x00DAE8E9, 0x00DAE8E9, 0x00DAE7E8, 0x00DAE7E8, 0x00D9E7E7, 0x00D9E7E8,
    0x00DAE8E9, 0x00D8E5E7, 0x00D7E5E6, 0x00D6E5E7, 0x00D9E6E7, 0x00D7E5E7, 0x00D0E0E1, 0x00D0DFE1, 0x00D2E1E4,
    0x00D1E0E3, 0x00D2E1E3, 0x00D1E1E3, 0x00D3E2E4, 0x00D5E4E6, 0x00D6E4E6, 0x00D3E2E5, 0x00D5E4E6, 0x00D6E4E6,
    0x00D4E3E5, 0x00D3E2E4, 0x00D6E4E8, 0x00D7E5E7, 0x00D8E6E9, 0x00D5E4E7, 0x00D7E5E8, 0x00D8E6E8, 0x00D8E6E8,
    0x00D7E6E9, 0x00D9E6E8, 0x00DAE8EA, 0x00D8E7E9, 0x00D9E7EA, 0x00D8E6E9, 0x00D8E7E9, 0x00D8E8EB, 0x00D8E7EA,
    0x00D7E7EA, 0x00D7E7EB, 0x00D2E3E6, 0x00D7E6E9, 0x00D6E7EA, 0x00D9E9EC, 0x00D8E8EB, 0x00D9EAED, 0x00D4E6E9,
    0x00D8E9EB, 0x00D9EAEC, 0x00DCEBED, 0x00DBEAED, 0x00DBE9EC, 0x00D8E9EC, 0x00D6E7EA, 0x00DCEAED, 0x00DDECEF,
    0x00DEEBEF, 0x00DBEBED, 0x00DDECEF, 0x00DBEAEF, 0x00DCEBEF, 0x00DBEBEE, 0x00DBECEF, 0x00DEECEF, 0x00DEEEF1,
    0x00DCECF0, 0x00E2F0F4, 0x00E2F0F3, 0x00E3F0F4, 0x00E4F1F4, 0x00E3F2F5, 0x00E4F1F5, 0x00E4F2F4, 0x00E4F1F3,
    0x00E2F0F2, 0x00DAEAF1, 0x00D7E8ED, 0x00CFE3F0, 0x00C3DCED, 0x00C2DDEF, 0x00C3DDF1, 0x00BBDAEF, 0x00BEDBF1,
    0x00BEDBF1, 0x00C3DFF0, 0x00C6E0F1, 0x00C5E0F3, 0x00C4DFF1, 0x00C2DEEF, 0x00C9E2F2, 0x00CBE5F3, 0x00C7E2F0,
    0x00C9E3F2, 0x00CAE4F2, 0x00CBE5F3, 0x00C8E2F2, 0x00C4DEEE, 0x00C8E3F2, 0x00CAE4F1, 0x00CEE6F2, 0x00C6E1EE,
    0x00CDE7F5, 0x00CBE5F4, 0x00C7E2F1, 0x00C9E4F2, 0x00CBE5F4, 0x00CAE5F4, 0x00CBE6F4, 0x00CAE5F3, 0x00CCE6F5,
    0x00CBE5F3, 0x00CAE4F2, 0x00CAE4F1, 0x00CBE4F2, 0x00C8E3F2, 0x00CBE5F3, 0x00CBE4F3, 0x00C7E3F1, 0x00CCE5F2,
    0x00CCE5F3, 0x00CBE5F3, 0x00D0E8F5, 0x00C9E2EF, 0x00C6E0EE, 0x00CDE6F3, 0x00CAE3F2, 0x00C9E2F0, 0x00C9E2F1,
    0x00C6E0EE, 0x00C8E2EF, 0x00CBE4F1, 0x00CDE5F2, 0x00CBE4F2, 0x00C5E0ED, 0x00CAE4F2, 0x00CCE4F2, 0x00C9E3F1,
    0x00CCE4F2, 0x00CDE6F3, 0x00CDE6F3, 0x00CBE6F2, 0x00CCE5F3, 0x00CDE6F3, 0x00CCE6F2, 0x00CDE5F2, 0x00CBE0EC,
    0x00CAE3EF, 0x00CCE5F3, 0x00CAE4F1, 0x00CFE6F4, 0x00CFE7F3, 0x00CEE7F2, 0x00D2E9F5, 0x00D0E8F3, 0x00D1E8F4,
    0x00CCE5F1, 0x00CEE6F2, 0x00CCE4F1, 0x00CBE3F1, 0x00C6E0ED, 0x00C9E2EF, 0x00CCE4F1, 0x00CCE5F1, 0x00C8E1EE,
    0x00CAE2EF, 0x00C8E1EF, 0x00CBE4F1, 0x00CCE4F1, 0x00CCE5F2, 0x00CBE5F3, 0x00CBE4F2, 0x00CDE7F2, 0x00CDE6F3,
    0x00CFE6F3, 0x00CEE5F4, 0x00CDE7F4, 0x00CEE6F4, 0x00CCE6F3, 0x00CFE8F4, 0x00D0E7F4, 0x00CEE6F1, 0x00CEE6F3,
    0x00C8E2EF, 0x00CEE6F2, 0x00D0E6F3, 0x00CEE6F3, 0x00C8E1EE, 0x00CAE4F2, 0x00CAE3F2, 0x00CAE3F2, 0x00CAE4F0,
    0x00CBE4F2, 0x00CBE4F1, 0x00CCE4F0, 0x00CBE4F0, 0x00C8E2F0, 0x00CBE3F1, 0x00CBE3F2, 0x00C5E0ED, 0x00C8E2F0,
    0x00C9E3F1, 0x00CBE5F1, 0x00CDE6F3, 0x00CBE4F2, 0x00C8E2F0, 0x00C8E3F1, 0x00CBE5F2, 0x00CBE5F3, 0x00CBE5F2,
    0x00C9E3F1, 0x00CCE6F3, 0x00CDE7F5, 0x00CFE9F4, 0x00CEE8F4, 0x00CDE6F2, 0x00CCE5F2, 0x00CFE7F3, 0x00CAE4F2,
    0x00CCE6F3, 0x00CAE5F2, 0x00C8E2F0, 0x00CEE6F2, 0x00CDE5F1, 0x00C7E1EF, 0x00C9E2F0, 0x00CEE5F1, 0x00CCE3F1,
    0x00CBE4F0, 0x00CBE4F1, 0x00C9E3F1, 0x00CCE5F1, 0x00CBE3F1, 0x00C8E2F0, 0x00CBE3F0, 0x00C8E3EF, 0x00CBE3F1,
    0x00CDE5F1, 0x00CDE5F1, 0x00CCE4F1, 0x00CAE2EF, 0x00CDE4F0, 0x00CAE2EE, 0x00CFE5F1, 0x00CBE3EF, 0x00CAE3F0,
    0x00C9E2EE, 0x00CCE3F0, 0x00CCE4F0, 0x00CBE4F0, 0x00CCE4F1, 0x00CEE6F1, 0x00CEE6F3, 0x00CEE8F4, 0x00D0E7F3,
    0x00CEE7F3, 0x00C8E3F1, 0x00CEE6F3, 0x00CCE5F2, 0x00CFE8F3, 0x00CBE5F2, 0x00CFE9F5, 0x00DAEAED, 0x00D7E8EB,
    0x00DAE8EB, 0x00DAE8EA, 0x00D6E4E6, 0x00DAE7E9, 0x00D9E7E9, 0x00D7E5E5, 0x00D7E5E5, 0x00D6E3E2, 0x00D5E3E2,
    0x00D1DFDE, 0x00D5E2E3, 0x00D6E4E6, 0x00D2E1E3, 0x00D2E2E3, 0x00D3E2E4, 0x00D4E3E6, 0x00D3E4E5, 0x00D1E2E2,
    0x00D0E0E2, 0x00D9E4E7, 0x00D5E3E5, 0x00D6E3E5, 0x00D8E5E8, 0x00D6E4E6, 0x00D4E3E5, 0x00D5E3E5, 0x00D3E2E4,
    0x00D5E3E5, 0x00D5E2E4, 0x00D5E3E5, 0x00D7E4E6, 0x00D7E3E6, 0x00D0E1E4, 0x00D1E1E3, 0x00CFE1E3, 0x00D3E3E5,
    0x00D4E4E6, 0x00D5E4E7, 0x00D3E3E4, 0x00D3E4E6, 0x00D3E3E6, 0x00D4E3E6, 0x00D5E4E7, 0x00D5E3E6, 0x00D5E4E7,
    0x00D7E6E8, 0x00D8E6E8, 0x00D7E5E7, 0x00D6E5E7, 0x00DCE9EB, 0x00D6E4E6, 0x00D6E4E6, 0x00D5E4E6, 0x00D5E4E6,
    0x00D6E5E7, 0x00D4E3E5, 0x00D4E3E6, 0x00D5E4E7, 0x00DDE9EB, 0x00DCE9EC, 0x00D7E6E8, 0x00D7E6E8, 0x00D7E5E7,
    0x00D9E7E9, 0x00D7E5E9, 0x00D5E3E6, 0x00D2E1E3, 0x00D6E5E7, 0x00D6E5E8, 0x00D7E6E8, 0x00D7E6E8, 0x00D8E6E8,
    0x00D9E7E8, 0x00D8E4E6, 0x00D4E3E6, 0x00D5E3E6, 0x00D4E4E6, 0x00D6E3E5, 0x00D4E3E5, 0x00D3E3E6, 0x00D8E6E8,
    0x00D6E5E8, 0x00D8E7E9, 0x00D8E6E8, 0x00D7E5E8, 0x00DBE7EA, 0x00D7E6E9, 0x00D5E4E6, 0x00D3E4E7, 0x00DAE8EB,
    0x00DDEBEE, 0x00D6E7EB, 0x00D9E9EB, 0x00D9E8EC, 0x00D9E9ED, 0x00D8E8EC, 0x00D4E6EB, 0x00D7E8EB, 0x00D8E8EC,
    0x00DBEBEE, 0x00DAEAED, 0x00DDECEF, 0x00DCECEF, 0x00DBEAED, 0x00DCEBEE, 0x00D9E9ED, 0x00D6E7EA, 0x00DEECEE,
    0x00DDEBED, 0x00D8E9EC, 0x00DEECEF, 0x00DFEEF1, 0x00DFEDF0, 0x00E2EFF1, 0x00E2F1F3, 0x00E3F1F3, 0x00E0EFF3,
    0x00E4F2F5, 0x00E3F1F4, 0x00E3F1F3, 0x00E2F0F4, 0x00E3F0F4, 0x00DBEDF2, 0x00DFEEF2, 0x00D9EBF2, 0x00D1E5F0,
    0x00CBE0ED, 0x00C2DBEB, 0x00B9D3E8, 0x00C1D9EA, 0x00C5DCEA, 0x00BFD7E7, 0x00C2DBEA, 0x00C6DEED, 0x00B2CFE6,
    0x00B9D6EC, 0x00BBD8EE, 0x00BAD5EA, 0x00BEDCEC, 0x00BED9EB, 0x00C2DDEE, 0x00C2DFF0, 0x00C6E0F0, 0x00C8E4F3,
    0x00CAE3F2, 0x00CBE5F4, 0x00CAE3F3, 0x00C8E3F3, 0x00CAE4F3, 0x00C8E2F1, 0x00C8E3F3, 0x00C7E2F0, 0x00C8E2F0,
    0x00C8E3F1, 0x00CAE4F2, 0x00CBE4F1, 0x00CBE4F2, 0x00C9E3F1, 0x00C7E1EF, 0x00CAE4F3, 0x00CBE6F4, 0x00CDE7F5,
    0x00CBE5F3, 0x00C8E3F3, 0x00CBE5F5, 0x00CBE5F4, 0x00CAE4F3, 0x00CAE4F2, 0x00CCE6F4, 0x00C9E3F1, 0x00C7E2F1,
    0x00C4E1EF, 0x00C7E1F1, 0x00C8E2F1, 0x00C7E1F0, 0x00CAE4F2, 0x00C5DEEB, 0x00C8DFEA, 0x00CCE2EC, 0x00CEE4F2,
    0x00CDE7F5, 0x00CCE4F3, 0x00CBE4F2, 0x00C6E0F0, 0x00C6E0EF, 0x00C6E0EF, 0x00C8E2F0, 0x00CDE6F4, 0x00CCE6F3,
    0x00C9E3F0, 0x00BED6E1, 0x00C4DDEB, 0x00C7E0ED, 0x00CCE5F1, 0x00CBE4F2, 0x00C4DEEB, 0x00CCE4F1, 0x00C9E3F0,
    0x00CEE8F3, 0x00CDE6F4, 0x00CCE6F3, 0x00CDE7F4, 0x00CCE6F3, 0x00CDE6F3, 0x00CCE5F1, 0x00CCE6F2, 0x00CEE6F4,
    0x00CCE5F1, 0x00CBE5F1, 0x00D2E9F5, 0x00D1E8F4, 0x00CBE3EF, 0x00C8E3F0, 0x00CFE6F4, 0x00CEE6F3, 0x00CAE4F2,
    0x00CDE6F2, 0x00C9E1F0, 0x00CBE4F2, 0x00CBE4F2, 0x00CAE3F0, 0x00CBE3F1, 0x00CCE4F2, 0x00CDE5F2, 0x00CDE5F2,
    0x00CDE6F3, 0x00CEE7F3, 0x00CCE5F2, 0x00CDE6F4, 0x00CAE4F2, 0x00CCE5F2, 0x00CAE4F2, 0x00CDE6F4, 0x00CCE5F3,
    0x00CEE6F4, 0x00C9E3F0, 0x00CCE4F2, 0x00CFE6F4, 0x00CCE5F4, 0x00CBE5F2, 0x00CBE3F0, 0x00CFE7F3, 0x00D0E7F4,
    0x00CAE2EF, 0x00CBE3F2, 0x00CBE3F2, 0x00CBE5F2, 0x00CEE7F3, 0x00CFE6F2, 0x00CBE5F0, 0x00CCE4F0, 0x00CBE4F2,
    0x00C8E2EF, 0x00CAE4F2, 0x00CBE4F2, 0x00C7E1EF, 0x00C4DEEB, 0x00CDE5F2, 0x00C9E3F0, 0x00C8E3F1, 0x00C6E1EF,
    0x00CCE5F4, 0x00CAE4F2, 0x00CBE5F2, 0x00CBE5F1, 0x00CAE4F2, 0x00CDE7F5, 0x00CEE8F4, 0x00CEE8F6, 0x00D1EBF7,
    0x00CEE7F4, 0x00CCE4F2, 0x00CEE7F3, 0x00CAE4F1, 0x00CBE4F2, 0x00CAE4F2, 0x00CAE4F1, 0x00C9E3EF, 0x00C8E2F0,
    0x00C7E2EF, 0x00C8E2F0, 0x00C8E2EF, 0x00CDE5F1, 0x00C9E2EF, 0x00CBE4F0, 0x00CDE4F1, 0x00C9E3F0, 0x00CBE3F0,
    0x00CDE5F2, 0x00CAE4F1, 0x00C9E3F0, 0x00C6E1EE, 0x00C9E2EF, 0x00CCE5F2, 0x00CBE3F1, 0x00CBE3F0, 0x00CAE4F0,
    0x00CAE3EF, 0x00CEE5F0, 0x00CAE2EE, 0x00C8E1ED, 0x00CBE3EF, 0x00CDE4F0, 0x00CDE5F0, 0x00CAE3F1, 0x00CAE2EF,
    0x00CAE3EF, 0x00CBE4F0, 0x00CEE7F3, 0x00CCE5F1, 0x00CEE6F3, 0x00CEE6F3, 0x00CDE6F2, 0x00CDE6F3, 0x00CCE6F3,
    0x00D2E9F5, 0x00CEE8F4, 0x00CDE8F3, 0x00DBEBEF, 0x00DBEBEE, 0x00D9E9ED, 0x00D8EAEE, 0x00D9E8EA, 0x00DAE9EB,
    0x00DBE9EC, 0x00D9E8E9, 0x00D9E8E9, 0x00D9E8E9, 0x00D9E7E9, 0x00D4E3E5, 0x00D9E8EA, 0x00D8E7EA, 0x00D5E6E8,
    0x00D6E6EA, 0x00DAEAED, 0x00D9E9ED, 0x00DAE8EB, 0x00D7E7EA, 0x00D5E6E9, 0x00D9E7E9, 0x00D6E7E9, 0x00D8E7EA,
    0x00D9E8EA, 0x00DBE9EB, 0x00DAE9EB, 0x00D9E6E8, 0x00D6E4E6, 0x00D9E6E7, 0x00D6E3E5, 0x00D4E3E5, 0x00D5E3E6,
    0x00D4E3E5, 0x00D5E3E6, 0x00D5E3E6, 0x00D7E5E8, 0x00D5E4E7, 0x00D6E5E8, 0x00D9E7E9, 0x00D8E6E9, 0x00D9E6E9,
    0x00D7E6E9, 0x00D6E6E9, 0x00D9E8EB, 0x00DCE9EC, 0x00DCEAEC, 0x00D8E7EA, 0x00D9E8EB, 0x00DBE9EB, 0x00D6E5E7,
    0x00DAE8EA, 0x00D7E6E8, 0x00D8E7EA, 0x00D6E4E6, 0x00D6E4E6, 0x00D5E4E7, 0x00D5E4E6, 0x00D5E5E6, 0x00D6E5E7,
    0x00D6E5E7, 0x00D5E5E7, 0x00D5E5E8, 0x00D2E2E4, 0x00D5E5E8, 0x00D6E5E8, 0x00D8E6E9, 0x00D8E7EA, 0x00D7E7EA,
    0x00D8E7EB, 0x00D8E8EB, 0x00DAE9EC, 0x00DCEAEC, 0x00DAE9EB, 0x00DAE9EC, 0x00DBE8EA, 0x00D9E8EA, 0x00D8E6E9,
    0x00D9E7E8, 0x00DBE8EA, 0x00D7E6E8, 0x00D8E6E8, 0x00DBE8EA, 0x00D9E8EA, 0x00DBE8EB, 0x00DAE7EA, 0x00DAE8EB,
    0x00DAE8EB, 0x00D7E6E9, 0x00D7E7EA, 0x00D9E9EB, 0x00DCEAEE, 0x00DDECEF, 0x00DAEBEF, 0x00DAEAED, 0x00D9E9ED,
    0x00DBE9EE, 0x00DAE9EE, 0x00D7E8EC, 0x00DAEAED, 0x00D6E8EB, 0x00DAE9EE, 0x00D7E8ED, 0x00D9EAEE, 0x00D8E9ED,
    0x00DBEBEE, 0x00DCEBEF, 0x00D7E9EC, 0x00D9EAED, 0x00DEECEF, 0x00DBEBEE, 0x00DBEBEE, 0x00D9EAEE, 0x00DBECEF,
    0x00DAEBEF, 0x00DCECF0, 0x00DDECF0, 0x00E0EFF3, 0x00E2F1F4, 0x00DEEDF2, 0x00D0E2ED, 0x00C1D8E8, 0x00BCD3E6,
    0x00B3CDE4, 0x00B5CFE6, 0x00AAC7E1, 0x00A7C5E2, 0x00A7C5E3, 0x00A8C6E2, 0x00A1C0DF, 0x009DBDDF, 0x00A1C1E1,
    0x00A3C2E0, 0x00AAC9E2, 0x00A7C7E3, 0x00A6C6E2, 0x00A5C6E1, 0x00A8C7E2, 0x00B1CDE4, 0x00AAC8DE, 0x00A8C5DA,
    0x00A7C4D8, 0x00B0CCDE, 0x00B2CFE1, 0x00AFCBDC, 0x00B5CFE0, 0x00B6D1E1, 0x00BDD7E6, 0x00BBD6E6, 0x00BFDAE9,
    0x00C1DBEB, 0x00C0DAE9, 0x00C5DFEE, 0x00C3DDEC, 0x00C5DFEC, 0x00C6DFED, 0x00C6E0EE, 0x00C3DDEC, 0x00C3DEEC,
    0x00C7DFED, 0x00C8E1EF, 0x00C8E2F1, 0x00C7E3F2, 0x00CAE5F4, 0x00CAE4F2, 0x00C7E4F3, 0x00CAE5F3, 0x00CAE5F2,
    0x00CBE5F3, 0x00C7E2F1, 0x00C6E0EF, 0x00CAE4F1, 0x00C6E1EF, 0x00CAE2F1, 0x00C7E1F0, 0x00C5E0F0, 0x00C5E0EE,
    0x00BDD2DE, 0x00B4C8D3, 0x00B4C7D0, 0x00B2C6CE, 0x00B7CAD4, 0x00BED3DE, 0x00C8DEEB, 0x00CEE6F3, 0x00C8E2F1,
    0x00C9E4F2, 0x00C6E2F1, 0x00CCE5F3, 0x00CBE4F2, 0x00C8E3F2, 0x00CEE6F5, 0x00CCE5F3, 0x00C9E3F0, 0x00CCE6F2,
    0x00CCE5F2, 0x00CAE4F0, 0x00CEE7F4, 0x00CDE7F2, 0x00CDE6F2, 0x00CFE7F4, 0x00CFE7F4, 0x00CCE6F3, 0x00CAE4F2,
    0x00CDE6F3, 0x00CDE6F2, 0x00CDE6F2, 0x00CEE6F3, 0x00C9E3F0, 0x00CEE6F2, 0x00CDE5F1, 0x00CEE7F3, 0x00CEE6F2,
    0x00CCE4F0, 0x00CBE4F1, 0x00CCE5F1, 0x00CDE4F2, 0x00C9E3F1, 0x00C7E1F0, 0x00C8E2F0, 0x00C7E1EF, 0x00C9E2F0,
    0x00CAE4F1, 0x00CCE4F1, 0x00CFE7F4, 0x00CEE6F3, 0x00CFE7F3, 0x00CCE5F2, 0x00CDE5F3, 0x00CEE8F4, 0x00C9E3F1,
    0x00CCE6F1, 0x00CCE5F3, 0x00C9E3F2, 0x00C5E0EF, 0x00C9E3F1, 0x00C7E1F0, 0x00C8E2F0, 0x00CAE2F0, 0x00CBE4F2,
    0x00CCE5F2, 0x00CAE2F1, 0x00CAE3F1, 0x00CBE4F0, 0x00D1E8F3, 0x00CAE2F0, 0x00C6E0ED, 0x00CAE3F1, 0x00CAE3F0,
    0x00C9E3F0, 0x00CCE5F3, 0x00CAE3F0, 0x00CCE5F2, 0x00C8E2F1, 0x00C9E3F0, 0x00CAE3F1, 0x00CCE4F2, 0x00CBE4F0,
    0x00CBE3F1, 0x00CAE3F2, 0x00C7E1EF, 0x00CAE4F1, 0x00CAE4F1, 0x00CFE7F4, 0x00CCE5F3, 0x00CCE6F2, 0x00CEE7F5,
    0x00CCE6F3, 0x00CDE6F4, 0x00CEE8F5, 0x00CDE7F5, 0x00CEE8F6, 0x00CDE7F4, 0x00CAE4F2, 0x00C8E3F0, 0x00CBE4F1,
    0x00CCE5F3, 0x00CCE5F2, 0x00CBE4F2, 0x00C7E2EF, 0x00C9E2F1, 0x00C7E2F0, 0x00C8E2F0, 0x00CBE3F0, 0x00CDE3F1,
    0x00C9E2F0, 0x00C9E2F0, 0x00CCE5F2, 0x00C8E2F0, 0x00C8E2F0, 0x00C9E2F0, 0x00CAE3F0, 0x00C7E1F0, 0x00C8E2F0,
    0x00CBE4F0, 0x00CDE5F1, 0x00CAE2EF, 0x00CAE3F0, 0x00CBE4F1, 0x00C9E2EF, 0x00CBE4EF, 0x00CEE5F1, 0x00CBE3EF,
    0x00CCE4F0, 0x00CBE2EF, 0x00CFE6F1, 0x00CAE2EF, 0x00C9E2EE, 0x00CAE3F0, 0x00C9E3EF, 0x00CBE3F0, 0x00CBE5F2,
    0x00CDE5F3, 0x00C9E3F1, 0x00CCE5F3, 0x00CCE5F2, 0x00CDE6F3, 0x00CFE7F3, 0x00CCE6F2, 0x00CCE7F4, 0x00DAECF0,
    0x00DCECF0, 0x00DBEBEF, 0x00D3E7EB, 0x00D8EAEE, 0x00DAEAED, 0x00DAEBEF, 0x00DCEBEE, 0x00DAEBEF, 0x00DAEAED,
    0x00D8E9ED, 0x00D9E9EC, 0x00DBEBEE, 0x00DCEAED, 0x00D7E9EB, 0x00D9EAED, 0x00DBEBF0, 0x00DCECEE, 0x00D9EAED,
    0x00D9E9EC, 0x00DAE9ED, 0x00D4E7E9, 0x00DAEAED, 0x00DBEBEE, 0x00D7E9EC, 0x00DCE9EC, 0x00DAE8EC, 0x00D8E6E8,
    0x00D6E5E7, 0x00D9E5E8, 0x00D7E5E7, 0x00D6E3E6, 0x00DAE6E8, 0x00DAE7E8, 0x00D7E4E7, 0x00DCE8EB, 0x00DCE9EB,
    0x00D8E7EA, 0x00D9E8EB, 0x00D8E6E9, 0x00DAE9EC, 0x00DBE9EC, 0x00DAE9EC, 0x00D8E7EA, 0x00DCEAEC, 0x00DAE7EB,
    0x00DBEAED, 0x00DAE9EC, 0x00D9E8EA, 0x00DBE8EB, 0x00DBEAEC, 0x00D7E7EA, 0x00D7E7EA, 0x00D3E6E9, 0x00D9E6E9,
    0x00D9E7EA, 0x00D5E6E7, 0x00D9E8EA, 0x00D9E7E9, 0x00DBE8EC, 0x00DAE9EC, 0x00D7E7E9, 0x00D8E7EA, 0x00D3E3E6,
    0x00D6E6E9, 0x00D7E7EA, 0x00DBE8EB, 0x00D9E9EC, 0x00D8E9EB, 0x00DBEAED, 0x00DBEBEE, 0x00D8E9EC, 0x00DDEBEE,
    0x00D9E9EB, 0x00D9E9EC, 0x00DEECEF, 0x00DCEBEC, 0x00DEEBED, 0x00E0ECEE, 0x00DEEBEE, 0x00DCEAEC, 0x00D9E8EB,
    0x00DBE9EC, 0x00DAE8EA, 0x00D9E8EB, 0x00DEEBED, 0x00D9E9EE, 0x00D4E5EC, 0x00D5E6EB, 0x00D5E6EC, 0x00DAEAEF,
    0x00D3E4EA, 0x00D0E2EA, 0x00D2E6ED, 0x00CDE1EB, 0x00CFE3EB, 0x00D5E8EF, 0x00D5E8EE, 0x00D4E6EC, 0x00D7E9EF,
    0x00D4E7EE, 0x00D8E9EE, 0x00D9EAEE, 0x00D7E8EE, 0x00D8EAEE, 0x00DBEBEE, 0x00DAEAEE, 0x00DBEBEE, 0x00DDEBEE,
    0x00DAEAF0, 0x00DAEAF0, 0x00CCDDEA, 0x00BCD1E3, 0x00B2C7DE, 0x00A8C1DE, 0x00B1CAE2, 0x00B5CEE5, 0x00BAD1E6,
    0x00BAD2E7, 0x00B2CEE7, 0x00A4C2E0, 0x00B6D4EB, 0x00C0DBED, 0x00BAD8EB, 0x00C5E1F1, 0x00C1DDF0, 0x00C5E1F3,
    0x00C3DFF1, 0x00C0DDEF, 0x00C2E0F2, 0x00C3DFF0, 0x00C0DDEF, 0x00BCDAED, 0x00C5E0F0, 0x00C5E0F0, 0x00C6E2F2,
    0x00C8E2F2, 0x00CAE4F2, 0x00CAE3F1, 0x00C7E1F0, 0x00C4DFEE, 0x00C2DDEF, 0x00C5E0EF, 0x00C4DEEF, 0x00C0DCED,
    0x00B9D5E6, 0x00BCD5E6, 0x00B7D2E3, 0x00BCD7E7, 0x00BBD6E7, 0x00BFD9E9, 0x00BAD4E3, 0x00BBD5E5, 0x00BCD6E6,
    0x00BCD6E6, 0x00BDD7E6, 0x00BFD9E8, 0x00C0D9E9, 0x00BBD5E5, 0x00BDD6E6, 0x00B7D1DF, 0x00C4DDEC, 0x00B9D4E3,
    0x00BDD8E7, 0x00C0DBEB, 0x00BBD7E8, 0x00C5DFEE, 0x00CBE4F1, 0x00CAE4F2, 0x00C8E3F1, 0x00C7E0EF, 0x00C7E1EE,
    0x00C6DFEE, 0x00B2CAD7, 0x00B0C7D3, 0x00BBD6E4, 0x00C6DFEE, 0x00ACC0C9, 0x00A6B9C4, 0x00B3C7D2, 0x00B5CAD4,
    0x00B2C7D0, 0x00B6CCD6, 0x00CAE1EA, 0x00CAE3F2, 0x00C6E0EE, 0x00CDE5F3, 0x00C9E3F2, 0x00C8E3F1, 0x00C9E4F2,
    0x00C8E3F1, 0x00C6E0F1, 0x00CAE3F2, 0x00CAE4F0, 0x00CBE6F2, 0x00CEE6F2, 0x00C9E5F1, 0x00CBE5F3, 0x00CCE6F3,
    0x00CBE4F1, 0x00C8E3F2, 0x00CBE5F2, 0x00D0E8F4, 0x00CCE5F1, 0x00CEE6F3, 0x00CAE5F2, 0x00CBE5F2, 0x00CFE7F2,
    0x00CCE6F2, 0x00CBE4F0, 0x00CCE5F0, 0x00CCE4F1, 0x00CAE3F0, 0x00C8E1EF, 0x00C6E0EF, 0x00CAE3EF, 0x00CDE4F1,
    0x00CCE4F1, 0x00C8E0EE, 0x00CAE3F1, 0x00C9E2EF, 0x00C5DFED, 0x00CAE3F1, 0x00CEE5F2, 0x00C9E2EF, 0x00CAE3F0,
    0x00CAE4F1, 0x00CBE5F2, 0x00CEE6F3, 0x00CAE4F1, 0x00CAE4F2, 0x00CAE4F2, 0x00CBE4F1, 0x00C7E2F1, 0x00C5DFEE,
    0x00C8E2F1, 0x00C6E1EF, 0x00C7E1F0, 0x00CDE4F2, 0x00CFE6F2, 0x00C9E2F1, 0x00C5DFED, 0x00CBE2F0, 0x00CAE2EE,
    0x00CCE5F0, 0x00C6DFED, 0x00CDE6F3, 0x00CBE3F1, 0x00C8E1F0, 0x00C7E1EF, 0x00C8E1F1, 0x00C7E2F0, 0x00C9E3F1,
    0x00CBE5F2, 0x00CAE3F0, 0x00CBE3F1, 0x00C7E2F0, 0x00C9E2F0, 0x00CDE5F3, 0x00C5E0EE, 0x00CAE4F1, 0x00CDE7F3,
    0x00CFE8F3, 0x00D0E8F5, 0x00CDE5F3, 0x00D0E9F3, 0x00D0E8F5, 0x00CFE9F5, 0x00CFE9F5, 0x00CFE8F4, 0x00CDE7F4,
    0x00CEE8F5, 0x00CBE6F4, 0x00C9E4F2, 0x00C6E1EF, 0x00D0E8F6, 0x00CEE7F3, 0x00CCE5F2, 0x00C7E2F0, 0x00C8E3F0,
    0x00C9E3F1, 0x00CBE4F1, 0x00CBE4F1, 0x00CBE4F0, 0x00CAE3F0, 0x00C8E2EF, 0x00C8E2F0, 0x00CDE4F3, 0x00CBE4F3,
    0x00C7E1EF, 0x00CAE3F0, 0x00CDE5F1, 0x00C9E3F0, 0x00C6E1EF, 0x00CCE5F3, 0x00CBE4F1, 0x00C5DEEC, 0x00C8E1EF,
    0x00C6DFED, 0x00CBE4F1, 0x00CCE3EF, 0x00CCE4F0, 0x00CBE3EF, 0x00CFE7F3, 0x00CBE3EF, 0x00CFE5F2, 0x00CCE4F0,
    0x00C8E2F0, 0x00CAE3F1, 0x00C9E3F1, 0x00CDE4F3, 0x00C9E3F1, 0x00CDE6F3, 0x00CCE6F4, 0x00C9E3F1, 0x00C8E3F2,
    0x00C5DFEE, 0x00CDE6F3, 0x00CEE6F2, 0x00D0E9F5, 0x00D9EBEE, 0x00DDEDF1, 0x00DEEDF1, 0x00DCEDF1, 0x00D8EAED,
    0x00DCECEF, 0x00DCEBF0, 0x00DDECF0, 0x00D8EAEC, 0x00DDEDF0, 0x00D9EBEF, 0x00DDEBEF, 0x00DDECF0, 0x00DAEBF0,
    0x00D9EBEE, 0x00DCEDEF, 0x00DAEAEE, 0x00DAEBEE, 0x00D8EAED, 0x00DAEBEF, 0x00DCECEF, 0x00D8EBED, 0x00DAEAED,
    0x00DAEAEE, 0x00D7E9EC, 0x00DBEAEE, 0x00D6E7EA, 0x00D7E8EA, 0x00D7E8EB, 0x00D8E7EB, 0x00D8E7EA, 0x00D5E5E7,
    0x00D9E6E9, 0x00D7E5E7, 0x00DAE7E8, 0x00DBE8EB, 0x00D7E8EB, 0x00D9E8EB, 0x00DCE9EC, 0x00DEECEE, 0x00D8E8EC,
    0x00D6E6E9, 0x00DBEAEC, 0x00D9E9EC, 0x00DCEAED, 0x00DDEBED, 0x00DCEAED, 0x00D9E8EB, 0x00D7E8EB, 0x00DDEBED,
    0x00DBEAEC, 0x00DBE9EC, 0x00DAE9EC, 0x00D8E8EA, 0x00DBE9EC, 0x00DCEAED, 0x00DAE9EB, 0x00D9E8EC, 0x00D9E9EC,
    0x00DBE9ED, 0x00D9E9EC, 0x00D8E7EA, 0x00DAE9EC, 0x00DAE9EC, 0x00DAEAED, 0x00DAEBEE, 0x00DAE9ED, 0x00D9EAEE,
    0x00DBEAEF, 0x00DBEBEF, 0x00DCECF1, 0x00D9EAEF, 0x00D9EAEF, 0x00D9EAED, 0x00DBEBEF, 0x00DBEAEE, 0x00DBEAF0,
    0x00D9EAEF, 0x00DAEBF0, 0x00D6E7EE, 0x00D7E7EE, 0x00D1E4EA, 0x00D2E4EA, 0x00D3E4EA, 0x00D0E5EC, 0x00D1E5ED,
    0x00C9E1EB, 0x00C9E2EE, 0x00CAE2EE, 0x00CDE5F0, 0x00CEE5F0, 0x00CBE2ED, 0x00CAE4EF, 0x00CEE6F2, 0x00CDE6F3,
    0x00CCE4F1, 0x00C8E1EE, 0x00C5DEED, 0x00C5DFEE, 0x00BFD9EE, 0x00B6D2EA, 0x00BCD7ED, 0x00BCD7EB, 0x00B8D3E9,
    0x00C0D9EA, 0x00B4CFE8, 0x00B7D2E9, 0x00B7D2E7, 0x00ADCAE6, 0x00A4C3E3, 0x00A2C1E1, 0x00ADCAE5, 0x00BCD7EC,
    0x00C0DAED, 0x00C1DDEF, 0x00C2DDF1, 0x00C5E0F1, 0x00C1DFF1, 0x00BFDBF0, 0x00BDDCEF, 0x00C1DDF0, 0x00C2DEF0,
    0x00C0DDF0, 0x00C1DFF1, 0x00C2DFF1, 0x00C0E0F1, 0x00C3E1F2, 0x00C2DFF3, 0x00C3E0F1, 0x00C3DFF1, 0x00C0DEF0,
    0x00BEDAEF, 0x00BEDBED, 0x00C0DBEE, 0x00BFDAEC, 0x00C1DCEF, 0x00BFDBEE, 0x00BFDCEE, 0x00C2DDEE, 0x00C2DDEE,
    0x00C5DFF0, 0x00C5DFF0, 0x00C4DEEF, 0x00C5DEEF, 0x00C6E1F1, 0x00C9E4F3, 0x00C7E2F2, 0x00C7E2F2, 0x00C7E3F3,
    0x00C6E2F2, 0x00C6E2F2, 0x00C8E2F2, 0x00C8E3F2, 0x00C8E2F2, 0x00C9E3F2, 0x00C9E3F3, 0x00C7E2F1, 0x00C6E1F1,
    0x00C4E1F0, 0x00C6E0EF, 0x00C9E4F3, 0x00CCE6F3, 0x00C9E3F2, 0x00C9E4F3, 0x00C9E4F3, 0x00C8E3F2, 0x00C1DBEB,
    0x00C3DEED, 0x00C2DCEA, 0x00C2DCEB, 0x00BED8E7, 0x00C8E1F0, 0x00C8E1F0, 0x00C3DEED, 0x00C3DFEE, 0x00C4E0F0,
    0x00C8E2F2, 0x00C6E0EE, 0x00BCD5E3, 0x00B8CFDC, 0x00B6CBD7, 0x00B9CED9, 0x00BBD2E0, 0x00C5DFEE, 0x00C3D9E6,
    0x00B2C9D6, 0x00B3C9D6, 0x00ACC2CE, 0x00B9D3E1, 0x00C7E2F2, 0x00CAE3F2, 0x00C7E2F1, 0x00C4DFEE, 0x00C4DFEE,
    0x00C7E3F1, 0x00C8E3F2, 0x00C6E3F2, 0x00CBE6F4, 0x00CBE4F0, 0x00C7E2F1, 0x00C7E2F0, 0x00D2E9F2, 0x00C9E3F1,
    0x00C7E2EF, 0x00C7E1EF, 0x00C9E3F1, 0x00CCE6F4, 0x00CFE7F4, 0x00CFE8F4, 0x00CAE3F0, 0x00C8E2EF, 0x00CCE4F1,
    0x00CCE4F1, 0x00C7E2EE, 0x00C7E1EE, 0x00C9E2F1, 0x00C9E2EF, 0x00C8E1F0, 0x00CBE4F1, 0x00C8E1EF, 0x00C9E1EF,
    0x00C6E0EE, 0x00C9E2F0, 0x00CCE5F2, 0x00C9E4F1, 0x00CAE4F1, 0x00CDE6F3, 0x00CCE5F3, 0x00D0E8F5, 0x00C9E3F1,
    0x00C8E2F0, 0x00C9E3F1, 0x00C9E4F1, 0x00C4DFEE, 0x00C8E2F0, 0x00CAE3F1, 0x00CBE5F1, 0x00CCE5F1, 0x00CBE2F1,
    0x00C9E2F0, 0x00CCE4F2, 0x00C7E0EC, 0x00C7E0EF, 0x00CAE3F1, 0x00C8E1EF, 0x00CBE2F0, 0x00C6E0EE, 0x00C8E1EF,
    0x00CBE4F2, 0x00C6E0EE, 0x00C6E1EF, 0x00CAE4F2, 0x00CBE4F2, 0x00CBE4F2, 0x00C8E1EE, 0x00C9E2EF, 0x00C7E0EF,
    0x00C8E2F0, 0x00CBE4F3, 0x00C9E3F1, 0x00CEE6F2, 0x00CCE4F1, 0x00D0E8F4, 0x00CEE7F3, 0x00CBE5F1, 0x00CCE5F3,
    0x00CEE6F2, 0x00CDE5F3, 0x00CCE6F3, 0x00CDE7F4, 0x00CDE7F4, 0x00CDE7F4, 0x00CDE7F4, 0x00CBE5F3, 0x00CAE4F1,
    0x00CBE4F1, 0x00CEE6F2, 0x00C9E3F1, 0x00C8E1F1, 0x00C8E2F0, 0x00CAE4F2, 0x00CAE3EF, 0x00CCE4F1, 0x00CBE4F0,
    0x00C9E3F0, 0x00CDE5F1, 0x00C9E2EE, 0x00CCE3F1, 0x00C8E2F0, 0x00C6E0EE, 0x00CAE1EF, 0x00CAE2F1, 0x00CBE4F0,
    0x00CAE4F1, 0x00C9E3F0, 0x00CCE5F3, 0x00C9E3F0, 0x00C4DFEC, 0x00C7E1EE, 0x00C6E0EE, 0x00CBE4F0, 0x00CEE6F1,
    0x00CCE5F0, 0x00CAE3EE, 0x00CAE4F0, 0x00CFE7F2, 0x00CEE6F3, 0x00CAE4F0, 0x00CDE5F1, 0x00CBE5F1, 0x00CCE4F1,
    0x00CAE4F0, 0x00CAE3F1, 0x00B5D4F1, 0x00CBE5F0, 0x00CBE4F2, 0x00CDE7F2, 0x00CCE5F2, 0x00CCE6F4, 0x00CCE7F3,
    0x00DCEEF2, 0x00DDEDF1, 0x00DBECF1, 0x00D8EAEF, 0x00DBECF0, 0x00DEECF1, 0x00DBECF0, 0x00DDEDF0, 0x00E1EFF1,
    0x00DDEDF1, 0x00D9EBF0, 0x00D7EAEE, 0x00DFEEF1, 0x00D9EBEF, 0x00DAEBEF, 0x00DEEDF0, 0x00DEEDF0, 0x00DAECEF,
    0x00D9EBEE, 0x00DCEDF0, 0x00DAEBF0, 0x00D7EAED, 0x00D8EAED, 0x00D9EBED, 0x00D7E8EC, 0x00DDECEF, 0x00DAE9EC,
    0x00D8E9EE, 0x00D8E9EC, 0x00D9E8EC, 0x00D9E9ED, 0x00D9E9EC, 0x00D6E7EA, 0x00D9E9EC, 0x00D6E7EB, 0x00DAE9EC,
    0x00DDEAEE, 0x00DDEBEE, 0x00DCEBEE, 0x00DFECEF, 0x00DAEAED, 0x00DDEBEF, 0x00DDEBEE, 0x00DAEAED, 0x00DAE9EC,
    0x00DBEAED, 0x00DCEBEE, 0x00DCEBEE, 0x00D8EAED, 0x00DDEBEE, 0x00DFECEF, 0x00DCEBEE, 0x00DAEAEC, 0x00DDEAED,
    0x00D9E9EC, 0x00D7E9EC, 0x00DCE9EE, 0x00DBEAED, 0x00DAEAED, 0x00DEECF0, 0x00DDECF1, 0x00DCEAEE, 0x00DAEAEE,
    0x00D5E7ED, 0x00DAEAF0, 0x00D4E7EC, 0x00D6E8EF, 0x00D4E7EE, 0x00D4E7EE, 0x00D6E9EF, 0x00D6E9F0, 0x00D9EBF1,
    0x00D8EAF1, 0x00D5E8EF, 0x00D5E8F0, 0x00D5E8F0, 0x00D1E5ED, 0x00D0E4ED, 0x00D4E7F0, 0x00D0E4EE, 0x00D2E7F1,
    0x00CBE2EF, 0x00D2E8F2, 0x00CBE2EE, 0x00CAE2EF, 0x00C8E1F0, 0x00BFDCED, 0x00C5E0F1, 0x00C1DDEE, 0x00C8E2F3,
    0x00C7E2F3, 0x00C3DEEF, 0x00C1DDEF, 0x00C2DEF1, 0x00C2DEF0, 0x00C5DFF2, 0x00BCD8ED, 0x00BBD8EF, 0x00C1DBF0,
    0x00BDD9EE, 0x00BDD8EF, 0x00BCD8EF, 0x00BAD6EE, 0x00BBD8EE, 0x00BDD8EE, 0x00BBD6EE, 0x00BBD6EF, 0x00B9D5EE,
    0x00B6D4EC, 0x00B7D4EE, 0x00B5D4ED, 0x00B5D3EE, 0x00B9D5ED, 0x00BCD7ED, 0x00C1DCEF, 0x00C3DDF0, 0x00C3DDF1,
    0x00C3DEF1, 0x00C4DDF2, 0x00C3DEF1, 0x00C1DCF0, 0x00C1DDF0, 0x00C1DDF0, 0x00B9D8EE, 0x00BEDCF1, 0x00BDDCEF,
    0x00BDDCEF, 0x00C0DCF0, 0x00BBDAEE, 0x00C0DCF1, 0x00C1DCF1, 0x00C1DCF0, 0x00BFDAED, 0x00BEDAED, 0x00C4DEF1,
    0x00C0DBEE, 0x00C2DDEF, 0x00BEDBEC, 0x00C5DFF0, 0x00C4DFEF, 0x00C4DFEF, 0x00C5DFEF, 0x00C6E1F0, 0x00C4E0F0,
    0x00BFDBEB, 0x00C6E2F1, 0x00C0DCED, 0x00C7E2F2, 0x00C6E1F1, 0x00C6E2F3, 0x00C3E0EE, 0x00C6E0F1, 0x00C7E1F0,
    0x00C6E1F1, 0x00C4E0F0, 0x00C2DEEE, 0x00C3DEEE, 0x00C2DDED, 0x00C4DFEE, 0x00C9E2F2, 0x00C8E2F1, 0x00C7E1F1,
    0x00C5E0F0, 0x00C5E1F1, 0x00CAE3F2, 0x00C6E0F0, 0x00C5DFEF, 0x00C6E0EF, 0x00C6DFEF, 0x00C8E2F1, 0x00C6E0EF,
    0x00C3DEED, 0x00C2DCEC, 0x00C6E0F0, 0x00C2DEEE, 0x00C3DFEE, 0x00C1DDEE, 0x00C3DFEF, 0x00C3DFEF, 0x00C4DFEF,
    0x00C3DFEE, 0x00BFDCED, 0x00C4DEEF, 0x00C6E1F0, 0x00C7E2F1, 0x00C6E1F0, 0x00C6E0F0, 0x00C5DFEE, 0x00C4DFEE,
    0x00C8E2F2, 0x00C8E3F3, 0x00C6E2F2, 0x00C5DEEE, 0x00BBD3E0, 0x00AEC4CE, 0x00B1CAD7, 0x00BBD6E5, 0x00C6E3F1,
    0x00C8E2F2, 0x00C8E5F3, 0x00C6E2F1, 0x00CCE5F3, 0x00C7E2F0, 0x00C7E2F0, 0x00C7E1EF, 0x00C5DFEC, 0x00CBE5F3,
    0x00C9E3F1, 0x00CBE4F2, 0x00C5DFEC, 0x00C7E0EE, 0x00C6E0EE, 0x00C4DEEC, 0x00C7E1EF, 0x00C7E0EF, 0x00BED9E8,
    0x00C8E1EE, 0x00C2DCEA, 0x00C5DEEB, 0x00C6DEEE, 0x00C7E1EE, 0x00CAE3F2, 0x00CBE4F2, 0x00C8E3F2, 0x00C8E2F1,
    0x00CAE4F2, 0x00CBE3F1, 0x00C8E2F0, 0x00C5DFEE, 0x00C8E2F0, 0x00C6E0EF, 0x00C5DFEE, 0x00C8E2F1, 0x00C7E1F0,
    0x00C8E1EF, 0x00CAE3F1, 0x00C7E1EF, 0x00CDE5F3, 0x00C8E2EF, 0x00CAE4EF, 0x00C9E2F1, 0x00C9E3F0, 0x00CBE4F1,
    0x00CAE4F1, 0x00C8E1ED, 0x00CAE4F1, 0x00C9E2EF, 0x00CAE3F0, 0x00C4DEEE, 0x00C6E1EF, 0x00C8E2F0, 0x00C7E1EF,
    0x00C9E3F1, 0x00C8E2F0, 0x00C9E2F0, 0x00CAE2F1, 0x00C5E0EF, 0x00C4DFEE, 0x00CCE4F3, 0x00CAE3F0, 0x00C9E2F0,
    0x00CEE6F3, 0x00CBE4F3, 0x00CEE7F3, 0x00CEE7F3, 0x00CEE6F3, 0x00CEE7F3, 0x00CDE7F3, 0x00CEE7F4, 0x00CDE7F5,
    0x00D1E9F6, 0x00CEE7F4, 0x00CDE7F5, 0x00CBE6F3, 0x00C8E3F1, 0x00CBE3F2, 0x00C8E2F0, 0x00C8E2F0, 0x00C8E3F1,
    0x00C3DEED, 0x00C7E1F0, 0x00CAE4F0, 0x00CBE3F1, 0x00C8E1EE, 0x00CBE4F1, 0x00CFE5F2, 0x00C7E0EE, 0x00C7E0EF,
    0x00C6E0EE, 0x00C5DFEE, 0x00CAE4F1, 0x00C2DEEC, 0x00C9E3F1, 0x00C9E4F2, 0x00CAE4F1, 0x00CAE4F0, 0x00CDE5F2,
    0x00CBE5F2, 0x00CDE6F3, 0x00C9E2EE, 0x00C9E3F0, 0x00CAE3EF, 0x00C9E3EF, 0x00CBE4F1, 0x00CDE5F1, 0x00CCE5F1,
    0x00CFE5F2, 0x00CCE5F2, 0x00C8E1F0, 0x00C8E1F2, 0x00CAE1F3, 0x00C6E1F3, 0x00CAE3F2, 0x00CAE3EE, 0x00CEE6F2,
    0x00CCE5F2, 0x00C7E2F0, 0x00CDE5F3, 0x00C9E3F0, 0x00CBE5F2, 0x00DCEEF3, 0x00DCEEF2, 0x00D7EBEF, 0x00DAECF0,
    0x00DDEEF1, 0x00DEEEF2, 0x00DAEDF0, 0x00DCECF0, 0x00DAEBEF, 0x00E1EFF2, 0x00DEEDF1, 0x00DCEDF1, 0x00E1EFF2,
    0x00E1EFF2, 0x00DBECEF, 0x00DEEDF0, 0x00D7EAEF, 0x00D9EBEF, 0x00DAECEE, 0x00DEEEF0, 0x00DBECEF, 0x00DFEEF0,
    0x00D8EAEE, 0x00D8EBEE, 0x00DAEAEE, 0x00DAEAEE, 0x00D8E9EE, 0x00D7E8EB, 0x00DAEAEE, 0x00D9E9ED, 0x00DAEAEE,
    0x00DBE9ED, 0x00D7E8ED, 0x00D0E4EA, 0x00D4E5EB, 0x00DBEAED, 0x00DAEAED, 0x00DCEAEE, 0x00DAEAED, 0x00DFECF0,
    0x00DAEAEE, 0x00DAEBEE, 0x00DCEBEF, 0x00DBEBEE, 0x00DCEBEE, 0x00DAEAED, 0x00DCEBEE, 0x00DDECF0, 0x00DCECEF,
    0x00DDEBEE, 0x00DFECEF, 0x00DDEBED, 0x00DCECEF, 0x00DBEBEE, 0x00D7E8ED, 0x00D5E8EC, 0x00D5E7EC, 0x00D7E9EF,
    0x00D4E7EC, 0x00D5E8ED, 0x00D6E8F0, 0x00D7E9EF, 0x00D3E6EE, 0x00D5E9F0, 0x00D4E8F0, 0x00D5E9F0, 0x00D7EBF3,
    0x00D7EBF2, 0x00D5EAF2, 0x00D4E7F0, 0x00D2E6F1, 0x00D4EAF4, 0x00D1E8F2, 0x00D2E8F3, 0x00CEE6F2, 0x00CEE5F1,
    0x00C9E1EF, 0x00C7E2F0, 0x00CAE4F3, 0x00CCE5F3, 0x00C7E1EF, 0x00C4DEED, 0x00C9E3F1, 0x00C3E0F0, 0x00C5E1F1,
    0x00C4E0F1, 0x00C2DFEF, 0x00C8E3F3, 0x00C5E1F1, 0x00C7E2F2, 0x00C3DFF1, 0x00C8E3F2, 0x00C4E0F1, 0x00C3DFF0,
    0x00C2DEF0, 0x00C4DFF1, 0x00C3DFF2, 0x00BDD9EF, 0x00BED9EE, 0x00BEDAF0, 0x00C1DBF1, 0x00C0DCF0, 0x00B8D4ED,
    0x00BBD5EE, 0x00BAD6EF, 0x00B9D6ED, 0x00BDD9EF, 0x00B9D6EE, 0x00BBD8EF, 0x00C0DAF1, 0x00BFDCF0, 0x00C0DBEF,
    0x00C7DFF0, 0x00C8E1F0, 0x00C6E0F0, 0x00C7E1F1, 0x00C8E1F1, 0x00C7E2F2, 0x00C7E2F2, 0x00CBE4F2, 0x00C5E0F0,
    0x00C1DDF0, 0x00BFDCEF, 0x00C2DEF0, 0x00C5E1F0, 0x00C6E2F1, 0x00C6E2F2, 0x00C8E3F2, 0x00C4E0F0, 0x00C6E1F0,
    0x00C8E3F0, 0x00C4DFED, 0x00C7E2F0, 0x00C4DFEE, 0x00CBE4F1, 0x00CEE8F4, 0x00CFE7F3, 0x00CCE6F3, 0x00CDE6F3,
    0x00CDE7F4, 0x00CDE7F5, 0x00CBE4F2, 0x00C9E4F2, 0x00CAE4F3, 0x00C8E3F3, 0x00C6E1F1, 0x00CAE4F4, 0x00C6E1F1,
    0x00C4DFF0, 0x00C3DEF0, 0x00C2DEEF, 0x00BFDDED, 0x00C5E0EF, 0x00C6E1F0, 0x00C6E0F0, 0x00C9E3F1, 0x00CAE4F2,
    0x00CAE4F3, 0x00C9E3F2, 0x00CBE5F3, 0x00CFE9F5, 0x00CDE7F4, 0x00CAE6F3, 0x00C9E5F5, 0x00CAE5F4, 0x00C9E4F3,
    0x00CAE4F3, 0x00CAE5F3, 0x00CBE6F4, 0x00CEE8F4, 0x00C8E2F0, 0x00C3DEEE, 0x00C5E0EF, 0x00CCE6F4, 0x00C9E3F2,
    0x00C7E1F1, 0x00CAE3F3, 0x00C9E4F3, 0x00C6E0EF, 0x00CBE4F3, 0x00C7E1F1, 0x00C9E4F3, 0x00C9E3F3, 0x00C7E2F1,
    0x00C4DFEE, 0x00CAE4F3, 0x00CAE2F1, 0x00C7E1F0, 0x00C8E3F2, 0x00C6E1F1, 0x00C6E2F3, 0x00C9E4F4, 0x00C7E3F3,
    0x00C7E2F1, 0x00CAE4F0, 0x00C8E2F0, 0x00C8E2F0, 0x00C1DCEC, 0x00BFDBEB, 0x00C2DDEC, 0x00BBD2DD, 0x00C3DBE9,
    0x00C3DBEA, 0x00BBD2DE, 0x00C2D8E7, 0x00BED6E3, 0x00BDD6E4, 0x00C1D9E7, 0x00C5DEED, 0x00BAD4E1, 0x00C7DFEB,
    0x00CAE2F0, 0x00C3DEEB, 0x00C6E0ED, 0x00C5DFED, 0x00C3DEEC, 0x00C9E2EF, 0x00C3DBE9, 0x00BBD4E1, 0x00BCD3E2,
    0x00BFD8E4, 0x00C7E0ED, 0x00C0D9E7, 0x00C3DDEB, 0x00C8E2EF, 0x00CEE6F2, 0x00CBE4F1, 0x00C7E2F0, 0x00C6E1EF,
    0x00C9E3F0, 0x00C5E0ED, 0x00CBE5F2, 0x00C9E3F1, 0x00CAE4F3, 0x00C6E0EE, 0x00CBE5F2, 0x00C6E0EB, 0x00C5DFED,
    0x00C9E3F0, 0x00CAE4F0, 0x00C4DFED, 0x00C7E0EE, 0x00C7E0EF, 0x00C4DEED, 0x00C1DCEB, 0x00C4DEED, 0x00CBE4F1,
    0x00C7E1EF, 0x00CCE5F3, 0x00C9E2EF, 0x00C8E2F0, 0x00C9E3F0, 0x00C7E2EF, 0x00CEE6F3, 0x00CAE3F1, 0x00C7E1EF,
    0x00C7E2F0, 0x00C4E0EE, 0x00CAE4F0, 0x00CAE3F0, 0x00C7E2F0, 0x00C9E3F1, 0x00CAE3F1, 0x00CFE8F4, 0x00CBE5F2,
    0x00CAE4F1, 0x00CBE6F2, 0x00CDE6F2, 0x00CCE5F1, 0x00CAE4F1, 0x00CAE5F3, 0x00CDE7F3, 0x00CDE6F3, 0x00CBE5F3,
    0x00C9E4F2, 0x00CDE5F1, 0x00CAE3F0, 0x00C7E1EF, 0x00C4DDEC, 0x00C5DEEB, 0x00C3DCE9, 0x00CAE0EC, 0x00C7DFEB,
    0x00C7DEEA, 0x00C3DCE9, 0x00C5DEEC, 0x00C5DDE8, 0x00C6DEEA, 0x00C5DFEC, 0x00C2DCEB, 0x00C3DDEC, 0x00CDE5F2,
    0x00C9E3F0, 0x00C6E0EE, 0x00C8E1EE, 0x00C5DFEC, 0x00C9E2EE, 0x00CDE5F2, 0x00CAE3F1, 0x00C8E1ED, 0x00C6DFEC,
    0x00C9E3F0, 0x00C8E1ED, 0x00C7E0EB, 0x00CCE3EE, 0x00CCE2ED, 0x00CFE7F1, 0x00CAE3F1, 0x00CAE2F2, 0x00C6E0F0,
    0x00CBE4F2, 0x00C5DFEE, 0x00C4DEED, 0x00C3DDEC, 0x00C7DFEC, 0x00C5DEED, 0x00C8E3F1, 0x00CCE4F2, 0x00CAE4F1,
    0x00CCE6F2, 0x00DCEFF4, 0x00E0F0F4, 0x00DEEFF2, 0x00DEEEF2, 0x00DDEEF3, 0x00E0EFF4, 0x00DCEEF2, 0x00DCEDF1,
    0x00E2F0F3, 0x00DEEEF1, 0x00DFEEF2, 0x00DEEEF2, 0x00DEEEF2, 0x00DEEEF1, 0x00DEEEF1, 0x00DEEEF1, 0x00DCEDF1,
    0x00DEEEF1, 0x00DCEDF0, 0x00DBEDF1, 0x00DAECEF, 0x00DCEBEF, 0x00D9EAEF, 0x00D9EBEF, 0x00D9EAEE, 0x00DAEBEF,
    0x00D5E7EB, 0x00DDEBEE, 0x00DBEAEE, 0x00D7E8ED, 0x00DCEBEF, 0x00DAEAED, 0x00DFECEF, 0x00DAE9EC, 0x00D9E9ED,
    0x00DCEBEF, 0x00DDECEE, 0x00DBEAEF, 0x00DAE9ED, 0x00D9EAEE, 0x00D9EAEE, 0x00D7EAEE, 0x00DBEBEF, 0x00DAEBEE,
    0x00DAEAEE, 0x00DEEEF1, 0x00DDECF0, 0x00DBEBF0, 0x00DDEBF0, 0x00DBEBEF, 0x00D6E8EE, 0x00D5E8ED, 0x00D6E8EE,
    0x00D7E9EF, 0x00D6E9EF, 0x00D9EAF1, 0x00D3E7ED, 0x00D6E8EF, 0x00D1E6EE, 0x00D3E8F0, 0x00D1E6EE, 0x00D3E8F0,
    0x00D0E6EE, 0x00D1E5EE, 0x00CDE3EF, 0x00CDE4EF, 0x00CEE5F1, 0x00C9E2EF, 0x00C6DFED, 0x00C8E1EF, 0x00C8E1F0,
    0x00C9E3F2, 0x00C6E1F1, 0x00C9E3F2, 0x00C7E2F3, 0x00C9E3F3, 0x00C9E3F3, 0x00C8E3F4, 0x00C6E2F3, 0x00CAE5F4,
    0x00C4E0F0, 0x00C9E3F3, 0x00C6E1F1, 0x00C4E1F1, 0x00C5E0F0, 0x00C7E2F2, 0x00C3DFEF, 0x00C4E0F1, 0x00C4E0F1,
    0x00C4E1F1, 0x00C6E1F1, 0x00C3DFF0, 0x00C4DFF0, 0x00C4DEEF, 0x00C2DDF0, 0x00C3DFF0, 0x00C5E0F1, 0x00C5DFF0,
    0x00C4DEF0, 0x00C4DFF1, 0x00C6E0F1, 0x00C7E1F0, 0x00C2DCEE, 0x00C1DDEF, 0x00C2DCEF, 0x00C4DFEF, 0x00C6E0EF,
    0x00C5DFEF, 0x00C6E0EF, 0x00C6E0F0, 0x00C8E1F0, 0x00C8E0F0, 0x00C5DFEF, 0x00C9E1EF, 0x00C5DFF0, 0x00C3DDEF,
    0x00C1DCEF, 0x00C2DEEF, 0x00C1DDED, 0x00C5DFEE, 0x00C2DEEF, 0x00C7E1F0, 0x00C5E0EF, 0x00C7E2F0, 0x00CAE4F2,
    0x00C8E3F2, 0x00C8E3F2, 0x00CBE4F2, 0x00CAE4F2, 0x00C8E4F1, 0x00C8E2F0, 0x00C9E4F1, 0x00CAE3F1, 0x00C8E2F0,
    0x00C8E2F0, 0x00C9E3F1, 0x00CAE3F2, 0x00C9E4F2, 0x00CBE4F3, 0x00CDE6F4, 0x00CCE5F3, 0x00CDE6F3, 0x00CCE6F3,
    0x00CCE5F4, 0x00C7E2F2, 0x00C9E4F4, 0x00CCE6F4, 0x00CCE6F4, 0x00CBE6F4, 0x00C6E1F0, 0x00CCE6F4, 0x00C8E3F1,
    0x00C8E2F0, 0x00C5DFEF, 0x00C8E2F1, 0x00C8E3F2, 0x00CDE6F4, 0x00CCE5F3, 0x00CBE4F3, 0x00CCE5F3, 0x00CAE4F3,
    0x00CAE5F4, 0x00C8E3F2, 0x00C9E4F3, 0x00C8E3F3, 0x00C8E3F2, 0x00C8E1F1, 0x00C8E2F1, 0x00C8E3F2, 0x00CBE4F3,
    0x00C8E3F1, 0x00C6E1F0, 0x00C6E0EF, 0x00CAE3F0, 0x00C6E0F0, 0x00C4DFEF, 0x00C6E0F0, 0x00C7E1F1, 0x00CAE4F2,
    0x00CAE4F2, 0x00C7E2F2, 0x00C7E1EF, 0x00C4DFEE, 0x00C5DFEF, 0x00C9E3F1, 0x00C8E1F0, 0x00C9E2F0, 0x00C4DFEE,
    0x00C6DFEE, 0x00C9E2F1, 0x00C0DDEB, 0x00C7E2F2, 0x00C4E0EF, 0x00C8E2F0, 0x00C6E0EF, 0x00C7E2F0, 0x00C9E3F3,
    0x00C8E3F2, 0x00C5E0EE, 0x00C5DFEE, 0x00C2DBE9, 0x00C9E2EF, 0x00C8E2F0, 0x00C6DFEE, 0x00C7E1EF, 0x00C7E1EE,
    0x00C9E2EF, 0x00CBE3F0, 0x00CDE6F3, 0x00CAE3EF, 0x00CBE4F0, 0x00C7E1EF, 0x00C3DEEC, 0x00C4DFEC, 0x00C7E1EF,
    0x00C7E1EF, 0x00C6E0EE, 0x00C7E1EF, 0x00C7E1EF, 0x00C7E1EE, 0x00C8E2F0, 0x00CAE3F0, 0x00C9E2F0, 0x00C7E1EF,
    0x00C7E1EF, 0x00C8E1EF, 0x00C6E0EE, 0x00C5DFED, 0x00C1D9E6, 0x00C8E2F0, 0x00C5DFED, 0x00C7E1EF, 0x00C8E2F0,
    0x00C8E2F0, 0x00C8E2F0, 0x00C9E3F1, 0x00CBE4F1, 0x00C9E3F0, 0x00C9E3F1, 0x00C9E4F0, 0x00C5E0ED, 0x00CCE5F1,
    0x00C5DFED, 0x00C9E4F1, 0x00C4DFEE, 0x00C3DEED, 0x00C7E2F0, 0x00C5DFEE, 0x00C6E0EE, 0x00CAE4F2, 0x00CCE5F1,
    0x00CAE4F1, 0x00CAE4F1, 0x00CEE5F3, 0x00C7E1EF, 0x00C6E0EE, 0x00C6E0EF, 0x00C8E2F0, 0x00C8E3F0, 0x00C7E2F0,
    0x00CAE4F1, 0x00CCE5F1, 0x00CBE4F1, 0x00CCE6F3, 0x00C8E2EF, 0x00CAE5F2, 0x00CCE6F3, 0x00CCE5F3, 0x00CCE7F3,
    0x00CBE5F2, 0x00C9E4F1, 0x00CAE6F3, 0x00CBE5F2, 0x00C9E3F1, 0x00C8E3F0, 0x00CAE3F1, 0x00C7E1EF, 0x00C2DDEC,
    0x00CEE0EA, 0x00E0EDF4, 0x00DEEBF2, 0x00DFECF3, 0x00DFECF3, 0x00DFECF3, 0x00D2E3EC, 0x00C6DBE7, 0x00DFECF3,
    0x00D7E5ED, 0x00CDDFE9, 0x00CFE1EB, 0x00CEE1EB, 0x00C6DDEA, 0x00C6E1EF, 0x00C6E1ED, 0x00CEE2EB, 0x00DCEBF2,
    0x00CDE0E9, 0x00CBE4F0, 0x00CBE4F0, 0x00D0E1EA, 0x00D2E3EC, 0x00C4DEEA, 0x00CDE0EA, 0x00DAE8EE, 0x00CADDE8,
    0x00DCE9EF, 0x00C8DFEB, 0x00C9E1ED, 0x00C9E3F0, 0x00CAE3EF, 0x00C8E0ED, 0x00C9E1EC, 0x00CDE0E9, 0x00DFECF3,
    0x00CCDDE7, 0x00D2E3ED, 0x00C6E0EF, 0x00CBE4F1, 0x00CCE4F1, 0x00CBE4F1, 0x00DCF0F5, 0x00DCEFF3, 0x00DDEFF3,
    0x00DDEEF3, 0x00DDEEF1, 0x00DEEEF3, 0x00DEEEF4, 0x00DDEEF2, 0x00E0F0F4, 0x00DDEEF1, 0x00E0F0F3, 0x00DEEEF1,
    0x00E0F0F3, 0x00DFEFF1, 0x00E2F0F3, 0x00E0EFF2, 0x00DBECEF, 0x00DEEEF1, 0x00DCECEF, 0x00D9ECF0, 0x00DAEBEF,
    0x00DAEBEE, 0x00DBECEF, 0x00DCEDEF, 0x00DCECEE, 0x00DFEDF0, 0x00DBEBEE, 0x00DDEBEF, 0x00DBEBF1, 0x00D8E8EE,
    0x00D8E9EE, 0x00D8EAEE, 0x00DDEBEF, 0x00D6E7EA, 0x00DAEAEE, 0x00D9E9EE, 0x00DDECEF, 0x00DCEBEF, 0x00D4E8ED,
    0x00DBEBF0, 0x00DAEBEF, 0x00D9EBEF, 0x00DCEBF0, 0x00DCEDF2, 0x00DCECF1, 0x00DAEBF2, 0x00D6EAEF, 0x00D7EAEF,
    0x00D2E5EB, 0x00DAEBEF, 0x00D5E8F0, 0x00DAEDF2, 0x00D8EAF2, 0x00D6E9F0, 0x00CFE4EC, 0x00CFE5ED, 0x00D0E7EE,
    0x00D1E6F0, 0x00D2E8F1, 0x00CEE5F0, 0x00C4DEEA, 0x00C5DEEB, 0x00C3DDEC, 0x00C1DBEB, 0x00C4DEEF, 0x00C3DEEF,
    0x00C7E2F1, 0x00C4DFEF, 0x00BFDCEC, 0x00BFDCEC, 0x00C4DFEF, 0x00C5E0F0, 0x00C3DFF0, 0x00C8E3F2, 0x00C9E3F2,
    0x00C8E2F2, 0x00C8E2F2, 0x00C2DEF0, 0x00C7E3F3, 0x00C9E3F3, 0x00C9E4F2, 0x00CDE6F3, 0x00C4DFF1, 0x00C3DFF2,
    0x00C3DFF1, 0x00C2DFF0, 0x00C5E2F1, 0x00C6E2F2, 0x00C6E1F1, 0x00C3DFF0, 0x00C4DFF0, 0x00C4E0F1, 0x00C3DEEF,
    0x00C6E1F1, 0x00C5E0F0, 0x00C6E0F0, 0x00C5DFEF, 0x00C8E2F2, 0x00C9E2F3, 0x00C7E0F0, 0x00C7E0EF, 0x00C4DEEF,
    0x00C4DDEE, 0x00C4DFEF, 0x00C4DEEE, 0x00C9E1F1, 0x00C6DEEE, 0x00C9E2F0, 0x00C9E0F0, 0x00C9E2F0, 0x00CEE5F3,
    0x00C9E1EF, 0x00CCE4F1, 0x00C9E2F0, 0x00C8E2EF, 0x00C9E3F2, 0x00C6E0F0, 0x00C6E0EF, 0x00C7E0F0, 0x00C6E1F0,
    0x00BFDCEE, 0x00BFDCED, 0x00C7E1F0, 0x00C8E2F1, 0x00C8E2F2, 0x00C6E2F0, 0x00CAE4F2, 0x00CDE6F2, 0x00CCE4F3,
    0x00CAE5F2, 0x00CCE4F2, 0x00CAE4F0, 0x00CCE5F1, 0x00C9E3F0, 0x00CBE5F2, 0x00CBE5F2, 0x00CCE4F2, 0x00C9E3F1,
    0x00CAE3F1, 0x00CAE4F2, 0x00CAE4F2, 0x00CDE5F3, 0x00CCE4F2, 0x00CBE5F4, 0x00CAE4F2, 0x00C9E3F2, 0x00CBE4F4,
    0x00C8E3F2, 0x00C7E2F1, 0x00C5E0EF, 0x00C6E1F0, 0x00C5DFEE, 0x00C6E0EF, 0x00C7E2F1, 0x00C5DFEE, 0x00C4DFEE,
    0x00C8E2F1, 0x00C8E3F2, 0x00CCE5F3, 0x00CAE3F2, 0x00CAE4F4, 0x00C9E4F2, 0x00CAE5F3, 0x00C9E3F2, 0x00C4DFEE,
    0x00C7E2F1, 0x00C4DFEF, 0x00C7E2F2, 0x00C7E1F0, 0x00C6E1EF, 0x00CBE5F2, 0x00C9E3F1, 0x00C7E2F0, 0x00C8E1EE,
    0x00C6E1F0, 0x00C4DFEE, 0x00C7E2F1, 0x00C6E1EF, 0x00C7E1F1, 0x00C6E1F0, 0x00C5E0EF, 0x00BDD3E1, 0x00BDD5E3,
    0x00C7DFEE, 0x00C4DEED, 0x00BFD9E7, 0x00C6E0EF, 0x00C0DBEA, 0x00C0DBEA, 0x00C1DCEB, 0x00C0DBEA, 0x00C8E3F1,
    0x00C3DEED, 0x00C9E3F0, 0x00C5E1EF, 0x00C5E0EF, 0x00CEE8F5, 0x00CBE6F4, 0x00CCE7F5, 0x00CBE5F3, 0x00CAE5F3,
    0x00CCE5F2, 0x00CBE4F1, 0x00C9E2EE, 0x00C8E3EF, 0x00C9E2EF, 0x00C4DDEA, 0x00C5DEEC, 0x00CCE3F1, 0x00CAE2EF,
    0x00C6E1EE, 0x00CAE4F1, 0x00C7E1EF, 0x00C6E0EE, 0x00C8E2F0, 0x00C7E1EF, 0x00C9E3F0, 0x00C7E2EF, 0x00C6E0EE,
    0x00CDE4F1, 0x00C8E2EF, 0x00CDE6F1, 0x00CEE6F2, 0x00CAE4F0, 0x00C7E2EF, 0x00CBE4F0, 0x00CAE4F0, 0x00C9E2EF,
    0x00C8E1EF, 0x00C8E1EF, 0x00C8E2F0, 0x00C6E0EE, 0x00C5E0EF, 0x00C7E2EF, 0x00CAE4F2, 0x00CAE3F0, 0x00CCE5F2,
    0x00CCE5F1, 0x00C7E1EF, 0x00C7E2F0, 0x00C8E2F0, 0x00C9E2F0, 0x00C7E2F0, 0x00C5DFEE, 0x00C5E0EF, 0x00C3DFED,
    0x00C4DEEE, 0x00C6E1F0, 0x00C5DFEE, 0x00C8E2EF, 0x00CCE5F3, 0x00CAE2EF, 0x00CBE5F1, 0x00CBE5F1, 0x00C9E3F2,
    0x00C6E1EF, 0x00C4DFED, 0x00C9E2F0, 0x00C6E0EE, 0x00C9E4F0, 0x00CEE6F2, 0x00CBE5F2, 0x00CEE7F3, 0x00CBE4F1,
    0x00C9E3EF, 0x00CBE5F2, 0x00CAE4F2, 0x00CCE5F2, 0x00CAE5F2, 0x00C8E3F0, 0x00CAE4F1, 0x00CAE5F2, 0x00CDE6F3,
    0x00CBE5F3, 0x00CAE4F0, 0x00CAE4F2, 0x00CAE4F0, 0x00C7E1EE, 0x00C6DBE6, 0x00C8DAE5, 0x00CADBE4, 0x00C7D9E2,
    0x00C8DAE4, 0x00C8DAE4, 0x00C8DBE5, 0x00CCDFE8, 0x00E4EFF5, 0x00E4EFF5, 0x00E3EFF5, 0x00E4F0F6, 0x00E9F4FA,
    0x00D0E0EA, 0x00C9E2EF, 0x00C8E1EC, 0x00DAE7EF, 0x00EAF4F9, 0x00DCEAF1, 0x00C6DFEB, 0x00C7E0ED, 0x00D7E6EE,
    0x00DEEBF1, 0x00C7DFEB, 0x00D2E3EB, 0x00E5F0F6, 0x00DEEBF1, 0x00E9F3F8, 0x00DCE9F0, 0x00DBE9F1, 0x00C8DEE9,
    0x00C6DDEA, 0x00E4F0F5, 0x00E2EEF4, 0x00E4EFF6, 0x00E9F4F9, 0x00E6F1F6, 0x00DEEAF0, 0x00CAE4EE, 0x00CBE3F1,
    0x00D0E7F3, 0x00CDE5F1, 0x00E0F1F5, 0x00DAEEF3, 0x00DEEFF4, 0x00DDEFF4, 0x00E0EFF3, 0x00DCEEF1, 0x00DFF0F3,
    0x00E0EFF3, 0x00DDEEF2, 0x00E0EFF4, 0x00D8EBF0, 0x00DDEEF2, 0x00E0EFF2, 0x00E0EFF3, 0x00DCEDF1, 0x00DFEEF2,
    0x00DDEEF1, 0x00DCEDF1, 0x00DCEDF2, 0x00DAECF0, 0x00D9EBEF, 0x00DEEDF0, 0x00DDECF0, 0x00DAEBEF, 0x00D7E9ED,
    0x00DEEDF0, 0x00DAEBEE, 0x00D8EAEE, 0x00D6E9EE, 0x00DAEAEF, 0x00D7E9EE, 0x00DAEAEF, 0x00D9E9EE, 0x00D8E9ED,
    0x00D7E9EE, 0x00D8E9EE, 0x00D9E9EE, 0x00DAEBF0, 0x00D8EAEF, 0x00D5E8EE, 0x00D7E9EF, 0x00D9EAF0, 0x00DAECF1,
    0x00D9EBF1, 0x00DBECF2, 0x00D7EAF1, 0x00D7EAF1, 0x00D6E9F1, 0x00D5EAF0, 0x00D4E8F0, 0x00D2E8EF, 0x00D5E8EF,
    0x00D3E7EF, 0x00D6EAF1, 0x00D3E8F1, 0x00CFE6EF, 0x00C8E1EC, 0x00C5DEEB, 0x00C5DEED, 0x00C4DEED, 0x00C1DDEC,
    0x00C5DFF0, 0x00C4E0F2, 0x00C5E1F1, 0x00C2DFF1, 0x00C0DCEE, 0x00C7E1F1, 0x00BFDCEE, 0x00C4DFEF, 0x00C4E0F0,
    0x00C9E3F2, 0x00C4E0EF, 0x00C9E3F2, 0x00C7E2F1, 0x00CBE4F3, 0x00C7E2F1, 0x00CAE3F2, 0x00C8E2F2, 0x00C8E3F2,
    0x00C7E1F1, 0x00CAE4F2, 0x00CFE7F4, 0x00CAE4F2, 0x00C4E0F0, 0x00C5E1F0, 0x00C4E0EF, 0x00C5E0F1, 0x00C5E0F0,
    0x00C1DEEE, 0x00C3DFEF, 0x00C4DFF0, 0x00C4E0EF, 0x00C8E2F1, 0x00C6E1F1, 0x00C7E1EF, 0x00C8E2F2, 0x00C7E1F0,
    0x00C6E0EF, 0x00C7E1F0, 0x00C9E2F0, 0x00CAE2F0, 0x00C9E2EE, 0x00C6E0EE, 0x00C8E1EF, 0x00C9E3F0, 0x00CBE3F1,
    0x00CAE3F0, 0x00C9E1EF, 0x00CCE4F0, 0x00D0E5F3, 0x00CBE3F1, 0x00CAE3EF, 0x00CCE3F1, 0x00CDE4F2, 0x00CCE5F3,
    0x00CCE3F1, 0x00C8E2F1, 0x00C9E3F2, 0x00CAE2F1, 0x00C6E1F0, 0x00C7E0F0, 0x00C8E3F0, 0x00CAE3F1, 0x00C8E2F2,
    0x00C7E1F0, 0x00CAE3F2, 0x00CCE3F2, 0x00CCE4F1, 0x00C7E1F0, 0x00C9E3EF, 0x00CEE6F2, 0x00C4DFED, 0x00CAE3F0,
    0x00CBE5F1, 0x00CAE4F1, 0x00CAE3F0, 0x00C9E3F1, 0x00C7E1EF, 0x00CAE3F0, 0x00C9E3F2, 0x00CAE3F1, 0x00CAE3F1,
    0x00C9E3F1, 0x00CAE4F3, 0x00C8E2F1, 0x00C7E1F0, 0x00C8E2F2, 0x00C6E1F1, 0x00C5DFEF, 0x00C7E1F1, 0x00C7E1F0,
    0x00C8E3F2, 0x00C6E0EF, 0x00C6E0F0, 0x00C7E2F0, 0x00C8E3F2, 0x00C8E2F1, 0x00C9E3F1, 0x00CBE4F2, 0x00C9E2F1,
    0x00CAE4F2, 0x00CCE6F3, 0x00CAE3F1, 0x00C8E1EF, 0x00C6E0EE, 0x00C4DEEE, 0x00C2DBE8, 0x00BDD7E4, 0x00C0D9E7,
    0x00C3DDEB, 0x00C2DCEA, 0x00C5DFEC, 0x00C2DCE9, 0x00C8E1EF, 0x00C1DAE8, 0x00C2DCEA, 0x00C4DFED, 0x00C1DDEB,
    0x00C3DDEB, 0x00C5DFED, 0x00C5DEEC, 0x00C3DEED, 0x00C4DEED, 0x00C7E1EF, 0x00C4DEEB, 0x00C8E2F0, 0x00C4DEEE,
    0x00C0DCEB, 0x00C7E2F0, 0x00C4DFEE, 0x00C4E0EF, 0x00C6E1EF, 0x00C6E1EF, 0x00C7E2EF, 0x00CBE4F3, 0x00C4E0EE,
    0x00CBE5F3, 0x00CBE6F4, 0x00C8E3F1, 0x00CDE8F4, 0x00CCE5F3, 0x00CCE6F4, 0x00CCE6F2, 0x00CDE6F2, 0x00CDE6F2,
    0x00C9E4F0, 0x00C9E2EF, 0x00C7E2EE, 0x00C7E1EE, 0x00CAE3F0, 0x00C4DFEC, 0x00C7E1EE, 0x00C6E0EE, 0x00C7E1EF,
    0x00C7E1ED, 0x00C9E3F0, 0x00C6E0EE, 0x00C8E2EE, 0x00C8E3EE, 0x00CCE5F2, 0x00C9E3EF, 0x00CAE2EE, 0x00CCE3F1,
    0x00CAE3EE, 0x00CAE3F0, 0x00CAE1EF, 0x00CAE3F0, 0x00C7E0EE, 0x00C5E0EE, 0x00C9E1EF, 0x00C9E3F0, 0x00C8E1EF,
    0x00C9E3F1, 0x00C9E3F2, 0x00CAE4F1, 0x00C6E1EF, 0x00C9E4F1, 0x00C8E1EF, 0x00C8E2F0, 0x00C7E1EF, 0x00C9E3F0,
    0x00C8E1F0, 0x00C7E2F0, 0x00C4DFEE, 0x00C6E1EF, 0x00CCE6F2, 0x00CAE5F0, 0x00C9E3F0, 0x00CAE4F2, 0x00CBE4F1,
    0x00CAE3F1, 0x00CBE4F1, 0x00C9E3F1, 0x00CAE3F1, 0x00C8E2F0, 0x00C7E1EF, 0x00C4DFED, 0x00C7E1EF, 0x00CAE4F2,
    0x00C9E3F0, 0x00CDE5F1, 0x00C6E1EF, 0x00CAE5F1, 0x00CAE4F1, 0x00C9E3F0, 0x00CDE6F5, 0x00C6E1EF, 0x00C8E2F1,
    0x00CAE3F0, 0x00CBE5F2, 0x00CAE4F2, 0x00CBE5F1, 0x00CBE5F2, 0x00CFE8F4, 0x00CDE6F2, 0x00C8E2F0, 0x00CCE5F1,
    0x00CBE4F0, 0x00C4DBE7, 0x00DFEBF1, 0x00E1EDF3, 0x00E2ECF3, 0x00E3EEF4, 0x00E0EBF2, 0x00C9DEE9, 0x00C5DBE6,
    0x00CBDCE5, 0x00CCDCE6, 0x00C8DBE5, 0x00BAD1DD, 0x00E4EFF5, 0x00D1E3EB, 0x00C6E0ED, 0x00C1D9E6, 0x00E5F0F7,
    0x00DFEBF1, 0x00E4EFF5, 0x00CBE1ED, 0x00C9E2EE, 0x00D9E7EF, 0x00E0ECF2, 0x00C8E1ED, 0x00D0E2EA, 0x00DCE9F0,
    0x00E0ECF2, 0x00E8F3F8, 0x00DBE8EF, 0x00DDEAF0, 0x00CADFEA, 0x00C9DEE8, 0x00EAF4F8, 0x00D6E6ED, 0x00D5E5ED,
    0x00E5F1F6, 0x00E1ECF2, 0x00D3E3EB, 0x00C7E1EE, 0x00C9E3F1, 0x00CBE4F1, 0x00CEE6F3, 0x00DFF1F6, 0x00DCEFF4,
    0x00DCEEF3, 0x00DFF0F4, 0x00D8ECF0, 0x00DBEDF2, 0x00DCEEF1, 0x00DAEDF2, 0x00D9ECF1, 0x00DCEEF3, 0x00DBEEF2,
    0x00DEEEF4, 0x00DEEEF2, 0x00D8ECEF, 0x00DDEDF1, 0x00DEEEF1, 0x00D8EBEF, 0x00DBEDF0, 0x00D7EBF0, 0x00DAECF1,
    0x00D8EBEF, 0x00D8EBEF, 0x00D4E9EE, 0x00D9EBF0, 0x00DBEDF1, 0x00DAECF0, 0x00D4E9ED, 0x00D9EBF0, 0x00DBEBEF,
    0x00DBEBF1, 0x00D8EAEE, 0x00D9EBF0, 0x00D9EAEE, 0x00DCEBF0, 0x00D8EAEF, 0x00DAEBF0, 0x00D9EBF0, 0x00DAECF0,
    0x00DCEDF2, 0x00D9EBF0, 0x00D6E9EF, 0x00D5E9EF, 0x00D5E8F0, 0x00CFE7EE, 0x00D8ECF3, 0x00D0E6EE, 0x00D4EAF2,
    0x00D0E6F1, 0x00D2E9F2, 0x00CCE4F0, 0x00CCE5F0, 0x00CBE2EF, 0x00C9E3EF, 0x00C9E3F0, 0x00C7E1EF, 0x00C1DDEE,
    0x00C6E2F3, 0x00C8E2F2, 0x00C2DEEF, 0x00C3DEEF, 0x00C7E1F0, 0x00C7E0F0, 0x00C6E1F0, 0x00C8E2F1, 0x00C6E1F0,
    0x00C6E2F1, 0x00C8E2F1, 0x00BFDCEC, 0x00C5E0F0, 0x00C6E1F1, 0x00C7E1F0, 0x00C6E1F1, 0x00C7E2F1, 0x00C9E3F2,
    0x00C4E0F0, 0x00C5E1F0, 0x00C1DDED, 0x00C7E1F0, 0x00C8E3F1, 0x00C8E3F1, 0x00C8E2F2, 0x00CBE5F3, 0x00CAE4F1,
    0x00C9E3F1, 0x00C4E0F1, 0x00C5E0F0, 0x00C3DFF0, 0x00C7E2F0, 0x00C7E2F0, 0x00C6E1F0, 0x00C7E1F1, 0x00C9E3F1,
    0x00C8E2F1, 0x00C8E2F0, 0x00CBE4F2, 0x00C7E1EF, 0x00C8E2EF, 0x00C9E3F1, 0x00C9E2EF, 0x00C9E3F1, 0x00C9E2EF,
    0x00CBE3F1, 0x00C8E1EE, 0x00CCE3F1, 0x00CDE3F2, 0x00CAE3F0, 0x00CEE5F2, 0x00CEE5F2, 0x00CEE5F0, 0x00CFE4F1,
    0x00CEE5F1, 0x00CAE3F0, 0x00CFE6F2, 0x00D1E8F2, 0x00D2E9F4, 0x00D1E8F3, 0x00CDE5F2, 0x00CDE5F2, 0x00C9E3F0,
    0x00CDE6F2, 0x00CBE5F1, 0x00CAE3F1, 0x00C6E1EF, 0x00C7E1EF, 0x00C9E3F0, 0x00CEE6F3, 0x00CCE6F3, 0x00CBE6F2,
    0x00CDE7F2, 0x00CBE5F1, 0x00CCE5F1, 0x00CDE6F3, 0x00C9E3F1, 0x00CBE5F2, 0x00CAE3F1, 0x00C8E2F0, 0x00C9E3F1,
    0x00C9E1F0, 0x00C7E0EE, 0x00C6E1F0, 0x00C9E4F2, 0x00CFE7F3, 0x00CDE7F4, 0x00CAE4F2, 0x00CAE4F2, 0x00CCE6F3,
    0x00CCE6F2, 0x00CBE5F3, 0x00C6DFEC, 0x00C9E2F0, 0x00C4DCEA, 0x00C6DEEB, 0x00C2DAE9, 0x00C0D9E7, 0x00C2DBE9,
    0x00C1DAE9, 0x00C3DDEB, 0x00C3DDEB, 0x00C5E0EE, 0x00C6E0EF, 0x00C9E3F0, 0x00CAE4F2, 0x00C9E2F0, 0x00C8E2F1,
    0x00C6E0EE, 0x00C7E1F0, 0x00BED8E5, 0x00C0D9E7, 0x00C5DEEC, 0x00C7E0EF, 0x00C6DFEC, 0x00C7DFEE, 0x00C5DFED,
    0x00C4DEED, 0x00C5DEEC, 0x00C6E0EE, 0x00C1DBEA, 0x00C5DFED, 0x00C8E1ED, 0x00CAE2F0, 0x00C6E0ED, 0x00C8E1EE,
    0x00C6E0ED, 0x00C0DDEB, 0x00C8E1F0, 0x00C8E2EF, 0x00C5DFEE, 0x00C6E1EF, 0x00C4DEEE, 0x00C8E2F0, 0x00C6E1EF,
    0x00C6E0EF, 0x00C5E0EF, 0x00C4DEED, 0x00CAE4F2, 0x00C9E4F2, 0x00CDE7F3, 0x00C9E4F2, 0x00CAE5F2, 0x00CAE4F1,
    0x00CAE4F3, 0x00C7E2F0, 0x00CCE6F2, 0x00CBE4F1, 0x00CAE4F1, 0x00C8E2EF, 0x00CBE4F1, 0x00CBE5F2, 0x00CBE5F1,
    0x00CBE3EF, 0x00CCE5F1, 0x00CBE4F0, 0x00C8E2EF, 0x00C6E0EE, 0x00C7E1EE, 0x00C4DFED, 0x00C8E2F0, 0x00CAE4F0,
    0x00C9E2F0, 0x00C5DFED, 0x00C7E1EF, 0x00CEE7F2, 0x00CBE4F0, 0x00CAE2F0, 0x00CEE5F1, 0x00C9E2F0, 0x00C4DFED,
    0x00C5DEED, 0x00C8E1F0, 0x00CCE4F1, 0x00C2DEEC, 0x00C6E0EE, 0x00C9E3EF, 0x00C7E2EF, 0x00C8E2F0, 0x00CAE4F1,
    0x00C9E3F0, 0x00C9E3F1, 0x00CAE4F0, 0x00C8E2EF, 0x00C8E2EF, 0x00C8E3F0, 0x00C7E1EE, 0x00C6E0EE, 0x00C6E1EF,
    0x00C6E1EF, 0x00C7E1EF, 0x00C7E2EF, 0x00C5DFED, 0x00C7E2F0, 0x00C9E2EF, 0x00C9E2F0, 0x00CAE3F0, 0x00C5DFED,
    0x00C8E2F0, 0x00C4DFEE, 0x00C7E1EF, 0x00CCE5F2, 0x00C6E1EE, 0x00CDE7F2, 0x00C9E3EF, 0x00CAE4F1, 0x00C9E3F0,
    0x00C8E2EF, 0x00CCE5F2, 0x00CCE5F1, 0x00C9E3F0, 0x00CAE3EF, 0x00C9E3F2, 0x00C7E1EF, 0x00C5E0EE, 0x00CCE5F3,
    0x00CEE7F4, 0x00CAE3F0, 0x00CCE6F2, 0x00C8E2EF, 0x00CBE4F2, 0x00CAE3F2, 0x00BFD7E3, 0x00EBF5FA, 0x00C6D8E1,
    0x00C4D7E1, 0x00CDDDE6, 0x00E7F2F8, 0x00CEE1EA, 0x00CCE0E9, 0x00EAF4F9, 0x00DDEAF0, 0x00E6F1F8, 0x00CCDEE8,
    0x00E5F0F6, 0x00D1E2EA, 0x00C7DFED, 0x00C7DCE6, 0x00E8F3F8, 0x00C8DAE2, 0x00E9F4F8, 0x00CCE0EA, 0x00C8E1EE,
    0x00DAE8EF, 0x00E1EDF2, 0x00CBE4EE, 0x00C9E2ED, 0x00C5DCE7, 0x00C9DBE4, 0x00E3EEF3, 0x00C5DAE5, 0x00C5DDE8,
    0x00CAE3EE, 0x00CBDFEB, 0x00E7F2F7, 0x00D5E4EC, 0x00D2E2EB, 0x00D5E3EA, 0x00DCE9F0, 0x00CAE1ED, 0x00D1E7F3,
    0x00CEE6F1, 0x00CEE6F2, 0x00CBE5F2, 0x00DBEEF4, 0x00DAEDF2, 0x00D9EDF2, 0x00D7EBF1, 0x00DDEFF3, 0x00DCEEF4,
    0x00DBEEF2, 0x00D8EBF1, 0x00D9EDF2, 0x00DDEEF4, 0x00DBEDF3, 0x00D9ECF1, 0x00DAECF1, 0x00DDEDF2, 0x00DDEEF4,
    0x00D8ECF1, 0x00D8ECF1, 0x00D8ECF1, 0x00D7EBEF, 0x00D7EAF0, 0x00D9ECF1, 0x00D6EAEE, 0x00D7ECF1, 0x00DAEDF1,
    0x00D9ECF2, 0x00DAECF0, 0x00E0EFF2, 0x00DAECF0, 0x00DFEFF3, 0x00DBECF1, 0x00D9EBF0, 0x00DAECF1, 0x00D9EBF0,
    0x00D5E8EE, 0x00D5E8EF, 0x00D5E8F0, 0x00D3E6EE, 0x00D1E6EE, 0x00CDE4EE, 0x00CCE3ED, 0x00C8E1EC, 0x00D0E8F1,
    0x00CCE6F1, 0x00CDE8F2, 0x00CAE3F1, 0x00CCE5F1, 0x00CBE4F2, 0x00C9E4F1, 0x00C8E2F1, 0x00C4E0F0, 0x00C6E1F1,
    0x00C7E2F2, 0x00C5E1F0, 0x00C2E0EF, 0x00C8E3F1, 0x00C8E3F3, 0x00C8E2F1, 0x00C6E1F0, 0x00C9E4F1, 0x00C5E0F0,
    0x00C6E2F0, 0x00C6E0EF, 0x00C6E1F0, 0x00C8E3F0, 0x00C4DFEE, 0x00C6E0EE, 0x00C6E1F0, 0x00C6E1EF, 0x00CAE4F0,
    0x00CAE3F1, 0x00C9E2F1, 0x00CCE4F3, 0x00C7E2F0, 0x00C9E2F1, 0x00C8E3F2, 0x00C7E1F1, 0x00CBE5F1, 0x00C8E2F1,
    0x00C9E3F3, 0x00C8E2F0, 0x00C7E2F0, 0x00CDE5F2, 0x00CDE5F2, 0x00C5E0EF, 0x00C7E1F1, 0x00C9E3F0, 0x00C9E4F1,
    0x00C7E1F1, 0x00C8E2F1, 0x00CAE3F1, 0x00C7E2F0, 0x00C5E0EE, 0x00C8E2F1, 0x00C8E3F0, 0x00CCE4F2, 0x00CCE5F2,
    0x00CCE5F2, 0x00CAE3F0, 0x00CAE4F1, 0x00CAE4F1, 0x00C9E2F0, 0x00C9E2EF, 0x00CCE4F1, 0x00CCE2EF, 0x00CEE5F3,
    0x00CDE5F1, 0x00D0E6F3, 0x00C9E2EF, 0x00CDE5F1, 0x00CFE5F2, 0x00CAE2EE, 0x00CFE6F2, 0x00D4E9F3, 0x00D3E9F5,
    0x00D4E9F5, 0x00D1E7F3, 0x00CBE5F1, 0x00C8E2F0, 0x00C3DFEE, 0x00C8E2F1, 0x00C5DFEE, 0x00C5DFEF, 0x00C6E1F0,
    0x00CAE3F2, 0x00CEE6F1, 0x00CBE4F1, 0x00C6E1EF, 0x00C9E3F2, 0x00CCE4F2, 0x00CBE4F1, 0x00CFE7F3, 0x00CBE5F0,
    0x00CAE4F1, 0x00CFE7F4, 0x00CBE5F2, 0x00CAE4F1, 0x00C8E2F0, 0x00C7E1EF, 0x00C9E3F2, 0x00C6E0ED, 0x00C5DDE8,
    0x00C5DAE8, 0x00BCD3DF, 0x00BFD6E3, 0x00BFD7E5, 0x00BACEDA, 0x00C1D4E0, 0x00BED2DD, 0x00BDD2DE, 0x00C2D9E5,
    0x00C4DDEA, 0x00BDD6E5, 0x00BCD6E4, 0x00C3DFEE, 0x00C8E1EE, 0x00C0DAE7, 0x00C4DFED, 0x00C1DBEA, 0x00BBD6E4,
    0x00C2DCEA, 0x00CAE3EF, 0x00C8E2F1, 0x00C8E3F0, 0x00CBE5F3, 0x00C8E2F0, 0x00C0DCEB, 0x00C8E2F0, 0x00C2DCEC,
    0x00C0DAE7, 0x00C5DFEC, 0x00C4DEED, 0x00C6DFEE, 0x00C4DFEC, 0x00C2DDEB, 0x00C7E0EE, 0x00C6E0ED, 0x00C5E0ED,
    0x00C8E2EF, 0x00D2EAF4, 0x00CDE6F2, 0x00C8E2ED, 0x00C9E0EE, 0x00CBE2ED, 0x00C9E1EE, 0x00C6E0ED, 0x00D2E9F3,
    0x00C6E0EE, 0x00C4E0EF, 0x00C4E0EF, 0x00C5E0EF, 0x00C8E3F1, 0x00C6E2F1, 0x00C7E1F0, 0x00C8E2F0, 0x00C8E2EF,
    0x00CAE4F1, 0x00D0E9F5, 0x00CBE5F3, 0x00CFE8F4, 0x00CDE6F3, 0x00C9E3F1, 0x00C9E4F1, 0x00C9E4F1, 0x00CBE5F2,
    0x00CDE7F2, 0x00CBE5F1, 0x00CAE4F1, 0x00CBE4F1, 0x00CBE5F2, 0x00CCE6F1, 0x00CDE6F2, 0x00C6E1EE, 0x00CAE4F1,
    0x00C7E1EE, 0x00CBE5F2, 0x00CAE4F1, 0x00CDE6F3, 0x00CFE7F4, 0x00CAE3F0, 0x00C8E2EF, 0x00CBE3F0, 0x00CAE2F0,
    0x00CBE3F1, 0x00C8E2EE, 0x00CEE5F1, 0x00C6E0EF, 0x00C4DFEE, 0x00C6DFEE, 0x00C7E1EF, 0x00CCE4F3, 0x00C4DDEC,
    0x00C8E2F0, 0x00C9E2F0, 0x00C7E1EE, 0x00CAE4F1, 0x00C9E2F0, 0x00CBE4EF, 0x00CAE3EF, 0x00C6E0EE, 0x00C2DCEB,
    0x00C0DCEA, 0x00C6E1EF, 0x00C6E0EE, 0x00C5DFEE, 0x00CAE5F2, 0x00C6E0EE, 0x00CAE4F1, 0x00C4DFEC, 0x00C7E1EF,
    0x00C6E0EE, 0x00CAE2F0, 0x00CAE4F2, 0x00CCE5F2, 0x00C8E3EF, 0x00C9E2F1, 0x00CAE4F1, 0x00C9E4F2, 0x00CBE5F2,
    0x00CDE5F4, 0x00C7E1F0, 0x00C9E4F2, 0x00C5E0EF, 0x00C6E1EF, 0x00CAE4EF, 0x00CCE6F2, 0x00C9E3F0, 0x00CCE5F1,
    0x00C8E2EE, 0x00C7E1EF, 0x00CBE4F0, 0x00C8E2F0, 0x00C3E0EE, 0x00CAE5F3, 0x00CBE4F2, 0x00CDE6F4, 0x00CBE5F1,
    0x00CAE4F1, 0x00C8E1EF, 0x00C2DAE6, 0x00E9F3F8, 0x00E8F3F9, 0x00E8F3F9, 0x00EAF4FA, 0x00E9F4F9, 0x00CADEE9,
    0x00CEE0EA, 0x00E8F2F7, 0x00CADCE6, 0x00E3EFF5, 0x00CDDFE9, 0x00E6F0F6, 0x00D0E0EA, 0x00C1DBEA, 0x00D7E6EE,
    0x00E1EDF3, 0x00C3D6E0, 0x00E9F4F9, 0x00D2E4EC, 0x00C4DCE9, 0x00D9E7EF, 0x00DEEBF1, 0x00CBE4F0, 0x00CCE2ED,
    0x00E5F1F6, 0x00ECF6FA, 0x00ECF6FA, 0x00EDF5FA, 0x00E0EDF4, 0x00C7E0EC, 0x00CCE0EA, 0x00EAF4F9, 0x00E2EDF4,
    0x00E2EEF4, 0x00C8DBE5, 0x00E4EFF5, 0x00C9DBE5, 0x00CEE5F1, 0x00CFE6F2, 0x00D1E7F3, 0x00D3EAF5, 0x00DBEFF4,
    0x00DBEFF4, 0x00DDEFF4, 0x00D9EDF1, 0x00DCEEF4, 0x00DBEDF2, 0x00D8ECF1, 0x00DBEDF2, 0x00D6EBF1, 0x00DBEEF3,
    0x00DBEDF3, 0x00DCEEF3, 0x00DAECF1, 0x00D8EAF0, 0x00DDEEF3, 0x00DDEEF4, 0x00E1F0F4, 0x00DDEEF3, 0x00D8EBF1,
    0x00D6EAEF, 0x00D7EBF2, 0x00D7EAF1, 0x00D2E8F1, 0x00D6EAF2, 0x00D5E9F1, 0x00DBEDF3, 0x00D5E9F0, 0x00D5E9F1,
    0x00D9EBF3, 0x00D8EBF2, 0x00D1E6F1, 0x00D3E7F0, 0x00CFE5F0, 0x00CEE5F2, 0x00CAE3EF, 0x00CBE3F0, 0x00CCE6F2,
    0x00D0E8F4, 0x00CAE4F2, 0x00C6E1EF, 0x00C9E3EF, 0x00C4DFEE, 0x00CBE4F1, 0x00C9E4F2, 0x00C4E0F1, 0x00C9E4F3,
    0x00C9E3F1, 0x00CBE5F3, 0x00CBE6F4, 0x00C8E4F1, 0x00CCE6F3, 0x00CAE4F1, 0x00CAE4F2, 0x00C6E2F0, 0x00CAE5F3,
    0x00C8E4F2, 0x00C7E1F0, 0x00C5E1F0, 0x00C7E1F0, 0x00C7E1F1, 0x00C7E1F1, 0x00C6E0F0, 0x00C7E1EF, 0x00C8E2F0,
    0x00C9E3F0, 0x00CAE3F1, 0x00CCE4F1, 0x00CCE4F1, 0x00C8E2EF, 0x00C8E2F0, 0x00C9E3F0, 0x00CEE6F3, 0x00CCE5F1,
    0x00C9E2F0, 0x00CAE4F1, 0x00CAE4F2, 0x00CDE5F3, 0x00CAE3F1, 0x00CCE4F1, 0x00C9E2F2, 0x00C7E1EF, 0x00C9E3F0,
    0x00CBE4F2, 0x00CBE6F2, 0x00C8E2F0, 0x00CDE6F2, 0x00C9E3F1, 0x00C7E2F0, 0x00C9E3F0, 0x00C9E3F2, 0x00CBE4F1,
    0x00CAE4F2, 0x00CCE5F2, 0x00C8E2EF, 0x00C9E3F1, 0x00CAE4F1, 0x00C9E3F1, 0x00C9E3F1, 0x00C8E2F1, 0x00C9E3F1,
    0x00CBE3F0, 0x00C9E3F0, 0x00CAE3F0, 0x00CDE4F0, 0x00CDE5F2, 0x00CBE3F0, 0x00CFE5F2, 0x00CDE4F1, 0x00CBE4F1,
    0x00D0E6F3, 0x00CBE4F1, 0x00CEE5F2, 0x00D3E8F4, 0x00D1E8F3, 0x00CEE5F3, 0x00C5E0F0, 0x00C8E3F1, 0x00C9E3F0,
    0x00CCE6F2, 0x00C9E3F0, 0x00C8E2F0, 0x00C6E1EF, 0x00C9E3F0, 0x00C8E2F0, 0x00CCE5F2, 0x00CFE7F3, 0x00CEE6F2,
    0x00C9E4F2, 0x00CBE5F3, 0x00CAE3F0, 0x00C9E4F2, 0x00C9E3F0, 0x00C8E0EC, 0x00C9E0EC, 0x00C6DEEB, 0x00C9E1EE,
    0x00C9E3EF, 0x00C7E1EE, 0x00C9E1EF, 0x00C5DEEB, 0x00BFD8E4, 0x00C0D5E1, 0x00BDD4E0, 0x00BBD2E0, 0x00C1DBE7,
    0x00C0D8E5, 0x00C2D9E6, 0x00C6DDE8, 0x00C8E0ED, 0x00C5DDEA, 0x00C5DEEB, 0x00C3DEEB, 0x00C0DAE8, 0x00BFDAE9,
    0x00C6E1F0, 0x00C5DFEE, 0x00C1DCEB, 0x00C5E0EE, 0x00CAE3F1, 0x00C4DEEB, 0x00C5E0ED, 0x00C7E1EF, 0x00C4DEED,
    0x00C6E0EE, 0x00C7E2F1, 0x00C2DDEB, 0x00C3DDEB, 0x00C3DDEB, 0x00C7E1EF, 0x00C3DDEB, 0x00C3DEEB, 0x00C1DBE8,
    0x00C6DFEC, 0x00C4DEEC, 0x00CAE3F0, 0x00C6E0ED, 0x00C8E2EF, 0x00C9E3F0, 0x00CBE3F0, 0x00C9E3F0, 0x00C8E2EF,
    0x00C6E0EE, 0x00C9E3EF, 0x00C9E2EE, 0x00CAE3EF, 0x00CAE3F0, 0x00C8E3F1, 0x00C7E2F0, 0x00C9E3F1, 0x00CAE5F2,
    0x00C9E4F1, 0x00C5E1EF, 0x00C8E3F1, 0x00C9E4F2, 0x00CAE4F1, 0x00CAE4F1, 0x00CBE6F3, 0x00CCE7F3, 0x00CFE8F3,
    0x00CBE6F2, 0x00CBE5F2, 0x00C7E1EF, 0x00CAE4F1, 0x00C9E3EF, 0x00CBE5F2, 0x00C9E4F1, 0x00C8E3EF, 0x00CBE5F3,
    0x00CCE6F2, 0x00C9E4F1, 0x00CDE6F2, 0x00CAE4F0, 0x00C9E3F0, 0x00C8E3EF, 0x00C8E3F0, 0x00C9E4F1, 0x00C9E3F1,
    0x00CAE4F2, 0x00C8E3F1, 0x00CAE4F0, 0x00CCE5F3, 0x00CAE4F1, 0x00CEE6F2, 0x00CBE4EF, 0x00CAE2F0, 0x00C5DFED,
    0x00C5E0EE, 0x00CBE4F1, 0x00CCE5F1, 0x00CAE3F1, 0x00C9E2EF, 0x00CBE4F1, 0x00C6E0EE, 0x00C8E2F0, 0x00CAE2F0,
    0x00CAE3F0, 0x00CDE5F0, 0x00CBE4F0, 0x00C5DFED, 0x00C2DCEA, 0x00C2DDEC, 0x00C6DFEE, 0x00C5E0EF, 0x00C7E1EE,
    0x00C7E1F0, 0x00C4DFED, 0x00C8E2F0, 0x00C7E1EF, 0x00C7E0EE, 0x00C6E0EE, 0x00C6E0ED, 0x00C5E0EE, 0x00CAE3F0,
    0x00CDE7F2, 0x00C8E1EF, 0x00C8E2F0, 0x00C5E0EF, 0x00C8E3F1, 0x00C9E4F2, 0x00C8E3F1, 0x00C7E2F0, 0x00C7E2F0,
    0x00C6E0EF, 0x00C7E2EF, 0x00CAE4F1, 0x00C8E2EF, 0x00CAE4F0, 0x00CCE4F1, 0x00C8E3EF, 0x00C7E1EE, 0x00CDE5F1,
    0x00CBE4F1, 0x00C9E3F1, 0x00C7E2F0, 0x00CBE5F2, 0x00C9E3F1, 0x00C8E2EF, 0x00C7E1EF, 0x00BFDAE8, 0x00C8DBE5,
    0x00CCDDE6, 0x00C6DAE5, 0x00CFDFE7, 0x00CBDCE5, 0x00C2DBE8, 0x00CBDFEA, 0x00E9F3F9, 0x00E0ECF2, 0x00E3EFF5,
    0x00C8DBE5, 0x00E0EBF2, 0x00CCDFE9, 0x00C1DAE7, 0x00E0EDF4, 0x00E7F2F7, 0x00E6F1F7, 0x00E8F3F9, 0x00DDEAF2,
    0x00C0D9E6, 0x00D6E6EE, 0x00DDEBF1, 0x00C6DFEC, 0x00C8E0EC, 0x00CEE1EA, 0x00D4E3EB, 0x00E4F0F5, 0x00D0E1E9,
    0x00CFE1EB, 0x00C5DFEB, 0x00CDE1EA, 0x00DEEBF1, 0x00C4DAE4, 0x00DBE9F0, 0x00C1D5E0, 0x00E9F4F9, 0x00DCE9EF,
    0x00C7E1ED, 0x00CBE4F1, 0x00D0E7F3, 0x00D1E9F4, 0x00DBEFF5, 0x00DAEEF4, 0x00DEF0F5, 0x00DAEEF3, 0x00DBEEF3,
    0x00DEEEF3, 0x00DAEEF2, 0x00DBEDF2, 0x00D9ECF1, 0x00DDEEF3, 0x00DBEEF4, 0x00DBECF2, 0x00DFF0F5, 0x00DCEDF3,
    0x00D9ECF3, 0x00D2E9F2, 0x00D4E9F2, 0x00D4E9F1, 0x00CFE6F1, 0x00D2E8F1, 0x00CEE7F1, 0x00D4EAF3, 0x00CDE6F2,
    0x00CEE6F2, 0x00CDE6F2, 0x00CEE7F3, 0x00C9E2F0, 0x00C7E1EE, 0x00CCE4F1, 0x00CFE6F3, 0x00CDE7F2, 0x00CBE4F0,
    0x00CCE6F2, 0x00CDE5F3, 0x00C6E2F0, 0x00C6E2F1, 0x00C9E4F2, 0x00CBE5F2, 0x00CBE6F3, 0x00CAE6F2, 0x00CAE4F1,
    0x00BDD9EB, 0x00CAE4F1, 0x00CBE5F3, 0x00C8E4F2, 0x00C7E4F3, 0x00CAE5F2, 0x00CBE6F2, 0x00CFE7F3, 0x00CDE7F4,
    0x00CCE5F2, 0x00CDE7F4, 0x00CCE6F3, 0x00CAE5F3, 0x00C7E2F0, 0x00CCE6F2, 0x00CAE4F2, 0x00CAE3F1, 0x00CAE4F1,
    0x00C9E3F2, 0x00C9E3F2, 0x00CAE3F2, 0x00CEE6F2, 0x00CCE6F2, 0x00CEE7F2, 0x00CDE5F0, 0x00CCE5F0, 0x00CBE5F1,
    0x00CBE3EF, 0x00CEE6F2, 0x00CAE4EF, 0x00CEE6F2, 0x00CFE6F3, 0x00CBE4F1, 0x00CDE7F3, 0x00CFE6F3, 0x00CBE5F3,
    0x00C9E3F1, 0x00CFE7F4, 0x00CBE5F2, 0x00C8E1EF, 0x00CAE4F0, 0x00CEE7F3, 0x00CCE6F3, 0x00CAE4F2, 0x00CAE4F1,
    0x00CBE5F3, 0x00CBE5F2, 0x00CDE7F3, 0x00C9E4F1, 0x00CDE6F3, 0x00C6E2EF, 0x00CBE5F2, 0x00C8E3F1, 0x00C7E2F0,
    0x00CCE5F3, 0x00C5E0EF, 0x00CAE3F1, 0x00CCE5F1, 0x00CCE4F1, 0x00C6E1EF, 0x00C9E4EF, 0x00C9E4F1, 0x00CBE4F1,
    0x00CBE3EF, 0x00ACCBDC, 0x00CAE3EF, 0x00CFE6F2, 0x00CEE6F2, 0x00CBE4F1, 0x00CBE4F1, 0x00CCE4F0, 0x00D2E8F3,
    0x00CEE7F3, 0x00CCE6F2, 0x00C8E2F1, 0x00C4E1F0, 0x00C9E3F1, 0x00CBE5F2, 0x00CBE5F1, 0x00C8E2F1, 0x00C6E1EF,
    0x00CBE5F2, 0x00CBE4F2, 0x00CAE4F2, 0x00CCE6F4, 0x00CAE4F0, 0x00CAE5F2, 0x00C8E3F0, 0x00C9E3F1, 0x00C8E3EF,
    0x00CAE2EE, 0x00C9E3EF, 0x00C8E2EF, 0x00C8E2EE, 0x00CBE3F0, 0x00C9E1EF, 0x00C7E1EF, 0x00C7E2EF, 0x00CAE3F1,
    0x00C6E2EE, 0x00CBE6F3, 0x00CAE5F1, 0x00C8E4F1, 0x00C7E2F0, 0x00C8E4F1, 0x00C8E4F2, 0x00CBE5F3, 0x00CBE4F2,
    0x00CAE4F0, 0x00C9E4F1, 0x00C9E3F1, 0x00C5E0EF, 0x00C4E0EE, 0x00C5E0EF, 0x00C9E4F2, 0x00C6E2F0, 0x00C9E3F2,
    0x00C9E4F2, 0x00C9E5F3, 0x00CBE6F2, 0x00C9E3F2, 0x00C6E0EF, 0x00C6E0EE, 0x00C3DFED, 0x00C3DEEC, 0x00C5DFED,
    0x00C7E1F0, 0x00C9E2F0, 0x00C5DFED, 0x00C8E2F0, 0x00C5DFED, 0x00C9E2F0, 0x00C9E3F1, 0x00C9E3F0, 0x00C8E3F0,
    0x00CCE4F2, 0x00CAE4F1, 0x00C9E3F1, 0x00C6E1ED, 0x00C8E2EE, 0x00C3E0EC, 0x00C7E2F0, 0x00C9E4F2, 0x00CAE3F0,
    0x00CCE6F1, 0x00C9E3F2, 0x00C7E2F1, 0x00CBE5F2, 0x00CCE5F3, 0x00CAE4F2, 0x00CDE7F4, 0x00C8E2F1, 0x00CDE6F3,
    0x00CAE4F1, 0x00CCE6F2, 0x00CEE7F2, 0x00CBE5F1, 0x00C9E3F1, 0x00CDE6F3, 0x00C8E2EF, 0x00CCE5F2, 0x00CCE4F2,
    0x00CBE5F2, 0x00C8E3F1, 0x00C8E2F1, 0x00C9E5F1, 0x00C8E2F0, 0x00CAE4F2, 0x00CBE6F3, 0x00CCE6F3, 0x00CCE5F2,
    0x00CCE5F2, 0x00C9E3F1, 0x00CBE5F3, 0x00C9E3F0, 0x00C9E4F2, 0x00C8E3F1, 0x00C8E3F0, 0x00C9E3F1, 0x00CCE6F3,
    0x00CAE5F2, 0x00CBE4F1, 0x00CCE5F3, 0x00CBE4F2, 0x00C7E0EE, 0x00C9E3F1, 0x00CCE5F1, 0x00CDE4F1, 0x00CEE6F2,
    0x00CBE4F1, 0x00CBE5F2, 0x00C8E2F0, 0x00CAE2EF, 0x00CAE3F0, 0x00CEE6F1, 0x00CAE3EF, 0x00CBE3EF, 0x00CBE3EE,
    0x00C7E1EE, 0x00C7E1EE, 0x00CAE4F1, 0x00C6E2F0, 0x00CBE4F1, 0x00C9E2F0, 0x00C8E3EF, 0x00C8E1EF, 0x00C9E3F0,
    0x00CAE3F0, 0x00C9E2EE, 0x00C6E0EE, 0x00C7E1ED, 0x00CAE3F0, 0x00CBE5F2, 0x00C7E1ED, 0x00C9E3EF, 0x00C8E2EF,
    0x00CAE4F2, 0x00C7E2F1, 0x00C8E3F2, 0x00C6E2F0, 0x00C8E3F0, 0x00C5E1EE, 0x00C8E3F1, 0x00C7E1F0, 0x00CCE6F2,
    0x00CBE5F0, 0x00C8E2F0, 0x00C8E2F0, 0x00C9E3EF, 0x00CBE5F2, 0x00CAE5F3, 0x00C8E3F1, 0x00C7E2F0, 0x00CBE5F2,
    0x00C5E0EF, 0x00C7E2EF, 0x00C8E2EF, 0x00C2DBE7, 0x00CDDDE6, 0x00DBE8EF, 0x00BBD3DF, 0x00DEEBF2, 0x00D2E2EA,
    0x00BFD8E4, 0x00C9DEE8, 0x00E6F0F6, 0x00C7D9E3, 0x00BED5E0, 0x00BCD3DF, 0x00BDD3DF, 0x00C0D9E5, 0x00C8DDE9,
    0x00E7F1F8, 0x00CDDFE9, 0x00C8DEE9, 0x00CDDFE8, 0x00E2EEF4, 0x00C5DDE9, 0x00D4E5ED, 0x00DEEBF1, 0x00C9E1EE,
    0x00C1DAE6, 0x00C4DBE6, 0x00CADCE5, 0x00E2EDF2, 0x00BDD4DF, 0x00C2D8E4, 0x00C7DEE8, 0x00C8DAE7, 0x00D9E7ED,
    0x00C1D6E3, 0x00DBE8EF, 0x00D4E2E9, 0x00EAF5FA, 0x00D1E3EB, 0x00CDE4F0, 0x00C9E3F1, 0x00CEE7F3, 0x00D0E8F3,
    0x00DAEEF4, 0x00DCEFF5, 0x00DAEDF3, 0x00D9EDF1, 0x00DBEDF3, 0x00D6EAF0, 0x00D9ECF2, 0x00D7EBF1, 0x00D7EBF2,
    0x00D2E7F1, 0x00CEE5EF, 0x00D1E7F2, 0x00CBE3EE, 0x00CDE5EF, 0x00CEE6F2, 0x00CAE5F0, 0x00D1E8F3, 0x00D3EAF4,
    0x00D0E7F2, 0x00D0E8F4, 0x00CFE9F3, 0x00CDE7F1, 0x00CBE6F2, 0x00C8E4F2, 0x00C9E3F1, 0x00C9E3EF, 0x00C9E3F1,
    0x00C8E3F0, 0x00CBE4F2, 0x00CBE4F2, 0x00CDE6F3, 0x00CAE4F2, 0x00C6E2F0, 0x00C7E2F1, 0x00C7E3F2, 0x00C8E3F1,
    0x00C7E2F1, 0x00CCE6F3, 0x00CAE4F2, 0x00CBE5F2, 0x00CBE5F3, 0x00C7E3F1, 0x00CBE6F2, 0x00C5E1EF, 0x00C9E5F3,
    0x00C7E4F2, 0x00C8E3F2, 0x00CDE7F4, 0x00CAE5F2, 0x00C8E4F3, 0x00CEE7F3, 0x00CBE5F2, 0x00C9E4F2, 0x00C8E4F2,
    0x00C9E4F1, 0x00D0E7F3, 0x00CDE7F2, 0x00CDE6F2, 0x00CCE5F2, 0x00CFE7F3, 0x00CAE4F1, 0x00CEE5F2, 0x00C9E3F0,
    0x00CDE6F2, 0x00CDE6F1, 0x00D1E7F3, 0x00CBE4F0, 0x00CAE3EF, 0x00CEE5F1, 0x00CAE4F0, 0x00CCE5F1, 0x00CFE8F3,
    0x00CFE7F2, 0x00CFE7F2, 0x00CBE4F1, 0x00D0E7F3, 0x00C9E4F1, 0x00CAE5F1, 0x00CBE4F2, 0x00CDE7F2, 0x00CBE4F1,
    0x00CEE7F2, 0x00CFE7F2, 0x00C9E3F1, 0x00CDE7F3, 0x00CFE7F5, 0x00CCE6F2, 0x00CDE6F3, 0x00CDE6F2, 0x00CEE6F3,
    0x00CFE7F2, 0x00CCE5F2, 0x00CEE5F3, 0x00CDE7F3, 0x00CAE5F2, 0x00C8E3F2, 0x00C6E3F1, 0x00C9E4F1, 0x00C9E3EF,
    0x00CDE4F2, 0x00C3E0EE, 0x00CCE4F1, 0x00CBE4F2, 0x00CBE5F1, 0x00CFE6F3, 0x00C4DEED, 0x00C7E0ED, 0x00CDE4F1,
    0x00CFE6F2, 0x00C7E2F0, 0x00CDE5F1, 0x00CDE6F2, 0x00D0E7F2, 0x00D1E7F3, 0x00C9E4F1, 0x00CBE4F1, 0x00C9E3F0,
    0x00CAE4F1, 0x00C9E3F0, 0x00C9E3F2, 0x00C7E2F0, 0x00C9E2F0, 0x00C9E3F1, 0x00CEE7F2, 0x00C9E3F2, 0x00C4E0EE,
    0x00CEE7F3, 0x00CDE6F4, 0x00CBE4F0, 0x00CBE5F0, 0x00CAE5F1, 0x00CCE4F1, 0x00CAE4F1, 0x00CAE4F1, 0x00CAE4F1,
    0x00C9E3F0, 0x00C9E3F1, 0x00BBD3DE, 0x00B0C8D1, 0x00B4CBD5, 0x00BDD4DC, 0x00C7DDE8, 0x00C4DDE9, 0x00C8E3F1,
    0x00CBE6F2, 0x00CEE9F5, 0x00CCE6F2, 0x00C9E5F2, 0x00CBE6F2, 0x00CBE6F3, 0x00CCE7F3, 0x00C8E3F1, 0x00C9E4F2,
    0x00C9E4F2, 0x00C8E3F1, 0x00C5E0EE, 0x00C9E3F1, 0x00CAE4F2, 0x00CFE8F4, 0x00CCE7F3, 0x00CDE7F4, 0x00CDE8F5,
    0x00CBE6F2, 0x00C9E3F1, 0x00C6E1F0, 0x00C5E0EE, 0x00C8E3F0, 0x00C5E0EE, 0x00C5E0EE, 0x00C7E2EF, 0x00C5DFEE,
    0x00C6E0EE, 0x00C7E1EE, 0x00CAE3F0, 0x00CAE4F1, 0x00C8E1EF, 0x00C9E2F1, 0x00C6E0ED, 0x00CCE5F1, 0x00CBE4F1,
    0x00CBE3F1, 0x00C7E3F0, 0x00C9E3F0, 0x00C8E2EF, 0x00D0E8F3, 0x00CAE4F0, 0x00CFE7F3, 0x00CBE5F2, 0x00CBE5F2,
    0x00CDE7F2, 0x00CAE5F2, 0x00C8E4F2, 0x00CBE5F2, 0x00CEE7F3, 0x00CEE7F3, 0x00CBE5F2, 0x00CBE5F2, 0x00CCE6F3,
    0x00CBE5F1, 0x00CDE5F2, 0x00CEE7F2, 0x00CFE7F3, 0x00CCE5F1, 0x00CBE5F1, 0x00C9E3F0, 0x00C9E3F0, 0x00C8E3F1,
    0x00C7E2F0, 0x00C4E0EF, 0x00C8E2F0, 0x00C6E2F0, 0x00CCE5F2, 0x00CCE6F3, 0x00CBE5F3, 0x00C9E4F1, 0x00C7E3F1,
    0x00C9E4F1, 0x00CBE5F3, 0x00CAE4F1, 0x00CBE5F2, 0x00CAE5F1, 0x00CCE5F2, 0x00CBE4F2, 0x00C7E2F1, 0x00CCE5F2,
    0x00CFE7F3, 0x00C7E1EF, 0x00C7E2EF, 0x00C7E1EF, 0x00C9E2EF, 0x00C5DFED, 0x00C8E2EF, 0x00CCE4F1, 0x00C7E2F0,
    0x00D0E6F3, 0x00CBE3EF, 0x00C8E1EF, 0x00CCE5F0, 0x00CEE5F1, 0x00C9E3EE, 0x00C4E0ED, 0x00C3DFEE, 0x00C5E1EF,
    0x00C9E3F1, 0x00C6E1EE, 0x00C9E2F0, 0x00C9E3F0, 0x00C9E3EF, 0x00C5DFED, 0x00CBE3EF, 0x00C3DFEE, 0x00C8E2EF,
    0x00C7E1EF, 0x00C8E2F0, 0x00C9E3EF, 0x00CAE3F0, 0x00CBE5F3, 0x00C7E1EF, 0x00C8E2F0, 0x00CDE6F3, 0x00C8E2EF,
    0x00C8E3F0, 0x00C9E3F0, 0x00C7E2EF, 0x00C2DDEB, 0x00CAE3F1, 0x00CAE4F1, 0x00C8E3F0, 0x00C8E3F1, 0x00C9E3F1,
    0x00C6E2EF, 0x00CAE5F3, 0x00CAE4F2, 0x00C8E3F2, 0x00CAE4F3, 0x00C8E2F1, 0x00C7E2F0, 0x00C7E0ED, 0x00DDEBF2,
    0x00E9F4F9, 0x00E9F3F9, 0x00E8F3F9, 0x00EAF4F9, 0x00EAF4F9, 0x00D9E7EE, 0x00C5DBE7, 0x00E9F4F9, 0x00E8F2F8,
    0x00E8F2F7, 0x00E6F2F8, 0x00E8F2F8, 0x00C4D9E5, 0x00CDE0EB, 0x00E8F2F8, 0x00C3DAE7, 0x00C7E0EE, 0x00C6DDEA,
    0x00E1EDF4, 0x00C9DEE7, 0x00D6E6ED, 0x00DDEAF1, 0x00C6DEEA, 0x00DCEAF2, 0x00ECF5FA, 0x00ECF6FA, 0x00EBF5FB,
    0x00EAF4F9, 0x00E9F3F9, 0x00CBDEE8, 0x00D2E3EB, 0x00D5E4EC, 0x00D9E6ED, 0x00E2EEF4, 0x00C9DBE5, 0x00D2E3EB,
    0x00D9E8EF, 0x00CBE4EF, 0x00CDE6F2, 0x00CBE6F1, 0x00CFE8F5, 0x00DAEFF5, 0x00DAEEF5, 0x00D7EBF2, 0x00D7ECF3,
    0x00D7ECF3, 0x00D5EAF2, 0x00D2E8F2, 0x00CFE7F2, 0x00C8E3EE, 0x00D0E8F3, 0x00D1EAF4, 0x00D4EBF5, 0x00D4EAF4,
    0x00CEE6F1, 0x00CDE7F2, 0x00D2EAF4, 0x00D4ECF5, 0x00D1E9F4, 0x00D2EAF4, 0x00CBE6F2, 0x00CDE7F5, 0x00CBE5F3,
    0x00CAE5F3, 0x00C9E4F1, 0x00CBE6F0, 0x00CFE6F2, 0x00D0E8F3, 0x00CFE7F2, 0x00CEE7F1, 0x00C9E5F1, 0x00D1E9F3,
    0x00CBE6F2, 0x00CAE5F1, 0x00CFE8F2, 0x00CDE7F3, 0x00CEE8F3, 0x00CAE5F2, 0x00CDE7F3, 0x00CEE8F3, 0x00CFE9F4,
    0x00CDE7F3, 0x00CEE7F3, 0x00CCE6F2, 0x00CAE5F1, 0x00CBE5F2, 0x00CAE5F3, 0x00CBE6F2, 0x00CAE4F3, 0x00CDE7F4,
    0x00C9E4F1, 0x00CCE6F3, 0x00CCE6F3, 0x00CCE5F2, 0x00CCE6F3, 0x00CCE6F2, 0x00CAE5F2, 0x00D0E9F4, 0x00CDE7F3,
    0x00CFE8F4, 0x00D3EAF5, 0x00D4EBF5, 0x00D1E8F3, 0x00D0E7F3, 0x00CFE7F2, 0x00CEE8F4, 0x00D1E9F4, 0x00CDE6F2,
    0x00CBE5F0, 0x00CBE5F2, 0x00CCE6F1, 0x00CDE7F2, 0x00D4EBF4, 0x00CEE7F2, 0x00D1E9F3, 0x00CCE6F1, 0x00CFE8F3,
    0x00CAE5F1, 0x00CCE6F2, 0x00CAE5F1, 0x00D0E8F4, 0x00CDE7F2, 0x00D1E8F3, 0x00CFE8F3, 0x00CEE7F2, 0x00CDE7F2,
    0x00D1E9F5, 0x00D0E8F4, 0x00CDE8F4, 0x00CCE7F3, 0x00CDE6F3, 0x00D0E7F3, 0x00C9E4F0, 0x00CBE5F2, 0x00CCE5F1,
    0x00CCE6F3, 0x00CEE7F4, 0x00CBE5F2, 0x00CBE5F1, 0x00CFE7F4, 0x00D0E7F3, 0x00D0E8F3, 0x00CCE5F2, 0x00CCE6F3,
    0x00CFE6F2, 0x00CCE6F3, 0x00CEE6F2, 0x00CBE5F2, 0x00CCE4F0, 0x00CBE4F2, 0x00C7E2EF, 0x00C9E3F2, 0x00CDE6F2,
    0x00CEE6F2, 0x00CAE3F0, 0x00C9E3F1, 0x00CBE4F1, 0x00CEE6F3, 0x00CCE5F1, 0x00CCE5F3, 0x00CAE4F2, 0x00C7E1EF,
    0x00C9E2F0, 0x00C6E1EF, 0x00CDE5F2, 0x00C3DFED, 0x00C3E0EE, 0x00CCE6F4, 0x00CCE5F2, 0x00C9E4F0, 0x00CCE5F1,
    0x00CAE4F0, 0x00CCE5F1, 0x00C8E3F0, 0x00C9E3F1, 0x00CBE5F1, 0x00CAE4F0, 0x00CBE5F1, 0x00C7E2EF, 0x00C4DFED,
    0x00BDD7E3, 0x00B9D2DD, 0x00C2DCE7, 0x00CAE5F3, 0x00CBE6F3, 0x00C8E3F1, 0x00CDE7F4, 0x00CEE8F5, 0x00CBE6F2,
    0x00CDE7F3, 0x00C9E3F1, 0x00C8E3F1, 0x00C8E3F0, 0x00CAE4F2, 0x00C6E1EE, 0x00C9E4F2, 0x00CCE7F4, 0x00CAE5F2,
    0x00CEE8F5, 0x00CDE6F4, 0x00CAE6F2, 0x00CCE6F2, 0x00CFE7F4, 0x00CBE6F3, 0x00CBE7F4, 0x00CCE6F2, 0x00CBE5F3,
    0x00C7E2F0, 0x00CAE4F2, 0x00CBE5F2, 0x00CAE4F2, 0x00CAE5F1, 0x00CAE4F1, 0x00C8E3F1, 0x00CAE4F2, 0x00CDE6F2,
    0x00C9E3F0, 0x00CDE7F3, 0x00CAE3F0, 0x00CBE5F3, 0x00C8E3F0, 0x00C8E3F0, 0x00CAE4F1, 0x00CDE6F3, 0x00CCE7F2,
    0x00CFE8F3, 0x00CFE8F3, 0x00CAE3F0, 0x00CCE6F2, 0x00CEE8F3, 0x00CDE7F3, 0x00C9E3F1, 0x00CDE6F2, 0x00CDE6F2,
    0x00CCE5F1, 0x00CDE7F4, 0x00CAE5F2, 0x00CCE7F3, 0x00CDE6F1, 0x00CDE5F1, 0x00CAE5F2, 0x00CAE4F1, 0x00CBE5F3,
    0x00CDE7F2, 0x00D0E8F5, 0x00CBE6F2, 0x00CCE6F3, 0x00CDE7F2, 0x00C9E5F1, 0x00C9E5F2, 0x00C9E5F2, 0x00CBE6F2,
    0x00CFE8F4, 0x00CBE6F2, 0x00CCE6F3, 0x00CAE5F2, 0x00CAE5F2, 0x00CBE5F2, 0x00C8E3F0, 0x00C9E4F3, 0x00C8E3F1,
    0x00CAE4F1, 0x00CDE8F4, 0x00D1EAF4, 0x00C5E1EF, 0x00CCE5F2, 0x00CEE7F4, 0x00C6E1EF, 0x00C9E3F0, 0x00CBE5F1,
    0x00CDE6F2, 0x00C7E1EF, 0x00C7E1EF, 0x00CBE4F1, 0x00C7E2EF, 0x00C9E2EF, 0x00C9E3EF, 0x00CBE5F1, 0x00C7E1ED,
    0x00C6E0EE, 0x00CEE6F2, 0x00C8E2F0, 0x00C4DFEE, 0x00C8E3EF, 0x00CBE5F1, 0x00C5E0EE, 0x00C7E2F0, 0x00C7E2EF,
    0x00C8E2EF, 0x00C7E2EF, 0x00C9E1EF, 0x00C8E2EE, 0x00C6E0EE, 0x00CAE3F0, 0x00CEE5F3, 0x00CBE4F2, 0x00C6E1EF,
    0x00CAE4F1, 0x00C9E4F0, 0x00CAE4EF, 0x00C3DEEC, 0x00BFDBEB, 0x00C3DFED, 0x00C6E0EE, 0x00C8E3F0, 0x00C5E0ED,
    0x00CAE4F2, 0x00C4E0EE, 0x00C6E1EF, 0x00CAE5F2, 0x00CAE4F1, 0x00CAE4F2, 0x00C7E2F1, 0x00CBE5F2, 0x00C9E4F2,
    0x00C9E3F1, 0x00C9E3F1, 0x00C9E2F1, 0x00C9E3F1, 0x00C7DFEC, 0x00C9E0EB, 0x00C6DEEA, 0x00C9DFEA, 0x00C9DFEB,
    0x00CAE0EB, 0x00C8DFEA, 0x00C6E0ED, 0x00C4DBE8, 0x00C7DEE9, 0x00C5DCE8, 0x00C7DEEA, 0x00C7DFE9, 0x00C4DEEB,
    0x00C4DDE9, 0x00C4DCE8, 0x00CBE4F1, 0x00C5E0EE, 0x00C5E0EE, 0x00C3DCEA, 0x00C2DBE8, 0x00C4DDEA, 0x00C9E0EB,
    0x00CDE5F1, 0x00C7DEEA, 0x00CFE3EE, 0x00CAE0EA, 0x00CCE1EB, 0x00CCE1EB, 0x00CCE2EC, 0x00CBE2EE, 0x00C8E0EB,
    0x00CCE2ED, 0x00C7DCE8, 0x00CADFEA, 0x00CAE2EF, 0x00C6DFEC, 0x00CBE1ED, 0x00CBE4F0, 0x00CCE6F3, 0x00CBE5F1,
    0x00CFE9F4, 0x00D5ECF4, 0x00D0E7F1, 0x00D3EAF2, 0x00D7EDF6, 0x00D3EAF2, 0x00D4ECF5, 0x00D0E9F4, 0x00D3EBF6,
    0x00D4ECF6, 0x00D2EAF3, 0x00D4EBF6, 0x00D0E9F4, 0x00D3EBF4, 0x00CCE5F0, 0x00D2EAF5, 0x00D5ECF6, 0x00D4EBF4,
    0x00D1EAF4, 0x00D1EAF4, 0x00D2EBF6, 0x00CEE8F3, 0x00CCE7F2, 0x00D1EAF4, 0x00D0EAF4, 0x00CEE8F2, 0x00C9E5F1,
    0x00CDE7F2, 0x00CEE6F2, 0x00CFE8F2, 0x00CBE6F1, 0x00CDE7F3, 0x00CEE8F3, 0x00CBE6F1, 0x00D0E8F5, 0x00CCE5F1,
    0x00D0EAF5, 0x00CCE7F2, 0x00CFE9F3, 0x00CFE8F3, 0x00CDE7F3, 0x00CFE9F5, 0x00CCE5F2, 0x00CFE8F3, 0x00D0E8F4,
    0x00D0E9F5, 0x00CBE6F4, 0x00CDE7F4, 0x00CFE8F4, 0x00C8E3F0, 0x00CBE5F2, 0x00CCE7F3, 0x00CDE7F3, 0x00CDE7F3,
    0x00CFE7F4, 0x00CEE7F4, 0x00CDE7F2, 0x00D1EAF4, 0x00CFE9F2, 0x00D1E9F4, 0x00D2EBF5, 0x00D0E9F5, 0x00D1E9F4,
    0x00D1E9F3, 0x00D3E9F4, 0x00D0E8F3, 0x00CEE8F4, 0x00CFE8F3, 0x00C9E4F0, 0x00CBE5F1, 0x00CEE7F2, 0x00CDE6F2,
    0x00CEE7F3, 0x00D0E9F3, 0x00CCE7F2, 0x00CBE6F1, 0x00CAE4F1, 0x00CFE9F4, 0x00CDE7F2, 0x00CDE7F2, 0x00CDE7F4,
    0x00CAE6F1, 0x00CEE7F3, 0x00CFE8F3, 0x00CFE8F5, 0x00CDE7F3, 0x00CEE6F3, 0x00CCE6F4, 0x00CDE7F4, 0x00D0E9F4,
    0x00CBE6F3, 0x00D0E8F4, 0x00CFE8F4, 0x00CCE6F3, 0x00CCE6F3, 0x00CAE4F1, 0x00C9E4F2, 0x00C8E3F1, 0x00CAE4F2,
    0x00C7E3F0, 0x00D0E8F4, 0x00CDE5F2, 0x00CDE7F4, 0x00C8E3F0, 0x00C9E4F2, 0x00CAE4F1, 0x00CCE5F2, 0x00CEE6F3,
    0x00CAE4F0, 0x00C9E2F0, 0x00C8E3F0, 0x00CAE4F1, 0x00CCE4F2, 0x00CCE5F2, 0x00CEE6F3, 0x00CAE4F1, 0x00CEE6F2,
    0x00C9E3F0, 0x00CBE5F0, 0x00CCE6F2, 0x00CCE5F1, 0x00CCE5F1, 0x00C6E2EF, 0x00CCE6F2, 0x00D0E9F5, 0x00CAE5F2,
    0x00CBE6F1, 0x00C8E3F1, 0x00CBE6F3, 0x00CCE6F2, 0x00CBE5F1, 0x00C9E4F1, 0x00C6E1EF, 0x00C9E3F0, 0x00CAE4F0,
    0x00C9E2EF, 0x00C8E2F0, 0x00CCE6F3, 0x00CAE4F2, 0x00C9E4F1, 0x00C8E4F2, 0x00CAE5F2, 0x00CAE7F4, 0x00CBE6F4,
    0x00CCE7F3, 0x00CCE7F2, 0x00CDE8F4, 0x00CAE5F2, 0x00CBE6F2, 0x00CAE4F0, 0x00CBE6F2, 0x00CBE4F0, 0x00C8E2EF,
    0x00C9E3F0, 0x00C8E3F1, 0x00C9E4F2, 0x00CBE6F4, 0x00CAE5F3, 0x00CFE9F5, 0x00CEE8F5, 0x00CCE7F3, 0x00CAE6F3,
    0x00CBE6F3, 0x00CCE7F5, 0x00C6E2F0, 0x00CBE6F3, 0x00C8E3F1, 0x00CAE5F3, 0x00CAE4F3, 0x00C4DFED, 0x00C9E3F1,
    0x00CAE4F1, 0x00C9E3F0, 0x00C9E3F0, 0x00CBE4F1, 0x00CCE5F1, 0x00CBE5F2, 0x00CBE5F1, 0x00CCE7F2, 0x00CCE6F1,
    0x00CCE6F1, 0x00C7E2F0, 0x00CBE5F3, 0x00CAE4F2, 0x00CAE5F0, 0x00D1E9F5, 0x00CDE6F3, 0x00CAE4F1, 0x00CCE6F3,
    0x00CBE5F2, 0x00CEE8F4, 0x00CFE8F3, 0x00CEE8F4, 0x00CFE8F4, 0x00CCE6F2, 0x00CDE7F3, 0x00C8E2EF, 0x00CCE5F2,
    0x00CCE6F2, 0x00CEE7F3, 0x00C9E4F1, 0x00CAE4F1, 0x00C8E3F1, 0x00CCE6F3, 0x00C5E2EF, 0x00C7E3F0, 0x00CCE6F1,
    0x00CCE6F2, 0x00CBE5F2, 0x00C9E5F3, 0x00CBE6F4, 0x00CDE7F3, 0x00CDE7F2, 0x00CCE7F3, 0x00CCE6F3, 0x00C5E0EE,
    0x00C9E4F1, 0x00C9E3F2, 0x00CBE6F2, 0x00CBE5F1, 0x00CBE7F2, 0x00CDE6F3, 0x00CBE6F3, 0x00CAE5F2, 0x00CBE7F3,
    0x00CDE7F3, 0x00C8E3F0, 0x00C8E3EF, 0x00CFE7F3, 0x00CCE5F1, 0x00CAE2F1, 0x00CCE5F2, 0x00C6E1EE, 0x00C9E3F1,
    0x00CAE4F1, 0x00C7E1EF, 0x00C7E2EE, 0x00CDE5F1, 0x00CDE6F2, 0x00CCE6F2, 0x00CEE7F0, 0x00C5DFED, 0x00C0DDEB,
    0x00C7E2EF, 0x00C6E2F0, 0x00C5E0EE, 0x00C4DEED, 0x00C2DDEC, 0x00C6E1EF, 0x00C7E1EE, 0x00C5E0ED, 0x00C8E2F0,
    0x00C7E1EF, 0x00C6E0EE, 0x00C6E0EE, 0x00C6E0EE, 0x00C6E1ED, 0x00C9E3F1, 0x00C9E3F0, 0x00CBE5F3, 0x00C6E1EE,
    0x00C9E3EF, 0x00CBE5F0, 0x00C7E1EE, 0x00C4DFED, 0x00C7E2EE, 0x00CAE4F0, 0x00CAE5F2, 0x00C7E2F0, 0x00C9E3F0,
    0x00CDE7F3, 0x00C9E5F1, 0x00C8E3F1, 0x00CAE4F2, 0x00C8E2F0, 0x00CCE5F3, 0x00C5E0EF, 0x00CBE5F2, 0x00CAE5F3,
    0x00C9E4F2, 0x00C7E2F0, 0x00C6E2F0, 0x00CDE6F4, 0x00CCE6F3, 0x00CBE5F1, 0x00CDE5F1, 0x00C6E3EF, 0x00C8E4F1,
    0x00CCE4F1, 0x00C8E3F1, 0x00C5E0EF, 0x00C4E1EE, 0x00C9E3F0, 0x00C4DEED, 0x00BEDAEA, 0x00C4DFEE, 0x00C7E2F1,
    0x00C4E0EF, 0x00C6E1F0, 0x00C8E3F1, 0x00C8E2EF, 0x00C6E1EF, 0x00C5E2F1, 0x00C7E3F2, 0x00CAE5F3, 0x00D0E9F3,
    0x00CBE5F1, 0x00CCE5F3, 0x00CBE4F0, 0x00C8E2EF, 0x00CAE4F1, 0x00D2E9F5, 0x00CBE5F1, 0x00C7E2EF, 0x00C8E3EF,
    0x00CFE8F3, 0x00CCE6F2, 0x00CCE7F3, 0x00CAE5F2, 0x00CFE8F3, 0x00CDE7F2, 0x00D9EFF7, 0x00D4ECF5, 0x00D7EEF6,
    0x00D4ECF5, 0x00D4ECF4, 0x00D5ECF6, 0x00D3ECF6, 0x00D1EBF4, 0x00D2ECF5, 0x00D5EDF5, 0x00D7EEF6, 0x00D3EBF4,
    0x00D4ECF6, 0x00D1EAF3, 0x00D6EDF6, 0x00D0E8F3, 0x00D2EBF6, 0x00D4ECF5, 0x00D4ECF6, 0x00D3ECF5, 0x00CBE6F2,
    0x00CEE8F2, 0x00CFE8F3, 0x00D0EAF4, 0x00D0E9F3, 0x00CAE6F1, 0x00CFE9F4, 0x00D2EAF3, 0x00CFE9F3, 0x00CFE9F4,
    0x00CFE9F4, 0x00CEE7F3, 0x00CFE9F5, 0x00CDE7F3, 0x00CEE8F4, 0x00CEE9F4, 0x00CFE9F4, 0x00D1EAF4, 0x00D2E9F5,
    0x00D0EAF5, 0x00D0E9F4, 0x00D1EAF4, 0x00CEE8F2, 0x00D1E9F4, 0x00C8E3F0, 0x00CCE7F4, 0x00D1EAF5, 0x00D2EAF5,
    0x00CDE8F4, 0x00CDE7F3, 0x00CFE8F4, 0x00CFE9F4, 0x00CDE6F3, 0x00CDE7F3, 0x00CBE6F3, 0x00D1E9F4, 0x00D4EAF6,
    0x00CFE8F3, 0x00CEE7F2, 0x00D1E9F4, 0x00D0EAF4, 0x00D3EAF4, 0x00CEE8F3, 0x00D2EAF4, 0x00CFE9F4, 0x00CDE8F3,
    0x00CDE7F2, 0x00CCE7F3, 0x00CEE7F2, 0x00CDE7F3, 0x00CDE7F2, 0x00CFE8F4, 0x00D2EAF5, 0x00D5ECF6, 0x00CFE8F3,
    0x00CEE8F3, 0x00D0E8F3, 0x00CEE8F3, 0x00CDE7F2, 0x00CAE5F1, 0x00CCE6F2, 0x00CCE6F1, 0x00CFE7F3, 0x00CDE7F3,
    0x00CEE8F4, 0x00CCE7F3, 0x00CFE8F4, 0x00CEE9F4, 0x00CFE8F4, 0x00CBE6F3, 0x00CEE8F4, 0x00CBE6F1, 0x00CBE5F2,
    0x00CBE5F3, 0x00CAE3F1, 0x00C9E4F1, 0x00CCE6F3, 0x00CCE6F3, 0x00CAE6F2, 0x00CEE7F4, 0x00CCE7F3, 0x00CCE6F3,
    0x00CDE7F4, 0x00CBE5F2, 0x00CBE5F2, 0x00CEE7F3, 0x00D0E7F4, 0x00CFE8F3, 0x00CAE4F1, 0x00C9E4F1, 0x00CBE5F1,
    0x00CEE6F3, 0x00CCE5F1, 0x00CFE7F5, 0x00D1E8F4, 0x00CFE8F3, 0x00CAE4F2, 0x00CCE5F2, 0x00CBE5F2, 0x00CDE5F2,
    0x00C7E2F0, 0x00CCE6F2, 0x00CCE6F2, 0x00CEE7F3, 0x00CDE7F3, 0x00CDE6F3, 0x00CBE6F3, 0x00CCE6F3, 0x00CCE7F3,
    0x00C8E4F0, 0x00CDE7F3, 0x00CCE6F2, 0x00CBE6F2, 0x00CBE6F3, 0x00CAE5F2, 0x00C8E2F0, 0x00CAE5F1, 0x00C8E4F1,
    0x00C7E3F0, 0x00CDE7F4, 0x00CCE7F4, 0x00CBE6F4, 0x00CDE6F3, 0x00CBE7F2, 0x00CEE8F3, 0x00CEE8F5, 0x00CEE9F4,
    0x00CFE8F4, 0x00CCE6F3, 0x00C7E2EF, 0x00CFE8F4, 0x00C9E4F1, 0x00C8E3F0, 0x00CFE8F4, 0x00CAE5F2, 0x00CDE7F5,
    0x00CDE8F4, 0x00CEE8F6, 0x00CCE7F5, 0x00CEE8F4, 0x00CDE7F4, 0x00CDE8F4, 0x00CCE6F4, 0x00CCE5F3, 0x00CCE6F3,
    0x00C9E4F1, 0x00CCE6F3, 0x00C9E4F2, 0x00C9E4F1, 0x00CBE5F3, 0x00C9E3F1, 0x00C8E2F0, 0x00C9E3F0, 0x00CCE6F2,
    0x00CEE7F3, 0x00CEE7F3, 0x00CCE6F2, 0x00CDE7F3, 0x00CAE4F0, 0x00CDE7F2, 0x00C8E2EF, 0x00CAE4F1, 0x00CAE5F2,
    0x00CFE8F4, 0x00CFE8F4, 0x00CEE7F3, 0x00CDE7F3, 0x00D1E9F5, 0x00CFE8F4, 0x00CFE7F3, 0x00D1E9F5, 0x00CBE5F1,
    0x00D1E9F5, 0x00D1EAF6, 0x00D0E8F4, 0x00CDE6F2, 0x00CDE6F2, 0x00CEE6F2, 0x00CDE5F3, 0x00CDE6F3, 0x00CBE6F2,
    0x00CAE5F3, 0x00CDE7F5, 0x00CBE6F3, 0x00CEE9F4, 0x00D0E9F4, 0x00D1EAF5, 0x00CEE9F3, 0x00CCE7F3, 0x00CDE8F4,
    0x00CFE9F4, 0x00CCE8F4, 0x00CCE6F3, 0x00CDE8F4, 0x00CCE7F3, 0x00CEE8F5, 0x00CAE5F2, 0x00CBE6F3, 0x00CAE5F3,
    0x00CAE6F2, 0x00CFE9F4, 0x00CCE7F3, 0x00CBE6F3, 0x00CDE7F3, 0x00CEE7F3, 0x00CCE6F2, 0x00CDE7F4, 0x00CDE6F3,
    0x00CDE6F2, 0x00C9E4F0, 0x00C9E3EF, 0x00CAE4F2, 0x00C9E4F1, 0x00CAE3F0, 0x00C7E2EF, 0x00CBE4F1, 0x00CCE5F1,
    0x00CBE5F1, 0x00CEE7F1, 0x00CEE6F2, 0x00CCE6F2, 0x00CBE5F0, 0x00CCE5F0, 0x00C8E2F0, 0x00C7E2F0, 0x00C6E1EF,
    0x00C7E1EF, 0x00C5DFEE, 0x00C9E3F1, 0x00C8E3F0, 0x00CAE3F0, 0x00C3DEEC, 0x00C7E2EF, 0x00CBE4F1, 0x00CAE4F1,
    0x00C7E0EE, 0x00C7E1EF, 0x00C9E3EF, 0x00C5E0EE, 0x00C7E3EF, 0x00C7E2EF, 0x00CCE6F3, 0x00C7E3F0, 0x00C8E3F0,
    0x00CBE5F1, 0x00C8E3F1, 0x00C9E4F1, 0x00C9E4F1, 0x00CCE6F3, 0x00C9E4F1, 0x00CAE5F2, 0x00C9E3F2, 0x00CCE6F3,
    0x00C9E3F1, 0x00C8E3F1, 0x00CBE4F2, 0x00CCE5F3, 0x00C9E5F3, 0x00CAE5F3, 0x00CDE7F5, 0x00C9E5F2, 0x00CEE7F5,
    0x00CAE5F3, 0x00C7E3F0, 0x00CEE7F2, 0x00CAE5F1, 0x00CCE6F2, 0x00CBE5F3, 0x00C9E3F1, 0x00C8E3F1, 0x00C5E2EF,
    0x00CAE4F1, 0x00C6E1EF, 0x00C8E3F0, 0x00C4E0EF, 0x00C6E1F0, 0x00C6E1EF, 0x00C8E3F1, 0x00C7E2F0, 0x00CAE5F2,
    0x00CCE6F2, 0x00CCE6F3, 0x00CAE5F2, 0x00C9E4F2, 0x00CCE5F2, 0x00CBE5F2, 0x00C5E1EF, 0x00C9E4F2, 0x00CBE5F3,
    0x00CBE6F2, 0x00D0E8F4, 0x00CFE7F2, 0x00D0E8F4, 0x00D1E8F4, 0x00CEE7F3, 0x00CBE6F2, 0x00CDE7F3, 0x00CCE6F3,
    0x00CEE7F3, 0x00CDE8F4, 0x00DAF2F9, 0x00D8EFF7, 0x00D6EDF7, 0x00D0EAF5, 0x00D1EBF4, 0x00D5EEF8, 0x00D6EDF5,
    0x00D9EFF7, 0x00D9F0F6, 0x00D9EEF7, 0x00D4ECF5, 0x00D4ECF5, 0x00D7EDF7, 0x00D8EEF7, 0x00DAEFF6, 0x00D6EEF7,
    0x00D3ECF5, 0x00D4ECF6, 0x00D1EAF4, 0x00D4ECF6, 0x00D5EDF6, 0x00D1EAF3, 0x00D2EBF5, 0x00D3EDF4, 0x00D4ECF4,
    0x00CFE9F3, 0x00D2EBF3, 0x00D3EAF4, 0x00D2EAF4, 0x00D0EAF5, 0x00D2EBF4, 0x00CEE8F3, 0x00D2EAF4, 0x00D1EBF5,
    0x00D5EDF6, 0x00D2EBF4, 0x00D4EDF8, 0x00D0EAF5, 0x00D2E9F4, 0x00D2EAF5, 0x00D1EAF5, 0x00D0E9F4, 0x00D3ECF6,
    0x00D3EBF5, 0x00D2EBF6, 0x00D0EAF5, 0x00D0EAF5, 0x00D5EBF7, 0x00D1EAF4, 0x00CFE7F3, 0x00D1EAF5, 0x00CDE7F3,
    0x00CFE9F4, 0x00CFE9F5, 0x00CFE9F4, 0x00CFE9F3, 0x00D3EBF5, 0x00CCE6F1, 0x00CDE7F3, 0x00D4ECF6, 0x00D3ECF6,
    0x00D4EBF6, 0x00D1EAF4, 0x00D0EAF4, 0x00D1EAF5, 0x00CEE8F4, 0x00CDE8F5, 0x00CCE7F3, 0x00CEE7F3, 0x00CFE9F5,
    0x00D0E9F4, 0x00CFEAF4, 0x00D3EBF6, 0x00D2ECF7, 0x00D0EAF3, 0x00CDE7F3, 0x00CFE9F4, 0x00CFE9F4, 0x00CCE5F1,
    0x00CDE8F3, 0x00D0EAF4, 0x00D1E9F4, 0x00D0EAF5, 0x00D0EAF4, 0x00D3ECF6, 0x00D3ECF6, 0x00D2EBF5, 0x00D2EBF6,
    0x00D5EFF7, 0x00CAE6F3, 0x00CFE9F5, 0x00CCE8F3, 0x00CEE8F4, 0x00CAE6F2, 0x00CDE7F3, 0x00CEE7F4, 0x00CCE7F4,
    0x00CBE6F3, 0x00D2EAF6, 0x00D0E9F5, 0x00CFE8F4, 0x00C9E5F3, 0x00D0E9F5, 0x00D0E9F4, 0x00D2EAF5, 0x00CDE7F3,
    0x00D0E9F6, 0x00D1E9F5, 0x00CBE6F2, 0x00CBE6F3, 0x00CAE4F1, 0x00CDE6F2, 0x00CCE7F2, 0x00CDE8F3, 0x00D1E9F4,
    0x00C9E4F2, 0x00C9E4F1, 0x00CDE7F2, 0x00CBE6F1, 0x00CFE8F4, 0x00CEE7F4, 0x00CEE8F2, 0x00CFE9F3, 0x00D1EAF5,
    0x00C8E5F2, 0x00CFE9F4, 0x00CCE8F4, 0x00CDE7F4, 0x00D3EBF5, 0x00CCE7F2, 0x00CEE7F2, 0x00C9E4F0, 0x00CCE7F3,
    0x00CDE8F4, 0x00CCE6F3, 0x00CBE7F3, 0x00CBE6F2, 0x00C8E3F0, 0x00C9E6F0, 0x00CDE8F3, 0x00CCE8F4, 0x00CCE8F3,
    0x00CAE7F2, 0x00C9E6F2, 0x00CDE8F4, 0x00CCE8F5, 0x00CBE6F2, 0x00CEE7F4, 0x00D0EAF6, 0x00CDE7F3, 0x00CFE9F4,
    0x00C6E2EF, 0x00CAE5F2, 0x00CFE9F5, 0x00CCE7F4, 0x00CDE8F4, 0x00D1EAF6, 0x00CFEAF6, 0x00CDE7F5, 0x00CDE9F5,
    0x00CCE8F4, 0x00CDE7F5, 0x00CBE6F3, 0x00C8E4F2, 0x00C5E3F0, 0x00CBE5F3, 0x00CFE9F5, 0x00CDE7F3, 0x00CEE8F4,
    0x00C9E3F1, 0x00CBE6F4, 0x00C7E3F0, 0x00CAE4F0, 0x00D0EAF6, 0x00CDE6F2, 0x00CDE8F5, 0x00CEE7F3, 0x00CDE6F3,
    0x00CBE6F2, 0x00CDE6F1, 0x00D0E8F3, 0x00CBE6F3, 0x00C9E5F1, 0x00CFE7F3, 0x00CDE6F2, 0x00CFE8F5, 0x00C9E5F2,
    0x00CDE7F4, 0x00CEE9F5, 0x00CDE7F3, 0x00CFE8F3, 0x00CEE9F4, 0x00CCE7F3, 0x00D2EDF6, 0x00CCE6F2, 0x00CAE4F1,
    0x00CAE5F2, 0x00D0E9F3, 0x00D2EAF5, 0x00CBE5F2, 0x00CCE7F3, 0x00CFE9F5, 0x00D0EAF5, 0x00CBE7F5, 0x00CEE8F6,
    0x00D0E9F5, 0x00D0E9F5, 0x00D2EBF5, 0x00D4ECF6, 0x00D0EBF5, 0x00CFE9F4, 0x00CDE8F4, 0x00CEE8F4, 0x00CAE6F2,
    0x00CFEAF6, 0x00D0EAF7, 0x00CDE8F4, 0x00CBE6F3, 0x00CDE8F4, 0x00CDE9F4, 0x00CBE6F2, 0x00CFEAF6, 0x00C9E6F1,
    0x00D1EAF6, 0x00D1E9F4, 0x00CBE5F2, 0x00CCE6F3, 0x00CFE7F3, 0x00CFE8F4, 0x00CDE7F2, 0x00D0E8F4, 0x00CBE6F3,
    0x00C9E4F1, 0x00CDE8F4, 0x00CBE5F2, 0x00C7E3F0, 0x00CBE3F0, 0x00D2E9F5, 0x00CEE8F3, 0x00CEE8F2, 0x00CAE5F2,
    0x00CEE8F3, 0x00CDE7F2, 0x00CEE7F3, 0x00C7E2EF, 0x00C7E4F0, 0x00CAE3F1, 0x00C8E2EF, 0x00CAE4F3, 0x00CBE5F2,
    0x00C9E4F0, 0x00CEE8F4, 0x00CBE5F2, 0x00C9E2F1, 0x00C9E4F2, 0x00C8E2F0, 0x00CAE4F1, 0x00CAE5F1, 0x00CAE4F0,
    0x00C8E3F2, 0x00CAE5F2, 0x00CBE5F2, 0x00C9E4F1, 0x00CAE5F1, 0x00C9E4F1, 0x00CCE7F3, 0x00CBE6F4, 0x00CCE7F3,
    0x00CBE5F2, 0x00CCE7F2, 0x00CBE6F3, 0x00CDE8F5, 0x00C9E3F2, 0x00CBE6F4, 0x00C9E4F1, 0x00C9E5F3, 0x00CAE4F3,
    0x00C8E5F3, 0x00CBE8F6, 0x00CBE7F6, 0x00CCE8F5, 0x00C9E5F2, 0x00C7E4F1, 0x00CBE7F3, 0x00CDE6F2, 0x00CFE8F4,
    0x00CFE7F3, 0x00CAE5F2, 0x00CAE5F0, 0x00C7E4F1, 0x00CBE6F1, 0x00CBE5EF, 0x00CCE6F2, 0x00CCE7F3, 0x00CAE6F3,
    0x00C9E4F1, 0x00CAE5F2, 0x00C6E2F0, 0x00C5E1EF, 0x00CBE5F3, 0x00CBE5F3, 0x00D0E8F4, 0x00CAE5F2, 0x00CCE6F2,
    0x00CBE6F4, 0x00CEE8F4, 0x00C7E4F1, 0x00C6E3F2, 0x00CCE7F5, 0x00CBE5F2, 0x00CBE6F3, 0x00CDE8F4, 0x00CAE6F4,
    0x00D1E9F5, 0x00CBE6F3, 0x00CCE7F3, 0x00C9E4F1, 0x00CDE7F4, 0x00CCE6F4, 0x00CDE8F4, 0x00D8F1F9, 0x00D9F1F9,
    0x00D7EFF7, 0x00D4EDF7, 0x00D2ECF5, 0x00D4EEF6, 0x00D9F0F8, 0x00D7F0F8, 0x00D9EFF7, 0x00D5EEF6, 0x00DAEFF7,
    0x00D6EDF5, 0x00D2EBF4, 0x00D2EBF5, 0x00D3EDF6, 0x00D8EFF7, 0x00D7EFF7, 0x00D3EDF6, 0x00D0EBF4, 0x00D7EFF8,
    0x00D4ECF6, 0x00D2EBF5, 0x00D2EAF3, 0x00D2EBF4, 0x00D3EBF4, 0x00D1EAF4, 0x00D6EEF6, 0x00D5ECF5, 0x00D2EBF5,
    0x00D0E9F3, 0x00D4ECF5, 0x00D4ECF5, 0x00D2EBF5, 0x00D0EAF4, 0x00D3ECF6, 0x00D4ECF6, 0x00D3EBF7, 0x00D1EBF6,
    0x00D2EBF5, 0x00D5EDF6, 0x00D3EDF6, 0x00D2EBF5, 0x00D0E9F4, 0x00D1EAF5, 0x00D2ECF5, 0x00D7EDF8, 0x00D5EFF8,
    0x00D6ECF7, 0x00CDE8F2, 0x00D4ECF6, 0x00CFE9F4, 0x00D2EBF6, 0x00D1EBF6, 0x00D2ECF6, 0x00D0EAF5, 0x00D0E9F4,
    0x00D6ECF6, 0x00CEE8F3, 0x00D2EBF5, 0x00D2EBF5, 0x00D3ECF6, 0x00CEEAF4, 0x00D2EBF5, 0x00D0E9F3, 0x00CFE9F4,
    0x00CFEAF5, 0x00D0EBF6, 0x00CEEAF5, 0x00D1EBF7, 0x00D1EAF6, 0x00D1EBF7, 0x00D6EEF7, 0x00D2ECF6, 0x00D3EBF5,
    0x00D1EAF4, 0x00D5EDF6, 0x00D2EBF5, 0x00CFE9F4, 0x00D0EAF5, 0x00D4ECF6, 0x00D2EAF4, 0x00D0EAF5, 0x00D0EBF5,
    0x00D1EBF5, 0x00D3EDF7, 0x00D0EBF5, 0x00D3EEF8, 0x00D4EDF8, 0x00CDE8F3, 0x00D1ECF7, 0x00D1EBF6, 0x00D1EBF7,
    0x00CEE9F5, 0x00D0EAF6, 0x00CEE9F5, 0x00CEE8F6, 0x00CCE7F4, 0x00CEE9F5, 0x00D0E9F4, 0x00D1EAF6, 0x00D1EAF6,
    0x00D0EAF6, 0x00CEE8F4, 0x00CFE9F4, 0x00D1EAF6, 0x00D1E9F6, 0x00CBE7F3, 0x00CDE7F4, 0x00CCE7F5, 0x00CAE5F3,
    0x00CCE7F4, 0x00CFEAF6, 0x00CCE7F3, 0x00CEE8F4, 0x00D1EAF6, 0x00CDE7F3, 0x00CDE7F3, 0x00CDE6F3, 0x00CDE8F5,
    0x00D0E9F4, 0x00CDE8F5, 0x00D1E9F4, 0x00D1E9F5, 0x00D3EBF6, 0x00CDE8F3, 0x00D3ECF7, 0x00CBE6F2, 0x00D0EAF4,
    0x00D0EAF6, 0x00CAE6F2, 0x00CFE9F5, 0x00CBE6F2, 0x00CDE7F4, 0x00CDE7F4, 0x00CBE8F4, 0x00CCE7F3, 0x00CFEAF5,
    0x00C9E6F2, 0x00CEEAF5, 0x00CCE7F3, 0x00CFEAF6, 0x00CFEAF6, 0x00CEEAF5, 0x00CCE8F4, 0x00CFEAF5, 0x00CEE9F5,
    0x00D0EBF7, 0x00CDE8F5, 0x00CAE6F3, 0x00CDE8F4, 0x00CEE8F4, 0x00CBE7F3, 0x00C9E4F2, 0x00CBE7F5, 0x00CEE8F4,
    0x00CDE8F4, 0x00D4ECF8, 0x00D3EDF7, 0x00CFEAF5, 0x00D3EDF7, 0x00CEE9F5, 0x00CBE8F4, 0x00CFE9F5, 0x00CDE8F4,
    0x00CBE7F4, 0x00CCE6F2, 0x00CDE7F4, 0x00CDE7F3, 0x00D0E9F5, 0x00CBE6F3, 0x00C9E4F2, 0x00C8E3F0, 0x00CEE8F5,
    0x00CEE7F3, 0x00CEE7F4, 0x00CCE6F3, 0x00CEE8F5, 0x00CDE7F3, 0x00CEE7F3, 0x00CCE6F2, 0x00CFE8F4, 0x00CEE6F3,
    0x00CDE7F3, 0x00D0E8F4, 0x00D0E9F5, 0x00C8E4F0, 0x00CDE8F5, 0x00CDE8F4, 0x00CEE9F5, 0x00C8E5F1, 0x00D1EAF6,
    0x00D1EAF6, 0x00D2EBF6, 0x00D5EDF7, 0x00CEE8F3, 0x00CFE9F5, 0x00CCE7F3, 0x00D1E9F6, 0x00D3EBF7, 0x00CAE5F2,
    0x00CFE8F5, 0x00CFE9F5, 0x00D1EAF6, 0x00CDE9F6, 0x00CDE7F4, 0x00CEE9F5, 0x00CEEAF5, 0x00D4ECF7, 0x00D2ECF7,
    0x00CEEAF5, 0x00D0EAF5, 0x00D1EBF5, 0x00D0EAF6, 0x00CCE7F4, 0x00CFEAF6, 0x00CFEAF7, 0x00D2EBF6, 0x00D0EAF6,
    0x00CFEAF6, 0x00CDE9F4, 0x00CCE8F5, 0x00D4ECF8, 0x00CFE9F5, 0x00CEE9F5, 0x00D2EBF6, 0x00D0EAF5, 0x00D1EAF5,
    0x00CCE7F3, 0x00D0E9F5, 0x00D6EDF7, 0x00CAE5F2, 0x00C8E3F2, 0x00CAE5F2, 0x00CDE7F4, 0x00D0EAF6, 0x00CBE6F3,
    0x00CEE8F5, 0x00CBE6F2, 0x00CEE8F3, 0x00D3EAF5, 0x00CAE5F0, 0x00CDE8F5, 0x00C9E4F2, 0x00CBE7F3, 0x00CBE6F2,
    0x00CAE6F3, 0x00CBE6F3, 0x00CEE9F5, 0x00CEE7F4, 0x00CCE7F3, 0x00D0E9F4, 0x00CBE6F2, 0x00C8E3F2, 0x00C7E3F0,
    0x00C8E3F1, 0x00C8E2F1, 0x00C8E3F2, 0x00C9E4F2, 0x00CAE5F3, 0x00C9E4F3, 0x00C9E4F1, 0x00CAE4F2, 0x00CBE5F1,
    0x00CBE5F1, 0x00CDE8F4, 0x00CCE6F3, 0x00C7E3F0, 0x00CCE7F3, 0x00CCE6F4, 0x00CEE8F4, 0x00CCE6F4, 0x00CFE9F6,
    0x00CDE7F5, 0x00CBE7F4, 0x00CEE8F6, 0x00CAE6F4, 0x00CCE7F6, 0x00CBE7F5, 0x00CBE9F6, 0x00CCE8F6, 0x00CDE8F5,
    0x00C8E4F2, 0x00CDE7F3, 0x00CDE8F3, 0x00CEE9F4, 0x00CCE8F3, 0x00CEE8F3, 0x00CDE8F4, 0x00CCE6F3, 0x00CBE7F3,
    0x00CEE8F4, 0x00CCE7F3, 0x00CBE6F2, 0x00CAE4F1, 0x00CAE6F3, 0x00CAE6F1, 0x00CCE8F5, 0x00C9E5F2, 0x00CAE6F3,
    0x00CDE6F4, 0x00CBE6F3, 0x00CEE7F4, 0x00CBE6F3, 0x00CCE6F2, 0x00CCE7F4, 0x00CEE8F5, 0x00D0E9F5, 0x00CCE7F5,
    0x00CDE7F5, 0x00CEE9F6, 0x00CDE7F5, 0x00C9E5F4, 0x00CBE7F4, 0x00D0EAF7, 0x00CEE9F4, 0x00CEE8F5, 0x00CEE8F4,
    0x00CAE6F3, 0x00CAE6F3, 0x00CCE8F5};

#endif /* XIANGQI_BG_H */
